#include <touchgfx/hal/Types.hpp>

FONT_GLYPH_LOCATION_FLASH_PRAGMA
KEEP extern const uint8_t unicodes_Dengb_35_4bpp_0[] FONT_GLYPH_LOCATION_FLASH_ATTRIBUTE = {
    // Unicode: [0x0020]
    // (Has no glyph data)
    // Unicode: [0x002D]
    0x82, 0x88, 0x88, 0x88, 0x88, 0x06, 0xF3, 0xFF, 0xFF, 0xFF, 0xFF, 0x0A, 0xF3, 0xFF, 0xFF, 0xFF,
    0xFF, 0x0A, 0xF3, 0xFF, 0xFF, 0xFF, 0xFF, 0x0A,
    // Unicode: [0x002E]
    0x98, 0x99, 0x02, 0xFD, 0xFF, 0x04, 0xFD, 0xFF, 0x04, 0xFD, 0xFF, 0x04, 0xFD, 0xFF, 0x04,
    // Unicode: [0x002F]
    0x00, 0x00, 0x00, 0x00, 0x00, 0x40, 0xFF, 0x6F, 0x00, 0x00, 0x00, 0x00, 0x00, 0xA0, 0xFF, 0x1E,
    0x00, 0x00, 0x00, 0x00, 0x00, 0xF1, 0xFF, 0x09, 0x00, 0x00, 0x00, 0x00, 0x00, 0xF7, 0xFF, 0x03,
    0x00, 0x00, 0x00, 0x00, 0x00, 0xFD, 0xCF, 0x00, 0x00, 0x00, 0x00, 0x00, 0x40, 0xFF, 0x5F, 0x00,
    0x00, 0x00, 0x00, 0x00, 0xB0, 0xFF, 0x0E, 0x00, 0x00, 0x00, 0x00, 0x00, 0xF2, 0xFF, 0x08, 0x00,
    0x00, 0x00, 0x00, 0x00, 0xF8, 0xFF, 0x02, 0x00, 0x00, 0x00, 0x00, 0x00, 0xFE, 0xBF, 0x00, 0x00,
    0x00, 0x00, 0x00, 0x50, 0xFF, 0x5F, 0x00, 0x00, 0x00, 0x00, 0x00, 0xB0, 0xFF, 0x0D, 0x00, 0x00,
    0x00, 0x00, 0x00, 0xF3, 0xFF, 0x07, 0x00, 0x00, 0x00, 0x00, 0x00, 0xF9, 0xFF, 0x02, 0x00, 0x00,
    0x00, 0x00, 0x10, 0xFE, 0xAF, 0x00, 0x00, 0x00, 0x00, 0x00, 0x60, 0xFF, 0x4F, 0x00, 0x00, 0x00,
    0x00, 0x00, 0xC0, 0xFF, 0x0D, 0x00, 0x00, 0x00, 0x00, 0x00, 0xF3, 0xFF, 0x07, 0x00, 0x00, 0x00,
    0x00, 0x00, 0xFA, 0xEF, 0x01, 0x00, 0x00, 0x00, 0x00, 0x10, 0xFF, 0x9F, 0x00, 0x00, 0x00, 0x00,
    0x00, 0x70, 0xFF, 0x3F, 0x00, 0x00, 0x00, 0x00, 0x00, 0xD0, 0xFF, 0x0C, 0x00, 0x00, 0x00, 0x00,
    0x00, 0xF4, 0xFF, 0x06, 0x00, 0x00, 0x00, 0x00, 0x00, 0xFA, 0xEF, 0x01, 0x00, 0x00, 0x00, 0x00,
    0x20, 0xFF, 0x9F, 0x00, 0x00, 0x00, 0x00, 0x00, 0x80, 0xFF, 0x2F, 0x00, 0x00, 0x00, 0x00, 0x00,
    0xE0, 0xFF, 0x0B, 0x00, 0x00, 0x00, 0x00, 0x00, 0x82, 0x88, 0x03, 0x00, 0x00, 0x00, 0x00, 0x00,
    // Unicode: [0x0030]
    0x00, 0x00, 0x71, 0xEB, 0xEF, 0x8C, 0x03, 0x00, 0x00, 0x00, 0x40, 0xFE, 0xFF, 0xFF, 0xFF, 0x8F,
    0x00, 0x00, 0x00, 0xF3, 0xFF, 0xFF, 0xFF, 0xFF, 0xFF, 0x09, 0x00, 0x00, 0xFD, 0xFF, 0x6D, 0x54,
    0xFA, 0xFF, 0x4F, 0x00, 0x50, 0xFF, 0xDF, 0x01, 0x00, 0x60, 0xFF, 0xCF, 0x00, 0xB0, 0xFF, 0x4F,
    0x00, 0x00, 0x00, 0xFD, 0xFF, 0x02, 0xF0, 0xFF, 0x0E, 0x00, 0x00, 0x00, 0xF8, 0xFF, 0x06, 0xF3,
    0xFF, 0x0B, 0x00, 0x00, 0x00, 0xF4, 0xFF, 0x09, 0xF5, 0xFF, 0x09, 0x00, 0x00, 0x00, 0xF2, 0xFF,
    0x0C, 0xF7, 0xFF, 0x07, 0x00, 0x00, 0x00, 0xF1, 0xFF, 0x0D, 0xF8, 0xFF, 0x07, 0x00, 0x00, 0x00,
    0xF0, 0xFF, 0x0E, 0xF8, 0xFF, 0x06, 0x00, 0x00, 0x00, 0xF0, 0xFF, 0x0F, 0xF8, 0xFF, 0x06, 0x00,
    0x00, 0x00, 0xF0, 0xFF, 0x0F, 0xF7, 0xFF, 0x07, 0x00, 0x00, 0x00, 0xF0, 0xFF, 0x0E, 0xF7, 0xFF,
    0x08, 0x00, 0x00, 0x00, 0xF1, 0xFF, 0x0D, 0xF5, 0xFF, 0x09, 0x00, 0x00, 0x00, 0xF3, 0xFF, 0x0B,
    0xF2, 0xFF, 0x0B, 0x00, 0x00, 0x00, 0xF5, 0xFF, 0x09, 0xE0, 0xFF, 0x0E, 0x00, 0x00, 0x00, 0xF9,
    0xFF, 0x06, 0xA0, 0xFF, 0x5F, 0x00, 0x00, 0x10, 0xFE, 0xFF, 0x01, 0x40, 0xFF, 0xDF, 0x01, 0x00,
    0x90, 0xFF, 0xAF, 0x00, 0x00, 0xFB, 0xFF, 0x6D, 0x54, 0xFB, 0xFF, 0x2F, 0x00, 0x00, 0xE2, 0xFF,
    0xFF, 0xFF, 0xFF, 0xFF, 0x06, 0x00, 0x00, 0x30, 0xFD, 0xFF, 0xFF, 0xFF, 0x6E, 0x00, 0x00, 0x00,
    0x00, 0x60, 0xDB, 0xEF, 0x8C, 0x02, 0x00, 0x00,
    // Unicode: [0x0031]
    0x00, 0x00, 0x20, 0xFB, 0xFF, 0x09, 0x00, 0x00, 0x00, 0x00, 0xE6, 0xFF, 0xFF, 0x09, 0x00, 0x00,
    0x00, 0xB2, 0xFF, 0xFF, 0xFF, 0x09, 0x00, 0x00, 0x60, 0xFE, 0xFF, 0xFD, 0xFF, 0x09, 0x00, 0x00,
    0xE0, 0xFF, 0x5E, 0xF4, 0xFF, 0x09, 0x00, 0x00, 0xE0, 0x9F, 0x01, 0xF4, 0xFF, 0x09, 0x00, 0x00,
    0xC0, 0x04, 0x00, 0xF4, 0xFF, 0x09, 0x00, 0x00, 0x00, 0x00, 0x00, 0xF4, 0xFF, 0x09, 0x00, 0x00,
    0x00, 0x00, 0x00, 0xF4, 0xFF, 0x09, 0x00, 0x00, 0x00, 0x00, 0x00, 0xF4, 0xFF, 0x09, 0x00, 0x00,
    0x00, 0x00, 0x00, 0xF4, 0xFF, 0x09, 0x00, 0x00, 0x00, 0x00, 0x00, 0xF4, 0xFF, 0x09, 0x00, 0x00,
    0x00, 0x00, 0x00, 0xF4, 0xFF, 0x09, 0x00, 0x00, 0x00, 0x00, 0x00, 0xF4, 0xFF, 0x09, 0x00, 0x00,
    0x00, 0x00, 0x00, 0xF4, 0xFF, 0x09, 0x00, 0x00, 0x00, 0x00, 0x00, 0xF4, 0xFF, 0x09, 0x00, 0x00,
    0x00, 0x00, 0x00, 0xF4, 0xFF, 0x09, 0x00, 0x00, 0x00, 0x00, 0x00, 0xF4, 0xFF, 0x09, 0x00, 0x00,
    0x00, 0x00, 0x00, 0xF4, 0xFF, 0x09, 0x00, 0x00, 0x00, 0x00, 0x00, 0xF4, 0xFF, 0x09, 0x00, 0x00,
    0x42, 0x44, 0x44, 0xF7, 0xFF, 0x4B, 0x44, 0x34, 0xF8, 0xFF, 0xFF, 0xFF, 0xFF, 0xFF, 0xFF, 0xEF,
    0xF8, 0xFF, 0xFF, 0xFF, 0xFF, 0xFF, 0xFF, 0xEF, 0xF8, 0xFF, 0xFF, 0xFF, 0xFF, 0xFF, 0xFF, 0xEF,
    // Unicode: [0x0032]
    0x00, 0x00, 0x82, 0xEC, 0xEF, 0xAD, 0x05, 0x00, 0x00, 0x00, 0x60, 0xFF, 0xFF, 0xFF, 0xFF, 0xCF,
    0x03, 0x00, 0x00, 0xF7, 0xFF, 0xFF, 0xFF, 0xFF, 0xFF, 0x2E, 0x00, 0x30, 0xFF, 0xFF, 0x7D, 0x65,
    0xFA, 0xFF, 0xBF, 0x00, 0x90, 0xFF, 0xBF, 0x00, 0x00, 0x60, 0xFF, 0xFF, 0x02, 0xE0, 0xFF, 0x2F,
    0x00, 0x00, 0x00, 0xFC, 0xFF, 0x05, 0xB1, 0xBB, 0x09, 0x00, 0x00, 0x00, 0xFA, 0xFF, 0x06, 0x00,
    0x00, 0x00, 0x00, 0x00, 0x00, 0xFA, 0xFF, 0x05, 0x00, 0x00, 0x00, 0x00, 0x00, 0x10, 0xFE, 0xFF,
    0x01, 0x00, 0x00, 0x00, 0x00, 0x00, 0x90, 0xFF, 0xAF, 0x00, 0x00, 0x00, 0x00, 0x00, 0x00, 0xF7,
    0xFF, 0x2E, 0x00, 0x00, 0x00, 0x00, 0x00, 0x80, 0xFF, 0xFF, 0x05, 0x00, 0x00, 0x00, 0x00, 0x00,
    0xF9, 0xFF, 0x6F, 0x00, 0x00, 0x00, 0x00, 0x00, 0xC1, 0xFF, 0xFF, 0x05, 0x00, 0x00, 0x00, 0x00,
    0x30, 0xFD, 0xFF, 0x3D, 0x00, 0x00, 0x00, 0x00, 0x00, 0xE3, 0xFF, 0xCF, 0x01, 0x00, 0x00, 0x00,
    0x00, 0x30, 0xFE, 0xFF, 0x0A, 0x00, 0x00, 0x00, 0x00, 0x00, 0xE2, 0xFF, 0x9F, 0x00, 0x00, 0x00,
    0x00, 0x00, 0x00, 0xFC, 0xFF, 0x09, 0x00, 0x00, 0x00, 0x00, 0x00, 0x70, 0xFF, 0xBF, 0x00, 0x00,
    0x00, 0x00, 0x00, 0x00, 0xE1, 0xFF, 0x8F, 0x66, 0x66, 0x66, 0x66, 0x66, 0x05, 0xF6, 0xFF, 0xFF,
    0xFF, 0xFF, 0xFF, 0xFF, 0xFF, 0x0C, 0xF6, 0xFF, 0xFF, 0xFF, 0xFF, 0xFF, 0xFF, 0xFF, 0x0C, 0xF6,
    0xFF, 0xFF, 0xFF, 0xFF, 0xFF, 0xFF, 0xFF, 0x0C,
    // Unicode: [0x0033]
    0x00, 0x00, 0x93, 0xEC, 0xEF, 0xAD, 0x05, 0x00, 0x00, 0x00, 0xA1, 0xFF, 0xFF, 0xFF, 0xFF, 0xDF,
    0x03, 0x00, 0x00, 0xFB, 0xFF, 0xFF, 0xFF, 0xFF, 0xFF, 0x2E, 0x00, 0x70, 0xFF, 0xFF, 0x6A, 0x65,
    0xFA, 0xFF, 0xAF, 0x00, 0xE0, 0xFF, 0x6F, 0x00, 0x00, 0x70, 0xFF, 0xEF, 0x00, 0xF3, 0xFF, 0x0D,
    0x00, 0x00, 0x00, 0xFE, 0xFF, 0x02, 0x20, 0x43, 0x03, 0x00, 0x00, 0x00, 0xFD, 0xFF, 0x02, 0x00,
    0x00, 0x00, 0x00, 0x00, 0x10, 0xFE, 0xEF, 0x00, 0x00, 0x00, 0x00, 0x00, 0x00, 0xA1, 0xFF, 0x7F,
    0x00, 0x00, 0x00, 0x10, 0x55, 0x96, 0xFE, 0xFF, 0x0A, 0x00, 0x00, 0x00, 0x40, 0xFF, 0xFF, 0xFF,
    0x6C, 0x00, 0x00, 0x00, 0x00, 0x40, 0xFF, 0xFF, 0xCF, 0x27, 0x00, 0x00, 0x00, 0x00, 0x40, 0xFF,
    0xFF, 0xFF, 0xFF, 0x09, 0x00, 0x00, 0x00, 0x00, 0x00, 0x31, 0xE8, 0xFF, 0xAF, 0x00, 0x00, 0x00,
    0x00, 0x00, 0x00, 0x20, 0xFE, 0xFF, 0x04, 0x00, 0x00, 0x00, 0x00, 0x00, 0x00, 0xF7, 0xFF, 0x09,
    0x00, 0x10, 0x00, 0x00, 0x00, 0x00, 0xF4, 0xFF, 0x0C, 0xE9, 0xFF, 0x04, 0x00, 0x00, 0x00, 0xF5,
    0xFF, 0x0B, 0xF9, 0xFF, 0x0A, 0x00, 0x00, 0x00, 0xF9, 0xFF, 0x0A, 0xF4, 0xFF, 0x5F, 0x00, 0x00,
    0x40, 0xFF, 0xFF, 0x06, 0xC0, 0xFF, 0xFF, 0x7B, 0x65, 0xF9, 0xFF, 0xEF, 0x01, 0x20, 0xFE, 0xFF,
    0xFF, 0xFF, 0xFF, 0xFF, 0x5F, 0x00, 0x00, 0xC2, 0xFF, 0xFF, 0xFF, 0xFF, 0xEF, 0x04, 0x00, 0x00,
    0x00, 0x94, 0xEC, 0xEF, 0xAD, 0x16, 0x00, 0x00,
    // Unicode: [0x0034]
    0x00, 0x00, 0x00, 0x00, 0x00, 0xFB, 0xFF, 0x2F, 0x00, 0x00, 0x00, 0x00, 0x00, 0x00, 0x50, 0xFF,
    0xFF, 0x2F, 0x00, 0x00, 0x00, 0x00, 0x00, 0x00, 0xE1, 0xFF, 0xFF, 0x2F, 0x00, 0x00, 0x00, 0x00,
    0x00, 0x00, 0xF9, 0xFF, 0xFF, 0x2F, 0x00, 0x00, 0x00, 0x00, 0x00, 0x40, 0xFF, 0xCE, 0xFF, 0x2F,
    0x00, 0x00, 0x00, 0x00, 0x00, 0xD0, 0xFF, 0xA7, 0xFF, 0x2F, 0x00, 0x00, 0x00, 0x00, 0x00, 0xF8,
    0xCF, 0xA0, 0xFF, 0x2F, 0x00, 0x00, 0x00, 0x00, 0x30, 0xFF, 0x3F, 0xA0, 0xFF, 0x2F, 0x00, 0x00,
    0x00, 0x00, 0xC0, 0xFF, 0x09, 0xA0, 0xFF, 0x2F, 0x00, 0x00, 0x00, 0x00, 0xF6, 0xEF, 0x01, 0xA0,
    0xFF, 0x2F, 0x00, 0x00, 0x00, 0x20, 0xFE, 0x5F, 0x00, 0xA0, 0xFF, 0x2F, 0x00, 0x00, 0x00, 0xA0,
    0xFF, 0x0B, 0x00, 0xA0, 0xFF, 0x2F, 0x00, 0x00, 0x00, 0xF5, 0xFF, 0x02, 0x00, 0xA0, 0xFF, 0x2F,
    0x00, 0x00, 0x10, 0xFD, 0x7F, 0x00, 0x00, 0xA0, 0xFF, 0x2F, 0x00, 0x00, 0x90, 0xFF, 0x0D, 0x00,
    0x00, 0xA0, 0xFF, 0x2F, 0x00, 0x00, 0xF3, 0xFF, 0x48, 0x44, 0x44, 0xB4, 0xFF, 0x6F, 0x44, 0x03,
    0xF5, 0xFF, 0xFF, 0xFF, 0xFF, 0xFF, 0xFF, 0xFF, 0xFF, 0x0A, 0xF5, 0xFF, 0xFF, 0xFF, 0xFF, 0xFF,
    0xFF, 0xFF, 0xFF, 0x0A, 0xF5, 0xFF, 0xFF, 0xFF, 0xFF, 0xFF, 0xFF, 0xFF, 0xFF, 0x0A, 0x00, 0x00,
    0x00, 0x00, 0x00, 0xA0, 0xFF, 0x2F, 0x00, 0x00, 0x00, 0x00, 0x00, 0x00, 0x00, 0xA0, 0xFF, 0x2F,
    0x00, 0x00, 0x00, 0x00, 0x00, 0x00, 0x00, 0xA0, 0xFF, 0x2F, 0x00, 0x00, 0x00, 0x00, 0x00, 0x00,
    0x00, 0xA0, 0xFF, 0x2F, 0x00, 0x00, 0x00, 0x00, 0x00, 0x00, 0x00, 0xA0, 0xFF, 0x2F, 0x00, 0x00,
    // Unicode: [0x0035]
    0x00, 0xFF, 0xFF, 0xFF, 0xFF, 0xFF, 0xFF, 0x9F, 0x00, 0x10, 0xFF, 0xFF, 0xFF, 0xFF, 0xFF, 0xFF,
    0x9F, 0x00, 0x20, 0xFF, 0xFF, 0xFF, 0xFF, 0xFF, 0xFF, 0x9F, 0x00, 0x30, 0xFF, 0x9F, 0x44, 0x44,
    0x44, 0x44, 0x34, 0x00, 0x40, 0xFF, 0x6F, 0x00, 0x00, 0x00, 0x00, 0x00, 0x00, 0x50, 0xFF, 0x4F,
    0x00, 0x00, 0x00, 0x00, 0x00, 0x00, 0x60, 0xFF, 0x3F, 0x00, 0x00, 0x00, 0x00, 0x00, 0x00, 0x70,
    0xFF, 0x2F, 0x00, 0x43, 0x13, 0x00, 0x00, 0x00, 0x80, 0xFF, 0x4F, 0xFA, 0xFF, 0xFF, 0x5C, 0x00,
    0x00, 0x90, 0xFF, 0xFF, 0xFF, 0xFF, 0xFF, 0xFF, 0x09, 0x00, 0xA0, 0xFF, 0xFF, 0xFF, 0xFF, 0xFF,
    0xFF, 0x7F, 0x00, 0xB0, 0xFF, 0xEF, 0x28, 0x10, 0xD5, 0xFF, 0xFF, 0x02, 0x70, 0x99, 0x39, 0x00,
    0x00, 0x20, 0xFE, 0xFF, 0x07, 0x00, 0x00, 0x00, 0x00, 0x00, 0x00, 0xF7, 0xFF, 0x0B, 0x00, 0x00,
    0x00, 0x00, 0x00, 0x00, 0xF3, 0xFF, 0x0D, 0x00, 0x00, 0x00, 0x00, 0x00, 0x00, 0xF2, 0xFF, 0x0E,
    0x00, 0x00, 0x00, 0x00, 0x00, 0x00, 0xF2, 0xFF, 0x0D, 0x42, 0x76, 0x04, 0x00, 0x00, 0x00, 0xF5,
    0xFF, 0x0B, 0xF5, 0xFF, 0x0C, 0x00, 0x00, 0x00, 0xFA, 0xFF, 0x08, 0xF1, 0xFF, 0x6F, 0x00, 0x00,
    0x50, 0xFF, 0xFF, 0x02, 0x90, 0xFF, 0xFF, 0x5A, 0x54, 0xFA, 0xFF, 0x9F, 0x00, 0x10, 0xFD, 0xFF,
    0xFF, 0xFF, 0xFF, 0xFF, 0x1C, 0x00, 0x00, 0xB1, 0xFF, 0xFF, 0xFF, 0xFF, 0xAF, 0x01, 0x00, 0x00,
    0x00, 0xA4, 0xED, 0xEF, 0x8C, 0x03, 0x00, 0x00,
    // Unicode: [0x0036]
    0x00, 0x00, 0x20, 0xC7, 0xFE, 0xCE, 0x28, 0x00, 0x00, 0x00, 0x00, 0xF7, 0xFF, 0xFF, 0xFF, 0xFF,
    0x06, 0x00, 0x00, 0x80, 0xFF, 0xFF, 0xFF, 0xFF, 0xFF, 0x4F, 0x00, 0x00, 0xF5, 0xFF, 0xAF, 0x45,
    0xC6, 0xFF, 0xDF, 0x00, 0x00, 0xFD, 0xFF, 0x05, 0x00, 0x00, 0xFB, 0xEF, 0x03, 0x40, 0xFF, 0x9F,
    0x00, 0x00, 0x00, 0x32, 0x01, 0x00, 0x90, 0xFF, 0x2F, 0x00, 0x00, 0x00, 0x00, 0x00, 0x00, 0xD0,
    0xFF, 0x0D, 0x00, 0x00, 0x00, 0x00, 0x00, 0x00, 0xF0, 0xFF, 0x0A, 0x82, 0xFD, 0xDF, 0x39, 0x00,
    0x00, 0xF3, 0xFF, 0x59, 0xFE, 0xFF, 0xFF, 0xFF, 0x07, 0x00, 0xF4, 0xFF, 0xFB, 0xFF, 0xFF, 0xFF,
    0xFF, 0x6F, 0x00, 0xF4, 0xFF, 0xFF, 0x4B, 0x11, 0xC4, 0xFF, 0xFF, 0x02, 0xF5, 0xFF, 0xAF, 0x00,
    0x00, 0x10, 0xFD, 0xFF, 0x08, 0xF4, 0xFF, 0x2F, 0x00, 0x00, 0x00, 0xF5, 0xFF, 0x0C, 0xF4, 0xFF,
    0x0E, 0x00, 0x00, 0x00, 0xF1, 0xFF, 0x0E, 0xF2, 0xFF, 0x0D, 0x00, 0x00, 0x00, 0xE0, 0xFF, 0x0F,
    0xF0, 0xFF, 0x0E, 0x00, 0x00, 0x00, 0xF0, 0xFF, 0x0E, 0xC0, 0xFF, 0x3F, 0x00, 0x00, 0x00, 0xF2,
    0xFF, 0x0D, 0x70, 0xFF, 0x9F, 0x00, 0x00, 0x00, 0xF7, 0xFF, 0x0A, 0x20, 0xFF, 0xFF, 0x04, 0x00,
    0x20, 0xFE, 0xFF, 0x05, 0x00, 0xF8, 0xFF, 0x8F, 0x34, 0xE7, 0xFF, 0xDF, 0x00, 0x00, 0xB1, 0xFF,
    0xFF, 0xFF, 0xFF, 0xFF, 0x3E, 0x00, 0x00, 0x10, 0xFA, 0xFF, 0xFF, 0xFF, 0xDF, 0x03, 0x00, 0x00,
    0x00, 0x40, 0xD9, 0xFE, 0xBD, 0x06, 0x00, 0x00,
    // Unicode: [0x0037]
    0xF4, 0xFF, 0xFF, 0xFF, 0xFF, 0xFF, 0xFF, 0xFF, 0x0B, 0xF4, 0xFF, 0xFF, 0xFF, 0xFF, 0xFF, 0xFF,
    0xFF, 0x0B, 0xF4, 0xFF, 0xFF, 0xFF, 0xFF, 0xFF, 0xFF, 0xFF, 0x0B, 0x61, 0x66, 0x66, 0x66, 0x66,
    0x66, 0xF7, 0xFF, 0x08, 0x00, 0x00, 0x00, 0x00, 0x00, 0x00, 0xFB, 0xDF, 0x01, 0x00, 0x00, 0x00,
    0x00, 0x00, 0x60, 0xFF, 0x5F, 0x00, 0x00, 0x00, 0x00, 0x00, 0x00, 0xE2, 0xFF, 0x0B, 0x00, 0x00,
    0x00, 0x00, 0x00, 0x00, 0xFA, 0xFF, 0x02, 0x00, 0x00, 0x00, 0x00, 0x00, 0x40, 0xFF, 0x8F, 0x00,
    0x00, 0x00, 0x00, 0x00, 0x00, 0xD0, 0xFF, 0x1E, 0x00, 0x00, 0x00, 0x00, 0x00, 0x00, 0xF6, 0xFF,
    0x07, 0x00, 0x00, 0x00, 0x00, 0x00, 0x10, 0xFE, 0xEF, 0x00, 0x00, 0x00, 0x00, 0x00, 0x00, 0x70,
    0xFF, 0x8F, 0x00, 0x00, 0x00, 0x00, 0x00, 0x00, 0xD0, 0xFF, 0x1F, 0x00, 0x00, 0x00, 0x00, 0x00,
    0x00, 0xF5, 0xFF, 0x0A, 0x00, 0x00, 0x00, 0x00, 0x00, 0x00, 0xFB, 0xFF, 0x05, 0x00, 0x00, 0x00,
    0x00, 0x00, 0x10, 0xFF, 0xEF, 0x00, 0x00, 0x00, 0x00, 0x00, 0x00, 0x50, 0xFF, 0xAF, 0x00, 0x00,
    0x00, 0x00, 0x00, 0x00, 0x90, 0xFF, 0x7F, 0x00, 0x00, 0x00, 0x00, 0x00, 0x00, 0xC0, 0xFF, 0x4F,
    0x00, 0x00, 0x00, 0x00, 0x00, 0x00, 0xF0, 0xFF, 0x1F, 0x00, 0x00, 0x00, 0x00, 0x00, 0x00, 0xF2,
    0xFF, 0x0E, 0x00, 0x00, 0x00, 0x00, 0x00, 0x00, 0xF3, 0xFF, 0x0D, 0x00, 0x00, 0x00, 0x00, 0x00,
    0x00, 0xF4, 0xFF, 0x0C, 0x00, 0x00, 0x00, 0x00,
    // Unicode: [0x0038]
    0x00, 0x00, 0x94, 0xEC, 0xEF, 0xBD, 0x16, 0x00, 0x00, 0x00, 0xC2, 0xFF, 0xFF, 0xFF, 0xFF, 0xEF,
    0x06, 0x00, 0x10, 0xFD, 0xFF, 0xFF, 0xFE, 0xFF, 0xFF, 0x5F, 0x00, 0x80, 0xFF, 0xEF, 0x16, 0x00,
    0xC4, 0xFF, 0xEF, 0x00, 0xD0, 0xFF, 0x6F, 0x00, 0x00, 0x10, 0xFE, 0xFF, 0x04, 0xE0, 0xFF, 0x1F,
    0x00, 0x00, 0x00, 0xFB, 0xFF, 0x05, 0xD0, 0xFF, 0x2F, 0x00, 0x00, 0x00, 0xFC, 0xFF, 0x04, 0x90,
    0xFF, 0x6F, 0x00, 0x00, 0x20, 0xFE, 0xEF, 0x00, 0x10, 0xFD, 0xEF, 0x17, 0x00, 0xC4, 0xFF, 0x6F,
    0x00, 0x00, 0xC2, 0xFF, 0xFF, 0xFE, 0xFF, 0xEF, 0x06, 0x00, 0x00, 0x00, 0xF7, 0xFF, 0xFF, 0xFF,
    0x2B, 0x00, 0x00, 0x00, 0xC2, 0xFF, 0xFF, 0xFF, 0xFF, 0xEF, 0x07, 0x00, 0x20, 0xFE, 0xFF, 0x28,
    0x10, 0xD5, 0xFF, 0x8F, 0x00, 0xB0, 0xFF, 0x5F, 0x00, 0x00, 0x10, 0xFD, 0xFF, 0x03, 0xF3, 0xFF,
    0x0C, 0x00, 0x00, 0x00, 0xF6, 0xFF, 0x09, 0xF6, 0xFF, 0x08, 0x00, 0x00, 0x00, 0xF3, 0xFF, 0x0D,
    0xF8, 0xFF, 0x07, 0x00, 0x00, 0x00, 0xF2, 0xFF, 0x0E, 0xF7, 0xFF, 0x09, 0x00, 0x00, 0x00, 0xF3,
    0xFF, 0x0D, 0xF5, 0xFF, 0x0C, 0x00, 0x00, 0x00, 0xF6, 0xFF, 0x0B, 0xF1, 0xFF, 0x4F, 0x00, 0x00,
    0x00, 0xFC, 0xFF, 0x07, 0x90, 0xFF, 0xEF, 0x16, 0x00, 0xB3, 0xFF, 0xEF, 0x01, 0x10, 0xFD, 0xFF,
    0xFF, 0xFE, 0xFF, 0xFF, 0x5F, 0x00, 0x00, 0xB1, 0xFF, 0xFF, 0xFF, 0xFF, 0xEF, 0x05, 0x00, 0x00,
    0x00, 0x93, 0xEC, 0xEF, 0xAD, 0x16, 0x00, 0x00,
    // Unicode: [0x0039]
    0x00, 0x00, 0x94, 0xEC, 0xEF, 0x7C, 0x01, 0x00, 0x00, 0x00, 0xB2, 0xFF, 0xFF, 0xFF, 0xFF, 0x6E,
    0x00, 0x00, 0x10, 0xFD, 0xFF, 0xFF, 0xFF, 0xFF, 0xFF, 0x06, 0x00, 0xA0, 0xFF, 0xFF, 0x49, 0x53,
    0xFB, 0xFF, 0x2E, 0x00, 0xF2, 0xFF, 0x5F, 0x00, 0x00, 0x90, 0xFF, 0x9F, 0x00, 0xF6, 0xFF, 0x0B,
    0x00, 0x00, 0x10, 0xFE, 0xEF, 0x00, 0xF8, 0xFF, 0x07, 0x00, 0x00, 0x00, 0xF9, 0xFF, 0x04, 0xF9,
    0xFF, 0x06, 0x00, 0x00, 0x00, 0xF7, 0xFF, 0x06, 0xF8, 0xFF, 0x07, 0x00, 0x00, 0x00, 0xF6, 0xFF,
    0x09, 0xF6, 0xFF, 0x0B, 0x00, 0x00, 0x00, 0xFA, 0xFF, 0x0A, 0xF2, 0xFF, 0x4F, 0x00, 0x00, 0x40,
    0xFF, 0xFF, 0x0B, 0xB0, 0xFF, 0xFF, 0x38, 0x32, 0xF8, 0xFF, 0xFF, 0x0C, 0x20, 0xFE, 0xFF, 0xFF,
    0xFF, 0xFF, 0xFA, 0xFF, 0x0B, 0x00, 0xE3, 0xFF, 0xFF, 0xFF, 0xAF, 0xF3, 0xFF, 0x0A, 0x00, 0x10,
    0xC7, 0xFE, 0xAD, 0x04, 0xF4, 0xFF, 0x09, 0x00, 0x00, 0x00, 0x00, 0x00, 0x00, 0xF6, 0xFF, 0x07,
    0x00, 0x00, 0x00, 0x00, 0x00, 0x00, 0xF9, 0xFF, 0x05, 0x00, 0x00, 0x00, 0x00, 0x00, 0x00, 0xFE,
    0xFF, 0x01, 0x71, 0xC9, 0x08, 0x00, 0x00, 0x60, 0xFF, 0xBF, 0x00, 0xE1, 0xFF, 0x3F, 0x00, 0x00,
    0xE2, 0xFF, 0x5F, 0x00, 0x90, 0xFF, 0xEF, 0x48, 0x74, 0xFE, 0xFF, 0x0B, 0x00, 0x10, 0xFD, 0xFF,
    0xFF, 0xFF, 0xFF, 0xDF, 0x01, 0x00, 0x00, 0xD2, 0xFF, 0xFF, 0xFF, 0xFF, 0x2B, 0x00, 0x00, 0x00,
    0x00, 0xB6, 0xFE, 0xDE, 0x5A, 0x00, 0x00, 0x00,
    // Unicode: [0x003A]
    0xFD, 0xFF, 0x04, 0xFD, 0xFF, 0x04, 0xFD, 0xFF, 0x04, 0xFD, 0xFF, 0x04, 0x43, 0x44, 0x01, 0x00,
    0x00, 0x00, 0x00, 0x00, 0x00, 0x00, 0x00, 0x00, 0x00, 0x00, 0x00, 0x00, 0x00, 0x00, 0x00, 0x00,
    0x00, 0x00, 0x00, 0x00, 0x00, 0x00, 0x00, 0x44, 0x44, 0x01, 0xFD, 0xFF, 0x04, 0xFD, 0xFF, 0x04,
    0xFD, 0xFF, 0x04, 0xFD, 0xFF, 0x04,
    // Unicode: [0x003B]
    0xFC, 0xFF, 0x04, 0xFC, 0xFF, 0x04, 0xFC, 0xFF, 0x04, 0xFC, 0xFF, 0x04, 0x43, 0x44, 0x01, 0x00,
    0x00, 0x00, 0x00, 0x00, 0x00, 0x00, 0x00, 0x00, 0x00, 0x00, 0x00, 0x00, 0x00, 0x00, 0x00, 0x00,
    0x00, 0x00, 0x00, 0x00, 0x00, 0x00, 0x00, 0x43, 0x44, 0x01, 0xFC, 0xFF, 0x04, 0xFC, 0xFF, 0x04,
    0xFC, 0xFF, 0x04, 0xFC, 0xFF, 0x04, 0x10, 0xFF, 0x03, 0x30, 0xFF, 0x01, 0x80, 0xDF, 0x00, 0xE1,
    0x7F, 0x00, 0xF9, 0x1E, 0x00,
    // Unicode: [0x003C]
    0x00, 0x00, 0x00, 0x00, 0x00, 0x00, 0x00, 0x00, 0xA5, 0x00, 0x00, 0x00, 0x00, 0x00, 0x00, 0x20,
    0xD7, 0xEF, 0x00, 0x00, 0x00, 0x00, 0x00, 0x40, 0xFA, 0xFF, 0xEF, 0x00, 0x00, 0x00, 0x00, 0x71,
    0xFD, 0xFF, 0xFF, 0x9F, 0x00, 0x00, 0x00, 0xA4, 0xFF, 0xFF, 0xFF, 0x7D, 0x01, 0x00, 0x10, 0xD7,
    0xFF, 0xFF, 0xFF, 0x4B, 0x00, 0x00, 0x40, 0xFA, 0xFF, 0xFF, 0xEF, 0x28, 0x00, 0x00, 0x00, 0xF9,
    0xFF, 0xFF, 0xCF, 0x05, 0x00, 0x00, 0x00, 0x00, 0xFA, 0xFF, 0x9E, 0x03, 0x00, 0x00, 0x00, 0x00,
    0x00, 0xFA, 0xBF, 0x01, 0x00, 0x00, 0x00, 0x00, 0x00, 0x00, 0xFA, 0xFF, 0x8E, 0x02, 0x00, 0x00,
    0x00, 0x00, 0x00, 0xFA, 0xFF, 0xFF, 0xBF, 0x04, 0x00, 0x00, 0x00, 0x00, 0x50, 0xFB, 0xFF, 0xFF,
    0xDF, 0x17, 0x00, 0x00, 0x00, 0x00, 0x20, 0xE8, 0xFF, 0xFF, 0xFF, 0x39, 0x00, 0x00, 0x00, 0x00,
    0x00, 0xB5, 0xFF, 0xFF, 0xFF, 0x6C, 0x01, 0x00, 0x00, 0x00, 0x00, 0x82, 0xFE, 0xFF, 0xFF, 0x8E,
    0x00, 0x00, 0x00, 0x00, 0x00, 0x50, 0xFB, 0xFF, 0xEF, 0x00, 0x00, 0x00, 0x00, 0x00, 0x00, 0x20,
    0xE8, 0xEF, 0x00, 0x00, 0x00, 0x00, 0x00, 0x00, 0x00, 0x00, 0xB5,
    // Unicode: [0x003D]
    0xFA, 0xFF, 0xFF, 0xFF, 0xFF, 0xFF, 0xFF, 0xFF, 0xEF, 0xFA, 0xFF, 0xFF, 0xFF, 0xFF, 0xFF, 0xFF,
    0xFF, 0xEF, 0xFA, 0xFF, 0xFF, 0xFF, 0xFF, 0xFF, 0xFF, 0xFF, 0xEF, 0x42, 0x44, 0x44, 0x44, 0x44,
    0x44, 0x44, 0x44, 0x34, 0x00, 0x00, 0x00, 0x00, 0x00, 0x00, 0x00, 0x00, 0x00, 0x00, 0x00, 0x00,
    0x00, 0x00, 0x00, 0x00, 0x00, 0x00, 0x00, 0x00, 0x00, 0x00, 0x00, 0x00, 0x00, 0x00, 0x00, 0x00,
    0x00, 0x00, 0x00, 0x00, 0x00, 0x00, 0x00, 0x00, 0x00, 0x00, 0x00, 0x00, 0x00, 0x00, 0x00, 0x00,
    0x00, 0xFA, 0xFF, 0xFF, 0xFF, 0xFF, 0xFF, 0xFF, 0xFF, 0xEF, 0xFA, 0xFF, 0xFF, 0xFF, 0xFF, 0xFF,
    0xFF, 0xFF, 0xEF, 0xFA, 0xFF, 0xFF, 0xFF, 0xFF, 0xFF, 0xFF, 0xFF, 0xEF, 0x43, 0x44, 0x44, 0x44,
    0x44, 0x44, 0x44, 0x44, 0x44,
    // Unicode: [0x003E]
    0x68, 0x01, 0x00, 0x00, 0x00, 0x00, 0x00, 0x00, 0x00, 0xFA, 0x9E, 0x03, 0x00, 0x00, 0x00, 0x00,
    0x00, 0x00, 0xFA, 0xFF, 0xCF, 0x16, 0x00, 0x00, 0x00, 0x00, 0x00, 0xE6, 0xFF, 0xFF, 0xEF, 0x39,
    0x00, 0x00, 0x00, 0x00, 0x00, 0xB5, 0xFF, 0xFF, 0xFF, 0x6C, 0x01, 0x00, 0x00, 0x00, 0x00, 0x93,
    0xFE, 0xFF, 0xFF, 0x8E, 0x02, 0x00, 0x00, 0x00, 0x00, 0x61, 0xFC, 0xFF, 0xFF, 0xBF, 0x05, 0x00,
    0x00, 0x00, 0x00, 0x40, 0xFA, 0xFF, 0xFF, 0xDF, 0x00, 0x00, 0x00, 0x00, 0x00, 0x10, 0xD7, 0xFF,
    0xEF, 0x00, 0x00, 0x00, 0x00, 0x00, 0x00, 0x00, 0xF8, 0xEF, 0x00, 0x00, 0x00, 0x00, 0x00, 0x10,
    0xC6, 0xFF, 0xEF, 0x00, 0x00, 0x00, 0x00, 0x30, 0xE9, 0xFF, 0xFF, 0xEF, 0x00, 0x00, 0x00, 0x50,
    0xFB, 0xFF, 0xFF, 0xCF, 0x16, 0x00, 0x00, 0x82, 0xFE, 0xFF, 0xFF, 0xAF, 0x04, 0x00, 0x00, 0xA4,
    0xFF, 0xFF, 0xFF, 0x7D, 0x01, 0x00, 0x00, 0xD5, 0xFF, 0xFF, 0xFF, 0x4A, 0x00, 0x00, 0x00, 0x00,
    0xFA, 0xFF, 0xDF, 0x17, 0x00, 0x00, 0x00, 0x00, 0x00, 0xFA, 0xAF, 0x04, 0x00, 0x00, 0x00, 0x00,
    0x00, 0x00, 0x78, 0x01, 0x00, 0x00, 0x00, 0x00, 0x00, 0x00, 0x00,
    // Unicode: [0x003F]
    0x00, 0x00, 0xA5, 0xFD, 0xDE, 0x49, 0x00, 0x00, 0x00, 0xC2, 0xFF, 0xFF, 0xFF, 0xFF, 0x1A, 0x00,
    0x10, 0xFD, 0xFF, 0xFF, 0xFF, 0xFF, 0xAF, 0x00, 0x90, 0xFF, 0xEF, 0x58, 0xB6, 0xFF, 0xFF, 0x04,
    0xF1, 0xFF, 0x3F, 0x00, 0x00, 0xFA, 0xFF, 0x09, 0xF5, 0xFF, 0x08, 0x00, 0x00, 0xF2, 0xFF, 0x0C,
    0xF8, 0xFF, 0x04, 0x00, 0x00, 0xF0, 0xFF, 0x0C, 0x21, 0x22, 0x00, 0x00, 0x00, 0xF1, 0xFF, 0x0B,
    0x00, 0x00, 0x00, 0x00, 0x00, 0xF7, 0xFF, 0x07, 0x00, 0x00, 0x00, 0x00, 0x20, 0xFE, 0xFF, 0x02,
    0x00, 0x00, 0x00, 0x00, 0xE3, 0xFF, 0x7F, 0x00, 0x00, 0x00, 0x00, 0x40, 0xFE, 0xFF, 0x09, 0x00,
    0x00, 0x00, 0x00, 0xE3, 0xFF, 0x8F, 0x00, 0x00, 0x00, 0x00, 0x00, 0xFD, 0xFF, 0x07, 0x00, 0x00,
    0x00, 0x00, 0x50, 0xFF, 0x8F, 0x00, 0x00, 0x00, 0x00, 0x00, 0x90, 0xFF, 0x0E, 0x00, 0x00, 0x00,
    0x00, 0x00, 0xB0, 0xFF, 0x0A, 0x00, 0x00, 0x00, 0x00, 0x00, 0x00, 0x00, 0x00, 0x00, 0x00, 0x00,
    0x00, 0x00, 0x00, 0x00, 0x00, 0x00, 0x00, 0x00, 0x00, 0x00, 0x20, 0x22, 0x02, 0x00, 0x00, 0x00,
    0x00, 0x00, 0xF1, 0xFF, 0x1F, 0x00, 0x00, 0x00, 0x00, 0x00, 0xF1, 0xFF, 0x1F, 0x00, 0x00, 0x00,
    0x00, 0x00, 0xF1, 0xFF, 0x1F, 0x00, 0x00, 0x00, 0x00, 0x00, 0xF1, 0xFF, 0x1F, 0x00, 0x00, 0x00,
    // Unicode: [0x0040]
    0x00, 0x00, 0x00, 0x00, 0x00, 0x00, 0x85, 0xDB, 0xFE, 0xDE, 0x8B, 0x03, 0x00, 0x00, 0x00, 0x00,
    0x00, 0x00, 0x00, 0x00, 0x20, 0xE9, 0xFF, 0xFF, 0xFF, 0xFF, 0xFF, 0xDF, 0x06, 0x00, 0x00, 0x00,
    0x00, 0x00, 0x00, 0x00, 0xF8, 0xFF, 0xEF, 0x9B, 0x78, 0xA8, 0xFC, 0xFF, 0xCF, 0x02, 0x00, 0x00,
    0x00, 0x00, 0x00, 0xC2, 0xFF, 0xAF, 0x04, 0x00, 0x00, 0x00, 0x10, 0xE7, 0xFF, 0x3E, 0x00, 0x00,
    0x00, 0x00, 0x30, 0xFD, 0xCF, 0x03, 0x00, 0x00, 0x00, 0x00, 0x00, 0x10, 0xFA, 0xEF, 0x02, 0x00,
    0x00, 0x00, 0xE2, 0xFF, 0x08, 0x00, 0x00, 0x00, 0x00, 0x00, 0x00, 0x00, 0x80, 0xFF, 0x0C, 0x00,
    0x00, 0x00, 0xFC, 0x7F, 0x00, 0x00, 0x00, 0x00, 0x00, 0x00, 0x00, 0x00, 0x00, 0xFB, 0x5F, 0x00,
    0x00, 0x70, 0xFF, 0x0A, 0x00, 0x00, 0x71, 0xEC, 0xCE, 0x07, 0x90, 0xFF, 0x06, 0xF2, 0xCF, 0x00,
    0x00, 0xF2, 0xEF, 0x01, 0x00, 0x50, 0xFE, 0xFF, 0xFF, 0xBF, 0xD0, 0xFF, 0x03, 0xA0, 0xFF, 0x02,
    0x00, 0xF9, 0x6F, 0x00, 0x00, 0xF6, 0xFF, 0x6A, 0x85, 0xFE, 0xF8, 0xEF, 0x00, 0x50, 0xFF, 0x06,
    0x10, 0xFE, 0x0D, 0x00, 0x40, 0xFF, 0x5F, 0x00, 0x00, 0xE2, 0xFF, 0xBF, 0x00, 0x10, 0xFF, 0x09,
    0x50, 0xFF, 0x07, 0x00, 0xD1, 0xFF, 0x07, 0x00, 0x00, 0x60, 0xFF, 0x8F, 0x00, 0x00, 0xFE, 0x0A,
    0xA0, 0xFF, 0x03, 0x00, 0xF7, 0xDF, 0x00, 0x00, 0x00, 0x30, 0xFF, 0x4F, 0x00, 0x00, 0xFD, 0x0B,
    0xD0, 0xEF, 0x00, 0x00, 0xFD, 0x6F, 0x00, 0x00, 0x00, 0x30, 0xFF, 0x1F, 0x00, 0x00, 0xFE, 0x0B,
    0xF1, 0xBF, 0x00, 0x20, 0xFF, 0x1F, 0x00, 0x00, 0x00, 0x50, 0xFF, 0x0D, 0x00, 0x00, 0xFF, 0x0A,
    0xF3, 0x9F, 0x00, 0x50, 0xFF, 0x0D, 0x00, 0x00, 0x00, 0x80, 0xFF, 0x0A, 0x00, 0x10, 0xFF, 0x08,
    0xF4, 0x8F, 0x00, 0x70, 0xFF, 0x0B, 0x00, 0x00, 0x00, 0xC0, 0xFF, 0x06, 0x00, 0x50, 0xFF, 0x06,
    0xF4, 0x7F, 0x00, 0x80, 0xFF, 0x0A, 0x00, 0x00, 0x00, 0xF2, 0xFF, 0x03, 0x00, 0x90, 0xFF, 0x02,
    0xF4, 0x8F, 0x00, 0x70, 0xFF, 0x0B, 0x00, 0x00, 0x00, 0xF9, 0xFF, 0x01, 0x00, 0xE1, 0xCF, 0x00,
    0xF3, 0x9F, 0x00, 0x50, 0xFF, 0x0D, 0x00, 0x00, 0x30, 0xFF, 0xDF, 0x00, 0x00, 0xF8, 0x6F, 0x00,
    0xF1, 0xBF, 0x00, 0x10, 0xFF, 0x4F, 0x00, 0x00, 0xD2, 0xAE, 0xCF, 0x00, 0x40, 0xFF, 0x0C, 0x00,
    0xD0, 0xEF, 0x00, 0x00, 0xF9, 0xEF, 0x14, 0x72, 0xFE, 0x86, 0xEF, 0x12, 0xE6, 0xEF, 0x03, 0x00,
    0x90, 0xFF, 0x04, 0x00, 0xD1, 0xFF, 0xFF, 0xFF, 0x7F, 0x50, 0xFF, 0xFF, 0xFF, 0x4E, 0x00, 0x00,
    0x40, 0xFF, 0x0B, 0x00, 0x10, 0xF9, 0xFF, 0xDF, 0x05, 0x00, 0xF8, 0xFF, 0xAF, 0x02, 0x00, 0x00,
    0x00, 0xFC, 0x4F, 0x00, 0x00, 0x10, 0x43, 0x02, 0x00, 0x00, 0x10, 0x44, 0x01, 0x00, 0x00, 0x00,
    0x00, 0xF4, 0xEF, 0x02, 0x00, 0x00, 0x00, 0x00, 0x00, 0x00, 0x00, 0x00, 0x00, 0x00, 0x00, 0x00,
    0x00, 0x90, 0xFF, 0x2D, 0x00, 0x00, 0x00, 0x00, 0x00, 0x00, 0x00, 0x60, 0x0A, 0x00, 0x00, 0x00,
    0x00, 0x00, 0xFB, 0xEF, 0x06, 0x00, 0x00, 0x00, 0x00, 0x00, 0x72, 0xFD, 0x3F, 0x00, 0x00, 0x00,
    0x00, 0x00, 0xA0, 0xFF, 0xEF, 0x59, 0x12, 0x10, 0x52, 0xB8, 0xFF, 0xFF, 0x4E, 0x00, 0x00, 0x00,
    0x00, 0x00, 0x00, 0xE6, 0xFF, 0xFF, 0xFF, 0xFF, 0xFF, 0xFF, 0xFF, 0x7D, 0x01, 0x00, 0x00, 0x00,
    0x00, 0x00, 0x00, 0x10, 0xC6, 0xFF, 0xFF, 0xFF, 0xFF, 0xDF, 0x49, 0x00, 0x00, 0x00, 0x00, 0x00,
    0x00, 0x00, 0x00, 0x00, 0x00, 0x41, 0x76, 0x77, 0x46, 0x01, 0x00, 0x00, 0x00, 0x00, 0x00, 0x00,
    // Unicode: [0x0041]
    0x00, 0x00, 0x00, 0x00, 0xD0, 0xFF, 0xFF, 0x05, 0x00, 0x00, 0x00, 0x00, 0x00, 0x00, 0x00, 0x00,
    0xF4, 0xFF, 0xFF, 0x0B, 0x00, 0x00, 0x00, 0x00, 0x00, 0x00, 0x00, 0x00, 0xFA, 0xEF, 0xFF, 0x2F,
    0x00, 0x00, 0x00, 0x00, 0x00, 0x00, 0x00, 0x10, 0xFE, 0x7F, 0xFE, 0x7F, 0x00, 0x00, 0x00, 0x00,
    0x00, 0x00, 0x00, 0x60, 0xFF, 0x2F, 0xFA, 0xDF, 0x00, 0x00, 0x00, 0x00, 0x00, 0x00, 0x00, 0xC0,
    0xFF, 0x0C, 0xF5, 0xFF, 0x03, 0x00, 0x00, 0x00, 0x00, 0x00, 0x00, 0xF2, 0xFF, 0x07, 0xE0, 0xFF,
    0x09, 0x00, 0x00, 0x00, 0x00, 0x00, 0x00, 0xF8, 0xFF, 0x02, 0xA0, 0xFF, 0x0E, 0x00, 0x00, 0x00,
    0x00, 0x00, 0x00, 0xFD, 0xBF, 0x00, 0x40, 0xFF, 0x5F, 0x00, 0x00, 0x00, 0x00, 0x00, 0x40, 0xFF,
    0x6F, 0x00, 0x00, 0xFE, 0xBF, 0x00, 0x00, 0x00, 0x00, 0x00, 0xA0, 0xFF, 0x1F, 0x00, 0x00, 0xF9,
    0xFF, 0x02, 0x00, 0x00, 0x00, 0x00, 0xE1, 0xFF, 0x0A, 0x00, 0x00, 0xF3, 0xFF, 0x07, 0x00, 0x00,
    0x00, 0x00, 0xF6, 0xFF, 0x05, 0x00, 0x00, 0xD0, 0xFF, 0x0D, 0x00, 0x00, 0x00, 0x00, 0xFB, 0xEF,
    0x01, 0x00, 0x00, 0x80, 0xFF, 0x3F, 0x00, 0x00, 0x00, 0x20, 0xFF, 0xFF, 0xFF, 0xFF, 0xFF, 0xFF,
    0xFF, 0x9F, 0x00, 0x00, 0x00, 0x80, 0xFF, 0xFF, 0xFF, 0xFF, 0xFF, 0xFF, 0xFF, 0xEF, 0x00, 0x00,
    0x00, 0xD0, 0xFF, 0xFF, 0xFF, 0xFF, 0xFF, 0xFF, 0xFF, 0xFF, 0x05, 0x00, 0x00, 0xF4, 0xFF, 0x4C,
    0x44, 0x44, 0x44, 0x44, 0xF7, 0xFF, 0x0B, 0x00, 0x00, 0xF9, 0xFF, 0x06, 0x00, 0x00, 0x00, 0x00,
    0xE1, 0xFF, 0x1F, 0x00, 0x10, 0xFE, 0xFF, 0x01, 0x00, 0x00, 0x00, 0x00, 0x90, 0xFF, 0x7F, 0x00,
    0x60, 0xFF, 0xBF, 0x00, 0x00, 0x00, 0x00, 0x00, 0x40, 0xFF, 0xCF, 0x00, 0xB0, 0xFF, 0x5F, 0x00,
    0x00, 0x00, 0x00, 0x00, 0x00, 0xFE, 0xFF, 0x03, 0xF2, 0xFF, 0x1E, 0x00, 0x00, 0x00, 0x00, 0x00,
    0x00, 0xF8, 0xFF, 0x09, 0xF8, 0xFF, 0x0A, 0x00, 0x00, 0x00, 0x00, 0x00, 0x00, 0xF3, 0xFF, 0x0E,
    // Unicode: [0x0042]
    0xFF, 0xFF, 0xFF, 0xFF, 0xCE, 0x59, 0x01, 0x00, 0x00, 0xFF, 0xFF, 0xFF, 0xFF, 0xFF, 0xFF, 0x5E,
    0x00, 0x00, 0xFF, 0xFF, 0xFF, 0xFF, 0xFF, 0xFF, 0xFF, 0x06, 0x00, 0xFF, 0xFF, 0x13, 0x21, 0x94,
    0xFF, 0xFF, 0x1E, 0x00, 0xFF, 0xFF, 0x02, 0x00, 0x00, 0xF4, 0xFF, 0x5F, 0x00, 0xFF, 0xFF, 0x02,
    0x00, 0x00, 0xC0, 0xFF, 0x6F, 0x00, 0xFF, 0xFF, 0x02, 0x00, 0x00, 0xB0, 0xFF, 0x6F, 0x00, 0xFF,
    0xFF, 0x02, 0x00, 0x00, 0xD0, 0xFF, 0x3F, 0x00, 0xFF, 0xFF, 0x02, 0x00, 0x00, 0xF6, 0xFF, 0x0D,
    0x00, 0xFF, 0xFF, 0x02, 0x10, 0x93, 0xFF, 0xEF, 0x03, 0x00, 0xFF, 0xFF, 0xFF, 0xFF, 0xFF, 0xFF,
    0x2B, 0x00, 0x00, 0xFF, 0xFF, 0xFF, 0xFF, 0xFF, 0xAF, 0x15, 0x00, 0x00, 0xFF, 0xFF, 0xEE, 0xFE,
    0xFF, 0xFF, 0xEF, 0x06, 0x00, 0xFF, 0xFF, 0x02, 0x00, 0x41, 0xF9, 0xFF, 0x8F, 0x00, 0xFF, 0xFF,
    0x02, 0x00, 0x00, 0x30, 0xFF, 0xFF, 0x03, 0xFF, 0xFF, 0x02, 0x00, 0x00, 0x00, 0xF8, 0xFF, 0x09,
    0xFF, 0xFF, 0x02, 0x00, 0x00, 0x00, 0xF5, 0xFF, 0x0C, 0xFF, 0xFF, 0x02, 0x00, 0x00, 0x00, 0xF6,
    0xFF, 0x0D, 0xFF, 0xFF, 0x02, 0x00, 0x00, 0x00, 0xFA, 0xFF, 0x0B, 0xFF, 0xFF, 0x02, 0x00, 0x00,
    0x50, 0xFF, 0xFF, 0x07, 0xFF, 0xFF, 0x13, 0x21, 0x52, 0xFA, 0xFF, 0xEF, 0x01, 0xFF, 0xFF, 0xFF,
    0xFF, 0xFF, 0xFF, 0xFF, 0x4F, 0x00, 0xFF, 0xFF, 0xFF, 0xFF, 0xFF, 0xFF, 0xCF, 0x03, 0x00, 0xFF,
    0xFF, 0xFF, 0xFF, 0xEF, 0x9C, 0x04, 0x00, 0x00,
    // Unicode: [0x0043]
    0x00, 0x00, 0x00, 0x72, 0xDB, 0xEE, 0xBD, 0x17, 0x00, 0x00, 0x00, 0x00, 0x91, 0xFF, 0xFF, 0xFF,
    0xFF, 0xEF, 0x07, 0x00, 0x00, 0x10, 0xFC, 0xFF, 0xFF, 0xFF, 0xFF, 0xFF, 0xAF, 0x00, 0x00, 0xC0,
    0xFF, 0xFF, 0x9E, 0x77, 0xEA, 0xFF, 0xFF, 0x07, 0x00, 0xF8, 0xFF, 0x9F, 0x01, 0x00, 0x10, 0xFA,
    0xFF, 0x2F, 0x10, 0xFE, 0xFF, 0x0A, 0x00, 0x00, 0x00, 0xB0, 0xFF, 0x8F, 0x60, 0xFF, 0xEF, 0x01,
    0x00, 0x00, 0x00, 0x30, 0xDF, 0x38, 0xB0, 0xFF, 0x9F, 0x00, 0x00, 0x00, 0x00, 0x00, 0x02, 0x00,
    0xE0, 0xFF, 0x5F, 0x00, 0x00, 0x00, 0x00, 0x00, 0x00, 0x00, 0xF1, 0xFF, 0x2F, 0x00, 0x00, 0x00,
    0x00, 0x00, 0x00, 0x00, 0xF2, 0xFF, 0x1F, 0x00, 0x00, 0x00, 0x00, 0x00, 0x00, 0x00, 0xF3, 0xFF,
    0x0F, 0x00, 0x00, 0x00, 0x00, 0x00, 0x00, 0x00, 0xF3, 0xFF, 0x0F, 0x00, 0x00, 0x00, 0x00, 0x00,
    0x00, 0x00, 0xF2, 0xFF, 0x1F, 0x00, 0x00, 0x00, 0x00, 0x00, 0x00, 0x00, 0xF1, 0xFF, 0x3F, 0x00,
    0x00, 0x00, 0x00, 0x00, 0x00, 0x00, 0xD0, 0xFF, 0x6F, 0x00, 0x00, 0x00, 0x00, 0x00, 0x00, 0x00,
    0xA0, 0xFF, 0xAF, 0x00, 0x00, 0x00, 0x00, 0x00, 0x37, 0x00, 0x50, 0xFF, 0xFF, 0x02, 0x00, 0x00,
    0x00, 0x40, 0xFF, 0x6D, 0x00, 0xFE, 0xFF, 0x0B, 0x00, 0x00, 0x00, 0xD1, 0xFF, 0x8F, 0x00, 0xF6,
    0xFF, 0xAF, 0x01, 0x00, 0x10, 0xFB, 0xFF, 0x2E, 0x00, 0xB0, 0xFF, 0xFF, 0x9E, 0x77, 0xE9, 0xFF,
    0xFF, 0x06, 0x00, 0x10, 0xFB, 0xFF, 0xFF, 0xFF, 0xFF, 0xFF, 0x8F, 0x00, 0x00, 0x00, 0x81, 0xFF,
    0xFF, 0xFF, 0xFF, 0xEF, 0x06, 0x00, 0x00, 0x00, 0x00, 0x72, 0xDB, 0xFE, 0xBD, 0x16, 0x00, 0x00,
    // Unicode: [0x0044]
    0xFF, 0xFF, 0xFF, 0xFF, 0xEF, 0xAD, 0x37, 0x00, 0x00, 0x00, 0x00, 0xFF, 0xFF, 0xFF, 0xFF, 0xFF,
    0xFF, 0xFF, 0x4B, 0x00, 0x00, 0x00, 0xFF, 0xFF, 0xFF, 0xFF, 0xFF, 0xFF, 0xFF, 0xFF, 0x08, 0x00,
    0x00, 0xFF, 0xFF, 0x67, 0x66, 0x76, 0xEA, 0xFF, 0xFF, 0x9F, 0x00, 0x00, 0xFF, 0xFF, 0x02, 0x00,
    0x00, 0x00, 0xE5, 0xFF, 0xFF, 0x06, 0x00, 0xFF, 0xFF, 0x02, 0x00, 0x00, 0x00, 0x20, 0xFD, 0xFF,
    0x1E, 0x00, 0xFF, 0xFF, 0x02, 0x00, 0x00, 0x00, 0x00, 0xF3, 0xFF, 0x7F, 0x00, 0xFF, 0xFF, 0x02,
    0x00, 0x00, 0x00, 0x00, 0xA0, 0xFF, 0xBF, 0x00, 0xFF, 0xFF, 0x02, 0x00, 0x00, 0x00, 0x00, 0x40,
    0xFF, 0xFF, 0x00, 0xFF, 0xFF, 0x02, 0x00, 0x00, 0x00, 0x00, 0x10, 0xFF, 0xFF, 0x03, 0xFF, 0xFF,
    0x02, 0x00, 0x00, 0x00, 0x00, 0x00, 0xFE, 0xFF, 0x04, 0xFF, 0xFF, 0x02, 0x00, 0x00, 0x00, 0x00,
    0x00, 0xFD, 0xFF, 0x05, 0xFF, 0xFF, 0x02, 0x00, 0x00, 0x00, 0x00, 0x00, 0xFD, 0xFF, 0x05, 0xFF,
    0xFF, 0x02, 0x00, 0x00, 0x00, 0x00, 0x00, 0xFE, 0xFF, 0x04, 0xFF, 0xFF, 0x02, 0x00, 0x00, 0x00,
    0x00, 0x20, 0xFF, 0xFF, 0x02, 0xFF, 0xFF, 0x02, 0x00, 0x00, 0x00, 0x00, 0x60, 0xFF, 0xEF, 0x00,
    0xFF, 0xFF, 0x02, 0x00, 0x00, 0x00, 0x00, 0xB0, 0xFF, 0xAF, 0x00, 0xFF, 0xFF, 0x02, 0x00, 0x00,
    0x00, 0x00, 0xF5, 0xFF, 0x4F, 0x00, 0xFF, 0xFF, 0x02, 0x00, 0x00, 0x00, 0x30, 0xFE, 0xFF, 0x0C,
    0x00, 0xFF, 0xFF, 0x02, 0x00, 0x00, 0x00, 0xE6, 0xFF, 0xFF, 0x03, 0x00, 0xFF, 0xFF, 0x67, 0x66,
    0x76, 0xD9, 0xFF, 0xFF, 0x6F, 0x00, 0x00, 0xFF, 0xFF, 0xFF, 0xFF, 0xFF, 0xFF, 0xFF, 0xFF, 0x06,
    0x00, 0x00, 0xFF, 0xFF, 0xFF, 0xFF, 0xFF, 0xFF, 0xFF, 0x3B, 0x00, 0x00, 0x00, 0xFF, 0xFF, 0xFF,
    0xFF, 0xFF, 0xBE, 0x38, 0x00, 0x00, 0x00, 0x00,
    // Unicode: [0x0045]
    0xFF, 0xFF, 0xFF, 0xFF, 0xFF, 0xFF, 0x2F, 0xFF, 0xFF, 0xFF, 0xFF, 0xFF, 0xFF, 0x2F, 0xFF, 0xFF,
    0xFF, 0xFF, 0xFF, 0xFF, 0x2F, 0xFF, 0xFF, 0x67, 0x66, 0x66, 0x66, 0x16, 0xFF, 0xFF, 0x02, 0x00,
    0x00, 0x00, 0x00, 0xFF, 0xFF, 0x02, 0x00, 0x00, 0x00, 0x00, 0xFF, 0xFF, 0x02, 0x00, 0x00, 0x00,
    0x00, 0xFF, 0xFF, 0x02, 0x00, 0x00, 0x00, 0x00, 0xFF, 0xFF, 0x02, 0x00, 0x00, 0x00, 0x00, 0xFF,
    0xFF, 0x56, 0x55, 0x55, 0x55, 0x00, 0xFF, 0xFF, 0xFF, 0xFF, 0xFF, 0xFF, 0x01, 0xFF, 0xFF, 0xFF,
    0xFF, 0xFF, 0xFF, 0x01, 0xFF, 0xFF, 0xFF, 0xFF, 0xFF, 0xFF, 0x01, 0xFF, 0xFF, 0x02, 0x00, 0x00,
    0x00, 0x00, 0xFF, 0xFF, 0x02, 0x00, 0x00, 0x00, 0x00, 0xFF, 0xFF, 0x02, 0x00, 0x00, 0x00, 0x00,
    0xFF, 0xFF, 0x02, 0x00, 0x00, 0x00, 0x00, 0xFF, 0xFF, 0x02, 0x00, 0x00, 0x00, 0x00, 0xFF, 0xFF,
    0x02, 0x00, 0x00, 0x00, 0x00, 0xFF, 0xFF, 0x02, 0x00, 0x00, 0x00, 0x00, 0xFF, 0xFF, 0x57, 0x55,
    0x55, 0x55, 0x45, 0xFF, 0xFF, 0xFF, 0xFF, 0xFF, 0xFF, 0xCF, 0xFF, 0xFF, 0xFF, 0xFF, 0xFF, 0xFF,
    0xCF, 0xFF, 0xFF, 0xFF, 0xFF, 0xFF, 0xFF, 0xCF,
    // Unicode: [0x0046]
    0xFF, 0xFF, 0xFF, 0xFF, 0xFF, 0xFF, 0x6F, 0xFF, 0xFF, 0xFF, 0xFF, 0xFF, 0xFF, 0x6F, 0xFF, 0xFF,
    0xFF, 0xFF, 0xFF, 0xFF, 0x6F, 0xFF, 0xFF, 0x68, 0x66, 0x66, 0x66, 0x36, 0xFF, 0xFF, 0x02, 0x00,
    0x00, 0x00, 0x00, 0xFF, 0xFF, 0x02, 0x00, 0x00, 0x00, 0x00, 0xFF, 0xFF, 0x02, 0x00, 0x00, 0x00,
    0x00, 0xFF, 0xFF, 0x02, 0x00, 0x00, 0x00, 0x00, 0xFF, 0xFF, 0x02, 0x00, 0x00, 0x00, 0x00, 0xFF,
    0xFF, 0x02, 0x00, 0x00, 0x00, 0x00, 0xFF, 0xFF, 0xFF, 0xFF, 0xFF, 0xFF, 0x0F, 0xFF, 0xFF, 0xFF,
    0xFF, 0xFF, 0xFF, 0x0F, 0xFF, 0xFF, 0xFF, 0xFF, 0xFF, 0xFF, 0x0F, 0xFF, 0xFF, 0x56, 0x55, 0x55,
    0x55, 0x05, 0xFF, 0xFF, 0x02, 0x00, 0x00, 0x00, 0x00, 0xFF, 0xFF, 0x02, 0x00, 0x00, 0x00, 0x00,
    0xFF, 0xFF, 0x02, 0x00, 0x00, 0x00, 0x00, 0xFF, 0xFF, 0x02, 0x00, 0x00, 0x00, 0x00, 0xFF, 0xFF,
    0x02, 0x00, 0x00, 0x00, 0x00, 0xFF, 0xFF, 0x02, 0x00, 0x00, 0x00, 0x00, 0xFF, 0xFF, 0x02, 0x00,
    0x00, 0x00, 0x00, 0xFF, 0xFF, 0x02, 0x00, 0x00, 0x00, 0x00, 0xFF, 0xFF, 0x02, 0x00, 0x00, 0x00,
    0x00, 0xFF, 0xFF, 0x02, 0x00, 0x00, 0x00, 0x00,
    // Unicode: [0x0047]
    0x00, 0x00, 0x00, 0x51, 0xC9, 0xFE, 0xDE, 0x7B, 0x02, 0x00, 0x00, 0x00, 0x00, 0x70, 0xFE, 0xFF,
    0xFF, 0xFF, 0xFF, 0xAF, 0x01, 0x00, 0x00, 0x10, 0xFB, 0xFF, 0xFF, 0xFF, 0xFF, 0xFF, 0xFF, 0x2D,
    0x00, 0x00, 0xB0, 0xFF, 0xFF, 0xBF, 0x78, 0xA8, 0xFE, 0xFF, 0xCF, 0x00, 0x00, 0xF7, 0xFF, 0xBF,
    0x02, 0x00, 0x00, 0x81, 0xFF, 0xFF, 0x07, 0x10, 0xFE, 0xFF, 0x0B, 0x00, 0x00, 0x00, 0x00, 0xF8,
    0xDF, 0x08, 0x60, 0xFF, 0xFF, 0x02, 0x00, 0x00, 0x00, 0x00, 0x60, 0x02, 0x00, 0xA0, 0xFF, 0xAF,
    0x00, 0x00, 0x00, 0x00, 0x00, 0x00, 0x00, 0x00, 0xE0, 0xFF, 0x5F, 0x00, 0x00, 0x00, 0x00, 0x00,
    0x00, 0x00, 0x00, 0xF1, 0xFF, 0x2F, 0x00, 0x00, 0x00, 0x00, 0x00, 0x00, 0x00, 0x00, 0xF2, 0xFF,
    0x1F, 0x00, 0x00, 0x10, 0x22, 0x22, 0x22, 0x22, 0x02, 0xF3, 0xFF, 0x0F, 0x00, 0x00, 0x50, 0xFF,
    0xFF, 0xFF, 0xFF, 0x4F, 0xF3, 0xFF, 0x0F, 0x00, 0x00, 0x50, 0xFF, 0xFF, 0xFF, 0xFF, 0x4F, 0xF2,
    0xFF, 0x1F, 0x00, 0x00, 0x50, 0xFF, 0xFF, 0xFF, 0xFF, 0x4F, 0xF1, 0xFF, 0x3F, 0x00, 0x00, 0x00,
    0x00, 0x00, 0xA0, 0xFF, 0x4F, 0xD0, 0xFF, 0x6F, 0x00, 0x00, 0x00, 0x00, 0x00, 0xA0, 0xFF, 0x4F,
    0x90, 0xFF, 0xCF, 0x00, 0x00, 0x00, 0x00, 0x00, 0xA0, 0xFF, 0x4F, 0x40, 0xFF, 0xFF, 0x04, 0x00,
    0x00, 0x00, 0x00, 0xA0, 0xFF, 0x4F, 0x00, 0xFD, 0xFF, 0x1D, 0x00, 0x00, 0x00, 0x00, 0xC1, 0xFF,
    0x4F, 0x00, 0xF5, 0xFF, 0xDF, 0x04, 0x00, 0x00, 0x50, 0xFD, 0xFF, 0x3F, 0x00, 0x90, 0xFF, 0xFF,
    0xCF, 0x78, 0x97, 0xFD, 0xFF, 0xFF, 0x09, 0x00, 0x00, 0xF9, 0xFF, 0xFF, 0xFF, 0xFF, 0xFF, 0xFF,
    0x7F, 0x00, 0x00, 0x00, 0x50, 0xFD, 0xFF, 0xFF, 0xFF, 0xFF, 0xAF, 0x02, 0x00, 0x00, 0x00, 0x00,
    0x50, 0xC9, 0xFE, 0xDF, 0x7B, 0x02, 0x00, 0x00,
    // Unicode: [0x0048]
    0xFF, 0xFF, 0x02, 0x00, 0x00, 0x00, 0x00, 0x40, 0xFF, 0xBF, 0xFF, 0xFF, 0x02, 0x00, 0x00, 0x00,
    0x00, 0x40, 0xFF, 0xBF, 0xFF, 0xFF, 0x02, 0x00, 0x00, 0x00, 0x00, 0x40, 0xFF, 0xBF, 0xFF, 0xFF,
    0x02, 0x00, 0x00, 0x00, 0x00, 0x40, 0xFF, 0xBF, 0xFF, 0xFF, 0x02, 0x00, 0x00, 0x00, 0x00, 0x40,
    0xFF, 0xBF, 0xFF, 0xFF, 0x02, 0x00, 0x00, 0x00, 0x00, 0x40, 0xFF, 0xBF, 0xFF, 0xFF, 0x02, 0x00,
    0x00, 0x00, 0x00, 0x40, 0xFF, 0xBF, 0xFF, 0xFF, 0x02, 0x00, 0x00, 0x00, 0x00, 0x40, 0xFF, 0xBF,
    0xFF, 0xFF, 0x02, 0x00, 0x00, 0x00, 0x00, 0x40, 0xFF, 0xBF, 0xFF, 0xFF, 0x89, 0x88, 0x88, 0x88,
    0x88, 0xA8, 0xFF, 0xBF, 0xFF, 0xFF, 0xFF, 0xFF, 0xFF, 0xFF, 0xFF, 0xFF, 0xFF, 0xBF, 0xFF, 0xFF,
    0xFF, 0xFF, 0xFF, 0xFF, 0xFF, 0xFF, 0xFF, 0xBF, 0xFF, 0xFF, 0xFF, 0xFF, 0xFF, 0xFF, 0xFF, 0xFF,
    0xFF, 0xBF, 0xFF, 0xFF, 0x02, 0x00, 0x00, 0x00, 0x00, 0x40, 0xFF, 0xBF, 0xFF, 0xFF, 0x02, 0x00,
    0x00, 0x00, 0x00, 0x40, 0xFF, 0xBF, 0xFF, 0xFF, 0x02, 0x00, 0x00, 0x00, 0x00, 0x40, 0xFF, 0xBF,
    0xFF, 0xFF, 0x02, 0x00, 0x00, 0x00, 0x00, 0x40, 0xFF, 0xBF, 0xFF, 0xFF, 0x02, 0x00, 0x00, 0x00,
    0x00, 0x40, 0xFF, 0xBF, 0xFF, 0xFF, 0x02, 0x00, 0x00, 0x00, 0x00, 0x40, 0xFF, 0xBF, 0xFF, 0xFF,
    0x02, 0x00, 0x00, 0x00, 0x00, 0x40, 0xFF, 0xBF, 0xFF, 0xFF, 0x02, 0x00, 0x00, 0x00, 0x00, 0x40,
    0xFF, 0xBF, 0xFF, 0xFF, 0x02, 0x00, 0x00, 0x00, 0x00, 0x40, 0xFF, 0xBF, 0xFF, 0xFF, 0x02, 0x00,
    0x00, 0x00, 0x00, 0x40, 0xFF, 0xBF, 0xFF, 0xFF, 0x02, 0x00, 0x00, 0x00, 0x00, 0x40, 0xFF, 0xBF,
    // Unicode: [0x0049]
    0xFF, 0xFF, 0x03, 0xFF, 0xFF, 0x03, 0xFF, 0xFF, 0x03, 0xFF, 0xFF, 0x03, 0xFF, 0xFF, 0x03, 0xFF,
    0xFF, 0x03, 0xFF, 0xFF, 0x03, 0xFF, 0xFF, 0x03, 0xFF, 0xFF, 0x03, 0xFF, 0xFF, 0x03, 0xFF, 0xFF,
    0x03, 0xFF, 0xFF, 0x03, 0xFF, 0xFF, 0x03, 0xFF, 0xFF, 0x03, 0xFF, 0xFF, 0x03, 0xFF, 0xFF, 0x03,
    0xFF, 0xFF, 0x03, 0xFF, 0xFF, 0x03, 0xFF, 0xFF, 0x03, 0xFF, 0xFF, 0x03, 0xFF, 0xFF, 0x03, 0xFF,
    0xFF, 0x03, 0xFF, 0xFF, 0x03, 0xFF, 0xFF, 0x03,
    // Unicode: [0x004A]
    0x00, 0xC0, 0xFF, 0xFF, 0xFF, 0x5F, 0x00, 0xC0, 0xFF, 0xFF, 0xFF, 0x5F, 0x00, 0xC0, 0xFF, 0xFF,
    0xFF, 0x5F, 0x00, 0x50, 0x66, 0xD6, 0xFF, 0x5F, 0x00, 0x00, 0x00, 0xC0, 0xFF, 0x5F, 0x00, 0x00,
    0x00, 0xC0, 0xFF, 0x5F, 0x00, 0x00, 0x00, 0xC0, 0xFF, 0x5F, 0x00, 0x00, 0x00, 0xC0, 0xFF, 0x5F,
    0x00, 0x00, 0x00, 0xC0, 0xFF, 0x5F, 0x00, 0x00, 0x00, 0xC0, 0xFF, 0x5F, 0x00, 0x00, 0x00, 0xC0,
    0xFF, 0x5F, 0x00, 0x00, 0x00, 0xC0, 0xFF, 0x5F, 0x00, 0x00, 0x00, 0xC0, 0xFF, 0x5F, 0x00, 0x00,
    0x00, 0xC0, 0xFF, 0x5F, 0x00, 0x00, 0x00, 0xC0, 0xFF, 0x5F, 0x00, 0x00, 0x00, 0xC0, 0xFF, 0x5F,
    0x00, 0x00, 0x00, 0xC0, 0xFF, 0x5F, 0x00, 0x00, 0x00, 0xD0, 0xFF, 0x4F, 0x00, 0x00, 0x00, 0xF2,
    0xFF, 0x2F, 0x00, 0x00, 0x10, 0xFB, 0xFF, 0x0D, 0xA6, 0x68, 0xD8, 0xFF, 0xFF, 0x06, 0xF7, 0xFF,
    0xFF, 0xFF, 0xBF, 0x00, 0xF7, 0xFF, 0xFF, 0xFF, 0x1B, 0x00, 0xC5, 0xFE, 0xEF, 0x5A, 0x00, 0x00,
    // Unicode: [0x004B]
    0xFF, 0xFF, 0x02, 0x00, 0x00, 0x00, 0xF9, 0xFF, 0x5F, 0x00, 0xFF, 0xFF, 0x02, 0x00, 0x00, 0x60,
    0xFF, 0xFF, 0x08, 0x00, 0xFF, 0xFF, 0x02, 0x00, 0x00, 0xE3, 0xFF, 0xBF, 0x00, 0x00, 0xFF, 0xFF,
    0x02, 0x00, 0x10, 0xFD, 0xFF, 0x1D, 0x00, 0x00, 0xFF, 0xFF, 0x02, 0x00, 0xB0, 0xFF, 0xEF, 0x03,
    0x00, 0x00, 0xFF, 0xFF, 0x02, 0x00, 0xF7, 0xFF, 0x5F, 0x00, 0x00, 0x00, 0xFF, 0xFF, 0x02, 0x40,
    0xFF, 0xFF, 0x08, 0x00, 0x00, 0x00, 0xFF, 0xFF, 0x02, 0xE2, 0xFF, 0xBF, 0x00, 0x00, 0x00, 0x00,
    0xFF, 0xFF, 0x02, 0xFC, 0xFF, 0x1D, 0x00, 0x00, 0x00, 0x00, 0xFF, 0xFF, 0x92, 0xFF, 0xFF, 0x03,
    0x00, 0x00, 0x00, 0x00, 0xFF, 0xFF, 0xF8, 0xFF, 0xAF, 0x00, 0x00, 0x00, 0x00, 0x00, 0xFF, 0xFF,
    0xFF, 0xFF, 0xFF, 0x04, 0x00, 0x00, 0x00, 0x00, 0xFF, 0xFF, 0xFF, 0xFF, 0xFF, 0x1D, 0x00, 0x00,
    0x00, 0x00, 0xFF, 0xFF, 0xDF, 0xF6, 0xFF, 0x9F, 0x00, 0x00, 0x00, 0x00, 0xFF, 0xFF, 0x1C, 0x90,
    0xFF, 0xFF, 0x04, 0x00, 0x00, 0x00, 0xFF, 0xFF, 0x03, 0x10, 0xFE, 0xFF, 0x1D, 0x00, 0x00, 0x00,
    0xFF, 0xFF, 0x02, 0x00, 0xF5, 0xFF, 0x8F, 0x00, 0x00, 0x00, 0xFF, 0xFF, 0x02, 0x00, 0xA0, 0xFF,
    0xFF, 0x03, 0x00, 0x00, 0xFF, 0xFF, 0x02, 0x00, 0x20, 0xFE, 0xFF, 0x0D, 0x00, 0x00, 0xFF, 0xFF,
    0x02, 0x00, 0x00, 0xF6, 0xFF, 0x8F, 0x00, 0x00, 0xFF, 0xFF, 0x02, 0x00, 0x00, 0xB0, 0xFF, 0xFF,
    0x03, 0x00, 0xFF, 0xFF, 0x02, 0x00, 0x00, 0x20, 0xFF, 0xFF, 0x0D, 0x00, 0xFF, 0xFF, 0x02, 0x00,
    0x00, 0x00, 0xF7, 0xFF, 0x8F, 0x00, 0xFF, 0xFF, 0x02, 0x00, 0x00, 0x00, 0xC0, 0xFF, 0xFF, 0x03,
    // Unicode: [0x004C]
    0xFF, 0xFF, 0x02, 0x00, 0x00, 0x00, 0x00, 0xFF, 0xFF, 0x02, 0x00, 0x00, 0x00, 0x00, 0xFF, 0xFF,
    0x02, 0x00, 0x00, 0x00, 0x00, 0xFF, 0xFF, 0x02, 0x00, 0x00, 0x00, 0x00, 0xFF, 0xFF, 0x02, 0x00,
    0x00, 0x00, 0x00, 0xFF, 0xFF, 0x02, 0x00, 0x00, 0x00, 0x00, 0xFF, 0xFF, 0x02, 0x00, 0x00, 0x00,
    0x00, 0xFF, 0xFF, 0x02, 0x00, 0x00, 0x00, 0x00, 0xFF, 0xFF, 0x02, 0x00, 0x00, 0x00, 0x00, 0xFF,
    0xFF, 0x02, 0x00, 0x00, 0x00, 0x00, 0xFF, 0xFF, 0x02, 0x00, 0x00, 0x00, 0x00, 0xFF, 0xFF, 0x02,
    0x00, 0x00, 0x00, 0x00, 0xFF, 0xFF, 0x02, 0x00, 0x00, 0x00, 0x00, 0xFF, 0xFF, 0x02, 0x00, 0x00,
    0x00, 0x00, 0xFF, 0xFF, 0x02, 0x00, 0x00, 0x00, 0x00, 0xFF, 0xFF, 0x02, 0x00, 0x00, 0x00, 0x00,
    0xFF, 0xFF, 0x02, 0x00, 0x00, 0x00, 0x00, 0xFF, 0xFF, 0x02, 0x00, 0x00, 0x00, 0x00, 0xFF, 0xFF,
    0x02, 0x00, 0x00, 0x00, 0x00, 0xFF, 0xFF, 0x02, 0x00, 0x00, 0x00, 0x00, 0xFF, 0xFF, 0x67, 0x66,
    0x66, 0x66, 0x26, 0xFF, 0xFF, 0xFF, 0xFF, 0xFF, 0xFF, 0x6F, 0xFF, 0xFF, 0xFF, 0xFF, 0xFF, 0xFF,
    0x6F, 0xFF, 0xFF, 0xFF, 0xFF, 0xFF, 0xFF, 0x6F,
    // Unicode: [0x004D]
    0xFF, 0xFF, 0xDF, 0x00, 0x00, 0x00, 0x00, 0x00, 0x00, 0x00, 0xF7, 0xFF, 0xFF, 0x05, 0xFF, 0xFF,
    0xFF, 0x04, 0x00, 0x00, 0x00, 0x00, 0x00, 0x00, 0xFD, 0xFF, 0xFF, 0x05, 0xFF, 0xFF, 0xFF, 0x0A,
    0x00, 0x00, 0x00, 0x00, 0x00, 0x40, 0xFF, 0xFF, 0xFF, 0x05, 0xFF, 0xFF, 0xFF, 0x1F, 0x00, 0x00,
    0x00, 0x00, 0x00, 0xA0, 0xFF, 0xFF, 0xFF, 0x05, 0xFF, 0xCF, 0xFF, 0x7F, 0x00, 0x00, 0x00, 0x00,
    0x00, 0xF1, 0xFF, 0xFC, 0xFF, 0x05, 0xFF, 0xBF, 0xFB, 0xDF, 0x00, 0x00, 0x00, 0x00, 0x00, 0xF7,
    0xFF, 0xF7, 0xFF, 0x05, 0xFF, 0xBF, 0xF6, 0xFF, 0x04, 0x00, 0x00, 0x00, 0x00, 0xFD, 0xAF, 0xF6,
    0xFF, 0x05, 0xFF, 0xBF, 0xE1, 0xFF, 0x0B, 0x00, 0x00, 0x00, 0x30, 0xFF, 0x5F, 0xF6, 0xFF, 0x05,
    0xFF, 0xBF, 0x90, 0xFF, 0x2F, 0x00, 0x00, 0x00, 0x90, 0xFF, 0x0E, 0xF6, 0xFF, 0x05, 0xFF, 0xBF,
    0x30, 0xFF, 0x8F, 0x00, 0x00, 0x00, 0xE1, 0xFF, 0x08, 0xF6, 0xFF, 0x05, 0xFF, 0xBF, 0x00, 0xFC,
    0xEF, 0x00, 0x00, 0x00, 0xF6, 0xFF, 0x02, 0xF6, 0xFF, 0x05, 0xFF, 0xBF, 0x00, 0xF6, 0xFF, 0x05,
    0x00, 0x00, 0xFC, 0xBF, 0x00, 0xF6, 0xFF, 0x05, 0xFF, 0xBF, 0x00, 0xE1, 0xFF, 0x0B, 0x00, 0x30,
    0xFF, 0x5F, 0x00, 0xF6, 0xFF, 0x05, 0xFF, 0xBF, 0x00, 0x90, 0xFF, 0x2F, 0x00, 0x90, 0xFF, 0x0E,
    0x00, 0xF6, 0xFF, 0x05, 0xFF, 0xBF, 0x00, 0x30, 0xFF, 0x8F, 0x00, 0xE1, 0xFF, 0x08, 0x00, 0xF6,
    0xFF, 0x05, 0xFF, 0xBF, 0x00, 0x00, 0xFC, 0xEF, 0x00, 0xF6, 0xFF, 0x02, 0x00, 0xF6, 0xFF, 0x05,
    0xFF, 0xBF, 0x00, 0x00, 0xF6, 0xFF, 0x04, 0xFC, 0xBF, 0x00, 0x00, 0xF6, 0xFF, 0x05, 0xFF, 0xBF,
    0x00, 0x00, 0xE0, 0xFF, 0x2A, 0xFF, 0x6F, 0x00, 0x00, 0xF6, 0xFF, 0x05, 0xFF, 0xBF, 0x00, 0x00,
    0x80, 0xFF, 0x8E, 0xFF, 0x1E, 0x00, 0x00, 0xF6, 0xFF, 0x05, 0xFF, 0xBF, 0x00, 0x00, 0x20, 0xFF,
    0xFF, 0xFF, 0x09, 0x00, 0x00, 0xF6, 0xFF, 0x05, 0xFF, 0xBF, 0x00, 0x00, 0x00, 0xFB, 0xFF, 0xFF,
    0x03, 0x00, 0x00, 0xF6, 0xFF, 0x05, 0xFF, 0xBF, 0x00, 0x00, 0x00, 0xF5, 0xFF, 0xCF, 0x00, 0x00,
    0x00, 0xF6, 0xFF, 0x05, 0xFF, 0xBF, 0x00, 0x00, 0x00, 0xE0, 0xFF, 0x6F, 0x00, 0x00, 0x00, 0xF6,
    0xFF, 0x05, 0xFF, 0xBF, 0x00, 0x00, 0x00, 0x80, 0xFF, 0x1E, 0x00, 0x00, 0x00, 0xF6, 0xFF, 0x05,
    // Unicode: [0x004E]
    0xFF, 0xFF, 0x4F, 0x00, 0x00, 0x00, 0x00, 0x00, 0xE0, 0xFF, 0x0D, 0xFF, 0xFF, 0xDF, 0x00, 0x00,
    0x00, 0x00, 0x00, 0xE0, 0xFF, 0x0D, 0xFF, 0xFF, 0xFF, 0x08, 0x00, 0x00, 0x00, 0x00, 0xE0, 0xFF,
    0x0D, 0xFF, 0xFF, 0xFF, 0x3F, 0x00, 0x00, 0x00, 0x00, 0xE0, 0xFF, 0x0D, 0xFF, 0xEF, 0xFF, 0xCF,
    0x00, 0x00, 0x00, 0x00, 0xE0, 0xFF, 0x0D, 0xFF, 0xAF, 0xFC, 0xFF, 0x06, 0x00, 0x00, 0x00, 0xE0,
    0xFF, 0x0D, 0xFF, 0xAF, 0xF3, 0xFF, 0x1E, 0x00, 0x00, 0x00, 0xE0, 0xFF, 0x0D, 0xFF, 0xBF, 0x80,
    0xFF, 0xAF, 0x00, 0x00, 0x00, 0xE0, 0xFF, 0x0D, 0xFF, 0xBF, 0x10, 0xFD, 0xFF, 0x04, 0x00, 0x00,
    0xE0, 0xFF, 0x0D, 0xFF, 0xBF, 0x00, 0xF4, 0xFF, 0x1D, 0x00, 0x00, 0xE0, 0xFF, 0x0D, 0xFF, 0xBF,
    0x00, 0xA0, 0xFF, 0x8F, 0x00, 0x00, 0xE0, 0xFF, 0x0D, 0xFF, 0xBF, 0x00, 0x20, 0xFE, 0xFF, 0x03,
    0x00, 0xE0, 0xFF, 0x0D, 0xFF, 0xBF, 0x00, 0x00, 0xF6, 0xFF, 0x0C, 0x00, 0xE0, 0xFF, 0x0D, 0xFF,
    0xBF, 0x00, 0x00, 0xC0, 0xFF, 0x6F, 0x00, 0xE0, 0xFF, 0x0D, 0xFF, 0xBF, 0x00, 0x00, 0x30, 0xFF,
    0xEF, 0x02, 0xE0, 0xFF, 0x0D, 0xFF, 0xBF, 0x00, 0x00, 0x00, 0xF8, 0xFF, 0x0A, 0xE0, 0xFF, 0x0D,
    0xFF, 0xBF, 0x00, 0x00, 0x00, 0xD1, 0xFF, 0x5F, 0xE0, 0xFF, 0x0D, 0xFF, 0xBF, 0x00, 0x00, 0x00,
    0x40, 0xFF, 0xDF, 0xD1, 0xFF, 0x0D, 0xFF, 0xBF, 0x00, 0x00, 0x00, 0x00, 0xFA, 0xFF, 0xC9, 0xFF,
    0x0D, 0xFF, 0xBF, 0x00, 0x00, 0x00, 0x00, 0xE1, 0xFF, 0xEF, 0xFF, 0x0D, 0xFF, 0xBF, 0x00, 0x00,
    0x00, 0x00, 0x60, 0xFF, 0xFF, 0xFF, 0x0D, 0xFF, 0xBF, 0x00, 0x00, 0x00, 0x00, 0x00, 0xFC, 0xFF,
    0xFF, 0x0D, 0xFF, 0xBF, 0x00, 0x00, 0x00, 0x00, 0x00, 0xF3, 0xFF, 0xFF, 0x0D, 0xFF, 0xBF, 0x00,
    0x00, 0x00, 0x00, 0x00, 0x80, 0xFF, 0xFF, 0x0D,
    // Unicode: [0x004F]
    0x00, 0x00, 0x00, 0x40, 0xB8, 0xED, 0xEF, 0x9C, 0x16, 0x00, 0x00, 0x00, 0x00, 0x00, 0x40, 0xFC,
    0xFF, 0xFF, 0xFF, 0xFF, 0xEF, 0x18, 0x00, 0x00, 0x00, 0x00, 0xF8, 0xFF, 0xFF, 0xFF, 0xFF, 0xFF,
    0xFF, 0xDF, 0x02, 0x00, 0x00, 0x90, 0xFF, 0xFF, 0xDF, 0x79, 0x87, 0xFB, 0xFF, 0xFF, 0x2E, 0x00,
    0x00, 0xF6, 0xFF, 0xDF, 0x04, 0x00, 0x00, 0x10, 0xF9, 0xFF, 0xCF, 0x00, 0x10, 0xFE, 0xFF, 0x1C,
    0x00, 0x00, 0x00, 0x00, 0x70, 0xFF, 0xFF, 0x06, 0x60, 0xFF, 0xFF, 0x02, 0x00, 0x00, 0x00, 0x00,
    0x00, 0xFB, 0xFF, 0x0D, 0xB0, 0xFF, 0xAF, 0x00, 0x00, 0x00, 0x00, 0x00, 0x00, 0xF4, 0xFF, 0x3F,
    0xE0, 0xFF, 0x4F, 0x00, 0x00, 0x00, 0x00, 0x00, 0x00, 0xD0, 0xFF, 0x6F, 0xF3, 0xFF, 0x1F, 0x00,
    0x00, 0x00, 0x00, 0x00, 0x00, 0xA0, 0xFF, 0x9F, 0xF4, 0xFF, 0x0E, 0x00, 0x00, 0x00, 0x00, 0x00,
    0x00, 0x80, 0xFF, 0xAF, 0xF5, 0xFF, 0x0D, 0x00, 0x00, 0x00, 0x00, 0x00, 0x00, 0x70, 0xFF, 0xCF,
    0xF5, 0xFF, 0x0D, 0x00, 0x00, 0x00, 0x00, 0x00, 0x00, 0x70, 0xFF, 0xBF, 0xF4, 0xFF, 0x0E, 0x00,
    0x00, 0x00, 0x00, 0x00, 0x00, 0x80, 0xFF, 0xBF, 0xF2, 0xFF, 0x2F, 0x00, 0x00, 0x00, 0x00, 0x00,
    0x00, 0xA0, 0xFF, 0x9F, 0xE0, 0xFF, 0x5F, 0x00, 0x00, 0x00, 0x00, 0x00, 0x00, 0xD0, 0xFF, 0x6F,
    0xB0, 0xFF, 0xBF, 0x00, 0x00, 0x00, 0x00, 0x00, 0x00, 0xF4, 0xFF, 0x2F, 0x50, 0xFF, 0xFF, 0x03,
    0x00, 0x00, 0x00, 0x00, 0x00, 0xFB, 0xFF, 0x0C, 0x00, 0xFD, 0xFF, 0x2D, 0x00, 0x00, 0x00, 0x00,
    0x70, 0xFF, 0xFF, 0x05, 0x00, 0xF5, 0xFF, 0xDF, 0x05, 0x00, 0x00, 0x10, 0xF9, 0xFF, 0xBF, 0x00,
    0x00, 0x80, 0xFF, 0xFF, 0xDF, 0x79, 0x86, 0xEB, 0xFF, 0xFF, 0x1D, 0x00, 0x00, 0x00, 0xF8, 0xFF,
    0xFF, 0xFF, 0xFF, 0xFF, 0xFF, 0xCF, 0x01, 0x00, 0x00, 0x00, 0x40, 0xFC, 0xFF, 0xFF, 0xFF, 0xFF,
    0xEF, 0x07, 0x00, 0x00, 0x00, 0x00, 0x00, 0x40, 0xB8, 0xED, 0xEF, 0xAC, 0x15, 0x00, 0x00, 0x00,
    // Unicode: [0x0050]
    0xFF, 0xFF, 0xFF, 0xFF, 0xDE, 0x7A, 0x01, 0x00, 0x00, 0xFF, 0xFF, 0xFF, 0xFF, 0xFF, 0xFF, 0x7E,
    0x00, 0x00, 0xFF, 0xFF, 0xFF, 0xFF, 0xFF, 0xFF, 0xFF, 0x09, 0x00, 0xFF, 0xFF, 0x13, 0x21, 0x73,
    0xFD, 0xFF, 0x5F, 0x00, 0xFF, 0xFF, 0x02, 0x00, 0x00, 0xC1, 0xFF, 0xCF, 0x00, 0xFF, 0xFF, 0x02,
    0x00, 0x00, 0x40, 0xFF, 0xFF, 0x02, 0xFF, 0xFF, 0x02, 0x00, 0x00, 0x00, 0xFE, 0xFF, 0x04, 0xFF,
    0xFF, 0x02, 0x00, 0x00, 0x00, 0xFD, 0xFF, 0x05, 0xFF, 0xFF, 0x02, 0x00, 0x00, 0x00, 0xFE, 0xFF,
    0x04, 0xFF, 0xFF, 0x02, 0x00, 0x00, 0x40, 0xFF, 0xFF, 0x01, 0xFF, 0xFF, 0x02, 0x00, 0x00, 0xD1,
    0xFF, 0xBF, 0x00, 0xFF, 0xFF, 0x13, 0x11, 0x73, 0xFD, 0xFF, 0x3F, 0x00, 0xFF, 0xFF, 0xFF, 0xFF,
    0xFF, 0xFF, 0xFF, 0x06, 0x00, 0xFF, 0xFF, 0xFF, 0xFF, 0xFF, 0xFF, 0x4D, 0x00, 0x00, 0xFF, 0xFF,
    0xFF, 0xFF, 0xDE, 0x5A, 0x01, 0x00, 0x00, 0xFF, 0xFF, 0x02, 0x00, 0x00, 0x00, 0x00, 0x00, 0x00,
    0xFF, 0xFF, 0x02, 0x00, 0x00, 0x00, 0x00, 0x00, 0x00, 0xFF, 0xFF, 0x02, 0x00, 0x00, 0x00, 0x00,
    0x00, 0x00, 0xFF, 0xFF, 0x02, 0x00, 0x00, 0x00, 0x00, 0x00, 0x00, 0xFF, 0xFF, 0x02, 0x00, 0x00,
    0x00, 0x00, 0x00, 0x00, 0xFF, 0xFF, 0x02, 0x00, 0x00, 0x00, 0x00, 0x00, 0x00, 0xFF, 0xFF, 0x02,
    0x00, 0x00, 0x00, 0x00, 0x00, 0x00, 0xFF, 0xFF, 0x02, 0x00, 0x00, 0x00, 0x00, 0x00, 0x00, 0xFF,
    0xFF, 0x02, 0x00, 0x00, 0x00, 0x00, 0x00, 0x00,
    // Unicode: [0x0051]
    0x00, 0x00, 0x00, 0x30, 0xB7, 0xED, 0xEF, 0x9C, 0x15, 0x00, 0x00, 0x00, 0x00, 0x00, 0x40, 0xFC,
    0xFF, 0xFF, 0xFF, 0xFF, 0xEF, 0x18, 0x00, 0x00, 0x00, 0x00, 0xF7, 0xFF, 0xFF, 0xFF, 0xFF, 0xFF,
    0xFF, 0xCF, 0x02, 0x00, 0x00, 0x80, 0xFF, 0xFF, 0xDF, 0x79, 0x87, 0xFB, 0xFF, 0xFF, 0x1E, 0x00,
    0x00, 0xF4, 0xFF, 0xDF, 0x05, 0x00, 0x00, 0x20, 0xFA, 0xFF, 0xBF, 0x00, 0x00, 0xFD, 0xFF, 0x2D,
    0x00, 0x00, 0x00, 0x00, 0x90, 0xFF, 0xFF, 0x05, 0x50, 0xFF, 0xFF, 0x03, 0x00, 0x00, 0x00, 0x00,
    0x00, 0xFC, 0xFF, 0x0C, 0xA0, 0xFF, 0xBF, 0x00, 0x00, 0x00, 0x00, 0x00, 0x00, 0xF5, 0xFF, 0x2F,
    0xE0, 0xFF, 0x5F, 0x00, 0x00, 0x00, 0x00, 0x00, 0x00, 0xE0, 0xFF, 0x6F, 0xF2, 0xFF, 0x2F, 0x00,
    0x00, 0x00, 0x00, 0x00, 0x00, 0xB0, 0xFF, 0x9F, 0xF3, 0xFF, 0x0E, 0x00, 0x00, 0x00, 0x00, 0x00,
    0x00, 0x80, 0xFF, 0xAF, 0xF4, 0xFF, 0x0E, 0x00, 0x00, 0x00, 0x00, 0x00, 0x00, 0x70, 0xFF, 0xBF,
    0xF5, 0xFF, 0x0D, 0x00, 0x00, 0x00, 0x00, 0x00, 0x00, 0x70, 0xFF, 0xCF, 0xF4, 0xFF, 0x0E, 0x00,
    0x00, 0x00, 0x00, 0x00, 0x00, 0x80, 0xFF, 0xBF, 0xF3, 0xFF, 0x1F, 0x00, 0x00, 0x00, 0x00, 0x00,
    0x00, 0x90, 0xFF, 0xAF, 0xF1, 0xFF, 0x3F, 0x00, 0x00, 0x00, 0x00, 0x00, 0x00, 0xC0, 0xFF, 0x7F,
    0xC0, 0xFF, 0x8F, 0x00, 0x00, 0x00, 0x00, 0x00, 0x00, 0xF1, 0xFF, 0x4F, 0x80, 0xFF, 0xDF, 0x00,
    0x00, 0x00, 0x00, 0x00, 0x00, 0xF6, 0xFF, 0x0D, 0x20, 0xFF, 0xFF, 0x07, 0x00, 0x00, 0x00, 0x00,
    0x10, 0xFE, 0xFF, 0x08, 0x00, 0xF9, 0xFF, 0x6F, 0x00, 0x00, 0x00, 0x00, 0xC1, 0xFF, 0xEF, 0x01,
    0x00, 0xD1, 0xFF, 0xFF, 0x3A, 0x00, 0x00, 0x51, 0xFD, 0xFF, 0x4F, 0x00, 0x00, 0x30, 0xFE, 0xFF,
    0xFF, 0xBD, 0xCB, 0xFF, 0xFF, 0xFF, 0x06, 0x00, 0x00, 0x00, 0xC2, 0xFF, 0xFF, 0xFF, 0xFF, 0xFF,
    0xFF, 0x4E, 0x00, 0x00, 0x00, 0x00, 0x00, 0xC6, 0xFF, 0xFF, 0xFF, 0xFF, 0x7C, 0x01, 0x00, 0x00,
    0x00, 0x00, 0x00, 0x00, 0x52, 0xF8, 0xFF, 0x2F, 0x00, 0x00, 0x00, 0x00, 0x00, 0x00, 0x00, 0x00,
    0x00, 0xD0, 0xFF, 0x6F, 0x00, 0x00, 0x00, 0x00, 0x00, 0x00, 0x00, 0x00, 0x00, 0x70, 0xFF, 0xEF,
    0x02, 0x00, 0x00, 0x00, 0x00, 0x00, 0x00, 0x00, 0x00, 0x10, 0xFE, 0xFF, 0x8E, 0x34, 0x24, 0x00,
    0x00, 0x00, 0x00, 0x00, 0x00, 0x00, 0xF5, 0xFF, 0xFF, 0xFF, 0x5F, 0x00, 0x00, 0x00, 0x00, 0x00,
    0x00, 0x00, 0x60, 0xFF, 0xFF, 0xFF, 0x5F, 0x00, 0x00, 0x00, 0x00, 0x00, 0x00, 0x00, 0x00, 0x93,
    0xFD, 0xDE, 0x3B, 0x00,
    // Unicode: [0x0052]
    0xFF, 0xFF, 0xFF, 0xFF, 0xEF, 0xAD, 0x16, 0x00, 0x00, 0x00, 0xFF, 0xFF, 0xFF, 0xFF, 0xFF, 0xFF,
    0xEF, 0x07, 0x00, 0x00, 0xFF, 0xFF, 0xFF, 0xFF, 0xFF, 0xFF, 0xFF, 0x9F, 0x00, 0x00, 0xFF, 0xFF,
    0x13, 0x11, 0x32, 0xD7, 0xFF, 0xFF, 0x05, 0x00, 0xFF, 0xFF, 0x02, 0x00, 0x00, 0x10, 0xFC, 0xFF,
    0x0C, 0x00, 0xFF, 0xFF, 0x02, 0x00, 0x00, 0x00, 0xF4, 0xFF, 0x1F, 0x00, 0xFF, 0xFF, 0x02, 0x00,
    0x00, 0x00, 0xF0, 0xFF, 0x2F, 0x00, 0xFF, 0xFF, 0x02, 0x00, 0x00, 0x00, 0xF0, 0xFF, 0x2F, 0x00,
    0xFF, 0xFF, 0x02, 0x00, 0x00, 0x00, 0xF4, 0xFF, 0x0F, 0x00, 0xFF, 0xFF, 0x02, 0x00, 0x00, 0x10,
    0xFC, 0xFF, 0x0A, 0x00, 0xFF, 0xFF, 0x13, 0x11, 0x21, 0xD6, 0xFF, 0xFF, 0x03, 0x00, 0xFF, 0xFF,
    0xFF, 0xFF, 0xFF, 0xFF, 0xFF, 0x6F, 0x00, 0x00, 0xFF, 0xFF, 0xFF, 0xFF, 0xFF, 0xFF, 0xCF, 0x04,
    0x00, 0x00, 0xFF, 0xFF, 0xFF, 0xFF, 0xFF, 0xDF, 0x04, 0x00, 0x00, 0x00, 0xFF, 0xFF, 0x02, 0x20,
    0xFE, 0xFF, 0x04, 0x00, 0x00, 0x00, 0xFF, 0xFF, 0x02, 0x00, 0xF7, 0xFF, 0x0D, 0x00, 0x00, 0x00,
    0xFF, 0xFF, 0x02, 0x00, 0xD0, 0xFF, 0x8F, 0x00, 0x00, 0x00, 0xFF, 0xFF, 0x02, 0x00, 0x40, 0xFF,
    0xFF, 0x02, 0x00, 0x00, 0xFF, 0xFF, 0x02, 0x00, 0x00, 0xFB, 0xFF, 0x0C, 0x00, 0x00, 0xFF, 0xFF,
    0x02, 0x00, 0x00, 0xF2, 0xFF, 0x6F, 0x00, 0x00, 0xFF, 0xFF, 0x02, 0x00, 0x00, 0x80, 0xFF, 0xEF,
    0x02, 0x00, 0xFF, 0xFF, 0x02, 0x00, 0x00, 0x10, 0xFD, 0xFF, 0x0A, 0x00, 0xFF, 0xFF, 0x02, 0x00,
    0x00, 0x00, 0xF5, 0xFF, 0x5F, 0x00, 0xFF, 0xFF, 0x02, 0x00, 0x00, 0x00, 0xB0, 0xFF, 0xEF, 0x01,
    // Unicode: [0x0053]
    0x00, 0x00, 0xA5, 0xED, 0xEF, 0x9C, 0x04, 0x00, 0x00, 0x00, 0xC3, 0xFF, 0xFF, 0xFF, 0xFF, 0xBF,
    0x01, 0x00, 0x20, 0xFE, 0xFF, 0xFF, 0xFF, 0xFF, 0xFF, 0x1D, 0x00, 0xA0, 0xFF, 0xEF, 0x37, 0x42,
    0xF9, 0xFF, 0x8F, 0x00, 0xF1, 0xFF, 0x4F, 0x00, 0x00, 0x60, 0xFF, 0xEF, 0x01, 0xF3, 0xFF, 0x0D,
    0x00, 0x00, 0x00, 0xFD, 0xBD, 0x02, 0xF3, 0xFF, 0x0C, 0x00, 0x00, 0x00, 0x12, 0x00, 0x00, 0xF2,
    0xFF, 0x1E, 0x00, 0x00, 0x00, 0x00, 0x00, 0x00, 0xD0, 0xFF, 0xBF, 0x01, 0x00, 0x00, 0x00, 0x00,
    0x00, 0x60, 0xFF, 0xFF, 0x8E, 0x03, 0x00, 0x00, 0x00, 0x00, 0x00, 0xFA, 0xFF, 0xFF, 0xEF, 0x49,
    0x00, 0x00, 0x00, 0x00, 0x70, 0xFE, 0xFF, 0xFF, 0xFF, 0x7D, 0x00, 0x00, 0x00, 0x00, 0x61, 0xFB,
    0xFF, 0xFF, 0xFF, 0x2C, 0x00, 0x00, 0x00, 0x00, 0x10, 0x95, 0xFE, 0xFF, 0xDF, 0x01, 0x00, 0x00,
    0x00, 0x00, 0x00, 0x81, 0xFF, 0xFF, 0x07, 0x00, 0x00, 0x00, 0x00, 0x00, 0x00, 0xF8, 0xFF, 0x0C,
    0x00, 0x00, 0x00, 0x00, 0x00, 0x00, 0xF2, 0xFF, 0x0E, 0x96, 0xDB, 0x00, 0x00, 0x00, 0x00, 0xF1,
    0xFF, 0x0E, 0xFD, 0xFF, 0x06, 0x00, 0x00, 0x00, 0xF4, 0xFF, 0x0D, 0xF7, 0xFF, 0x3E, 0x00, 0x00,
    0x10, 0xFC, 0xFF, 0x09, 0xE1, 0xFF, 0xFF, 0x6A, 0x54, 0xD7, 0xFF, 0xFF, 0x03, 0x40, 0xFF, 0xFF,
    0xFF, 0xFF, 0xFF, 0xFF, 0x7F, 0x00, 0x00, 0xD4, 0xFF, 0xFF, 0xFF, 0xFF, 0xEF, 0x06, 0x00, 0x00,
    0x10, 0xA6, 0xED, 0xEF, 0xAD, 0x16, 0x00, 0x00,
    // Unicode: [0x0054]
    0xF8, 0xFF, 0xFF, 0xFF, 0xFF, 0xFF, 0xFF, 0xFF, 0xFF, 0x0D, 0xF8, 0xFF, 0xFF, 0xFF, 0xFF, 0xFF,
    0xFF, 0xFF, 0xFF, 0x0D, 0xF8, 0xFF, 0xFF, 0xFF, 0xFF, 0xFF, 0xFF, 0xFF, 0xFF, 0x0D, 0x74, 0x77,
    0x77, 0xB7, 0xFF, 0xCF, 0x77, 0x77, 0x77, 0x06, 0x00, 0x00, 0x00, 0x70, 0xFF, 0xAF, 0x00, 0x00,
    0x00, 0x00, 0x00, 0x00, 0x00, 0x70, 0xFF, 0xAF, 0x00, 0x00, 0x00, 0x00, 0x00, 0x00, 0x00, 0x70,
    0xFF, 0xAF, 0x00, 0x00, 0x00, 0x00, 0x00, 0x00, 0x00, 0x70, 0xFF, 0xAF, 0x00, 0x00, 0x00, 0x00,
    0x00, 0x00, 0x00, 0x70, 0xFF, 0xAF, 0x00, 0x00, 0x00, 0x00, 0x00, 0x00, 0x00, 0x70, 0xFF, 0xAF,
    0x00, 0x00, 0x00, 0x00, 0x00, 0x00, 0x00, 0x70, 0xFF, 0xAF, 0x00, 0x00, 0x00, 0x00, 0x00, 0x00,
    0x00, 0x70, 0xFF, 0xAF, 0x00, 0x00, 0x00, 0x00, 0x00, 0x00, 0x00, 0x70, 0xFF, 0xAF, 0x00, 0x00,
    0x00, 0x00, 0x00, 0x00, 0x00, 0x70, 0xFF, 0xAF, 0x00, 0x00, 0x00, 0x00, 0x00, 0x00, 0x00, 0x70,
    0xFF, 0xAF, 0x00, 0x00, 0x00, 0x00, 0x00, 0x00, 0x00, 0x70, 0xFF, 0xAF, 0x00, 0x00, 0x00, 0x00,
    0x00, 0x00, 0x00, 0x70, 0xFF, 0xAF, 0x00, 0x00, 0x00, 0x00, 0x00, 0x00, 0x00, 0x70, 0xFF, 0xAF,
    0x00, 0x00, 0x00, 0x00, 0x00, 0x00, 0x00, 0x70, 0xFF, 0xAF, 0x00, 0x00, 0x00, 0x00, 0x00, 0x00,
    0x00, 0x70, 0xFF, 0xAF, 0x00, 0x00, 0x00, 0x00, 0x00, 0x00, 0x00, 0x70, 0xFF, 0xAF, 0x00, 0x00,
    0x00, 0x00, 0x00, 0x00, 0x00, 0x70, 0xFF, 0xAF, 0x00, 0x00, 0x00, 0x00, 0x00, 0x00, 0x00, 0x70,
    0xFF, 0xAF, 0x00, 0x00, 0x00, 0x00, 0x00, 0x00, 0x00, 0x70, 0xFF, 0xAF, 0x00, 0x00, 0x00, 0x00,
    // Unicode: [0x0055]
    0xF7, 0xFF, 0x0B, 0x00, 0x00, 0x00, 0x00, 0x20, 0xFF, 0xFF, 0xF7, 0xFF, 0x0B, 0x00, 0x00, 0x00,
    0x00, 0x20, 0xFF, 0xFF, 0xF7, 0xFF, 0x0B, 0x00, 0x00, 0x00, 0x00, 0x20, 0xFF, 0xFF, 0xF7, 0xFF,
    0x0B, 0x00, 0x00, 0x00, 0x00, 0x20, 0xFF, 0xFF, 0xF7, 0xFF, 0x0B, 0x00, 0x00, 0x00, 0x00, 0x20,
    0xFF, 0xFF, 0xF7, 0xFF, 0x0B, 0x00, 0x00, 0x00, 0x00, 0x20, 0xFF, 0xFF, 0xF7, 0xFF, 0x0B, 0x00,
    0x00, 0x00, 0x00, 0x20, 0xFF, 0xFF, 0xF7, 0xFF, 0x0B, 0x00, 0x00, 0x00, 0x00, 0x20, 0xFF, 0xFF,
    0xF7, 0xFF, 0x0B, 0x00, 0x00, 0x00, 0x00, 0x20, 0xFF, 0xFF, 0xF7, 0xFF, 0x0B, 0x00, 0x00, 0x00,
    0x00, 0x20, 0xFF, 0xFF, 0xF7, 0xFF, 0x0B, 0x00, 0x00, 0x00, 0x00, 0x20, 0xFF, 0xFF, 0xF7, 0xFF,
    0x0B, 0x00, 0x00, 0x00, 0x00, 0x20, 0xFF, 0xFF, 0xF7, 0xFF, 0x0B, 0x00, 0x00, 0x00, 0x00, 0x20,
    0xFF, 0xFF, 0xF7, 0xFF, 0x0B, 0x00, 0x00, 0x00, 0x00, 0x20, 0xFF, 0xFF, 0xF7, 0xFF, 0x0B, 0x00,
    0x00, 0x00, 0x00, 0x20, 0xFF, 0xFF, 0xF6, 0xFF, 0x0C, 0x00, 0x00, 0x00, 0x00, 0x30, 0xFF, 0xFF,
    0xF5, 0xFF, 0x0E, 0x00, 0x00, 0x00, 0x00, 0x60, 0xFF, 0xDF, 0xF2, 0xFF, 0x4F, 0x00, 0x00, 0x00,
    0x00, 0xB0, 0xFF, 0xAF, 0xE0, 0xFF, 0xCF, 0x00, 0x00, 0x00, 0x00, 0xF4, 0xFF, 0x6F, 0x80, 0xFF,
    0xFF, 0x1B, 0x00, 0x00, 0x40, 0xFE, 0xFF, 0x1E, 0x10, 0xFD, 0xFF, 0xEF, 0x7A, 0x86, 0xFC, 0xFF,
    0xFF, 0x06, 0x00, 0xE3, 0xFF, 0xFF, 0xFF, 0xFF, 0xFF, 0xFF, 0x8F, 0x00, 0x00, 0x20, 0xFB, 0xFF,
    0xFF, 0xFF, 0xFF, 0xDF, 0x05, 0x00, 0x00, 0x00, 0x30, 0xB8, 0xED, 0xEF, 0x9C, 0x05, 0x00, 0x00,
    // Unicode: [0x0056]
    0xF9, 0xFF, 0x0A, 0x00, 0x00, 0x00, 0x00, 0x00, 0x30, 0xFF, 0xFF, 0x01, 0xF4, 0xFF, 0x1F, 0x00,
    0x00, 0x00, 0x00, 0x00, 0x80, 0xFF, 0xBF, 0x00, 0xD0, 0xFF, 0x5F, 0x00, 0x00, 0x00, 0x00, 0x00,
    0xD0, 0xFF, 0x5F, 0x00, 0x80, 0xFF, 0xAF, 0x00, 0x00, 0x00, 0x00, 0x00, 0xF3, 0xFF, 0x1E, 0x00,
    0x20, 0xFF, 0xFF, 0x01, 0x00, 0x00, 0x00, 0x00, 0xF8, 0xFF, 0x09, 0x00, 0x00, 0xFC, 0xFF, 0x05,
    0x00, 0x00, 0x00, 0x00, 0xFD, 0xFF, 0x04, 0x00, 0x00, 0xF6, 0xFF, 0x0A, 0x00, 0x00, 0x00, 0x30,
    0xFF, 0xDF, 0x00, 0x00, 0x00, 0xF1, 0xFF, 0x1F, 0x00, 0x00, 0x00, 0x80, 0xFF, 0x8F, 0x00, 0x00,
    0x00, 0xA0, 0xFF, 0x6F, 0x00, 0x00, 0x00, 0xD0, 0xFF, 0x2F, 0x00, 0x00, 0x00, 0x50, 0xFF, 0xBF,
    0x00, 0x00, 0x00, 0xF3, 0xFF, 0x0C, 0x00, 0x00, 0x00, 0x00, 0xFE, 0xFF, 0x01, 0x00, 0x00, 0xF8,
    0xFF, 0x06, 0x00, 0x00, 0x00, 0x00, 0xF9, 0xFF, 0x06, 0x00, 0x00, 0xFD, 0xFF, 0x01, 0x00, 0x00,
    0x00, 0x00, 0xF3, 0xFF, 0x0B, 0x00, 0x30, 0xFF, 0xAF, 0x00, 0x00, 0x00, 0x00, 0x00, 0xD0, 0xFF,
    0x1F, 0x00, 0x80, 0xFF, 0x5F, 0x00, 0x00, 0x00, 0x00, 0x00, 0x70, 0xFF, 0x6F, 0x00, 0xD0, 0xFF,
    0x0E, 0x00, 0x00, 0x00, 0x00, 0x00, 0x20, 0xFF, 0xBF, 0x00, 0xF3, 0xFF, 0x09, 0x00, 0x00, 0x00,
    0x00, 0x00, 0x00, 0xFB, 0xFF, 0x01, 0xF8, 0xFF, 0x03, 0x00, 0x00, 0x00, 0x00, 0x00, 0x00, 0xF6,
    0xFF, 0x05, 0xFD, 0xDF, 0x00, 0x00, 0x00, 0x00, 0x00, 0x00, 0x00, 0xE1, 0xFF, 0x29, 0xFF, 0x7F,
    0x00, 0x00, 0x00, 0x00, 0x00, 0x00, 0x00, 0x90, 0xFF, 0x6E, 0xFF, 0x2F, 0x00, 0x00, 0x00, 0x00,
    0x00, 0x00, 0x00, 0x40, 0xFF, 0xDF, 0xFF, 0x0B, 0x00, 0x00, 0x00, 0x00, 0x00, 0x00, 0x00, 0x00,
    0xFD, 0xFF, 0xFF, 0x06, 0x00, 0x00, 0x00, 0x00, 0x00, 0x00, 0x00, 0x00, 0xF8, 0xFF, 0xEF, 0x01,
    0x00, 0x00, 0x00, 0x00, 0x00, 0x00, 0x00, 0x00, 0xF2, 0xFF, 0xAF, 0x00, 0x00, 0x00, 0x00, 0x00,
    // Unicode: [0x0057]
    0xFA, 0xFF, 0x0A, 0x00, 0x00, 0x00, 0x00, 0xF3, 0xFF, 0x1F, 0x00, 0x00, 0x00, 0x00, 0xC0, 0xFF,
    0x7F, 0xF6, 0xFF, 0x0D, 0x00, 0x00, 0x00, 0x00, 0xF8, 0xFF, 0x4F, 0x00, 0x00, 0x00, 0x00, 0xF1,
    0xFF, 0x2F, 0xF2, 0xFF, 0x2F, 0x00, 0x00, 0x00, 0x00, 0xFC, 0xFF, 0x9F, 0x00, 0x00, 0x00, 0x00,
    0xF5, 0xFF, 0x0D, 0xD0, 0xFF, 0x6F, 0x00, 0x00, 0x00, 0x10, 0xFF, 0xFF, 0xDF, 0x00, 0x00, 0x00,
    0x00, 0xF8, 0xFF, 0x09, 0x80, 0xFF, 0x9F, 0x00, 0x00, 0x00, 0x50, 0xFF, 0xEC, 0xFF, 0x02, 0x00,
    0x00, 0x00, 0xFC, 0xFF, 0x05, 0x40, 0xFF, 0xDF, 0x00, 0x00, 0x00, 0xA0, 0xFF, 0xC8, 0xFF, 0x06,
    0x00, 0x00, 0x10, 0xFF, 0xFF, 0x01, 0x10, 0xFF, 0xFF, 0x02, 0x00, 0x00, 0xE0, 0xFF, 0x95, 0xFF,
    0x0B, 0x00, 0x00, 0x50, 0xFF, 0xCF, 0x00, 0x00, 0xFB, 0xFF, 0x05, 0x00, 0x00, 0xF3, 0xFF, 0x52,
    0xFF, 0x0E, 0x00, 0x00, 0x90, 0xFF, 0x7F, 0x00, 0x00, 0xF7, 0xFF, 0x09, 0x00, 0x00, 0xF7, 0xDF,
    0x20, 0xFF, 0x4F, 0x00, 0x00, 0xC0, 0xFF, 0x3F, 0x00, 0x00, 0xF3, 0xFF, 0x0D, 0x00, 0x00, 0xFC,
    0x9F, 0x00, 0xFD, 0x8F, 0x00, 0x00, 0xF1, 0xFF, 0x0E, 0x00, 0x00, 0xE0, 0xFF, 0x1F, 0x00, 0x10,
    0xFF, 0x5F, 0x00, 0xF9, 0xDF, 0x00, 0x00, 0xF5, 0xFF, 0x0A, 0x00, 0x00, 0xA0, 0xFF, 0x5F, 0x00,
    0x50, 0xFF, 0x1F, 0x00, 0xF5, 0xFF, 0x02, 0x00, 0xF9, 0xFF, 0x06, 0x00, 0x00, 0x60, 0xFF, 0x9F,
    0x00, 0xA0, 0xFF, 0x0C, 0x00, 0xF1, 0xFF, 0x06, 0x00, 0xFC, 0xFF, 0x02, 0x00, 0x00, 0x20, 0xFF,
    0xDF, 0x00, 0xE0, 0xFF, 0x07, 0x00, 0xB0, 0xFF, 0x0A, 0x10, 0xFF, 0xCF, 0x00, 0x00, 0x00, 0x00,
    0xFD, 0xFF, 0x01, 0xF3, 0xFF, 0x03, 0x00, 0x70, 0xFF, 0x0E, 0x50, 0xFF, 0x8F, 0x00, 0x00, 0x00,
    0x00, 0xF9, 0xFF, 0x05, 0xF7, 0xEF, 0x00, 0x00, 0x30, 0xFF, 0x3F, 0x90, 0xFF, 0x4F, 0x00, 0x00,
    0x00, 0x00, 0xF4, 0xFF, 0x08, 0xFA, 0xAF, 0x00, 0x00, 0x00, 0xFE, 0x7F, 0xC0, 0xFF, 0x0F, 0x00,
    0x00, 0x00, 0x00, 0xF1, 0xFF, 0x0C, 0xFE, 0x5F, 0x00, 0x00, 0x00, 0xFA, 0xAF, 0xF1, 0xFF, 0x0B,
    0x00, 0x00, 0x00, 0x00, 0xB0, 0xFF, 0x3F, 0xFF, 0x1F, 0x00, 0x00, 0x00, 0xF5, 0xDF, 0xF4, 0xFF,
    0x07, 0x00, 0x00, 0x00, 0x00, 0x70, 0xFF, 0x9F, 0xFF, 0x0C, 0x00, 0x00, 0x00, 0xF1, 0xFF, 0xF9,
    0xFF, 0x02, 0x00, 0x00, 0x00, 0x00, 0x30, 0xFF, 0xEF, 0xFF, 0x08, 0x00, 0x00, 0x00, 0xC0, 0xFF,
    0xFE, 0xDF, 0x00, 0x00, 0x00, 0x00, 0x00, 0x00, 0xFE, 0xFF, 0xFF, 0x04, 0x00, 0x00, 0x00, 0x80,
    0xFF, 0xFF, 0x9F, 0x00, 0x00, 0x00, 0x00, 0x00, 0x00, 0xFA, 0xFF, 0xEF, 0x00, 0x00, 0x00, 0x00,
    0x40, 0xFF, 0xFF, 0x5F, 0x00, 0x00, 0x00, 0x00, 0x00, 0x00, 0xF6, 0xFF, 0xAF, 0x00, 0x00, 0x00,
    0x00, 0x00, 0xFE, 0xFF, 0x1F, 0x00, 0x00, 0x00,
    // Unicode: [0x0058]
    0xE1, 0xFF, 0x6F, 0x00, 0x00, 0x00, 0x00, 0x00, 0xFB, 0xFF, 0x0A, 0x50, 0xFF, 0xEF, 0x01, 0x00,
    0x00, 0x00, 0x50, 0xFF, 0xEF, 0x01, 0x00, 0xFA, 0xFF, 0x0A, 0x00, 0x00, 0x00, 0xE1, 0xFF, 0x5F,
    0x00, 0x00, 0xD1, 0xFF, 0x5F, 0x00, 0x00, 0x00, 0xF9, 0xFF, 0x0B, 0x00, 0x00, 0x40, 0xFF, 0xDF,
    0x01, 0x00, 0x40, 0xFF, 0xEF, 0x02, 0x00, 0x00, 0x00, 0xF9, 0xFF, 0x09, 0x00, 0xD1, 0xFF, 0x6F,
    0x00, 0x00, 0x00, 0x00, 0xD1, 0xFF, 0x4F, 0x00, 0xF8, 0xFF, 0x0B, 0x00, 0x00, 0x00, 0x00, 0x40,
    0xFF, 0xDF, 0x30, 0xFF, 0xEF, 0x02, 0x00, 0x00, 0x00, 0x00, 0x00, 0xF9, 0xFF, 0xC8, 0xFF, 0x6F,
    0x00, 0x00, 0x00, 0x00, 0x00, 0x00, 0xD1, 0xFF, 0xFF, 0xFF, 0x0C, 0x00, 0x00, 0x00, 0x00, 0x00,
    0x00, 0x30, 0xFF, 0xFF, 0xFF, 0x02, 0x00, 0x00, 0x00, 0x00, 0x00, 0x00, 0x00, 0xFC, 0xFF, 0xBF,
    0x00, 0x00, 0x00, 0x00, 0x00, 0x00, 0x00, 0x60, 0xFF, 0xFF, 0xFF, 0x04, 0x00, 0x00, 0x00, 0x00,
    0x00, 0x00, 0xE2, 0xFF, 0xFF, 0xFF, 0x1D, 0x00, 0x00, 0x00, 0x00, 0x00, 0x00, 0xFB, 0xFF, 0xC8,
    0xFF, 0x8F, 0x00, 0x00, 0x00, 0x00, 0x00, 0x60, 0xFF, 0xDF, 0x30, 0xFF, 0xFF, 0x03, 0x00, 0x00,
    0x00, 0x00, 0xE2, 0xFF, 0x3F, 0x00, 0xF8, 0xFF, 0x0C, 0x00, 0x00, 0x00, 0x00, 0xFB, 0xFF, 0x08,
    0x00, 0xD0, 0xFF, 0x8F, 0x00, 0x00, 0x00, 0x60, 0xFF, 0xDF, 0x01, 0x00, 0x40, 0xFF, 0xFF, 0x03,
    0x00, 0x00, 0xE2, 0xFF, 0x4F, 0x00, 0x00, 0x00, 0xF9, 0xFF, 0x0C, 0x00, 0x00, 0xFB, 0xFF, 0x09,
    0x00, 0x00, 0x00, 0xD1, 0xFF, 0x7F, 0x00, 0x60, 0xFF, 0xEF, 0x01, 0x00, 0x00, 0x00, 0x40, 0xFF,
    0xEF, 0x02, 0xE1, 0xFF, 0x5F, 0x00, 0x00, 0x00, 0x00, 0x00, 0xFA, 0xFF, 0x0B, 0xFA, 0xFF, 0x0A,
    0x00, 0x00, 0x00, 0x00, 0x00, 0xE1, 0xFF, 0x6F,
    // Unicode: [0x0059]
    0xFB, 0xFF, 0x0B, 0x00, 0x00, 0x00, 0x00, 0x60, 0xFF, 0xDF, 0xF2, 0xFF, 0x4F, 0x00, 0x00, 0x00,
    0x00, 0xD0, 0xFF, 0x5F, 0x90, 0xFF, 0xBF, 0x00, 0x00, 0x00, 0x00, 0xF7, 0xFF, 0x0B, 0x10, 0xFE,
    0xFF, 0x04, 0x00, 0x00, 0x10, 0xFE, 0xFF, 0x03, 0x00, 0xF6, 0xFF, 0x0C, 0x00, 0x00, 0x70, 0xFF,
    0x9F, 0x00, 0x00, 0xD0, 0xFF, 0x4F, 0x00, 0x00, 0xE1, 0xFF, 0x1E, 0x00, 0x00, 0x40, 0xFF, 0xCF,
    0x00, 0x00, 0xF7, 0xFF, 0x07, 0x00, 0x00, 0x00, 0xFB, 0xFF, 0x05, 0x10, 0xFE, 0xDF, 0x01, 0x00,
    0x00, 0x00, 0xF3, 0xFF, 0x0C, 0x80, 0xFF, 0x5F, 0x00, 0x00, 0x00, 0x00, 0x90, 0xFF, 0x5F, 0xE1,
    0xFF, 0x0C, 0x00, 0x00, 0x00, 0x00, 0x10, 0xFE, 0xCF, 0xF8, 0xFF, 0x03, 0x00, 0x00, 0x00, 0x00,
    0x00, 0xF7, 0xFF, 0xFF, 0xAF, 0x00, 0x00, 0x00, 0x00, 0x00, 0x00, 0xD0, 0xFF, 0xFF, 0x2E, 0x00,
    0x00, 0x00, 0x00, 0x00, 0x00, 0x50, 0xFF, 0xFF, 0x08, 0x00, 0x00, 0x00, 0x00, 0x00, 0x00, 0x00,
    0xFF, 0xFF, 0x02, 0x00, 0x00, 0x00, 0x00, 0x00, 0x00, 0x00, 0xFF, 0xFF, 0x02, 0x00, 0x00, 0x00,
    0x00, 0x00, 0x00, 0x00, 0xFF, 0xFF, 0x02, 0x00, 0x00, 0x00, 0x00, 0x00, 0x00, 0x00, 0xFF, 0xFF,
    0x02, 0x00, 0x00, 0x00, 0x00, 0x00, 0x00, 0x00, 0xFF, 0xFF, 0x02, 0x00, 0x00, 0x00, 0x00, 0x00,
    0x00, 0x00, 0xFF, 0xFF, 0x02, 0x00, 0x00, 0x00, 0x00, 0x00, 0x00, 0x00, 0xFF, 0xFF, 0x02, 0x00,
    0x00, 0x00, 0x00, 0x00, 0x00, 0x00, 0xFF, 0xFF, 0x02, 0x00, 0x00, 0x00, 0x00, 0x00, 0x00, 0x00,
    0xFF, 0xFF, 0x02, 0x00, 0x00, 0x00, 0x00, 0x00, 0x00, 0x00, 0xFF, 0xFF, 0x02, 0x00, 0x00, 0x00,
    // Unicode: [0x005A]
    0x00, 0xFC, 0xFF, 0xFF, 0xFF, 0xFF, 0xFF, 0xFF, 0xFF, 0x0C, 0x00, 0xFC, 0xFF, 0xFF, 0xFF, 0xFF,
    0xFF, 0xFF, 0xFF, 0x0C, 0x00, 0xFC, 0xFF, 0xFF, 0xFF, 0xFF, 0xFF, 0xFF, 0xFF, 0x0C, 0x00, 0x65,
    0x66, 0x66, 0x66, 0x66, 0x76, 0xFF, 0xFF, 0x07, 0x00, 0x00, 0x00, 0x00, 0x00, 0x00, 0xA0, 0xFF,
    0xAF, 0x00, 0x00, 0x00, 0x00, 0x00, 0x00, 0x00, 0xF6, 0xFF, 0x1D, 0x00, 0x00, 0x00, 0x00, 0x00,
    0x00, 0x30, 0xFF, 0xFF, 0x03, 0x00, 0x00, 0x00, 0x00, 0x00, 0x00, 0xD1, 0xFF, 0x7F, 0x00, 0x00,
    0x00, 0x00, 0x00, 0x00, 0x00, 0xFA, 0xFF, 0x0A, 0x00, 0x00, 0x00, 0x00, 0x00, 0x00, 0x70, 0xFF,
    0xDF, 0x01, 0x00, 0x00, 0x00, 0x00, 0x00, 0x00, 0xF3, 0xFF, 0x3F, 0x00, 0x00, 0x00, 0x00, 0x00,
    0x00, 0x10, 0xFD, 0xFF, 0x07, 0x00, 0x00, 0x00, 0x00, 0x00, 0x00, 0xB0, 0xFF, 0xAF, 0x00, 0x00,
    0x00, 0x00, 0x00, 0x00, 0x00, 0xF7, 0xFF, 0x1D, 0x00, 0x00, 0x00, 0x00, 0x00, 0x00, 0x40, 0xFF,
    0xFF, 0x03, 0x00, 0x00, 0x00, 0x00, 0x00, 0x00, 0xD1, 0xFF, 0x6F, 0x00, 0x00, 0x00, 0x00, 0x00,
    0x00, 0x00, 0xFB, 0xFF, 0x0A, 0x00, 0x00, 0x00, 0x00, 0x00, 0x00, 0x70, 0xFF, 0xDF, 0x01, 0x00,
    0x00, 0x00, 0x00, 0x00, 0x00, 0xF4, 0xFF, 0x3F, 0x00, 0x00, 0x00, 0x00, 0x00, 0x00, 0x10, 0xFE,
    0xFF, 0x06, 0x00, 0x00, 0x00, 0x00, 0x00, 0x00, 0xB0, 0xFF, 0xDF, 0x66, 0x66, 0x66, 0x66, 0x66,
    0x66, 0x46, 0xF1, 0xFF, 0xFF, 0xFF, 0xFF, 0xFF, 0xFF, 0xFF, 0xFF, 0xAF, 0xF1, 0xFF, 0xFF, 0xFF,
    0xFF, 0xFF, 0xFF, 0xFF, 0xFF, 0xAF, 0xF1, 0xFF, 0xFF, 0xFF, 0xFF, 0xFF, 0xFF, 0xFF, 0xFF, 0xAF,
    // Unicode: [0x005B]
    0xF6, 0xFF, 0xFF, 0xFF, 0x4F, 0xF6, 0xFF, 0xFF, 0xFF, 0x4F, 0xF6, 0xFF, 0xCD, 0xCC, 0x4C, 0xF6,
    0xFF, 0x05, 0x00, 0x00, 0xF6, 0xFF, 0x05, 0x00, 0x00, 0xF6, 0xFF, 0x05, 0x00, 0x00, 0xF6, 0xFF,
    0x05, 0x00, 0x00, 0xF6, 0xFF, 0x05, 0x00, 0x00, 0xF6, 0xFF, 0x05, 0x00, 0x00, 0xF6, 0xFF, 0x05,
    0x00, 0x00, 0xF6, 0xFF, 0x05, 0x00, 0x00, 0xF6, 0xFF, 0x05, 0x00, 0x00, 0xF6, 0xFF, 0x05, 0x00,
    0x00, 0xF6, 0xFF, 0x05, 0x00, 0x00, 0xF6, 0xFF, 0x05, 0x00, 0x00, 0xF6, 0xFF, 0x05, 0x00, 0x00,
    0xF6, 0xFF, 0x05, 0x00, 0x00, 0xF6, 0xFF, 0x05, 0x00, 0x00, 0xF6, 0xFF, 0x05, 0x00, 0x00, 0xF6,
    0xFF, 0x05, 0x00, 0x00, 0xF6, 0xFF, 0x05, 0x00, 0x00, 0xF6, 0xFF, 0x05, 0x00, 0x00, 0xF6, 0xFF,
    0x05, 0x00, 0x00, 0xF6, 0xFF, 0x05, 0x00, 0x00, 0xF6, 0xFF, 0x05, 0x00, 0x00, 0xF6, 0xFF, 0x05,
    0x00, 0x00, 0xF6, 0xFF, 0x05, 0x00, 0x00, 0xF6, 0xFF, 0x05, 0x00, 0x00, 0xF6, 0xFF, 0x05, 0x00,
    0x00, 0xF6, 0xFF, 0xCD, 0xCC, 0x4C, 0xF6, 0xFF, 0xFF, 0xFF, 0x4F, 0xF6, 0xFF, 0xFF, 0xFF, 0x4F,
    // Unicode: [0x005C]
    0xFC, 0xFF, 0x01, 0x00, 0x00, 0x00, 0x00, 0x00, 0xF6, 0xFF, 0x07, 0x00, 0x00, 0x00, 0x00, 0x00,
    0xE1, 0xFF, 0x0D, 0x00, 0x00, 0x00, 0x00, 0x00, 0x90, 0xFF, 0x5F, 0x00, 0x00, 0x00, 0x00, 0x00,
    0x20, 0xFF, 0xBF, 0x00, 0x00, 0x00, 0x00, 0x00, 0x00, 0xFB, 0xFF, 0x02, 0x00, 0x00, 0x00, 0x00,
    0x00, 0xF5, 0xFF, 0x08, 0x00, 0x00, 0x00, 0x00, 0x00, 0xE0, 0xFF, 0x0E, 0x00, 0x00, 0x00, 0x00,
    0x00, 0x80, 0xFF, 0x6F, 0x00, 0x00, 0x00, 0x00, 0x00, 0x20, 0xFF, 0xCF, 0x00, 0x00, 0x00, 0x00,
    0x00, 0x00, 0xFB, 0xFF, 0x03, 0x00, 0x00, 0x00, 0x00, 0x00, 0xF5, 0xFF, 0x09, 0x00, 0x00, 0x00,
    0x00, 0x00, 0xD0, 0xFF, 0x1E, 0x00, 0x00, 0x00, 0x00, 0x00, 0x70, 0xFF, 0x7F, 0x00, 0x00, 0x00,
    0x00, 0x00, 0x10, 0xFF, 0xDF, 0x00, 0x00, 0x00, 0x00, 0x00, 0x00, 0xFA, 0xFF, 0x04, 0x00, 0x00,
    0x00, 0x00, 0x00, 0xF4, 0xFF, 0x0A, 0x00, 0x00, 0x00, 0x00, 0x00, 0xD0, 0xFF, 0x2F, 0x00, 0x00,
    0x00, 0x00, 0x00, 0x70, 0xFF, 0x8F, 0x00, 0x00, 0x00, 0x00, 0x00, 0x10, 0xFE, 0xDF, 0x00, 0x00,
    0x00, 0x00, 0x00, 0x00, 0xF9, 0xFF, 0x05, 0x00, 0x00, 0x00, 0x00, 0x00, 0xF3, 0xFF, 0x0B, 0x00,
    0x00, 0x00, 0x00, 0x00, 0xC0, 0xFF, 0x2F, 0x00, 0x00, 0x00, 0x00, 0x00, 0x60, 0xFF, 0x9F, 0x00,
    0x00, 0x00, 0x00, 0x00, 0x10, 0xFE, 0xEF, 0x01,
    // Unicode: [0x005D]
    0xF6, 0xFF, 0xFF, 0xFF, 0x4F, 0xF6, 0xFF, 0xFF, 0xFF, 0x4F, 0xC5, 0xCC, 0xDC, 0xFF, 0x4F, 0x00,
    0x00, 0x70, 0xFF, 0x4F, 0x00, 0x00, 0x70, 0xFF, 0x4F, 0x00, 0x00, 0x70, 0xFF, 0x4F, 0x00, 0x00,
    0x70, 0xFF, 0x4F, 0x00, 0x00, 0x70, 0xFF, 0x4F, 0x00, 0x00, 0x70, 0xFF, 0x4F, 0x00, 0x00, 0x70,
    0xFF, 0x4F, 0x00, 0x00, 0x70, 0xFF, 0x4F, 0x00, 0x00, 0x70, 0xFF, 0x4F, 0x00, 0x00, 0x70, 0xFF,
    0x4F, 0x00, 0x00, 0x70, 0xFF, 0x4F, 0x00, 0x00, 0x70, 0xFF, 0x4F, 0x00, 0x00, 0x70, 0xFF, 0x4F,
    0x00, 0x00, 0x70, 0xFF, 0x4F, 0x00, 0x00, 0x70, 0xFF, 0x4F, 0x00, 0x00, 0x70, 0xFF, 0x4F, 0x00,
    0x00, 0x70, 0xFF, 0x4F, 0x00, 0x00, 0x70, 0xFF, 0x4F, 0x00, 0x00, 0x70, 0xFF, 0x4F, 0x00, 0x00,
    0x70, 0xFF, 0x4F, 0x00, 0x00, 0x70, 0xFF, 0x4F, 0x00, 0x00, 0x70, 0xFF, 0x4F, 0x00, 0x00, 0x70,
    0xFF, 0x4F, 0x00, 0x00, 0x70, 0xFF, 0x4F, 0x00, 0x00, 0x70, 0xFF, 0x4F, 0x00, 0x00, 0x70, 0xFF,
    0x4F, 0xC5, 0xCC, 0xDC, 0xFF, 0x4F, 0xF6, 0xFF, 0xFF, 0xFF, 0x4F, 0xF6, 0xFF, 0xFF, 0xFF, 0x4F,
    // Unicode: [0x005E]
    0x00, 0x00, 0x00, 0xF5, 0xFF, 0x9F, 0x00, 0x00, 0x00, 0x00, 0x00, 0x00, 0x00, 0xFB, 0xFF, 0xEF,
    0x01, 0x00, 0x00, 0x00, 0x00, 0x00, 0x30, 0xFF, 0xCE, 0xFF, 0x07, 0x00, 0x00, 0x00, 0x00, 0x00,
    0x90, 0xFF, 0x58, 0xFF, 0x0D, 0x00, 0x00, 0x00, 0x00, 0x00, 0xF1, 0xFF, 0x02, 0xFD, 0x5F, 0x00,
    0x00, 0x00, 0x00, 0x00, 0xF7, 0xAF, 0x00, 0xF7, 0xBF, 0x00, 0x00, 0x00, 0x00, 0x00, 0xFE, 0x4F,
    0x00, 0xF1, 0xFF, 0x03, 0x00, 0x00, 0x00, 0x50, 0xFF, 0x0C, 0x00, 0x90, 0xFF, 0x09, 0x00, 0x00,
    0x00, 0xC0, 0xFF, 0x06, 0x00, 0x30, 0xFF, 0x1F, 0x00, 0x00, 0x00, 0xF3, 0xEF, 0x01, 0x00, 0x00,
    0xFB, 0x7F, 0x00, 0x00, 0x00, 0xFA, 0x8F, 0x00, 0x00, 0x00, 0xF5, 0xEF, 0x00, 0x00, 0x20, 0xFF,
    0x2F, 0x00, 0x00, 0x00, 0xD0, 0xFF, 0x05, 0x00, 0x80, 0xFF, 0x0A, 0x00, 0x00, 0x00, 0x70, 0xFF,
    0x0C, 0x00, 0xE1, 0xFF, 0x04, 0x00, 0x00, 0x00, 0x10, 0xFE, 0x3F, 0x00, 0xF6, 0xDF, 0x00, 0x00,
    0x00, 0x00, 0x00, 0xF9, 0xAF, 0x00, 0xFC, 0x6F, 0x00, 0x00, 0x00, 0x00, 0x00, 0xF3, 0xFF, 0x02,
    // Unicode: [0x005F]
    0x93, 0x99, 0x99, 0x99, 0x99, 0x99, 0x99, 0x79, 0xF5, 0xFF, 0xFF, 0xFF, 0xFF, 0xFF, 0xFF, 0xCF,
    // Unicode: [0x0060]
    0x84, 0x88, 0x04, 0x00, 0x00, 0xD2, 0xFF, 0x3E, 0x00, 0x00, 0x10, 0xFC, 0xDF, 0x01, 0x00, 0x00,
    0xB1, 0xFF, 0x0C, 0x00, 0x00, 0x00, 0xF9, 0x9F, 0x00, 0x00, 0x00, 0x80, 0xFF, 0x05,
    // Unicode: [0x0061]
    0x00, 0x10, 0xB7, 0xFE, 0xEF, 0x6B, 0x01, 0x00, 0x00, 0xE4, 0xFF, 0xFF, 0xFF, 0xFF, 0x2D, 0x00,
    0x10, 0xFE, 0xFF, 0xCE, 0xEC, 0xFF, 0xDF, 0x00, 0x70, 0xFF, 0xBF, 0x01, 0x10, 0xFB, 0xFF, 0x05,
    0x10, 0x64, 0x28, 0x00, 0x00, 0xF4, 0xFF, 0x0A, 0x00, 0x00, 0x00, 0x00, 0x00, 0xF1, 0xFF, 0x0C,
    0x00, 0x00, 0x10, 0x43, 0x55, 0xF5, 0xFF, 0x0D, 0x00, 0x81, 0xFD, 0xFF, 0xFF, 0xFF, 0xFF, 0x0E,
    0x20, 0xFD, 0xFF, 0xFF, 0xFF, 0xFF, 0xFF, 0x0E, 0xD0, 0xFF, 0xCF, 0x25, 0x00, 0xF0, 0xFF, 0x0E,
    0xF5, 0xFF, 0x1D, 0x00, 0x00, 0xF0, 0xFF, 0x0E, 0xF9, 0xFF, 0x08, 0x00, 0x00, 0xF1, 0xFF, 0x0E,
    0xFA, 0xFF, 0x07, 0x00, 0x00, 0xF5, 0xFF, 0x0E, 0xF9, 0xFF, 0x09, 0x00, 0x00, 0xFC, 0xFF, 0x0E,
    0xF6, 0xFF, 0x5F, 0x00, 0xB2, 0xFF, 0xFF, 0x0E, 0xE1, 0xFF, 0xFF, 0xEE, 0xFF, 0xF9, 0xFF, 0x0E,
    0x50, 0xFF, 0xFF, 0xFF, 0xBF, 0xE1, 0xFF, 0x0E, 0x00, 0x92, 0xFD, 0xCE, 0x06, 0xE0, 0xFF, 0x0E,
    // Unicode: [0x0062]
    0xF6, 0xFF, 0x08, 0x00, 0x00, 0x00, 0x00, 0x00, 0x00, 0xF6, 0xFF, 0x08, 0x00, 0x00, 0x00, 0x00,
    0x00, 0x00, 0xF6, 0xFF, 0x08, 0x00, 0x00, 0x00, 0x00, 0x00, 0x00, 0xF6, 0xFF, 0x08, 0x00, 0x00,
    0x00, 0x00, 0x00, 0x00, 0xF6, 0xFF, 0x08, 0x00, 0x00, 0x00, 0x00, 0x00, 0x00, 0xF6, 0xFF, 0x08,
    0x00, 0x00, 0x00, 0x00, 0x00, 0x00, 0xF6, 0xFF, 0x08, 0x00, 0x00, 0x00, 0x00, 0x00, 0x00, 0xF6,
    0xFF, 0x08, 0x71, 0xEC, 0xDF, 0x5A, 0x00, 0x00, 0xF6, 0xFF, 0x28, 0xFD, 0xFF, 0xFF, 0xFF, 0x1B,
    0x00, 0xF6, 0xFF, 0xD8, 0xFF, 0xFF, 0xFF, 0xFF, 0xBF, 0x00, 0xF6, 0xFF, 0xFE, 0x3B, 0x00, 0x92,
    0xFF, 0xFF, 0x06, 0xF6, 0xFF, 0xBF, 0x00, 0x00, 0x00, 0xF9, 0xFF, 0x0D, 0xF6, 0xFF, 0x2F, 0x00,
    0x00, 0x00, 0xF1, 0xFF, 0x3F, 0xF6, 0xFF, 0x0B, 0x00, 0x00, 0x00, 0xC0, 0xFF, 0x6F, 0xF6, 0xFF,
    0x08, 0x00, 0x00, 0x00, 0x90, 0xFF, 0x7F, 0xF6, 0xFF, 0x07, 0x00, 0x00, 0x00, 0x80, 0xFF, 0x8F,
    0xF6, 0xFF, 0x07, 0x00, 0x00, 0x00, 0x80, 0xFF, 0x8F, 0xF6, 0xFF, 0x08, 0x00, 0x00, 0x00, 0x90,
    0xFF, 0x7F, 0xF6, 0xFF, 0x0B, 0x00, 0x00, 0x00, 0xC0, 0xFF, 0x5F, 0xF6, 0xFF, 0x1F, 0x00, 0x00,
    0x00, 0xF1, 0xFF, 0x2F, 0xF6, 0xFF, 0x9F, 0x00, 0x00, 0x00, 0xF9, 0xFF, 0x0C, 0xF6, 0xFF, 0xFE,
    0x3A, 0x00, 0x92, 0xFF, 0xFF, 0x05, 0xF7, 0xFF, 0xD7, 0xFF, 0xFF, 0xFF, 0xFF, 0xAF, 0x00, 0xF7,
    0xFF, 0x35, 0xFE, 0xFF, 0xFF, 0xFF, 0x09, 0x00, 0xF8, 0xFF, 0x04, 0x81, 0xEC, 0xDE, 0x49, 0x00,
    0x00,
    // Unicode: [0x0063]
    0x00, 0x00, 0x93, 0xED, 0xEF, 0x6B, 0x00, 0x00, 0x00, 0x80, 0xFF, 0xFF, 0xFF, 0xFF, 0x2C, 0x00,
    0x00, 0xF9, 0xFF, 0xFF, 0xFF, 0xFF, 0xCF, 0x00, 0x40, 0xFF, 0xEF, 0x16, 0x51, 0xFE, 0xFF, 0x06,
    0xB0, 0xFF, 0x5F, 0x00, 0x00, 0xF6, 0xFF, 0x0B, 0xF1, 0xFF, 0x0D, 0x00, 0x00, 0xB1, 0x9A, 0x07,
    0xF4, 0xFF, 0x0A, 0x00, 0x00, 0x00, 0x00, 0x00, 0xF7, 0xFF, 0x08, 0x00, 0x00, 0x00, 0x00, 0x00,
    0xF7, 0xFF, 0x07, 0x00, 0x00, 0x00, 0x00, 0x00, 0xF8, 0xFF, 0x07, 0x00, 0x00, 0x00, 0x00, 0x00,
    0xF7, 0xFF, 0x08, 0x00, 0x00, 0x00, 0x00, 0x00, 0xF5, 0xFF, 0x0A, 0x00, 0x00, 0x00, 0x00, 0x00,
    0xF2, 0xFF, 0x0E, 0x00, 0x00, 0xF1, 0xCE, 0x09, 0xC0, 0xFF, 0x6F, 0x00, 0x00, 0xF6, 0xFF, 0x0A,
    0x50, 0xFF, 0xEF, 0x05, 0x50, 0xFE, 0xFF, 0x04, 0x00, 0xFA, 0xFF, 0xFF, 0xFF, 0xFF, 0xAF, 0x00,
    0x00, 0xA0, 0xFF, 0xFF, 0xFF, 0xFF, 0x1B, 0x00, 0x00, 0x00, 0x94, 0xED, 0xDF, 0x5A, 0x00, 0x00,
    // Unicode: [0x0064]
    0x00, 0x00, 0x00, 0x00, 0x00, 0x00, 0x70, 0xFF, 0x7F, 0x00, 0x00, 0x00, 0x00, 0x00, 0x00, 0x70,
    0xFF, 0x7F, 0x00, 0x00, 0x00, 0x00, 0x00, 0x00, 0x70, 0xFF, 0x7F, 0x00, 0x00, 0x00, 0x00, 0x00,
    0x00, 0x70, 0xFF, 0x7F, 0x00, 0x00, 0x00, 0x00, 0x00, 0x00, 0x70, 0xFF, 0x7F, 0x00, 0x00, 0x00,
    0x00, 0x00, 0x00, 0x70, 0xFF, 0x7F, 0x00, 0x00, 0x00, 0x00, 0x00, 0x00, 0x70, 0xFF, 0x7F, 0x00,
    0x00, 0x93, 0xED, 0xDE, 0x28, 0x70, 0xFF, 0x7F, 0x00, 0x80, 0xFF, 0xFF, 0xFF, 0xEF, 0x74, 0xFF,
    0x7F, 0x00, 0xF8, 0xFF, 0xFF, 0xFF, 0xFF, 0x8E, 0xFF, 0x7F, 0x40, 0xFF, 0xFF, 0x3A, 0x10, 0xA3,
    0xFF, 0xFF, 0x7F, 0xB0, 0xFF, 0xAF, 0x00, 0x00, 0x00, 0xFA, 0xFF, 0x7F, 0xF1, 0xFF, 0x2F, 0x00,
    0x00, 0x00, 0xE1, 0xFF, 0x7F, 0xF4, 0xFF, 0x0C, 0x00, 0x00, 0x00, 0xA0, 0xFF, 0x7F, 0xF7, 0xFF,
    0x0A, 0x00, 0x00, 0x00, 0x70, 0xFF, 0x7F, 0xF8, 0xFF, 0x09, 0x00, 0x00, 0x00, 0x60, 0xFF, 0x7F,
    0xF8, 0xFF, 0x09, 0x00, 0x00, 0x00, 0x60, 0xFF, 0x7F, 0xF7, 0xFF, 0x0A, 0x00, 0x00, 0x00, 0x70,
    0xFF, 0x7F, 0xF5, 0xFF, 0x0C, 0x00, 0x00, 0x00, 0xA0, 0xFF, 0x7F, 0xF2, 0xFF, 0x2F, 0x00, 0x00,
    0x00, 0xE1, 0xFF, 0x7F, 0xC0, 0xFF, 0xAF, 0x00, 0x00, 0x00, 0xF9, 0xFF, 0x7F, 0x60, 0xFF, 0xFF,
    0x2A, 0x00, 0xA3, 0xEF, 0xFF, 0x7F, 0x00, 0xFB, 0xFF, 0xFF, 0xFF, 0xFF, 0x7D, 0xFF, 0x8F, 0x00,
    0xA1, 0xFF, 0xFF, 0xFF, 0xDF, 0x53, 0xFF, 0x8F, 0x00, 0x00, 0xA4, 0xFD, 0xCE, 0x17, 0x40, 0xFF,
    0x9F,
    // Unicode: [0x0065]
    0x00, 0x00, 0x71, 0xEB, 0xEF, 0x8C, 0x02, 0x00, 0x00, 0x00, 0x60, 0xFE, 0xFF, 0xFF, 0xFF, 0x6E,
    0x00, 0x00, 0x00, 0xF7, 0xFF, 0xEF, 0xEC, 0xFF, 0xFF, 0x06, 0x00, 0x30, 0xFF, 0xEF, 0x05, 0x00,
    0xE4, 0xFF, 0x2E, 0x00, 0xB0, 0xFF, 0x6F, 0x00, 0x00, 0x60, 0xFF, 0x8F, 0x00, 0xF1, 0xFF, 0x0E,
    0x00, 0x00, 0x00, 0xFF, 0xDF, 0x00, 0xF4, 0xFF, 0x0B, 0x00, 0x00, 0x00, 0xFC, 0xFF, 0x01, 0xF6,
    0xFF, 0xFF, 0xFF, 0xFF, 0xFF, 0xFF, 0xFF, 0x04, 0xF7, 0xFF, 0xFF, 0xFF, 0xFF, 0xFF, 0xFF, 0xFF,
    0x05, 0xF7, 0xFF, 0x9D, 0x99, 0x99, 0x99, 0x99, 0x99, 0x03, 0xF6, 0xFF, 0x0A, 0x00, 0x00, 0x00,
    0x00, 0x00, 0x00, 0xF4, 0xFF, 0x0D, 0x00, 0x00, 0x00, 0x00, 0x00, 0x00, 0xF1, 0xFF, 0x2F, 0x00,
    0x00, 0x00, 0x73, 0x01, 0x00, 0xA0, 0xFF, 0xAF, 0x00, 0x00, 0x10, 0xFC, 0x7E, 0x00, 0x30, 0xFF,
    0xFF, 0x2A, 0x00, 0xC4, 0xFF, 0x8F, 0x00, 0x00, 0xF7, 0xFF, 0xFF, 0xEE, 0xFF, 0xFF, 0x0B, 0x00,
    0x00, 0x70, 0xFF, 0xFF, 0xFF, 0xFF, 0xAF, 0x01, 0x00, 0x00, 0x00, 0x82, 0xEC, 0xEF, 0x9C, 0x03,
    0x00, 0x00,
    // Unicode: [0x0066]
    0x00, 0x00, 0x10, 0xC8, 0xFE, 0xDE, 0x04, 0x00, 0x00, 0xD1, 0xFF, 0xFF, 0xFF, 0x05, 0x00, 0x00,
    0xF9, 0xFF, 0xDF, 0xCB, 0x05, 0x00, 0x00, 0xFE, 0xFF, 0x06, 0x00, 0x00, 0x00, 0x00, 0xFF, 0xEF,
    0x00, 0x00, 0x00, 0x00, 0x10, 0xFF, 0xDF, 0x00, 0x00, 0x00, 0x00, 0x10, 0xFF, 0xDF, 0x00, 0x00,
    0x00, 0xF2, 0xFF, 0xFF, 0xFF, 0xFF, 0xAF, 0x00, 0xF2, 0xFF, 0xFF, 0xFF, 0xFF, 0xAF, 0x00, 0xE2,
    0xEE, 0xFF, 0xFF, 0xEE, 0x9E, 0x00, 0x00, 0x10, 0xFF, 0xDF, 0x00, 0x00, 0x00, 0x00, 0x10, 0xFF,
    0xDF, 0x00, 0x00, 0x00, 0x00, 0x10, 0xFF, 0xDF, 0x00, 0x00, 0x00, 0x00, 0x10, 0xFF, 0xDF, 0x00,
    0x00, 0x00, 0x00, 0x10, 0xFF, 0xDF, 0x00, 0x00, 0x00, 0x00, 0x10, 0xFF, 0xDF, 0x00, 0x00, 0x00,
    0x00, 0x10, 0xFF, 0xDF, 0x00, 0x00, 0x00, 0x00, 0x10, 0xFF, 0xDF, 0x00, 0x00, 0x00, 0x00, 0x10,
    0xFF, 0xDF, 0x00, 0x00, 0x00, 0x00, 0x10, 0xFF, 0xDF, 0x00, 0x00, 0x00, 0x00, 0x10, 0xFF, 0xDF,
    0x00, 0x00, 0x00, 0x00, 0x10, 0xFF, 0xDF, 0x00, 0x00, 0x00, 0x00, 0x10, 0xFF, 0xDF, 0x00, 0x00,
    0x00, 0x00, 0x10, 0xFF, 0xDF, 0x00, 0x00, 0x00, 0x00, 0x10, 0xFF, 0xDF, 0x00, 0x00, 0x00,
    // Unicode: [0x0067]
    0x00, 0x00, 0xA4, 0xED, 0xCE, 0x17, 0x20, 0xFF, 0x9F, 0x00, 0xA0, 0xFF, 0xFF, 0xFF, 0xDF, 0x33,
    0xFF, 0x8F, 0x00, 0xFA, 0xFF, 0xFF, 0xFF, 0xFF, 0x5D, 0xFF, 0x8F, 0x50, 0xFF, 0xFF, 0x3B, 0x00,
    0xA3, 0xDF, 0xFF, 0x7F, 0xC0, 0xFF, 0xBF, 0x00, 0x00, 0x00, 0xF9, 0xFF, 0x7F, 0xF1, 0xFF, 0x3F,
    0x00, 0x00, 0x00, 0xE1, 0xFF, 0x7F, 0xF5, 0xFF, 0x0D, 0x00, 0x00, 0x00, 0xA0, 0xFF, 0x7F, 0xF6,
    0xFF, 0x0B, 0x00, 0x00, 0x00, 0x70, 0xFF, 0x7F, 0xF7, 0xFF, 0x0A, 0x00, 0x00, 0x00, 0x60, 0xFF,
    0x7F, 0xF7, 0xFF, 0x09, 0x00, 0x00, 0x00, 0x60, 0xFF, 0x7F, 0xF7, 0xFF, 0x0A, 0x00, 0x00, 0x00,
    0x80, 0xFF, 0x7F, 0xF5, 0xFF, 0x0D, 0x00, 0x00, 0x00, 0xB0, 0xFF, 0x7F, 0xF2, 0xFF, 0x3F, 0x00,
    0x00, 0x00, 0xF1, 0xFF, 0x7F, 0xC0, 0xFF, 0xBF, 0x00, 0x00, 0x00, 0xFA, 0xFF, 0x7F, 0x60, 0xFF,
    0xFF, 0x3B, 0x00, 0xA3, 0xDF, 0xFF, 0x7F, 0x00, 0xFB, 0xFF, 0xFF, 0xFF, 0xFF, 0x6D, 0xFF, 0x7F,
    0x00, 0xC1, 0xFF, 0xFF, 0xFF, 0xCF, 0x62, 0xFF, 0x7F, 0x00, 0x00, 0xB5, 0xFE, 0xBE, 0x16, 0x60,
    0xFF, 0x7F, 0x00, 0x00, 0x00, 0x00, 0x00, 0x00, 0x80, 0xFF, 0x6F, 0x00, 0x41, 0x26, 0x00, 0x00,
    0x00, 0xC0, 0xFF, 0x3F, 0x90, 0xFF, 0xAF, 0x00, 0x00, 0x00, 0xF7, 0xFF, 0x0D, 0x40, 0xFF, 0xFF,
    0x3A, 0x01, 0x82, 0xFF, 0xFF, 0x04, 0x00, 0xFA, 0xFF, 0xFF, 0xFF, 0xFF, 0xFF, 0x8F, 0x00, 0x00,
    0x90, 0xFF, 0xFF, 0xFF, 0xFF, 0xEF, 0x06, 0x00, 0x00, 0x00, 0x83, 0xEC, 0xFF, 0xBD, 0x17, 0x00,
    0x00,
    // Unicode: [0x0068]
    0xF6, 0xFF, 0x08, 0x00, 0x00, 0x00, 0x00, 0x00, 0x00, 0xF6, 0xFF, 0x08, 0x00, 0x00, 0x00, 0x00,
    0x00, 0x00, 0xF6, 0xFF, 0x08, 0x00, 0x00, 0x00, 0x00, 0x00, 0x00, 0xF6, 0xFF, 0x08, 0x00, 0x00,
    0x00, 0x00, 0x00, 0x00, 0xF6, 0xFF, 0x08, 0x00, 0x00, 0x00, 0x00, 0x00, 0x00, 0xF6, 0xFF, 0x08,
    0x00, 0x00, 0x00, 0x00, 0x00, 0x00, 0xF6, 0xFF, 0x08, 0x00, 0x00, 0x00, 0x00, 0x00, 0x00, 0xF6,
    0xFF, 0x08, 0x61, 0xEC, 0xDF, 0x39, 0x00, 0x00, 0xF6, 0xFF, 0x17, 0xFC, 0xFF, 0xFF, 0xFF, 0x05,
    0x00, 0xF6, 0xFF, 0xB7, 0xFF, 0xFF, 0xFF, 0xFF, 0x2E, 0x00, 0xF6, 0xFF, 0xFC, 0x9E, 0x76, 0xFC,
    0xFF, 0x8F, 0x00, 0xF6, 0xFF, 0xDF, 0x02, 0x00, 0xB0, 0xFF, 0xCF, 0x00, 0xF6, 0xFF, 0x3F, 0x00,
    0x00, 0x40, 0xFF, 0xEF, 0x00, 0xF6, 0xFF, 0x0C, 0x00, 0x00, 0x00, 0xFF, 0xFF, 0x00, 0xF6, 0xFF,
    0x09, 0x00, 0x00, 0x00, 0xFE, 0xFF, 0x01, 0xF6, 0xFF, 0x08, 0x00, 0x00, 0x00, 0xFD, 0xFF, 0x01,
    0xF6, 0xFF, 0x08, 0x00, 0x00, 0x00, 0xFD, 0xFF, 0x01, 0xF6, 0xFF, 0x08, 0x00, 0x00, 0x00, 0xFD,
    0xFF, 0x01, 0xF6, 0xFF, 0x08, 0x00, 0x00, 0x00, 0xFD, 0xFF, 0x01, 0xF6, 0xFF, 0x08, 0x00, 0x00,
    0x00, 0xFD, 0xFF, 0x01, 0xF6, 0xFF, 0x08, 0x00, 0x00, 0x00, 0xFD, 0xFF, 0x01, 0xF6, 0xFF, 0x08,
    0x00, 0x00, 0x00, 0xFD, 0xFF, 0x01, 0xF6, 0xFF, 0x08, 0x00, 0x00, 0x00, 0xFD, 0xFF, 0x01, 0xF6,
    0xFF, 0x08, 0x00, 0x00, 0x00, 0xFD, 0xFF, 0x01, 0xF6, 0xFF, 0x08, 0x00, 0x00, 0x00, 0xFD, 0xFF,
    0x01,
    // Unicode: [0x0069]
    0xF6, 0xFF, 0x08, 0xF6, 0xFF, 0x08, 0xF6, 0xFF, 0x08, 0x73, 0x77, 0x04, 0x00, 0x00, 0x00, 0x00,
    0x00, 0x00, 0x00, 0x00, 0x00, 0xF6, 0xFF, 0x08, 0xF6, 0xFF, 0x08, 0xF6, 0xFF, 0x08, 0xF6, 0xFF,
    0x08, 0xF6, 0xFF, 0x08, 0xF6, 0xFF, 0x08, 0xF6, 0xFF, 0x08, 0xF6, 0xFF, 0x08, 0xF6, 0xFF, 0x08,
    0xF6, 0xFF, 0x08, 0xF6, 0xFF, 0x08, 0xF6, 0xFF, 0x08, 0xF6, 0xFF, 0x08, 0xF6, 0xFF, 0x08, 0xF6,
    0xFF, 0x08, 0xF6, 0xFF, 0x08, 0xF6, 0xFF, 0x08, 0xF6, 0xFF, 0x08,
    // Unicode: [0x006A]
    0x00, 0x70, 0xFF, 0x8F, 0x00, 0x70, 0xFF, 0x8F, 0x00, 0x70, 0xFF, 0x8F, 0x00, 0x30, 0x77, 0x47,
    0x00, 0x00, 0x00, 0x00, 0x00, 0x00, 0x00, 0x00, 0x00, 0x00, 0x00, 0x00, 0x00, 0x70, 0xFF, 0x8F,
    0x00, 0x70, 0xFF, 0x8F, 0x00, 0x70, 0xFF, 0x8F, 0x00, 0x70, 0xFF, 0x8F, 0x00, 0x70, 0xFF, 0x8F,
    0x00, 0x70, 0xFF, 0x8F, 0x00, 0x70, 0xFF, 0x8F, 0x00, 0x70, 0xFF, 0x8F, 0x00, 0x70, 0xFF, 0x8F,
    0x00, 0x70, 0xFF, 0x8F, 0x00, 0x70, 0xFF, 0x8F, 0x00, 0x70, 0xFF, 0x8F, 0x00, 0x70, 0xFF, 0x8F,
    0x00, 0x70, 0xFF, 0x8F, 0x00, 0x70, 0xFF, 0x8F, 0x00, 0x70, 0xFF, 0x8F, 0x00, 0x70, 0xFF, 0x8F,
    0x00, 0x70, 0xFF, 0x8F, 0x00, 0x70, 0xFF, 0x8F, 0x00, 0x70, 0xFF, 0x8F, 0x00, 0x90, 0xFF, 0x7F,
    0x00, 0xE2, 0xFF, 0x5F, 0xD8, 0xFF, 0xFF, 0x1E, 0xF9, 0xFF, 0xFF, 0x07, 0xE8, 0xEF, 0x5C, 0x00,
    // Unicode: [0x006B]
    0xF7, 0xFF, 0x08, 0x00, 0x00, 0x00, 0x00, 0x00, 0x00, 0xF7, 0xFF, 0x08, 0x00, 0x00, 0x00, 0x00,
    0x00, 0x00, 0xF7, 0xFF, 0x08, 0x00, 0x00, 0x00, 0x00, 0x00, 0x00, 0xF7, 0xFF, 0x08, 0x00, 0x00,
    0x00, 0x00, 0x00, 0x00, 0xF7, 0xFF, 0x08, 0x00, 0x00, 0x00, 0x00, 0x00, 0x00, 0xF7, 0xFF, 0x08,
    0x00, 0x00, 0x00, 0x00, 0x00, 0x00, 0xF7, 0xFF, 0x08, 0x00, 0x00, 0x00, 0x00, 0x00, 0x00, 0xF7,
    0xFF, 0x08, 0x00, 0x00, 0xC1, 0xFF, 0x9F, 0x00, 0xF7, 0xFF, 0x08, 0x00, 0x00, 0xFB, 0xFF, 0x0A,
    0x00, 0xF7, 0xFF, 0x08, 0x00, 0x90, 0xFF, 0xBF, 0x00, 0x00, 0xF7, 0xFF, 0x08, 0x00, 0xF7, 0xFF,
    0x1C, 0x00, 0x00, 0xF7, 0xFF, 0x08, 0x50, 0xFF, 0xDF, 0x01, 0x00, 0x00, 0xF7, 0xFF, 0x08, 0xF4,
    0xFF, 0x2E, 0x00, 0x00, 0x00, 0xF7, 0xFF, 0x28, 0xFE, 0xEF, 0x03, 0x00, 0x00, 0x00, 0xF7, 0xFF,
    0xD9, 0xFF, 0x6F, 0x00, 0x00, 0x00, 0x00, 0xF7, 0xFF, 0xFF, 0xFF, 0xDF, 0x01, 0x00, 0x00, 0x00,
    0xF7, 0xFF, 0xFF, 0xFF, 0xFF, 0x09, 0x00, 0x00, 0x00, 0xF7, 0xFF, 0xCF, 0xF5, 0xFF, 0x4F, 0x00,
    0x00, 0x00, 0xF7, 0xFF, 0x0B, 0x80, 0xFF, 0xEF, 0x01, 0x00, 0x00, 0xF7, 0xFF, 0x08, 0x00, 0xFD,
    0xFF, 0x0A, 0x00, 0x00, 0xF7, 0xFF, 0x08, 0x00, 0xF3, 0xFF, 0x5F, 0x00, 0x00, 0xF7, 0xFF, 0x08,
    0x00, 0x80, 0xFF, 0xEF, 0x01, 0x00, 0xF7, 0xFF, 0x08, 0x00, 0x00, 0xFC, 0xFF, 0x0B, 0x00, 0xF7,
    0xFF, 0x08, 0x00, 0x00, 0xF3, 0xFF, 0x6F, 0x00, 0xF7, 0xFF, 0x08, 0x00, 0x00, 0x70, 0xFF, 0xEF,
    0x02,
    // Unicode: [0x006C]
    0xF6, 0xFF, 0x08, 0xF6, 0xFF, 0x08, 0xF6, 0xFF, 0x08, 0xF6, 0xFF, 0x08, 0xF6, 0xFF, 0x08, 0xF6,
    0xFF, 0x08, 0xF6, 0xFF, 0x08, 0xF6, 0xFF, 0x08, 0xF6, 0xFF, 0x08, 0xF6, 0xFF, 0x08, 0xF6, 0xFF,
    0x08, 0xF6, 0xFF, 0x08, 0xF6, 0xFF, 0x08, 0xF6, 0xFF, 0x08, 0xF6, 0xFF, 0x08, 0xF6, 0xFF, 0x08,
    0xF6, 0xFF, 0x08, 0xF6, 0xFF, 0x08, 0xF6, 0xFF, 0x08, 0xF6, 0xFF, 0x08, 0xF6, 0xFF, 0x08, 0xF6,
    0xFF, 0x08, 0xF6, 0xFF, 0x08, 0xF6, 0xFF, 0x08, 0xF6, 0xFF, 0x08,
    // Unicode: [0x006D]
    0xF8, 0xFF, 0x03, 0x71, 0xEC, 0xCE, 0x17, 0x00, 0x10, 0xC7, 0xEE, 0x8D, 0x01, 0x00, 0xF8, 0xFF,
    0x14, 0xFD, 0xFF, 0xFF, 0xCF, 0x01, 0xD2, 0xFF, 0xFF, 0xFF, 0x2D, 0x00, 0xF7, 0xFF, 0xC5, 0xFF,
    0xFF, 0xFF, 0xFF, 0x1A, 0xFD, 0xFF, 0xFF, 0xFF, 0xBF, 0x00, 0xF7, 0xFF, 0xFB, 0x5C, 0x53, 0xFD,
    0xFF, 0x9F, 0xCF, 0x35, 0xD5, 0xFF, 0xFF, 0x02, 0xF6, 0xFF, 0xBF, 0x00, 0x00, 0xE2, 0xFF, 0xFF,
    0x0B, 0x00, 0x10, 0xFE, 0xFF, 0x06, 0xF6, 0xFF, 0x2F, 0x00, 0x00, 0xA0, 0xFF, 0xFF, 0x02, 0x00,
    0x00, 0xF9, 0xFF, 0x08, 0xF6, 0xFF, 0x0C, 0x00, 0x00, 0x70, 0xFF, 0xCF, 0x00, 0x00, 0x00, 0xF6,
    0xFF, 0x09, 0xF6, 0xFF, 0x09, 0x00, 0x00, 0x60, 0xFF, 0xAF, 0x00, 0x00, 0x00, 0xF5, 0xFF, 0x0A,
    0xF6, 0xFF, 0x08, 0x00, 0x00, 0x50, 0xFF, 0x9F, 0x00, 0x00, 0x00, 0xF5, 0xFF, 0x0A, 0xF6, 0xFF,
    0x08, 0x00, 0x00, 0x50, 0xFF, 0x9F, 0x00, 0x00, 0x00, 0xF5, 0xFF, 0x0A, 0xF6, 0xFF, 0x08, 0x00,
    0x00, 0x50, 0xFF, 0x9F, 0x00, 0x00, 0x00, 0xF5, 0xFF, 0x0A, 0xF6, 0xFF, 0x08, 0x00, 0x00, 0x50,
    0xFF, 0x9F, 0x00, 0x00, 0x00, 0xF5, 0xFF, 0x0A, 0xF6, 0xFF, 0x08, 0x00, 0x00, 0x50, 0xFF, 0x9F,
    0x00, 0x00, 0x00, 0xF5, 0xFF, 0x0A, 0xF6, 0xFF, 0x08, 0x00, 0x00, 0x50, 0xFF, 0x9F, 0x00, 0x00,
    0x00, 0xF5, 0xFF, 0x0A, 0xF6, 0xFF, 0x08, 0x00, 0x00, 0x50, 0xFF, 0x9F, 0x00, 0x00, 0x00, 0xF5,
    0xFF, 0x0A, 0xF6, 0xFF, 0x08, 0x00, 0x00, 0x50, 0xFF, 0x9F, 0x00, 0x00, 0x00, 0xF5, 0xFF, 0x0A,
    0xF6, 0xFF, 0x08, 0x00, 0x00, 0x50, 0xFF, 0x9F, 0x00, 0x00, 0x00, 0xF5, 0xFF, 0x0A, 0xF6, 0xFF,
    0x08, 0x00, 0x00, 0x50, 0xFF, 0x9F, 0x00, 0x00, 0x00, 0xF5, 0xFF, 0x0A,
    // Unicode: [0x006E]
    0xF8, 0xFF, 0x03, 0x60, 0xEC, 0xDF, 0x39, 0x00, 0x00, 0xF8, 0xFF, 0x14, 0xFC, 0xFF, 0xFF, 0xFF,
    0x05, 0x00, 0xF7, 0xFF, 0xB5, 0xFF, 0xFF, 0xFF, 0xFF, 0x2E, 0x00, 0xF7, 0xFF, 0xFB, 0x6C, 0x43,
    0xFA, 0xFF, 0x8F, 0x00, 0xF6, 0xFF, 0xCF, 0x01, 0x00, 0xA0, 0xFF, 0xCF, 0x00, 0xF6, 0xFF, 0x3F,
    0x00, 0x00, 0x30, 0xFF, 0xEF, 0x00, 0xF6, 0xFF, 0x0C, 0x00, 0x00, 0x00, 0xFF, 0xFF, 0x00, 0xF6,
    0xFF, 0x09, 0x00, 0x00, 0x00, 0xFE, 0xFF, 0x01, 0xF6, 0xFF, 0x08, 0x00, 0x00, 0x00, 0xFD, 0xFF,
    0x01, 0xF6, 0xFF, 0x08, 0x00, 0x00, 0x00, 0xFD, 0xFF, 0x01, 0xF6, 0xFF, 0x08, 0x00, 0x00, 0x00,
    0xFD, 0xFF, 0x01, 0xF6, 0xFF, 0x08, 0x00, 0x00, 0x00, 0xFD, 0xFF, 0x01, 0xF6, 0xFF, 0x08, 0x00,
    0x00, 0x00, 0xFD, 0xFF, 0x01, 0xF6, 0xFF, 0x08, 0x00, 0x00, 0x00, 0xFD, 0xFF, 0x01, 0xF6, 0xFF,
    0x08, 0x00, 0x00, 0x00, 0xFD, 0xFF, 0x01, 0xF6, 0xFF, 0x08, 0x00, 0x00, 0x00, 0xFD, 0xFF, 0x01,
    0xF6, 0xFF, 0x08, 0x00, 0x00, 0x00, 0xFD, 0xFF, 0x01, 0xF6, 0xFF, 0x08, 0x00, 0x00, 0x00, 0xFD,
    0xFF, 0x01,
    // Unicode: [0x006F]
    0x00, 0x00, 0x50, 0xD9, 0xFE, 0xDE, 0x59, 0x00, 0x00, 0x00, 0x00, 0x30, 0xFC, 0xFF, 0xFF, 0xFF,
    0xFF, 0x3D, 0x00, 0x00, 0x00, 0xE4, 0xFF, 0xFF, 0xFF, 0xFF, 0xFF, 0xFF, 0x04, 0x00, 0x20, 0xFE,
    0xFF, 0x5D, 0x01, 0x51, 0xFD, 0xFF, 0x2E, 0x00, 0x90, 0xFF, 0xCF, 0x01, 0x00, 0x00, 0xD1, 0xFF,
    0x9F, 0x00, 0xF1, 0xFF, 0x4F, 0x00, 0x00, 0x00, 0x50, 0xFF, 0xEF, 0x00, 0xF4, 0xFF, 0x0D, 0x00,
    0x00, 0x00, 0x00, 0xFE, 0xFF, 0x03, 0xF6, 0xFF, 0x0A, 0x00, 0x00, 0x00, 0x00, 0xFC, 0xFF, 0x05,
    0xF7, 0xFF, 0x09, 0x00, 0x00, 0x00, 0x00, 0xFB, 0xFF, 0x06, 0xF7, 0xFF, 0x09, 0x00, 0x00, 0x00,
    0x00, 0xFB, 0xFF, 0x06, 0xF6, 0xFF, 0x0B, 0x00, 0x00, 0x00, 0x00, 0xFC, 0xFF, 0x05, 0xF4, 0xFF,
    0x0D, 0x00, 0x00, 0x00, 0x00, 0xFF, 0xFF, 0x02, 0xE0, 0xFF, 0x4F, 0x00, 0x00, 0x00, 0x50, 0xFF,
    0xDF, 0x00, 0x80, 0xFF, 0xCF, 0x01, 0x00, 0x00, 0xD2, 0xFF, 0x7F, 0x00, 0x10, 0xFE, 0xFF, 0x5D,
    0x01, 0x62, 0xFD, 0xFF, 0x1D, 0x00, 0x00, 0xE3, 0xFF, 0xFF, 0xFF, 0xFF, 0xFF, 0xEF, 0x03, 0x00,
    0x00, 0x30, 0xFC, 0xFF, 0xFF, 0xFF, 0xFF, 0x2B, 0x00, 0x00, 0x00, 0x00, 0x50, 0xD9, 0xFE, 0xCE,
    0x49, 0x00, 0x00, 0x00,
    // Unicode: [0x0070]
    0xF8, 0xFF, 0x04, 0x61, 0xEC, 0xDF, 0x5A, 0x00, 0x00, 0xF7, 0xFF, 0x25, 0xFD, 0xFF, 0xFF, 0xFF,
    0x1B, 0x00, 0xF7, 0xFF, 0xD7, 0xFF, 0xFF, 0xFF, 0xFF, 0xCF, 0x00, 0xF7, 0xFF, 0xFE, 0x4B, 0x11,
    0xA3, 0xFF, 0xFF, 0x07, 0xF6, 0xFF, 0xBF, 0x00, 0x00, 0x00, 0xFA, 0xFF, 0x0D, 0xF6, 0xFF, 0x2F,
    0x00, 0x00, 0x00, 0xF1, 0xFF, 0x3F, 0xF6, 0xFF, 0x0B, 0x00, 0x00, 0x00, 0xC0, 0xFF, 0x6F, 0xF6,
    0xFF, 0x08, 0x00, 0x00, 0x00, 0x90, 0xFF, 0x7F, 0xF6, 0xFF, 0x07, 0x00, 0x00, 0x00, 0x80, 0xFF,
    0x8F, 0xF6, 0xFF, 0x07, 0x00, 0x00, 0x00, 0x80, 0xFF, 0x8F, 0xF6, 0xFF, 0x08, 0x00, 0x00, 0x00,
    0x90, 0xFF, 0x7F, 0xF6, 0xFF, 0x0B, 0x00, 0x00, 0x00, 0xC0, 0xFF, 0x5F, 0xF6, 0xFF, 0x1F, 0x00,
    0x00, 0x00, 0xF2, 0xFF, 0x2F, 0xF6, 0xFF, 0xAF, 0x00, 0x00, 0x00, 0xFA, 0xFF, 0x0B, 0xF6, 0xFF,
    0xFF, 0x4B, 0x11, 0xA3, 0xFF, 0xFF, 0x04, 0xF6, 0xFF, 0xE8, 0xFF, 0xFF, 0xFF, 0xFF, 0x9F, 0x00,
    0xF6, 0xFF, 0x48, 0xFE, 0xFF, 0xFF, 0xFF, 0x09, 0x00, 0xF6, 0xFF, 0x08, 0x82, 0xED, 0xDE, 0x39,
    0x00, 0x00, 0xF6, 0xFF, 0x08, 0x00, 0x00, 0x00, 0x00, 0x00, 0x00, 0xF6, 0xFF, 0x08, 0x00, 0x00,
    0x00, 0x00, 0x00, 0x00, 0xF6, 0xFF, 0x08, 0x00, 0x00, 0x00, 0x00, 0x00, 0x00, 0xF6, 0xFF, 0x08,
    0x00, 0x00, 0x00, 0x00, 0x00, 0x00, 0xF6, 0xFF, 0x08, 0x00, 0x00, 0x00, 0x00, 0x00, 0x00, 0xF6,
    0xFF, 0x08, 0x00, 0x00, 0x00, 0x00, 0x00, 0x00, 0xF6, 0xFF, 0x08, 0x00, 0x00, 0x00, 0x00, 0x00,
    0x00,
    // Unicode: [0x0071]
    0x00, 0x00, 0x93, 0xED, 0xDE, 0x28, 0x30, 0xFF, 0x9F, 0x00, 0x90, 0xFF, 0xFF, 0xFF, 0xEF, 0x54,
    0xFF, 0x8F, 0x00, 0xF9, 0xFF, 0xFF, 0xFF, 0xFF, 0x7E, 0xFF, 0x8F, 0x40, 0xFF, 0xFF, 0x4B, 0x11,
    0xA3, 0xEF, 0xFF, 0x7F, 0xB0, 0xFF, 0xBF, 0x00, 0x00, 0x00, 0xF9, 0xFF, 0x7F, 0xF1, 0xFF, 0x3F,
    0x00, 0x00, 0x00, 0xE1, 0xFF, 0x7F, 0xF5, 0xFF, 0x0D, 0x00, 0x00, 0x00, 0xA0, 0xFF, 0x7F, 0xF7,
    0xFF, 0x0A, 0x00, 0x00, 0x00, 0x70, 0xFF, 0x7F, 0xF8, 0xFF, 0x09, 0x00, 0x00, 0x00, 0x60, 0xFF,
    0x7F, 0xF8, 0xFF, 0x09, 0x00, 0x00, 0x00, 0x60, 0xFF, 0x7F, 0xF7, 0xFF, 0x0A, 0x00, 0x00, 0x00,
    0x80, 0xFF, 0x7F, 0xF5, 0xFF, 0x0D, 0x00, 0x00, 0x00, 0xB0, 0xFF, 0x7F, 0xF2, 0xFF, 0x2F, 0x00,
    0x00, 0x00, 0xF1, 0xFF, 0x7F, 0xC0, 0xFF, 0xAF, 0x00, 0x00, 0x00, 0xFA, 0xFF, 0x7F, 0x60, 0xFF,
    0xFF, 0x3B, 0x11, 0xB4, 0xEF, 0xFF, 0x7F, 0x00, 0xFB, 0xFF, 0xFF, 0xFF, 0xFF, 0x7E, 0xFF, 0x7F,
    0x00, 0xB1, 0xFF, 0xFF, 0xFF, 0xEF, 0x73, 0xFF, 0x7F, 0x00, 0x00, 0xA5, 0xFD, 0xCE, 0x17, 0x70,
    0xFF, 0x7F, 0x00, 0x00, 0x00, 0x00, 0x00, 0x00, 0x70, 0xFF, 0x7F, 0x00, 0x00, 0x00, 0x00, 0x00,
    0x00, 0x70, 0xFF, 0x7F, 0x00, 0x00, 0x00, 0x00, 0x00, 0x00, 0x70, 0xFF, 0x7F, 0x00, 0x00, 0x00,
    0x00, 0x00, 0x00, 0x70, 0xFF, 0x7F, 0x00, 0x00, 0x00, 0x00, 0x00, 0x00, 0x70, 0xFF, 0x7F, 0x00,
    0x00, 0x00, 0x00, 0x00, 0x00, 0x70, 0xFF, 0x7F, 0x00, 0x00, 0x00, 0x00, 0x00, 0x00, 0x70, 0xFF,
    0x7F,
    // Unicode: [0x0072]
    0xF8, 0xFF, 0x03, 0xA2, 0xFD, 0x08, 0xF7, 0xFF, 0x34, 0xFE, 0xFF, 0x08, 0xF7, 0xFF, 0xC4, 0xFF,
    0xFF, 0x08, 0xF7, 0xFF, 0xF8, 0x9E, 0x76, 0x04, 0xF7, 0xFF, 0xEE, 0x03, 0x00, 0x00, 0xF7, 0xFF,
    0x6F, 0x00, 0x00, 0x00, 0xF7, 0xFF, 0x0E, 0x00, 0x00, 0x00, 0xF7, 0xFF, 0x0B, 0x00, 0x00, 0x00,
    0xF7, 0xFF, 0x08, 0x00, 0x00, 0x00, 0xF7, 0xFF, 0x08, 0x00, 0x00, 0x00, 0xF7, 0xFF, 0x08, 0x00,
    0x00, 0x00, 0xF7, 0xFF, 0x08, 0x00, 0x00, 0x00, 0xF7, 0xFF, 0x08, 0x00, 0x00, 0x00, 0xF7, 0xFF,
    0x08, 0x00, 0x00, 0x00, 0xF7, 0xFF, 0x08, 0x00, 0x00, 0x00, 0xF7, 0xFF, 0x08, 0x00, 0x00, 0x00,
    0xF7, 0xFF, 0x08, 0x00, 0x00, 0x00, 0xF7, 0xFF, 0x08, 0x00, 0x00, 0x00,
    // Unicode: [0x0073]
    0x00, 0x10, 0xC8, 0xFE, 0xCE, 0x18, 0x00, 0x00, 0xE3, 0xFF, 0xFF, 0xFF, 0xEF, 0x03, 0x00, 0xFD,
    0xFF, 0xBD, 0xFD, 0xFF, 0x0D, 0x50, 0xFF, 0x8F, 0x00, 0x60, 0xFF, 0x5F, 0x70, 0xFF, 0x2F, 0x00,
    0x00, 0x56, 0x13, 0x70, 0xFF, 0x4F, 0x00, 0x00, 0x00, 0x00, 0x50, 0xFF, 0xDF, 0x04, 0x00, 0x00,
    0x00, 0x10, 0xFD, 0xFF, 0xEF, 0x59, 0x00, 0x00, 0x00, 0xD3, 0xFF, 0xFF, 0xFF, 0x8E, 0x01, 0x00,
    0x10, 0xC7, 0xFF, 0xFF, 0xFF, 0x1C, 0x00, 0x00, 0x00, 0x51, 0xFB, 0xFF, 0x8F, 0x00, 0x00, 0x00,
    0x00, 0x40, 0xFF, 0xDF, 0x00, 0x00, 0x00, 0x00, 0x00, 0xFB, 0xFF, 0x61, 0xA8, 0x04, 0x00, 0x00,
    0xFB, 0xEF, 0xE0, 0xFF, 0x1C, 0x00, 0x40, 0xFF, 0xBF, 0x80, 0xFF, 0xFF, 0xAB, 0xFC, 0xFF, 0x4F,
    0x00, 0xFB, 0xFF, 0xFF, 0xFF, 0xFF, 0x06, 0x00, 0x50, 0xDA, 0xFE, 0xCE, 0x28, 0x00,
    // Unicode: [0x0074]
    0x00, 0x00, 0x83, 0x28, 0x00, 0x00, 0x00, 0x00, 0xF9, 0x4F, 0x00, 0x00, 0x00, 0x00, 0xFD, 0x4F,
    0x00, 0x00, 0x00, 0x30, 0xFF, 0x4F, 0x00, 0x00, 0x00, 0x70, 0xFF, 0x4F, 0x00, 0x00, 0xF4, 0xFF,
    0xFF, 0xFF, 0xFF, 0x7F, 0xF4, 0xFF, 0xFF, 0xFF, 0xFF, 0x7F, 0xE3, 0xFE, 0xFF, 0xEF, 0xEE, 0x7E,
    0x00, 0xA0, 0xFF, 0x4F, 0x00, 0x00, 0x00, 0xA0, 0xFF, 0x4F, 0x00, 0x00, 0x00, 0xA0, 0xFF, 0x4F,
    0x00, 0x00, 0x00, 0xA0, 0xFF, 0x4F, 0x00, 0x00, 0x00, 0xA0, 0xFF, 0x4F, 0x00, 0x00, 0x00, 0xA0,
    0xFF, 0x4F, 0x00, 0x00, 0x00, 0xA0, 0xFF, 0x4F, 0x00, 0x00, 0x00, 0xA0, 0xFF, 0x4F, 0x00, 0x00,
    0x00, 0xA0, 0xFF, 0x4F, 0x00, 0x00, 0x00, 0xA0, 0xFF, 0x4F, 0x00, 0x00, 0x00, 0xA0, 0xFF, 0x7F,
    0x00, 0x00, 0x00, 0x80, 0xFF, 0xDF, 0x03, 0x21, 0x00, 0x40, 0xFF, 0xFF, 0xFF, 0xBF, 0x00, 0x00,
    0xFB, 0xFF, 0xFF, 0xBF, 0x00, 0x00, 0x70, 0xFD, 0xDE, 0x6B,
    // Unicode: [0x0075]
    0xFA, 0xFF, 0x04, 0x00, 0x00, 0x10, 0xFF, 0xDF, 0xFA, 0xFF, 0x04, 0x00, 0x00, 0x10, 0xFF, 0xDF,
    0xFA, 0xFF, 0x04, 0x00, 0x00, 0x10, 0xFF, 0xDF, 0xFA, 0xFF, 0x04, 0x00, 0x00, 0x10, 0xFF, 0xDF,
    0xFA, 0xFF, 0x04, 0x00, 0x00, 0x10, 0xFF, 0xDF, 0xFA, 0xFF, 0x04, 0x00, 0x00, 0x10, 0xFF, 0xDF,
    0xFA, 0xFF, 0x04, 0x00, 0x00, 0x10, 0xFF, 0xDF, 0xFA, 0xFF, 0x04, 0x00, 0x00, 0x10, 0xFF, 0xDF,
    0xFA, 0xFF, 0x04, 0x00, 0x00, 0x10, 0xFF, 0xDF, 0xFA, 0xFF, 0x04, 0x00, 0x00, 0x20, 0xFF, 0xDF,
    0xFA, 0xFF, 0x05, 0x00, 0x00, 0x30, 0xFF, 0xDF, 0xF9, 0xFF, 0x06, 0x00, 0x00, 0x60, 0xFF, 0xDF,
    0xF8, 0xFF, 0x09, 0x00, 0x00, 0xB0, 0xFF, 0xDF, 0xF6, 0xFF, 0x2E, 0x00, 0x00, 0xF6, 0xFF, 0xDF,
    0xF2, 0xFF, 0xDF, 0x36, 0x94, 0xCF, 0xFE, 0xDF, 0xA0, 0xFF, 0xFF, 0xFF, 0xFF, 0x3F, 0xFD, 0xEF,
    0x10, 0xFC, 0xFF, 0xFF, 0xFF, 0x06, 0xFD, 0xEF, 0x00, 0x71, 0xEC, 0xDE, 0x39, 0x00, 0xFC, 0xFF,
    // Unicode: [0x0076]
    0xFC, 0xFF, 0x05, 0x00, 0x00, 0x00, 0x80, 0xFF, 0x8F, 0xF7, 0xFF, 0x0A, 0x00, 0x00, 0x00, 0xD0,
    0xFF, 0x3F, 0xF2, 0xFF, 0x0E, 0x00, 0x00, 0x00, 0xF3, 0xFF, 0x0C, 0xB0, 0xFF, 0x5F, 0x00, 0x00,
    0x00, 0xF8, 0xFF, 0x07, 0x60, 0xFF, 0x9F, 0x00, 0x00, 0x00, 0xFD, 0xFF, 0x02, 0x10, 0xFE, 0xEF,
    0x00, 0x00, 0x30, 0xFF, 0xBF, 0x00, 0x00, 0xFA, 0xFF, 0x04, 0x00, 0x80, 0xFF, 0x5F, 0x00, 0x00,
    0xF5, 0xFF, 0x09, 0x00, 0xD0, 0xFF, 0x1E, 0x00, 0x00, 0xE0, 0xFF, 0x0E, 0x00, 0xF3, 0xFF, 0x09,
    0x00, 0x00, 0x90, 0xFF, 0x4F, 0x00, 0xF7, 0xFF, 0x04, 0x00, 0x00, 0x30, 0xFF, 0x8F, 0x00, 0xFC,
    0xDF, 0x00, 0x00, 0x00, 0x00, 0xFD, 0xDF, 0x20, 0xFF, 0x8F, 0x00, 0x00, 0x00, 0x00, 0xF8, 0xFF,
    0x72, 0xFF, 0x2F, 0x00, 0x00, 0x00, 0x00, 0xF2, 0xFF, 0xC7, 0xFF, 0x0C, 0x00, 0x00, 0x00, 0x00,
    0xC0, 0xFF, 0xFC, 0xFF, 0x06, 0x00, 0x00, 0x00, 0x00, 0x70, 0xFF, 0xFF, 0xFF, 0x01, 0x00, 0x00,
    0x00, 0x00, 0x10, 0xFF, 0xFF, 0xAF, 0x00, 0x00, 0x00, 0x00, 0x00, 0x00, 0xFB, 0xFF, 0x5F, 0x00,
    0x00, 0x00,
    // Unicode: [0x0077]
    0xFB, 0xFF, 0x01, 0x00, 0x00, 0xF1, 0xFF, 0x5F, 0x00, 0x00, 0x00, 0xFA, 0xFF, 0x02, 0xF7, 0xFF,
    0x05, 0x00, 0x00, 0xF4, 0xFF, 0x9F, 0x00, 0x00, 0x00, 0xFD, 0xDF, 0x00, 0xF3, 0xFF, 0x08, 0x00,
    0x00, 0xF8, 0xFF, 0xDF, 0x00, 0x00, 0x20, 0xFF, 0x8F, 0x00, 0xE0, 0xFF, 0x0C, 0x00, 0x00, 0xFC,
    0xEF, 0xFF, 0x02, 0x00, 0x60, 0xFF, 0x4F, 0x00, 0xA0, 0xFF, 0x1F, 0x00, 0x10, 0xFF, 0x9E, 0xFF,
    0x06, 0x00, 0x90, 0xFF, 0x1F, 0x00, 0x60, 0xFF, 0x4F, 0x00, 0x50, 0xFF, 0x6B, 0xFF, 0x0A, 0x00,
    0xD0, 0xFF, 0x0B, 0x00, 0x20, 0xFF, 0x8F, 0x00, 0xA0, 0xFF, 0x38, 0xFF, 0x0E, 0x00, 0xF1, 0xFF,
    0x07, 0x00, 0x00, 0xFD, 0xCF, 0x00, 0xE0, 0xFF, 0x04, 0xFE, 0x4F, 0x00, 0xF5, 0xFF, 0x03, 0x00,
    0x00, 0xF9, 0xFF, 0x01, 0xF3, 0xEF, 0x00, 0xFA, 0x8F, 0x00, 0xF8, 0xEF, 0x00, 0x00, 0x00, 0xF5,
    0xFF, 0x04, 0xF7, 0xBF, 0x00, 0xF6, 0xCF, 0x00, 0xFC, 0x9F, 0x00, 0x00, 0x00, 0xF1, 0xFF, 0x08,
    0xFB, 0x7F, 0x00, 0xF2, 0xFF, 0x11, 0xFF, 0x5F, 0x00, 0x00, 0x00, 0xC0, 0xFF, 0x0B, 0xFE, 0x3F,
    0x00, 0xD0, 0xFF, 0x45, 0xFF, 0x1F, 0x00, 0x00, 0x00, 0x80, 0xFF, 0x3E, 0xFF, 0x0E, 0x00, 0x90,
    0xFF, 0x88, 0xFF, 0x0C, 0x00, 0x00, 0x00, 0x40, 0xFF, 0x8F, 0xFF, 0x09, 0x00, 0x50, 0xFF, 0xBB,
    0xFF, 0x08, 0x00, 0x00, 0x00, 0x10, 0xFF, 0xEF, 0xFF, 0x05, 0x00, 0x10, 0xFF, 0xEE, 0xFF, 0x04,
    0x00, 0x00, 0x00, 0x00, 0xFB, 0xFF, 0xFF, 0x01, 0x00, 0x00, 0xFC, 0xFF, 0xEF, 0x00, 0x00, 0x00,
    0x00, 0x00, 0xF7, 0xFF, 0xCF, 0x00, 0x00, 0x00, 0xF8, 0xFF, 0xAF, 0x00, 0x00, 0x00, 0x00, 0x00,
    0xF3, 0xFF, 0x8F, 0x00, 0x00, 0x00, 0xF4, 0xFF, 0x6F, 0x00, 0x00, 0x00,
    // Unicode: [0x0078]
    0xF4, 0xFF, 0x1E, 0x00, 0x00, 0x00, 0xF9, 0xFF, 0x0A, 0x80, 0xFF, 0x9F, 0x00, 0x00, 0x30, 0xFF,
    0xDF, 0x01, 0x00, 0xFC, 0xFF, 0x03, 0x00, 0xC0, 0xFF, 0x4F, 0x00, 0x00, 0xF3, 0xFF, 0x0C, 0x00,
    0xF6, 0xFF, 0x08, 0x00, 0x00, 0x70, 0xFF, 0x6F, 0x10, 0xFE, 0xDF, 0x00, 0x00, 0x00, 0x00, 0xFB,
    0xEF, 0x91, 0xFF, 0x3F, 0x00, 0x00, 0x00, 0x00, 0xE2, 0xFF, 0xFC, 0xFF, 0x07, 0x00, 0x00, 0x00,
    0x00, 0x60, 0xFF, 0xFF, 0xBF, 0x00, 0x00, 0x00, 0x00, 0x00, 0x00, 0xFB, 0xFF, 0x2F, 0x00, 0x00,
    0x00, 0x00, 0x00, 0x10, 0xFE, 0xFF, 0x7F, 0x00, 0x00, 0x00, 0x00, 0x00, 0xB0, 0xFF, 0xFF, 0xFF,
    0x03, 0x00, 0x00, 0x00, 0x00, 0xF6, 0xFF, 0xE9, 0xFF, 0x1D, 0x00, 0x00, 0x00, 0x20, 0xFE, 0xCF,
    0x60, 0xFF, 0x9F, 0x00, 0x00, 0x00, 0xB0, 0xFF, 0x3F, 0x00, 0xFC, 0xFF, 0x04, 0x00, 0x00, 0xF7,
    0xFF, 0x08, 0x00, 0xF2, 0xFF, 0x1D, 0x00, 0x30, 0xFF, 0xDF, 0x01, 0x00, 0x70, 0xFF, 0xAF, 0x00,
    0xC0, 0xFF, 0x4F, 0x00, 0x00, 0x00, 0xFC, 0xFF, 0x05, 0xF8, 0xFF, 0x09, 0x00, 0x00, 0x00, 0xF3,
    0xFF, 0x2E,
    // Unicode: [0x0079]
    0xFD, 0xFF, 0x05, 0x00, 0x00, 0x00, 0x70, 0xFF, 0xAF, 0xF7, 0xFF, 0x0A, 0x00, 0x00, 0x00, 0xC0,
    0xFF, 0x4F, 0xF1, 0xFF, 0x1E, 0x00, 0x00, 0x00, 0xF2, 0xFF, 0x0D, 0xA0, 0xFF, 0x5F, 0x00, 0x00,
    0x00, 0xF7, 0xFF, 0x08, 0x40, 0xFF, 0xAF, 0x00, 0x00, 0x00, 0xFC, 0xFF, 0x02, 0x00, 0xFD, 0xFF,
    0x01, 0x00, 0x20, 0xFF, 0xCF, 0x00, 0x00, 0xF8, 0xFF, 0x06, 0x00, 0x60, 0xFF, 0x6F, 0x00, 0x00,
    0xF2, 0xFF, 0x0B, 0x00, 0xB0, 0xFF, 0x1F, 0x00, 0x00, 0xB0, 0xFF, 0x1F, 0x00, 0xF1, 0xFF, 0x0A,
    0x00, 0x00, 0x50, 0xFF, 0x6F, 0x00, 0xF6, 0xFF, 0x04, 0x00, 0x00, 0x10, 0xFE, 0xBF, 0x00, 0xFB,
    0xEF, 0x00, 0x00, 0x00, 0x00, 0xF9, 0xFF, 0x11, 0xFF, 0x8F, 0x00, 0x00, 0x00, 0x00, 0xF3, 0xFF,
    0x65, 0xFF, 0x3F, 0x00, 0x00, 0x00, 0x00, 0xC0, 0xFF, 0xAA, 0xFF, 0x0C, 0x00, 0x00, 0x00, 0x00,
    0x60, 0xFF, 0xEE, 0xFF, 0x06, 0x00, 0x00, 0x00, 0x00, 0x10, 0xFF, 0xFF, 0xFF, 0x01, 0x00, 0x00,
    0x00, 0x00, 0x00, 0xFA, 0xFF, 0xAF, 0x00, 0x00, 0x00, 0x00, 0x00, 0x00, 0xF4, 0xFF, 0x5F, 0x00,
    0x00, 0x00, 0x00, 0x00, 0x00, 0xF2, 0xFF, 0x0E, 0x00, 0x00, 0x00, 0x00, 0x00, 0x00, 0xFB, 0xFF,
    0x08, 0x00, 0x00, 0x00, 0x00, 0x00, 0x60, 0xFF, 0xFF, 0x02, 0x00, 0x00, 0x00, 0x30, 0x34, 0xF8,
    0xFF, 0x8F, 0x00, 0x00, 0x00, 0x00, 0x70, 0xFF, 0xFF, 0xFF, 0x0C, 0x00, 0x00, 0x00, 0x00, 0x70,
    0xFF, 0xFF, 0xCF, 0x01, 0x00, 0x00, 0x00, 0x00, 0x60, 0xED, 0xCE, 0x06, 0x00, 0x00, 0x00, 0x00,
    0x00,
    // Unicode: [0x007A]
    0x60, 0xFF, 0xFF, 0xFF, 0xFF, 0xFF, 0xFF, 0x0D, 0x60, 0xFF, 0xFF, 0xFF, 0xFF, 0xFF, 0xFF, 0x0D,
    0x60, 0xFF, 0xFF, 0xFF, 0xFF, 0xFF, 0xFF, 0x0D, 0x00, 0x00, 0x00, 0x00, 0x10, 0xFD, 0xFF, 0x06,
    0x00, 0x00, 0x00, 0x00, 0xB0, 0xFF, 0xAF, 0x00, 0x00, 0x00, 0x00, 0x00, 0xF8, 0xFF, 0x1C, 0x00,
    0x00, 0x00, 0x00, 0x50, 0xFF, 0xEF, 0x02, 0x00, 0x00, 0x00, 0x00, 0xE2, 0xFF, 0x4F, 0x00, 0x00,
    0x00, 0x00, 0x10, 0xFD, 0xFF, 0x07, 0x00, 0x00, 0x00, 0x00, 0xA0, 0xFF, 0xAF, 0x00, 0x00, 0x00,
    0x00, 0x00, 0xF7, 0xFF, 0x1C, 0x00, 0x00, 0x00, 0x00, 0x40, 0xFF, 0xEF, 0x02, 0x00, 0x00, 0x00,
    0x00, 0xE2, 0xFF, 0x4F, 0x00, 0x00, 0x00, 0x00, 0x10, 0xFC, 0xFF, 0x07, 0x00, 0x00, 0x00, 0x00,
    0xA0, 0xFF, 0xAF, 0x00, 0x00, 0x00, 0x00, 0x00, 0xF2, 0xFF, 0xFF, 0xFF, 0xFF, 0xFF, 0xFF, 0x9F,
    0xF2, 0xFF, 0xFF, 0xFF, 0xFF, 0xFF, 0xFF, 0x9F, 0xF2, 0xFF, 0xFF, 0xFF, 0xFF, 0xFF, 0xFF, 0x9F,
    // Unicode: [0x007B]
    0x00, 0x00, 0x00, 0xB6, 0xFE, 0x4F, 0x00, 0x00, 0xA0, 0xFF, 0xFF, 0x4F, 0x00, 0x00, 0xF6, 0xFF,
    0xFF, 0x3D, 0x00, 0x00, 0xFB, 0xFF, 0x1A, 0x00, 0x00, 0x00, 0xFE, 0xFF, 0x01, 0x00, 0x00, 0x00,
    0xFE, 0xCF, 0x00, 0x00, 0x00, 0x00, 0xFE, 0xBF, 0x00, 0x00, 0x00, 0x00, 0xFE, 0xBF, 0x00, 0x00,
    0x00, 0x00, 0xFE, 0xBF, 0x00, 0x00, 0x00, 0x00, 0xFE, 0xBF, 0x00, 0x00, 0x00, 0x00, 0xFF, 0xBF,
    0x00, 0x00, 0x00, 0x20, 0xFF, 0xAF, 0x00, 0x00, 0x00, 0x80, 0xFF, 0x8F, 0x00, 0x00, 0x10, 0xF7,
    0xFF, 0x2F, 0x00, 0x00, 0xFA, 0xFF, 0xEF, 0x04, 0x00, 0x00, 0xFB, 0xFF, 0x2C, 0x00, 0x00, 0x00,
    0xFB, 0xFF, 0xDF, 0x03, 0x00, 0x00, 0x20, 0xF8, 0xFF, 0x0D, 0x00, 0x00, 0x00, 0x90, 0xFF, 0x6F,
    0x00, 0x00, 0x00, 0x30, 0xFF, 0x9F, 0x00, 0x00, 0x00, 0x00, 0xFF, 0xBF, 0x00, 0x00, 0x00, 0x00,
    0xFE, 0xBF, 0x00, 0x00, 0x00, 0x00, 0xFE, 0xBF, 0x00, 0x00, 0x00, 0x00, 0xFE, 0xBF, 0x00, 0x00,
    0x00, 0x00, 0xFE, 0xBF, 0x00, 0x00, 0x00, 0x00, 0xFE, 0xBF, 0x00, 0x00, 0x00, 0x00, 0xFE, 0xDF,
    0x00, 0x00, 0x00, 0x00, 0xFD, 0xFF, 0x02, 0x00, 0x00, 0x00, 0xFA, 0xFF, 0x1B, 0x00, 0x00, 0x00,
    0xF4, 0xFF, 0xFF, 0x3D, 0x00, 0x00, 0x90, 0xFF, 0xFF, 0x4F, 0x00, 0x00, 0x00, 0xB5, 0xFE, 0x4F,
    // Unicode: [0x007C]
    0xFE, 0xBF, 0xFE, 0xBF, 0xFE, 0xBF, 0xFE, 0xBF, 0xFE, 0xBF, 0xFE, 0xBF, 0xFE, 0xBF, 0xFE, 0xBF,
    0xFE, 0xBF, 0xFE, 0xBF, 0xFE, 0xBF, 0xFE, 0xBF, 0xFE, 0xBF, 0xFE, 0xBF, 0xFE, 0xBF, 0xFE, 0xBF,
    0xFE, 0xBF, 0xFE, 0xBF, 0xFE, 0xBF, 0xFE, 0xBF, 0xFE, 0xBF, 0xFE, 0xBF, 0xFE, 0xBF, 0xFE, 0xBF,
    0xFE, 0xBF, 0xFE, 0xBF, 0xFE, 0xBF, 0xFE, 0xBF, 0xFE, 0xBF, 0xFE, 0xBF, 0xFE, 0xBF, 0xFE, 0xBF,
    // Unicode: [0x007D]
    0xFA, 0xDF, 0x29, 0x00, 0x00, 0x00, 0xFA, 0xFF, 0xEF, 0x03, 0x00, 0x00, 0xE8, 0xFF, 0xFF, 0x0D,
    0x00, 0x00, 0x00, 0xE4, 0xFF, 0x4F, 0x00, 0x00, 0x00, 0x80, 0xFF, 0x6F, 0x00, 0x00, 0x00, 0x40,
    0xFF, 0x7F, 0x00, 0x00, 0x00, 0x30, 0xFF, 0x7F, 0x00, 0x00, 0x00, 0x30, 0xFF, 0x7F, 0x00, 0x00,
    0x00, 0x30, 0xFF, 0x7F, 0x00, 0x00, 0x00, 0x30, 0xFF, 0x7F, 0x00, 0x00, 0x00, 0x30, 0xFF, 0x8F,
    0x00, 0x00, 0x00, 0x20, 0xFF, 0xAF, 0x00, 0x00, 0x00, 0x00, 0xFE, 0xEF, 0x01, 0x00, 0x00, 0x00,
    0xF7, 0xFF, 0x3B, 0x00, 0x00, 0x00, 0xA0, 0xFF, 0xFF, 0x4E, 0x00, 0x00, 0x00, 0xF6, 0xFF, 0x4F,
    0x00, 0x00, 0x80, 0xFF, 0xFF, 0x4F, 0x00, 0x00, 0xF6, 0xFF, 0x5D, 0x01, 0x00, 0x00, 0xFE, 0xFF,
    0x02, 0x00, 0x00, 0x20, 0xFF, 0xBF, 0x00, 0x00, 0x00, 0x30, 0xFF, 0x8F, 0x00, 0x00, 0x00, 0x30,
    0xFF, 0x7F, 0x00, 0x00, 0x00, 0x30, 0xFF, 0x7F, 0x00, 0x00, 0x00, 0x30, 0xFF, 0x7F, 0x00, 0x00,
    0x00, 0x30, 0xFF, 0x7F, 0x00, 0x00, 0x00, 0x30, 0xFF, 0x7F, 0x00, 0x00, 0x00, 0x50, 0xFF, 0x7F,
    0x00, 0x00, 0x00, 0x80, 0xFF, 0x6F, 0x00, 0x00, 0x00, 0xE4, 0xFF, 0x3F, 0x00, 0x00, 0xE8, 0xFF,
    0xFF, 0x0D, 0x00, 0x00, 0xFA, 0xFF, 0xEF, 0x03, 0x00, 0x00, 0xFA, 0xDE, 0x29, 0x00, 0x00, 0x00,
    // Unicode: [0x007E]
    0x50, 0xEB, 0xFF, 0xAD, 0x16, 0x00, 0x00, 0x00, 0x30, 0x01, 0xFA, 0xFF, 0xFF, 0xFF, 0xFF, 0x7B,
    0x13, 0x41, 0xFA, 0x01, 0xFC, 0xFF, 0xFF, 0xFF, 0xFF, 0xFF, 0xFF, 0xFF, 0xFF, 0x01, 0xCC, 0x15,
    0x20, 0x84, 0xFC, 0xFF, 0xFF, 0xFF, 0xEF, 0x01, 0x03, 0x00, 0x00, 0x00, 0x20, 0xB7, 0xFE, 0xCE,
    0x17, 0x00
};
