// 4.25.0 0x94090d6c D2 AY R0 FARGB8888 U565 N0 SExtFlashSection
// Generated by imageconverter. Please, do not edit!

#include <touchgfx/hal/Config.hpp>

LOCATION_PRAGMA("ExtFlashSection")
KEEP extern const unsigned char image_dark_theme_images_widgets_slider_horizontal_thick_filler_large[] LOCATION_ATTRIBUTE("ExtFlashSection") = { // 400x10 ARGB8888 pixels.
    0x00, 0x00, 0x00, 0x00, 0x00, 0x00, 0x00, 0x00, 0xd0, 0xc8, 0xc0, 0x41,
    0xd0, 0xc8, 0xc0, 0xbe, 0xd0, 0xc8, 0xc0, 0xef, 0xd0, 0xc8, 0xc0, 0xff,
    0xd0, 0xc8, 0xc0, 0xff, 0xd0, 0xc8, 0xc0, 0xff, 0xd0, 0xc8, 0xc0, 0xff,
    0xd0, 0xc8, 0xc0, 0xff, 0xd0, 0xc8, 0xc0, 0xff, 0xd0, 0xc8, 0xc0, 0xff,
    0xd0, 0xc8, 0xc0, 0xff, 0xd0, 0xc8, 0xc0, 0xff, 0xd0, 0xc8, 0xc0, 0xff,
    0xd0, 0xc8, 0xc0, 0xff, 0xd0, 0xc8, 0xc0, 0xff, 0xd0, 0xc8, 0xc0, 0xff,
    0xd0, 0xc8, 0xc0, 0xff, 0xd0, 0xc8, 0xc0, 0xff, 0xd0, 0xc8, 0xc0, 0xff,
    0xd0, 0xc8, 0xc0, 0xff, 0xd0, 0xc8, 0xc0, 0xff, 0xd0, 0xc8, 0xc0, 0xff,
    0xd0, 0xc8, 0xc0, 0xff, 0xd0, 0xc8, 0xc0, 0xff, 0xd0, 0xc8, 0xc0, 0xff,
    0xd0, 0xc8, 0xc0, 0xff, 0xd0, 0xc8, 0xc0, 0xff, 0xd0, 0xc8, 0xc0, 0xff,
    0xd0, 0xc8, 0xc0, 0xff, 0xd0, 0xc8, 0xc0, 0xff, 0xd0, 0xc8, 0xc0, 0xff,
    0xd0, 0xc8, 0xc0, 0xff, 0xd0, 0xc8, 0xc0, 0xff, 0xd0, 0xc8, 0xc0, 0xff,
    0xd0, 0xc8, 0xc0, 0xff, 0xd0, 0xc8, 0xc0, 0xff, 0xd0, 0xc8, 0xc0, 0xff,
    0xd0, 0xc8, 0xc0, 0xff, 0xd0, 0xc8, 0xc0, 0xff, 0xd0, 0xc8, 0xc0, 0xff,
    0xd0, 0xc8, 0xc0, 0xff, 0xd0, 0xc8, 0xc0, 0xff, 0xd0, 0xc8, 0xc0, 0xff,
    0xd0, 0xc8, 0xc0, 0xff, 0xd0, 0xc8, 0xc0, 0xff, 0xd0, 0xc8, 0xc0, 0xff,
    0xd0, 0xc8, 0xc0, 0xff, 0xd0, 0xc8, 0xc0, 0xff, 0xd0, 0xc8, 0xc0, 0xff,
    0xd0, 0xc8, 0xc0, 0xff, 0xd0, 0xc8, 0xc0, 0xff, 0xd0, 0xc8, 0xc0, 0xff,
    0xd0, 0xc8, 0xc0, 0xff, 0xd0, 0xc8, 0xc0, 0xff, 0xd0, 0xc8, 0xc0, 0xff,
    0xd0, 0xc8, 0xc0, 0xff, 0xd0, 0xc8, 0xc0, 0xff, 0xd0, 0xc8, 0xc0, 0xff,
    0xd0, 0xc8, 0xc0, 0xff, 0xd0, 0xc8, 0xc0, 0xff, 0xd0, 0xc8, 0xc0, 0xff,
    0xd0, 0xc8, 0xc0, 0xff, 0xd0, 0xc8, 0xc0, 0xff, 0xd0, 0xc8, 0xc0, 0xff,
    0xd0, 0xc8, 0xc0, 0xff, 0xd0, 0xc8, 0xc0, 0xff, 0xd0, 0xc8, 0xc0, 0xff,
    0xd0, 0xc8, 0xc0, 0xff, 0xd0, 0xc8, 0xc0, 0xff, 0xd0, 0xc8, 0xc0, 0xff,
    0xd0, 0xc8, 0xc0, 0xff, 0xd0, 0xc8, 0xc0, 0xff, 0xd0, 0xc8, 0xc0, 0xff,
    0xd0, 0xc8, 0xc0, 0xff, 0xd0, 0xc8, 0xc0, 0xff, 0xd0, 0xc8, 0xc0, 0xff,
    0xd0, 0xc8, 0xc0, 0xff, 0xd0, 0xc8, 0xc0, 0xff, 0xd0, 0xc8, 0xc0, 0xff,
    0xd0, 0xc8, 0xc0, 0xff, 0xd0, 0xc8, 0xc0, 0xff, 0xd0, 0xc8, 0xc0, 0xff,
    0xd0, 0xc8, 0xc0, 0xff, 0xd0, 0xc8, 0xc0, 0xff, 0xd0, 0xc8, 0xc0, 0xff,
    0xd0, 0xc8, 0xc0, 0xff, 0xd0, 0xc8, 0xc0, 0xff, 0xd0, 0xc8, 0xc0, 0xff,
    0xd0, 0xc8, 0xc0, 0xff, 0xd0, 0xc8, 0xc0, 0xff, 0xd0, 0xc8, 0xc0, 0xff,
    0xd0, 0xc8, 0xc0, 0xff, 0xd0, 0xc8, 0xc0, 0xff, 0xd0, 0xc8, 0xc0, 0xff,
    0xd0, 0xc8, 0xc0, 0xff, 0xd0, 0xc8, 0xc0, 0xff, 0xd0, 0xc8, 0xc0, 0xff,
    0xd0, 0xc8, 0xc0, 0xff, 0xd0, 0xc8, 0xc0, 0xff, 0xd0, 0xc8, 0xc0, 0xff,
    0xd0, 0xc8, 0xc0, 0xff, 0xd0, 0xc8, 0xc0, 0xff, 0xd0, 0xc8, 0xc0, 0xff,
    0xd0, 0xc8, 0xc0, 0xff, 0xd0, 0xc8, 0xc0, 0xff, 0xd0, 0xc8, 0xc0, 0xff,
    0xd0, 0xc8, 0xc0, 0xff, 0xd0, 0xc8, 0xc0, 0xff, 0xd0, 0xc8, 0xc0, 0xff,
    0xd0, 0xc8, 0xc0, 0xff, 0xd0, 0xc8, 0xc0, 0xff, 0xd0, 0xc8, 0xc0, 0xff,
    0xd0, 0xc8, 0xc0, 0xff, 0xd0, 0xc8, 0xc0, 0xff, 0xd0, 0xc8, 0xc0, 0xff,
    0xd0, 0xc8, 0xc0, 0xff, 0xd0, 0xc8, 0xc0, 0xff, 0xd0, 0xc8, 0xc0, 0xff,
    0xd0, 0xc8, 0xc0, 0xff, 0xd0, 0xc8, 0xc0, 0xff, 0xd0, 0xc8, 0xc0, 0xff,
    0xd0, 0xc8, 0xc0, 0xff, 0xd0, 0xc8, 0xc0, 0xff, 0xd0, 0xc8, 0xc0, 0xff,
    0xd0, 0xc8, 0xc0, 0xff, 0xd0, 0xc8, 0xc0, 0xff, 0xd0, 0xc8, 0xc0, 0xff,
    0xd0, 0xc8, 0xc0, 0xff, 0xd0, 0xc8, 0xc0, 0xff, 0xd0, 0xc8, 0xc0, 0xff,
    0xd0, 0xc8, 0xc0, 0xff, 0xd0, 0xc8, 0xc0, 0xff, 0xd0, 0xc8, 0xc0, 0xff,
    0xd0, 0xc8, 0xc0, 0xff, 0xd0, 0xc8, 0xc0, 0xff, 0xd0, 0xc8, 0xc0, 0xff,
    0xd0, 0xc8, 0xc0, 0xff, 0xd0, 0xc8, 0xc0, 0xff, 0xd0, 0xc8, 0xc0, 0xff,
    0xd0, 0xc8, 0xc0, 0xff, 0xd0, 0xc8, 0xc0, 0xff, 0xd0, 0xc8, 0xc0, 0xff,
    0xd0, 0xc8, 0xc0, 0xff, 0xd0, 0xc8, 0xc0, 0xff, 0xd0, 0xc8, 0xc0, 0xff,
    0xd0, 0xc8, 0xc0, 0xff, 0xd0, 0xc8, 0xc0, 0xff, 0xd0, 0xc8, 0xc0, 0xff,
    0xd0, 0xc8, 0xc0, 0xff, 0xd0, 0xc8, 0xc0, 0xff, 0xd0, 0xc8, 0xc0, 0xff,
    0xd0, 0xc8, 0xc0, 0xff, 0xd0, 0xc8, 0xc0, 0xff, 0xd0, 0xc8, 0xc0, 0xff,
    0xd0, 0xc8, 0xc0, 0xff, 0xd0, 0xc8, 0xc0, 0xff, 0xd0, 0xc8, 0xc0, 0xff,
    0xd0, 0xc8, 0xc0, 0xff, 0xd0, 0xc8, 0xc0, 0xff, 0xd0, 0xc8, 0xc0, 0xff,
    0xd0, 0xc8, 0xc0, 0xff, 0xd0, 0xc8, 0xc0, 0xff, 0xd0, 0xc8, 0xc0, 0xff,
    0xd0, 0xc8, 0xc0, 0xff, 0xd0, 0xc8, 0xc0, 0xff, 0xd0, 0xc8, 0xc0, 0xff,
    0xd0, 0xc8, 0xc0, 0xff, 0xd0, 0xc8, 0xc0, 0xff, 0xd0, 0xc8, 0xc0, 0xff,
    0xd0, 0xc8, 0xc0, 0xff, 0xd0, 0xc8, 0xc0, 0xff, 0xd0, 0xc8, 0xc0, 0xff,
    0xd0, 0xc8, 0xc0, 0xff, 0xd0, 0xc8, 0xc0, 0xff, 0xd0, 0xc8, 0xc0, 0xff,
    0xd0, 0xc8, 0xc0, 0xff, 0xd0, 0xc8, 0xc0, 0xff, 0xd0, 0xc8, 0xc0, 0xff,
    0xd0, 0xc8, 0xc0, 0xff, 0xd0, 0xc8, 0xc0, 0xff, 0xd0, 0xc8, 0xc0, 0xff,
    0xd0, 0xc8, 0xc0, 0xff, 0xd0, 0xc8, 0xc0, 0xff, 0xd0, 0xc8, 0xc0, 0xff,
    0xd0, 0xc8, 0xc0, 0xff, 0xd0, 0xc8, 0xc0, 0xff, 0xd0, 0xc8, 0xc0, 0xff,
    0xd0, 0xc8, 0xc0, 0xff, 0xd0, 0xc8, 0xc0, 0xff, 0xd0, 0xc8, 0xc0, 0xff,
    0xd0, 0xc8, 0xc0, 0xff, 0xd0, 0xc8, 0xc0, 0xff, 0xd0, 0xc8, 0xc0, 0xff,
    0xd0, 0xc8, 0xc0, 0xff, 0xd0, 0xc8, 0xc0, 0xff, 0xd0, 0xc8, 0xc0, 0xff,
    0xd0, 0xc8, 0xc0, 0xff, 0xd0, 0xc8, 0xc0, 0xff, 0xd0, 0xc8, 0xc0, 0xff,
    0xd0, 0xc8, 0xc0, 0xff, 0xd0, 0xc8, 0xc0, 0xff, 0xd0, 0xc8, 0xc0, 0xff,
    0xd0, 0xc8, 0xc0, 0xff, 0xd0, 0xc8, 0xc0, 0xff, 0xd0, 0xc8, 0xc0, 0xff,
    0xd0, 0xc8, 0xc0, 0xff, 0xd0, 0xc8, 0xc0, 0xff, 0xd0, 0xc8, 0xc0, 0xff,
    0xd0, 0xc8, 0xc0, 0xff, 0xd0, 0xc8, 0xc0, 0xff, 0xd0, 0xc8, 0xc0, 0xff,
    0xd0, 0xc8, 0xc0, 0xff, 0xd0, 0xc8, 0xc0, 0xff, 0xd0, 0xc8, 0xc0, 0xff,
    0xd0, 0xc8, 0xc0, 0xff, 0xd0, 0xc8, 0xc0, 0xff, 0xd0, 0xc8, 0xc0, 0xff,
    0xd0, 0xc8, 0xc0, 0xff, 0xd0, 0xc8, 0xc0, 0xff, 0xd0, 0xc8, 0xc0, 0xff,
    0xd0, 0xc8, 0xc0, 0xff, 0xd0, 0xc8, 0xc0, 0xff, 0xd0, 0xc8, 0xc0, 0xff,
    0xd0, 0xc8, 0xc0, 0xff, 0xd0, 0xc8, 0xc0, 0xff, 0xd0, 0xc8, 0xc0, 0xff,
    0xd0, 0xc8, 0xc0, 0xff, 0xd0, 0xc8, 0xc0, 0xff, 0xd0, 0xc8, 0xc0, 0xff,
    0xd0, 0xc8, 0xc0, 0xff, 0xd0, 0xc8, 0xc0, 0xff, 0xd0, 0xc8, 0xc0, 0xff,
    0xd0, 0xc8, 0xc0, 0xff, 0xd0, 0xc8, 0xc0, 0xff, 0xd0, 0xc8, 0xc0, 0xff,
    0xd0, 0xc8, 0xc0, 0xff, 0xd0, 0xc8, 0xc0, 0xff, 0xd0, 0xc8, 0xc0, 0xff,
    0xd0, 0xc8, 0xc0, 0xff, 0xd0, 0xc8, 0xc0, 0xff, 0xd0, 0xc8, 0xc0, 0xff,
    0xd0, 0xc8, 0xc0, 0xff, 0xd0, 0xc8, 0xc0, 0xff, 0xd0, 0xc8, 0xc0, 0xff,
    0xd0, 0xc8, 0xc0, 0xff, 0xd0, 0xc8, 0xc0, 0xff, 0xd0, 0xc8, 0xc0, 0xff,
    0xd0, 0xc8, 0xc0, 0xff, 0xd0, 0xc8, 0xc0, 0xff, 0xd0, 0xc8, 0xc0, 0xff,
    0xd0, 0xc8, 0xc0, 0xff, 0xd0, 0xc8, 0xc0, 0xff, 0xd0, 0xc8, 0xc0, 0xff,
    0xd0, 0xc8, 0xc0, 0xff, 0xd0, 0xc8, 0xc0, 0xff, 0xd0, 0xc8, 0xc0, 0xff,
    0xd0, 0xc8, 0xc0, 0xff, 0xd0, 0xc8, 0xc0, 0xff, 0xd0, 0xc8, 0xc0, 0xff,
    0xd0, 0xc8, 0xc0, 0xff, 0xd0, 0xc8, 0xc0, 0xff, 0xd0, 0xc8, 0xc0, 0xff,
    0xd0, 0xc8, 0xc0, 0xff, 0xd0, 0xc8, 0xc0, 0xff, 0xd0, 0xc8, 0xc0, 0xff,
    0xd0, 0xc8, 0xc0, 0xff, 0xd0, 0xc8, 0xc0, 0xff, 0xd0, 0xc8, 0xc0, 0xff,
    0xd0, 0xc8, 0xc0, 0xff, 0xd0, 0xc8, 0xc0, 0xff, 0xd0, 0xc8, 0xc0, 0xff,
    0xd0, 0xc8, 0xc0, 0xff, 0xd0, 0xc8, 0xc0, 0xff, 0xd0, 0xc8, 0xc0, 0xff,
    0xd0, 0xc8, 0xc0, 0xff, 0xd0, 0xc8, 0xc0, 0xff, 0xd0, 0xc8, 0xc0, 0xff,
    0xd0, 0xc8, 0xc0, 0xff, 0xd0, 0xc8, 0xc0, 0xff, 0xd0, 0xc8, 0xc0, 0xff,
    0xd0, 0xc8, 0xc0, 0xff, 0xd0, 0xc8, 0xc0, 0xff, 0xd0, 0xc8, 0xc0, 0xff,
    0xd0, 0xc8, 0xc0, 0xff, 0xd0, 0xc8, 0xc0, 0xff, 0xd0, 0xc8, 0xc0, 0xff,
    0xd0, 0xc8, 0xc0, 0xff, 0xd0, 0xc8, 0xc0, 0xff, 0xd0, 0xc8, 0xc0, 0xff,
    0xd0, 0xc8, 0xc0, 0xff, 0xd0, 0xc8, 0xc0, 0xff, 0xd0, 0xc8, 0xc0, 0xff,
    0xd0, 0xc8, 0xc0, 0xff, 0xd0, 0xc8, 0xc0, 0xff, 0xd0, 0xc8, 0xc0, 0xff,
    0xd0, 0xc8, 0xc0, 0xff, 0xd0, 0xc8, 0xc0, 0xff, 0xd0, 0xc8, 0xc0, 0xff,
    0xd0, 0xc8, 0xc0, 0xff, 0xd0, 0xc8, 0xc0, 0xff, 0xd0, 0xc8, 0xc0, 0xff,
    0xd0, 0xc8, 0xc0, 0xff, 0xd0, 0xc8, 0xc0, 0xff, 0xd0, 0xc8, 0xc0, 0xff,
    0xd0, 0xc8, 0xc0, 0xff, 0xd0, 0xc8, 0xc0, 0xff, 0xd0, 0xc8, 0xc0, 0xff,
    0xd0, 0xc8, 0xc0, 0xff, 0xd0, 0xc8, 0xc0, 0xff, 0xd0, 0xc8, 0xc0, 0xff,
    0xd0, 0xc8, 0xc0, 0xff, 0xd0, 0xc8, 0xc0, 0xff, 0xd0, 0xc8, 0xc0, 0xff,
    0xd0, 0xc8, 0xc0, 0xff, 0xd0, 0xc8, 0xc0, 0xff, 0xd0, 0xc8, 0xc0, 0xff,
    0xd0, 0xc8, 0xc0, 0xff, 0xd0, 0xc8, 0xc0, 0xff, 0xd0, 0xc8, 0xc0, 0xff,
    0xd0, 0xc8, 0xc0, 0xff, 0xd0, 0xc8, 0xc0, 0xff, 0xd0, 0xc8, 0xc0, 0xff,
    0xd0, 0xc8, 0xc0, 0xff, 0xd0, 0xc8, 0xc0, 0xff, 0xd0, 0xc8, 0xc0, 0xff,
    0xd0, 0xc8, 0xc0, 0xff, 0xd0, 0xc8, 0xc0, 0xff, 0xd0, 0xc8, 0xc0, 0xff,
    0xd0, 0xc8, 0xc0, 0xff, 0xd0, 0xc8, 0xc0, 0xff, 0xd0, 0xc8, 0xc0, 0xff,
    0xd0, 0xc8, 0xc0, 0xff, 0xd0, 0xc8, 0xc0, 0xff, 0xd0, 0xc8, 0xc0, 0xff,
    0xd0, 0xc8, 0xc0, 0xff, 0xd0, 0xc8, 0xc0, 0xff, 0xd0, 0xc8, 0xc0, 0xff,
    0xd0, 0xc8, 0xc0, 0xff, 0xd0, 0xc8, 0xc0, 0xff, 0xd0, 0xc8, 0xc0, 0xff,
    0xd0, 0xc8, 0xc0, 0xff, 0xd0, 0xc8, 0xc0, 0xff, 0xd0, 0xc8, 0xc0, 0xff,
    0xd0, 0xc8, 0xc0, 0xff, 0xd0, 0xc8, 0xc0, 0xff, 0xd0, 0xc8, 0xc0, 0xff,
    0xd0, 0xc8, 0xc0, 0xff, 0xd0, 0xc8, 0xc0, 0xff, 0xd0, 0xc8, 0xc0, 0xff,
    0xd0, 0xc8, 0xc0, 0xff, 0xd0, 0xc8, 0xc0, 0xff, 0xd0, 0xc8, 0xc0, 0xff,
    0xd0, 0xc8, 0xc0, 0xff, 0xd0, 0xc8, 0xc0, 0xff, 0xd0, 0xc8, 0xc0, 0xff,
    0xd0, 0xc8, 0xc0, 0xff, 0xd0, 0xc8, 0xc0, 0xff, 0xd0, 0xc8, 0xc0, 0xff,
    0xd0, 0xc8, 0xc0, 0xff, 0xd0, 0xc8, 0xc0, 0xff, 0xd0, 0xc8, 0xc0, 0xff,
    0xd0, 0xc8, 0xc0, 0xff, 0xd0, 0xc8, 0xc0, 0xff, 0xd0, 0xc8, 0xc0, 0xff,
    0xd0, 0xc8, 0xc0, 0xff, 0xd0, 0xc8, 0xc0, 0xff, 0xd0, 0xc8, 0xc0, 0xff,
    0xd0, 0xc8, 0xc0, 0xff, 0xd0, 0xc8, 0xc0, 0xff, 0xd0, 0xc8, 0xc0, 0xff,
    0xd0, 0xc8, 0xc0, 0xff, 0xd0, 0xc8, 0xc0, 0xff, 0xd0, 0xc8, 0xc0, 0xff,
    0xd0, 0xc8, 0xc0, 0xff, 0xd0, 0xc8, 0xc0, 0xff, 0xd0, 0xc8, 0xc0, 0xff,
    0xd0, 0xc8, 0xc0, 0xff, 0xd0, 0xc8, 0xc0, 0xff, 0xd0, 0xc8, 0xc0, 0xff,
    0xd0, 0xc8, 0xc0, 0xff, 0xd0, 0xc8, 0xc0, 0xff, 0xd0, 0xc8, 0xc0, 0xff,
    0xd0, 0xc8, 0xc0, 0xff, 0xd0, 0xc8, 0xc0, 0xff, 0xd0, 0xc8, 0xc0, 0xff,
    0xd0, 0xc8, 0xc0, 0xff, 0xd0, 0xc8, 0xc0, 0xff, 0xd0, 0xc8, 0xc0, 0xff,
    0xd0, 0xc8, 0xc0, 0xff, 0xd0, 0xc8, 0xc0, 0xff, 0xd0, 0xc8, 0xc0, 0xff,
    0xd0, 0xc8, 0xc0, 0xff, 0xd0, 0xc8, 0xc0, 0xff, 0xd0, 0xc8, 0xc0, 0xff,
    0xd0, 0xc8, 0xc0, 0xbe, 0xd8, 0xc8, 0xc0, 0x5d, 0x00, 0x00, 0x00, 0x00,
    0x00, 0x00, 0x00, 0x00, 0x00, 0x00, 0x00, 0x00, 0xd0, 0xc8, 0xc0, 0x82,
    0xd0, 0xc8, 0xc0, 0xff, 0xd0, 0xc8, 0xc0, 0xff, 0xd0, 0xc8, 0xc0, 0xff,
    0xd0, 0xc8, 0xc0, 0xff, 0xd0, 0xc8, 0xc0, 0xff, 0xd0, 0xc8, 0xc0, 0xff,
    0xd0, 0xc8, 0xc0, 0xff, 0xd0, 0xc8, 0xc0, 0xff, 0xd0, 0xc8, 0xc0, 0xff,
    0xd0, 0xc8, 0xc0, 0xff, 0xd0, 0xc8, 0xc0, 0xff, 0xd0, 0xc8, 0xc0, 0xff,
    0xd0, 0xc8, 0xc0, 0xff, 0xd0, 0xc8, 0xc0, 0xff, 0xd0, 0xc8, 0xc0, 0xff,
    0xd0, 0xc8, 0xc0, 0xff, 0xd0, 0xc8, 0xc0, 0xff, 0xd0, 0xc8, 0xc0, 0xff,
    0xd0, 0xc8, 0xc0, 0xff, 0xd0, 0xc8, 0xc0, 0xff, 0xd0, 0xc8, 0xc0, 0xff,
    0xd0, 0xc8, 0xc0, 0xff, 0xd0, 0xc8, 0xc0, 0xff, 0xd0, 0xc8, 0xc0, 0xff,
    0xd0, 0xc8, 0xc0, 0xff, 0xd0, 0xc8, 0xc0, 0xff, 0xd0, 0xc8, 0xc0, 0xff,
    0xd0, 0xc8, 0xc0, 0xff, 0xd0, 0xc8, 0xc0, 0xff, 0xd0, 0xc8, 0xc0, 0xff,
    0xd0, 0xc8, 0xc0, 0xff, 0xd0, 0xc8, 0xc0, 0xff, 0xd0, 0xc8, 0xc0, 0xff,
    0xd0, 0xc8, 0xc0, 0xff, 0xd0, 0xc8, 0xc0, 0xff, 0xd0, 0xc8, 0xc0, 0xff,
    0xd0, 0xc8, 0xc0, 0xff, 0xd0, 0xc8, 0xc0, 0xff, 0xd0, 0xc8, 0xc0, 0xff,
    0xd0, 0xc8, 0xc0, 0xff, 0xd0, 0xc8, 0xc0, 0xff, 0xd0, 0xc8, 0xc0, 0xff,
    0xd0, 0xc8, 0xc0, 0xff, 0xd0, 0xc8, 0xc0, 0xff, 0xd0, 0xc8, 0xc0, 0xff,
    0xd0, 0xc8, 0xc0, 0xff, 0xd0, 0xc8, 0xc0, 0xff, 0xd0, 0xc8, 0xc0, 0xff,
    0xd0, 0xc8, 0xc0, 0xff, 0xd0, 0xc8, 0xc0, 0xff, 0xd0, 0xc8, 0xc0, 0xff,
    0xd0, 0xc8, 0xc0, 0xff, 0xd0, 0xc8, 0xc0, 0xff, 0xd0, 0xc8, 0xc0, 0xff,
    0xd0, 0xc8, 0xc0, 0xff, 0xd0, 0xc8, 0xc0, 0xff, 0xd0, 0xc8, 0xc0, 0xff,
    0xd0, 0xc8, 0xc0, 0xff, 0xd0, 0xc8, 0xc0, 0xff, 0xd0, 0xc8, 0xc0, 0xff,
    0xd0, 0xc8, 0xc0, 0xff, 0xd0, 0xc8, 0xc0, 0xff, 0xd0, 0xc8, 0xc0, 0xff,
    0xd0, 0xc8, 0xc0, 0xff, 0xd0, 0xc8, 0xc0, 0xff, 0xd0, 0xc8, 0xc0, 0xff,
    0xd0, 0xc8, 0xc0, 0xff, 0xd0, 0xc8, 0xc0, 0xff, 0xd0, 0xc8, 0xc0, 0xff,
    0xd0, 0xc8, 0xc0, 0xff, 0xd0, 0xc8, 0xc0, 0xff, 0xd0, 0xc8, 0xc0, 0xff,
    0xd0, 0xc8, 0xc0, 0xff, 0xd0, 0xc8, 0xc0, 0xff, 0xd0, 0xc8, 0xc0, 0xff,
    0xd0, 0xc8, 0xc0, 0xff, 0xd0, 0xc8, 0xc0, 0xff, 0xd0, 0xc8, 0xc0, 0xff,
    0xd0, 0xc8, 0xc0, 0xff, 0xd0, 0xc8, 0xc0, 0xff, 0xd0, 0xc8, 0xc0, 0xff,
    0xd0, 0xc8, 0xc0, 0xff, 0xd0, 0xc8, 0xc0, 0xff, 0xd0, 0xc8, 0xc0, 0xff,
    0xd0, 0xc8, 0xc0, 0xff, 0xd0, 0xc8, 0xc0, 0xff, 0xd0, 0xc8, 0xc0, 0xff,
    0xd0, 0xc8, 0xc0, 0xff, 0xd0, 0xc8, 0xc0, 0xff, 0xd0, 0xc8, 0xc0, 0xff,
    0xd0, 0xc8, 0xc0, 0xff, 0xd0, 0xc8, 0xc0, 0xff, 0xd0, 0xc8, 0xc0, 0xff,
    0xd0, 0xc8, 0xc0, 0xff, 0xd0, 0xc8, 0xc0, 0xff, 0xd0, 0xc8, 0xc0, 0xff,
    0xd0, 0xc8, 0xc0, 0xff, 0xd0, 0xc8, 0xc0, 0xff, 0xd0, 0xc8, 0xc0, 0xff,
    0xd0, 0xc8, 0xc0, 0xff, 0xd0, 0xc8, 0xc0, 0xff, 0xd0, 0xc8, 0xc0, 0xff,
    0xd0, 0xc8, 0xc0, 0xff, 0xd0, 0xc8, 0xc0, 0xff, 0xd0, 0xc8, 0xc0, 0xff,
    0xd0, 0xc8, 0xc0, 0xff, 0xd0, 0xc8, 0xc0, 0xff, 0xd0, 0xc8, 0xc0, 0xff,
    0xd0, 0xc8, 0xc0, 0xff, 0xd0, 0xc8, 0xc0, 0xff, 0xd0, 0xc8, 0xc0, 0xff,
    0xd0, 0xc8, 0xc0, 0xff, 0xd0, 0xc8, 0xc0, 0xff, 0xd0, 0xc8, 0xc0, 0xff,
    0xd0, 0xc8, 0xc0, 0xff, 0xd0, 0xc8, 0xc0, 0xff, 0xd0, 0xc8, 0xc0, 0xff,
    0xd0, 0xc8, 0xc0, 0xff, 0xd0, 0xc8, 0xc0, 0xff, 0xd0, 0xc8, 0xc0, 0xff,
    0xd0, 0xc8, 0xc0, 0xff, 0xd0, 0xc8, 0xc0, 0xff, 0xd0, 0xc8, 0xc0, 0xff,
    0xd0, 0xc8, 0xc0, 0xff, 0xd0, 0xc8, 0xc0, 0xff, 0xd0, 0xc8, 0xc0, 0xff,
    0xd0, 0xc8, 0xc0, 0xff, 0xd0, 0xc8, 0xc0, 0xff, 0xd0, 0xc8, 0xc0, 0xff,
    0xd0, 0xc8, 0xc0, 0xff, 0xd0, 0xc8, 0xc0, 0xff, 0xd0, 0xc8, 0xc0, 0xff,
    0xd0, 0xc8, 0xc0, 0xff, 0xd0, 0xc8, 0xc0, 0xff, 0xd0, 0xc8, 0xc0, 0xff,
    0xd0, 0xc8, 0xc0, 0xff, 0xd0, 0xc8, 0xc0, 0xff, 0xd0, 0xc8, 0xc0, 0xff,
    0xd0, 0xc8, 0xc0, 0xff, 0xd0, 0xc8, 0xc0, 0xff, 0xd0, 0xc8, 0xc0, 0xff,
    0xd0, 0xc8, 0xc0, 0xff, 0xd0, 0xc8, 0xc0, 0xff, 0xd0, 0xc8, 0xc0, 0xff,
    0xd0, 0xc8, 0xc0, 0xff, 0xd0, 0xc8, 0xc0, 0xff, 0xd0, 0xc8, 0xc0, 0xff,
    0xd0, 0xc8, 0xc0, 0xff, 0xd0, 0xc8, 0xc0, 0xff, 0xd0, 0xc8, 0xc0, 0xff,
    0xd0, 0xc8, 0xc0, 0xff, 0xd0, 0xc8, 0xc0, 0xff, 0xd0, 0xc8, 0xc0, 0xff,
    0xd0, 0xc8, 0xc0, 0xff, 0xd0, 0xc8, 0xc0, 0xff, 0xd0, 0xc8, 0xc0, 0xff,
    0xd0, 0xc8, 0xc0, 0xff, 0xd0, 0xc8, 0xc0, 0xff, 0xd0, 0xc8, 0xc0, 0xff,
    0xd0, 0xc8, 0xc0, 0xff, 0xd0, 0xc8, 0xc0, 0xff, 0xd0, 0xc8, 0xc0, 0xff,
    0xd0, 0xc8, 0xc0, 0xff, 0xd0, 0xc8, 0xc0, 0xff, 0xd0, 0xc8, 0xc0, 0xff,
    0xd0, 0xc8, 0xc0, 0xff, 0xd0, 0xc8, 0xc0, 0xff, 0xd0, 0xc8, 0xc0, 0xff,
    0xd0, 0xc8, 0xc0, 0xff, 0xd0, 0xc8, 0xc0, 0xff, 0xd0, 0xc8, 0xc0, 0xff,
    0xd0, 0xc8, 0xc0, 0xff, 0xd0, 0xc8, 0xc0, 0xff, 0xd0, 0xc8, 0xc0, 0xff,
    0xd0, 0xc8, 0xc0, 0xff, 0xd0, 0xc8, 0xc0, 0xff, 0xd0, 0xc8, 0xc0, 0xff,
    0xd0, 0xc8, 0xc0, 0xff, 0xd0, 0xc8, 0xc0, 0xff, 0xd0, 0xc8, 0xc0, 0xff,
    0xd0, 0xc8, 0xc0, 0xff, 0xd0, 0xc8, 0xc0, 0xff, 0xd0, 0xc8, 0xc0, 0xff,
    0xd0, 0xc8, 0xc0, 0xff, 0xd0, 0xc8, 0xc0, 0xff, 0xd0, 0xc8, 0xc0, 0xff,
    0xd0, 0xc8, 0xc0, 0xff, 0xd0, 0xc8, 0xc0, 0xff, 0xd0, 0xc8, 0xc0, 0xff,
    0xd0, 0xc8, 0xc0, 0xff, 0xd0, 0xc8, 0xc0, 0xff, 0xd0, 0xc8, 0xc0, 0xff,
    0xd0, 0xc8, 0xc0, 0xff, 0xd0, 0xc8, 0xc0, 0xff, 0xd0, 0xc8, 0xc0, 0xff,
    0xd0, 0xc8, 0xc0, 0xff, 0xd0, 0xc8, 0xc0, 0xff, 0xd0, 0xc8, 0xc0, 0xff,
    0xd0, 0xc8, 0xc0, 0xff, 0xd0, 0xc8, 0xc0, 0xff, 0xd0, 0xc8, 0xc0, 0xff,
    0xd0, 0xc8, 0xc0, 0xff, 0xd0, 0xc8, 0xc0, 0xff, 0xd0, 0xc8, 0xc0, 0xff,
    0xd0, 0xc8, 0xc0, 0xff, 0xd0, 0xc8, 0xc0, 0xff, 0xd0, 0xc8, 0xc0, 0xff,
    0xd0, 0xc8, 0xc0, 0xff, 0xd0, 0xc8, 0xc0, 0xff, 0xd0, 0xc8, 0xc0, 0xff,
    0xd0, 0xc8, 0xc0, 0xff, 0xd0, 0xc8, 0xc0, 0xff, 0xd0, 0xc8, 0xc0, 0xff,
    0xd0, 0xc8, 0xc0, 0xff, 0xd0, 0xc8, 0xc0, 0xff, 0xd0, 0xc8, 0xc0, 0xff,
    0xd0, 0xc8, 0xc0, 0xff, 0xd0, 0xc8, 0xc0, 0xff, 0xd0, 0xc8, 0xc0, 0xff,
    0xd0, 0xc8, 0xc0, 0xff, 0xd0, 0xc8, 0xc0, 0xff, 0xd0, 0xc8, 0xc0, 0xff,
    0xd0, 0xc8, 0xc0, 0xff, 0xd0, 0xc8, 0xc0, 0xff, 0xd0, 0xc8, 0xc0, 0xff,
    0xd0, 0xc8, 0xc0, 0xff, 0xd0, 0xc8, 0xc0, 0xff, 0xd0, 0xc8, 0xc0, 0xff,
    0xd0, 0xc8, 0xc0, 0xff, 0xd0, 0xc8, 0xc0, 0xff, 0xd0, 0xc8, 0xc0, 0xff,
    0xd0, 0xc8, 0xc0, 0xff, 0xd0, 0xc8, 0xc0, 0xff, 0xd0, 0xc8, 0xc0, 0xff,
    0xd0, 0xc8, 0xc0, 0xff, 0xd0, 0xc8, 0xc0, 0xff, 0xd0, 0xc8, 0xc0, 0xff,
    0xd0, 0xc8, 0xc0, 0xff, 0xd0, 0xc8, 0xc0, 0xff, 0xd0, 0xc8, 0xc0, 0xff,
    0xd0, 0xc8, 0xc0, 0xff, 0xd0, 0xc8, 0xc0, 0xff, 0xd0, 0xc8, 0xc0, 0xff,
    0xd0, 0xc8, 0xc0, 0xff, 0xd0, 0xc8, 0xc0, 0xff, 0xd0, 0xc8, 0xc0, 0xff,
    0xd0, 0xc8, 0xc0, 0xff, 0xd0, 0xc8, 0xc0, 0xff, 0xd0, 0xc8, 0xc0, 0xff,
    0xd0, 0xc8, 0xc0, 0xff, 0xd0, 0xc8, 0xc0, 0xff, 0xd0, 0xc8, 0xc0, 0xff,
    0xd0, 0xc8, 0xc0, 0xff, 0xd0, 0xc8, 0xc0, 0xff, 0xd0, 0xc8, 0xc0, 0xff,
    0xd0, 0xc8, 0xc0, 0xff, 0xd0, 0xc8, 0xc0, 0xff, 0xd0, 0xc8, 0xc0, 0xff,
    0xd0, 0xc8, 0xc0, 0xff, 0xd0, 0xc8, 0xc0, 0xff, 0xd0, 0xc8, 0xc0, 0xff,
    0xd0, 0xc8, 0xc0, 0xff, 0xd0, 0xc8, 0xc0, 0xff, 0xd0, 0xc8, 0xc0, 0xff,
    0xd0, 0xc8, 0xc0, 0xff, 0xd0, 0xc8, 0xc0, 0xff, 0xd0, 0xc8, 0xc0, 0xff,
    0xd0, 0xc8, 0xc0, 0xff, 0xd0, 0xc8, 0xc0, 0xff, 0xd0, 0xc8, 0xc0, 0xff,
    0xd0, 0xc8, 0xc0, 0xff, 0xd0, 0xc8, 0xc0, 0xff, 0xd0, 0xc8, 0xc0, 0xff,
    0xd0, 0xc8, 0xc0, 0xff, 0xd0, 0xc8, 0xc0, 0xff, 0xd0, 0xc8, 0xc0, 0xff,
    0xd0, 0xc8, 0xc0, 0xff, 0xd0, 0xc8, 0xc0, 0xff, 0xd0, 0xc8, 0xc0, 0xff,
    0xd0, 0xc8, 0xc0, 0xff, 0xd0, 0xc8, 0xc0, 0xff, 0xd0, 0xc8, 0xc0, 0xff,
    0xd0, 0xc8, 0xc0, 0xff, 0xd0, 0xc8, 0xc0, 0xff, 0xd0, 0xc8, 0xc0, 0xff,
    0xd0, 0xc8, 0xc0, 0xff, 0xd0, 0xc8, 0xc0, 0xff, 0xd0, 0xc8, 0xc0, 0xff,
    0xd0, 0xc8, 0xc0, 0xff, 0xd0, 0xc8, 0xc0, 0xff, 0xd0, 0xc8, 0xc0, 0xff,
    0xd0, 0xc8, 0xc0, 0xff, 0xd0, 0xc8, 0xc0, 0xff, 0xd0, 0xc8, 0xc0, 0xff,
    0xd0, 0xc8, 0xc0, 0xff, 0xd0, 0xc8, 0xc0, 0xff, 0xd0, 0xc8, 0xc0, 0xff,
    0xd0, 0xc8, 0xc0, 0xff, 0xd0, 0xc8, 0xc0, 0xff, 0xd0, 0xc8, 0xc0, 0xff,
    0xd0, 0xc8, 0xc0, 0xff, 0xd0, 0xc8, 0xc0, 0xff, 0xd0, 0xc8, 0xc0, 0xff,
    0xd0, 0xc8, 0xc0, 0xff, 0xd0, 0xc8, 0xc0, 0xff, 0xd0, 0xc8, 0xc0, 0xff,
    0xd0, 0xc8, 0xc0, 0xff, 0xd0, 0xc8, 0xc0, 0xff, 0xd0, 0xc8, 0xc0, 0xff,
    0xd0, 0xc8, 0xc0, 0xff, 0xd0, 0xc8, 0xc0, 0xff, 0xd0, 0xc8, 0xc0, 0xff,
    0xd0, 0xc8, 0xc0, 0xff, 0xd0, 0xc8, 0xc0, 0xff, 0xd0, 0xc8, 0xc0, 0xff,
    0xd0, 0xc8, 0xc0, 0xff, 0xd0, 0xc8, 0xc0, 0xff, 0xd0, 0xc8, 0xc0, 0xff,
    0xd0, 0xc8, 0xc0, 0xff, 0xd0, 0xc8, 0xc0, 0xff, 0xd0, 0xc8, 0xc0, 0xff,
    0xd0, 0xc8, 0xc0, 0xff, 0xd0, 0xc8, 0xc0, 0xff, 0xd0, 0xc8, 0xc0, 0xff,
    0xd0, 0xc8, 0xc0, 0xff, 0xd0, 0xc8, 0xc0, 0xff, 0xd0, 0xc8, 0xc0, 0xff,
    0xd0, 0xc8, 0xc0, 0xff, 0xd0, 0xc8, 0xc0, 0xff, 0xd0, 0xc8, 0xc0, 0xff,
    0xd0, 0xc8, 0xc0, 0xff, 0xd0, 0xc8, 0xc0, 0xff, 0xd0, 0xc8, 0xc0, 0xff,
    0xd0, 0xc8, 0xc0, 0xff, 0xd0, 0xc8, 0xc0, 0xff, 0xd0, 0xc8, 0xc0, 0xff,
    0xd0, 0xc8, 0xc0, 0xff, 0xd0, 0xc8, 0xc0, 0xff, 0xd0, 0xc8, 0xc0, 0xff,
    0xd0, 0xc8, 0xc0, 0xff, 0xd0, 0xc8, 0xc0, 0xff, 0xd0, 0xc8, 0xc0, 0xff,
    0xd0, 0xc8, 0xc0, 0xff, 0xd0, 0xc8, 0xc0, 0xff, 0xd0, 0xc8, 0xc0, 0xff,
    0xd0, 0xc8, 0xc0, 0xff, 0xd0, 0xc8, 0xc0, 0xff, 0xd0, 0xc8, 0xc0, 0xff,
    0xd0, 0xc8, 0xc0, 0xff, 0xd0, 0xc8, 0xc0, 0xff, 0xd0, 0xc8, 0xc0, 0xff,
    0xd0, 0xc8, 0xc0, 0xff, 0xd0, 0xc8, 0xc0, 0xff, 0xd0, 0xc8, 0xc0, 0xff,
    0xd0, 0xc8, 0xc0, 0xff, 0xd0, 0xc8, 0xc0, 0xff, 0xd0, 0xc8, 0xc0, 0xff,
    0xd0, 0xc8, 0xc0, 0xff, 0xd0, 0xc8, 0xc0, 0xff, 0xd0, 0xc8, 0xc0, 0xff,
    0xd0, 0xc8, 0xc0, 0xff, 0xd0, 0xc8, 0xc0, 0xff, 0xd0, 0xc8, 0xc0, 0xff,
    0xd0, 0xc8, 0xc0, 0xff, 0xd0, 0xc8, 0xc0, 0xff, 0xd0, 0xc8, 0xc0, 0xff,
    0xd0, 0xc8, 0xc0, 0xff, 0xd0, 0xc8, 0xc0, 0xff, 0xd0, 0xc8, 0xc0, 0xff,
    0xd0, 0xc8, 0xc0, 0xff, 0xd0, 0xc8, 0xc0, 0xff, 0xd0, 0xc8, 0xc0, 0xff,
    0xd0, 0xc8, 0xc0, 0xff, 0xd0, 0xc8, 0xc0, 0xff, 0xd0, 0xc8, 0xc0, 0xff,
    0xd0, 0xc8, 0xc0, 0xff, 0xd0, 0xc8, 0xc0, 0xff, 0xd0, 0xc8, 0xc0, 0xff,
    0xd0, 0xc8, 0xc0, 0xff, 0xd0, 0xc8, 0xc0, 0xff, 0xd0, 0xc8, 0xc0, 0xff,
    0xd0, 0xc8, 0xc0, 0xff, 0xd0, 0xc8, 0xc0, 0xff, 0xd0, 0xc8, 0xc0, 0xff,
    0xd0, 0xc8, 0xc0, 0xff, 0xd0, 0xc8, 0xc0, 0xff, 0xd0, 0xc8, 0xc0, 0xff,
    0xd0, 0xc8, 0xc0, 0xff, 0xd0, 0xc8, 0xc0, 0xff, 0xd0, 0xc8, 0xc0, 0xff,
    0xd0, 0xc8, 0xc0, 0xff, 0xd0, 0xc8, 0xc0, 0xff, 0xd0, 0xc8, 0xc0, 0xff,
    0xd0, 0xc8, 0xc0, 0xff, 0xd0, 0xc8, 0xc0, 0xff, 0xd0, 0xc8, 0xc0, 0xff,
    0xd0, 0xc8, 0xc0, 0x82, 0x00, 0x00, 0x00, 0x00, 0xd0, 0xc8, 0xc0, 0x61,
    0xd0, 0xc8, 0xc0, 0xff, 0xd8, 0xc8, 0xc0, 0xff, 0xd0, 0xc8, 0xc0, 0xff,
    0xd8, 0xcc, 0xc0, 0xff, 0xd8, 0xc8, 0xc0, 0xff, 0xd0, 0xcc, 0xc0, 0xff,
    0xd8, 0xc8, 0xc0, 0xff, 0xd8, 0xcc, 0xc0, 0xff, 0xd0, 0xc8, 0xc0, 0xff,
    0xd8, 0xcc, 0xc0, 0xff, 0xd8, 0xc8, 0xc0, 0xff, 0xd0, 0xcc, 0xc0, 0xff,
    0xd8, 0xc8, 0xc0, 0xff, 0xd8, 0xcc, 0xc0, 0xff, 0xd0, 0xc8, 0xc0, 0xff,
    0xd8, 0xcc, 0xc0, 0xff, 0xd8, 0xc8, 0xc0, 0xff, 0xd0, 0xcc, 0xc0, 0xff,
    0xd8, 0xc8, 0xc0, 0xff, 0xd8, 0xcc, 0xc0, 0xff, 0xd0, 0xc8, 0xc0, 0xff,
    0xd8, 0xcc, 0xc0, 0xff, 0xd8, 0xc8, 0xc0, 0xff, 0xd0, 0xcc, 0xc0, 0xff,
    0xd8, 0xc8, 0xc0, 0xff, 0xd8, 0xcc, 0xc0, 0xff, 0xd0, 0xc8, 0xc0, 0xff,
    0xd8, 0xcc, 0xc0, 0xff, 0xd8, 0xc8, 0xc0, 0xff, 0xd0, 0xcc, 0xc0, 0xff,
    0xd8, 0xc8, 0xc0, 0xff, 0xd8, 0xcc, 0xc0, 0xff, 0xd0, 0xc8, 0xc0, 0xff,
    0xd8, 0xcc, 0xc0, 0xff, 0xd8, 0xc8, 0xc0, 0xff, 0xd0, 0xcc, 0xc0, 0xff,
    0xd8, 0xc8, 0xc0, 0xff, 0xd8, 0xcc, 0xc0, 0xff, 0xd0, 0xc8, 0xc0, 0xff,
    0xd8, 0xcc, 0xc0, 0xff, 0xd8, 0xc8, 0xc0, 0xff, 0xd0, 0xcc, 0xc0, 0xff,
    0xd8, 0xc8, 0xc0, 0xff, 0xd8, 0xcc, 0xc0, 0xff, 0xd0, 0xc8, 0xc0, 0xff,
    0xd8, 0xcc, 0xc0, 0xff, 0xd8, 0xc8, 0xc0, 0xff, 0xd0, 0xcc, 0xc0, 0xff,
    0xd8, 0xc8, 0xc0, 0xff, 0xd8, 0xcc, 0xc0, 0xff, 0xd0, 0xc8, 0xc0, 0xff,
    0xd8, 0xcc, 0xc0, 0xff, 0xd8, 0xc8, 0xc0, 0xff, 0xd0, 0xcc, 0xc0, 0xff,
    0xd8, 0xc8, 0xc0, 0xff, 0xd8, 0xcc, 0xc0, 0xff, 0xd0, 0xc8, 0xc0, 0xff,
    0xd8, 0xcc, 0xc0, 0xff, 0xd8, 0xc8, 0xc0, 0xff, 0xd0, 0xcc, 0xc0, 0xff,
    0xd8, 0xc8, 0xc0, 0xff, 0xd8, 0xcc, 0xc0, 0xff, 0xd0, 0xc8, 0xc0, 0xff,
    0xd8, 0xcc, 0xc0, 0xff, 0xd8, 0xc8, 0xc0, 0xff, 0xd0, 0xcc, 0xc0, 0xff,
    0xd8, 0xc8, 0xc0, 0xff, 0xd8, 0xcc, 0xc0, 0xff, 0xd0, 0xc8, 0xc0, 0xff,
    0xd8, 0xcc, 0xc0, 0xff, 0xd8, 0xc8, 0xc0, 0xff, 0xd0, 0xcc, 0xc0, 0xff,
    0xd8, 0xc8, 0xc0, 0xff, 0xd8, 0xcc, 0xc0, 0xff, 0xd0, 0xc8, 0xc0, 0xff,
    0xd8, 0xcc, 0xc0, 0xff, 0xd8, 0xc8, 0xc0, 0xff, 0xd0, 0xcc, 0xc0, 0xff,
    0xd8, 0xc8, 0xc0, 0xff, 0xd8, 0xcc, 0xc0, 0xff, 0xd0, 0xc8, 0xc0, 0xff,
    0xd8, 0xcc, 0xc0, 0xff, 0xd8, 0xc8, 0xc0, 0xff, 0xd0, 0xcc, 0xc0, 0xff,
    0xd8, 0xc8, 0xc0, 0xff, 0xd8, 0xcc, 0xc0, 0xff, 0xd0, 0xc8, 0xc0, 0xff,
    0xd8, 0xcc, 0xc0, 0xff, 0xd8, 0xc8, 0xc0, 0xff, 0xd0, 0xcc, 0xc0, 0xff,
    0xd8, 0xc8, 0xc0, 0xff, 0xd8, 0xcc, 0xc0, 0xff, 0xd0, 0xc8, 0xc0, 0xff,
    0xd8, 0xcc, 0xc0, 0xff, 0xd8, 0xc8, 0xc0, 0xff, 0xd0, 0xcc, 0xc0, 0xff,
    0xd8, 0xc8, 0xc0, 0xff, 0xd8, 0xcc, 0xc0, 0xff, 0xd0, 0xc8, 0xc0, 0xff,
    0xd8, 0xcc, 0xc0, 0xff, 0xd8, 0xc8, 0xc0, 0xff, 0xd0, 0xcc, 0xc0, 0xff,
    0xd8, 0xc8, 0xc0, 0xff, 0xd8, 0xcc, 0xc0, 0xff, 0xd0, 0xc8, 0xc0, 0xff,
    0xd8, 0xcc, 0xc0, 0xff, 0xd8, 0xc8, 0xc0, 0xff, 0xd0, 0xcc, 0xc0, 0xff,
    0xd8, 0xc8, 0xc0, 0xff, 0xd8, 0xcc, 0xc0, 0xff, 0xd0, 0xc8, 0xc0, 0xff,
    0xd8, 0xcc, 0xc0, 0xff, 0xd8, 0xc8, 0xc0, 0xff, 0xd0, 0xcc, 0xc0, 0xff,
    0xd8, 0xc8, 0xc0, 0xff, 0xd8, 0xcc, 0xc0, 0xff, 0xd0, 0xc8, 0xc0, 0xff,
    0xd8, 0xcc, 0xc0, 0xff, 0xd8, 0xc8, 0xc0, 0xff, 0xd0, 0xcc, 0xc0, 0xff,
    0xd8, 0xc8, 0xc0, 0xff, 0xd8, 0xcc, 0xc0, 0xff, 0xd0, 0xc8, 0xc0, 0xff,
    0xd8, 0xcc, 0xc0, 0xff, 0xd8, 0xc8, 0xc0, 0xff, 0xd0, 0xcc, 0xc0, 0xff,
    0xd8, 0xc8, 0xc0, 0xff, 0xd8, 0xcc, 0xc0, 0xff, 0xd0, 0xc8, 0xc0, 0xff,
    0xd8, 0xcc, 0xc0, 0xff, 0xd8, 0xc8, 0xc0, 0xff, 0xd0, 0xcc, 0xc0, 0xff,
    0xd8, 0xc8, 0xc0, 0xff, 0xd8, 0xcc, 0xc0, 0xff, 0xd0, 0xc8, 0xc0, 0xff,
    0xd8, 0xcc, 0xc0, 0xff, 0xd8, 0xc8, 0xc0, 0xff, 0xd0, 0xcc, 0xc0, 0xff,
    0xd8, 0xc8, 0xc0, 0xff, 0xd8, 0xcc, 0xc0, 0xff, 0xd0, 0xc8, 0xc0, 0xff,
    0xd8, 0xcc, 0xc0, 0xff, 0xd8, 0xc8, 0xc0, 0xff, 0xd0, 0xcc, 0xc0, 0xff,
    0xd8, 0xc8, 0xc0, 0xff, 0xd8, 0xcc, 0xc0, 0xff, 0xd0, 0xc8, 0xc0, 0xff,
    0xd8, 0xcc, 0xc0, 0xff, 0xd8, 0xc8, 0xc0, 0xff, 0xd0, 0xcc, 0xc0, 0xff,
    0xd8, 0xc8, 0xc0, 0xff, 0xd8, 0xcc, 0xc0, 0xff, 0xd0, 0xc8, 0xc0, 0xff,
    0xd8, 0xcc, 0xc0, 0xff, 0xd8, 0xc8, 0xc0, 0xff, 0xd0, 0xcc, 0xc0, 0xff,
    0xd8, 0xc8, 0xc0, 0xff, 0xd8, 0xcc, 0xc0, 0xff, 0xd0, 0xc8, 0xc0, 0xff,
    0xd8, 0xcc, 0xc0, 0xff, 0xd8, 0xc8, 0xc0, 0xff, 0xd0, 0xcc, 0xc0, 0xff,
    0xd8, 0xc8, 0xc0, 0xff, 0xd8, 0xcc, 0xc0, 0xff, 0xd0, 0xc8, 0xc0, 0xff,
    0xd8, 0xcc, 0xc0, 0xff, 0xd8, 0xc8, 0xc0, 0xff, 0xd0, 0xcc, 0xc0, 0xff,
    0xd8, 0xc8, 0xc0, 0xff, 0xd8, 0xcc, 0xc0, 0xff, 0xd0, 0xc8, 0xc0, 0xff,
    0xd8, 0xcc, 0xc0, 0xff, 0xd8, 0xc8, 0xc0, 0xff, 0xd0, 0xcc, 0xc0, 0xff,
    0xd8, 0xc8, 0xc0, 0xff, 0xd8, 0xcc, 0xc0, 0xff, 0xd0, 0xc8, 0xc0, 0xff,
    0xd8, 0xcc, 0xc0, 0xff, 0xd8, 0xc8, 0xc0, 0xff, 0xd0, 0xcc, 0xc0, 0xff,
    0xd8, 0xc8, 0xc0, 0xff, 0xd8, 0xcc, 0xc0, 0xff, 0xd0, 0xc8, 0xc0, 0xff,
    0xd8, 0xcc, 0xc0, 0xff, 0xd8, 0xc8, 0xc0, 0xff, 0xd0, 0xcc, 0xc0, 0xff,
    0xd8, 0xc8, 0xc0, 0xff, 0xd8, 0xcc, 0xc0, 0xff, 0xd0, 0xc8, 0xc0, 0xff,
    0xd8, 0xcc, 0xc0, 0xff, 0xd8, 0xc8, 0xc0, 0xff, 0xd0, 0xcc, 0xc0, 0xff,
    0xd8, 0xc8, 0xc0, 0xff, 0xd8, 0xcc, 0xc0, 0xff, 0xd0, 0xc8, 0xc0, 0xff,
    0xd8, 0xcc, 0xc0, 0xff, 0xd8, 0xc8, 0xc0, 0xff, 0xd0, 0xcc, 0xc0, 0xff,
    0xd8, 0xc8, 0xc0, 0xff, 0xd8, 0xcc, 0xc0, 0xff, 0xd0, 0xc8, 0xc0, 0xff,
    0xd8, 0xcc, 0xc0, 0xff, 0xd8, 0xc8, 0xc0, 0xff, 0xd0, 0xcc, 0xc0, 0xff,
    0xd8, 0xc8, 0xc0, 0xff, 0xd8, 0xcc, 0xc0, 0xff, 0xd0, 0xc8, 0xc0, 0xff,
    0xd8, 0xcc, 0xc0, 0xff, 0xd8, 0xc8, 0xc0, 0xff, 0xd0, 0xcc, 0xc0, 0xff,
    0xd8, 0xc8, 0xc0, 0xff, 0xd8, 0xcc, 0xc0, 0xff, 0xd0, 0xc8, 0xc0, 0xff,
    0xd8, 0xcc, 0xc0, 0xff, 0xd8, 0xc8, 0xc0, 0xff, 0xd0, 0xcc, 0xc0, 0xff,
    0xd8, 0xc8, 0xc0, 0xff, 0xd8, 0xcc, 0xc0, 0xff, 0xd0, 0xc8, 0xc0, 0xff,
    0xd8, 0xcc, 0xc0, 0xff, 0xd8, 0xc8, 0xc0, 0xff, 0xd0, 0xcc, 0xc0, 0xff,
    0xd8, 0xc8, 0xc0, 0xff, 0xd8, 0xcc, 0xc0, 0xff, 0xd0, 0xc8, 0xc0, 0xff,
    0xd8, 0xcc, 0xc0, 0xff, 0xd8, 0xc8, 0xc0, 0xff, 0xd0, 0xcc, 0xc0, 0xff,
    0xd8, 0xc8, 0xc0, 0xff, 0xd8, 0xcc, 0xc0, 0xff, 0xd0, 0xc8, 0xc0, 0xff,
    0xd8, 0xcc, 0xc0, 0xff, 0xd8, 0xc8, 0xc0, 0xff, 0xd0, 0xcc, 0xc0, 0xff,
    0xd8, 0xc8, 0xc0, 0xff, 0xd8, 0xcc, 0xc0, 0xff, 0xd0, 0xc8, 0xc0, 0xff,
    0xd8, 0xcc, 0xc0, 0xff, 0xd8, 0xc8, 0xc0, 0xff, 0xd0, 0xcc, 0xc0, 0xff,
    0xd8, 0xc8, 0xc0, 0xff, 0xd8, 0xcc, 0xc0, 0xff, 0xd0, 0xc8, 0xc0, 0xff,
    0xd8, 0xcc, 0xc0, 0xff, 0xd8, 0xc8, 0xc0, 0xff, 0xd0, 0xcc, 0xc0, 0xff,
    0xd8, 0xc8, 0xc0, 0xff, 0xd8, 0xcc, 0xc0, 0xff, 0xd0, 0xc8, 0xc0, 0xff,
    0xd8, 0xcc, 0xc0, 0xff, 0xd8, 0xc8, 0xc0, 0xff, 0xd0, 0xcc, 0xc0, 0xff,
    0xd8, 0xc8, 0xc0, 0xff, 0xd8, 0xcc, 0xc0, 0xff, 0xd0, 0xc8, 0xc0, 0xff,
    0xd8, 0xcc, 0xc0, 0xff, 0xd8, 0xc8, 0xc0, 0xff, 0xd0, 0xcc, 0xc0, 0xff,
    0xd8, 0xc8, 0xc0, 0xff, 0xd8, 0xcc, 0xc0, 0xff, 0xd0, 0xc8, 0xc0, 0xff,
    0xd8, 0xcc, 0xc0, 0xff, 0xd8, 0xc8, 0xc0, 0xff, 0xd0, 0xcc, 0xc0, 0xff,
    0xd8, 0xc8, 0xc0, 0xff, 0xd8, 0xcc, 0xc0, 0xff, 0xd0, 0xc8, 0xc0, 0xff,
    0xd8, 0xcc, 0xc0, 0xff, 0xd8, 0xc8, 0xc0, 0xff, 0xd0, 0xcc, 0xc0, 0xff,
    0xd8, 0xc8, 0xc0, 0xff, 0xd8, 0xcc, 0xc0, 0xff, 0xd0, 0xc8, 0xc0, 0xff,
    0xd8, 0xcc, 0xc0, 0xff, 0xd8, 0xc8, 0xc0, 0xff, 0xd0, 0xcc, 0xc0, 0xff,
    0xd8, 0xc8, 0xc0, 0xff, 0xd8, 0xcc, 0xc0, 0xff, 0xd0, 0xc8, 0xc0, 0xff,
    0xd8, 0xcc, 0xc0, 0xff, 0xd8, 0xc8, 0xc0, 0xff, 0xd0, 0xcc, 0xc0, 0xff,
    0xd8, 0xc8, 0xc0, 0xff, 0xd8, 0xcc, 0xc0, 0xff, 0xd0, 0xc8, 0xc0, 0xff,
    0xd8, 0xcc, 0xc0, 0xff, 0xd8, 0xc8, 0xc0, 0xff, 0xd0, 0xcc, 0xc0, 0xff,
    0xd8, 0xc8, 0xc0, 0xff, 0xd8, 0xcc, 0xc0, 0xff, 0xd0, 0xc8, 0xc0, 0xff,
    0xd8, 0xcc, 0xc0, 0xff, 0xd8, 0xc8, 0xc0, 0xff, 0xd0, 0xcc, 0xc0, 0xff,
    0xd8, 0xc8, 0xc0, 0xff, 0xd8, 0xcc, 0xc0, 0xff, 0xd0, 0xc8, 0xc0, 0xff,
    0xd8, 0xcc, 0xc0, 0xff, 0xd8, 0xc8, 0xc0, 0xff, 0xd0, 0xcc, 0xc0, 0xff,
    0xd8, 0xc8, 0xc0, 0xff, 0xd8, 0xcc, 0xc0, 0xff, 0xd0, 0xc8, 0xc0, 0xff,
    0xd8, 0xcc, 0xc0, 0xff, 0xd8, 0xc8, 0xc0, 0xff, 0xd0, 0xcc, 0xc0, 0xff,
    0xd8, 0xc8, 0xc0, 0xff, 0xd8, 0xcc, 0xc0, 0xff, 0xd0, 0xc8, 0xc0, 0xff,
    0xd8, 0xcc, 0xc0, 0xff, 0xd8, 0xc8, 0xc0, 0xff, 0xd0, 0xcc, 0xc0, 0xff,
    0xd8, 0xc8, 0xc0, 0xff, 0xd8, 0xcc, 0xc0, 0xff, 0xd0, 0xc8, 0xc0, 0xff,
    0xd8, 0xcc, 0xc0, 0xff, 0xd8, 0xc8, 0xc0, 0xff, 0xd0, 0xcc, 0xc0, 0xff,
    0xd8, 0xc8, 0xc0, 0xff, 0xd8, 0xcc, 0xc0, 0xff, 0xd0, 0xc8, 0xc0, 0xff,
    0xd8, 0xcc, 0xc0, 0xff, 0xd8, 0xc8, 0xc0, 0xff, 0xd0, 0xcc, 0xc0, 0xff,
    0xd8, 0xc8, 0xc0, 0xff, 0xd8, 0xcc, 0xc0, 0xff, 0xd0, 0xc8, 0xc0, 0xff,
    0xd8, 0xcc, 0xc0, 0xff, 0xd8, 0xc8, 0xc0, 0xff, 0xd0, 0xcc, 0xc0, 0xff,
    0xd8, 0xc8, 0xc0, 0xff, 0xd8, 0xcc, 0xc0, 0xff, 0xd0, 0xc8, 0xc0, 0xff,
    0xd8, 0xcc, 0xc0, 0xff, 0xd8, 0xc8, 0xc0, 0xff, 0xd0, 0xcc, 0xc0, 0xff,
    0xd8, 0xc8, 0xc0, 0xff, 0xd8, 0xcc, 0xc0, 0xff, 0xd0, 0xc8, 0xc0, 0xff,
    0xd8, 0xcc, 0xc0, 0xff, 0xd8, 0xc8, 0xc0, 0xff, 0xd0, 0xcc, 0xc0, 0xff,
    0xd8, 0xc8, 0xc0, 0xff, 0xd8, 0xcc, 0xc0, 0xff, 0xd0, 0xc8, 0xc0, 0xff,
    0xd8, 0xcc, 0xc0, 0xff, 0xd8, 0xc8, 0xc0, 0xff, 0xd0, 0xcc, 0xc0, 0xff,
    0xd8, 0xc8, 0xc0, 0xff, 0xd8, 0xcc, 0xc0, 0xff, 0xd0, 0xc8, 0xc0, 0xff,
    0xd8, 0xcc, 0xc0, 0xff, 0xd8, 0xc8, 0xc0, 0xff, 0xd0, 0xcc, 0xc0, 0xff,
    0xd8, 0xc8, 0xc0, 0xff, 0xd8, 0xcc, 0xc0, 0xff, 0xd0, 0xc8, 0xc0, 0xff,
    0xd8, 0xcc, 0xc0, 0xff, 0xd8, 0xc8, 0xc0, 0xff, 0xd0, 0xcc, 0xc0, 0xff,
    0xd8, 0xc8, 0xc0, 0xff, 0xd8, 0xcc, 0xc0, 0xff, 0xd0, 0xc8, 0xc0, 0xff,
    0xd8, 0xcc, 0xc0, 0xff, 0xd8, 0xc8, 0xc0, 0xff, 0xd0, 0xcc, 0xc0, 0xff,
    0xd8, 0xc8, 0xc0, 0xff, 0xd8, 0xcc, 0xc0, 0xff, 0xd0, 0xc8, 0xc0, 0xff,
    0xd8, 0xcc, 0xc0, 0xff, 0xd8, 0xc8, 0xc0, 0xff, 0xd0, 0xcc, 0xc0, 0xff,
    0xd8, 0xc8, 0xc0, 0xff, 0xd8, 0xcc, 0xc0, 0xff, 0xd0, 0xc8, 0xc0, 0xff,
    0xd8, 0xcc, 0xc0, 0xff, 0xd8, 0xc8, 0xc0, 0xff, 0xd0, 0xcc, 0xc0, 0xff,
    0xd8, 0xc8, 0xc0, 0xff, 0xd8, 0xcc, 0xc0, 0xff, 0xd0, 0xc8, 0xc0, 0xff,
    0xd8, 0xcc, 0xc0, 0xff, 0xd8, 0xc8, 0xc0, 0xff, 0xd0, 0xcc, 0xc0, 0xff,
    0xd8, 0xc8, 0xc0, 0xff, 0xd8, 0xcc, 0xc0, 0xff, 0xd0, 0xc8, 0xc0, 0xff,
    0xd8, 0xcc, 0xc0, 0xff, 0xd8, 0xc8, 0xc0, 0xff, 0xd0, 0xcc, 0xc0, 0xff,
    0xd8, 0xc8, 0xc0, 0xff, 0xd8, 0xcc, 0xc0, 0xff, 0xd0, 0xc8, 0xc0, 0xff,
    0xd8, 0xcc, 0xc0, 0xff, 0xd0, 0xcc, 0xc0, 0xff, 0xd0, 0xc8, 0xc0, 0xff,
    0xd0, 0xc8, 0xc0, 0xff, 0xd0, 0xcc, 0xc0, 0xff, 0xd0, 0xc8, 0xc0, 0x41,
    0xd0, 0xc8, 0xc0, 0xbe, 0xd0, 0xc8, 0xc0, 0xff, 0xd0, 0xc8, 0xc0, 0xff,
    0xd0, 0xcc, 0xc0, 0xff, 0xd0, 0xc8, 0xc0, 0xff, 0xd0, 0xc8, 0xc0, 0xff,
    0xd0, 0xc8, 0xc0, 0xff, 0xd0, 0xc8, 0xc0, 0xff, 0xd0, 0xc8, 0xc0, 0xff,
    0xd0, 0xcc, 0xc0, 0xff, 0xd0, 0xc8, 0xc0, 0xff, 0xd0, 0xc8, 0xc0, 0xff,
    0xd0, 0xc8, 0xc0, 0xff, 0xd0, 0xcc, 0xc0, 0xff, 0xd0, 0xc8, 0xc0, 0xff,
    0xd0, 0xc8, 0xc0, 0xff, 0xd0, 0xc8, 0xc0, 0xff, 0xd0, 0xcc, 0xc0, 0xff,
    0xd0, 0xc8, 0xc0, 0xff, 0xd0, 0xc8, 0xc0, 0xff, 0xd0, 0xc8, 0xc0, 0xff,
    0xd0, 0xcc, 0xc0, 0xff, 0xd0, 0xc8, 0xc0, 0xff, 0xd0, 0xc8, 0xc0, 0xff,
    0xd0, 0xc8, 0xc0, 0xff, 0xd0, 0xcc, 0xc0, 0xff, 0xd0, 0xc8, 0xc0, 0xff,
    0xd0, 0xc8, 0xc0, 0xff, 0xd0, 0xc8, 0xc0, 0xff, 0xd0, 0xcc, 0xc0, 0xff,
    0xd0, 0xc8, 0xc0, 0xff, 0xd0, 0xc8, 0xc0, 0xff, 0xd0, 0xc8, 0xc0, 0xff,
    0xd0, 0xcc, 0xc0, 0xff, 0xd0, 0xc8, 0xc0, 0xff, 0xd0, 0xc8, 0xc0, 0xff,
    0xd0, 0xc8, 0xc0, 0xff, 0xd0, 0xcc, 0xc0, 0xff, 0xd0, 0xc8, 0xc0, 0xff,
    0xd0, 0xc8, 0xc0, 0xff, 0xd0, 0xc8, 0xc0, 0xff, 0xd0, 0xcc, 0xc0, 0xff,
    0xd0, 0xc8, 0xc0, 0xff, 0xd0, 0xc8, 0xc0, 0xff, 0xd0, 0xc8, 0xc0, 0xff,
    0xd0, 0xcc, 0xc0, 0xff, 0xd0, 0xc8, 0xc0, 0xff, 0xd0, 0xc8, 0xc0, 0xff,
    0xd0, 0xc8, 0xc0, 0xff, 0xd0, 0xcc, 0xc0, 0xff, 0xd0, 0xc8, 0xc0, 0xff,
    0xd0, 0xc8, 0xc0, 0xff, 0xd0, 0xc8, 0xc0, 0xff, 0xd0, 0xcc, 0xc0, 0xff,
    0xd0, 0xc8, 0xc0, 0xff, 0xd0, 0xc8, 0xc0, 0xff, 0xd0, 0xc8, 0xc0, 0xff,
    0xd0, 0xcc, 0xc0, 0xff, 0xd0, 0xc8, 0xc0, 0xff, 0xd0, 0xc8, 0xc0, 0xff,
    0xd0, 0xc8, 0xc0, 0xff, 0xd0, 0xcc, 0xc0, 0xff, 0xd0, 0xc8, 0xc0, 0xff,
    0xd0, 0xc8, 0xc0, 0xff, 0xd0, 0xc8, 0xc0, 0xff, 0xd0, 0xcc, 0xc0, 0xff,
    0xd0, 0xc8, 0xc0, 0xff, 0xd0, 0xc8, 0xc0, 0xff, 0xd0, 0xc8, 0xc0, 0xff,
    0xd0, 0xcc, 0xc0, 0xff, 0xd0, 0xc8, 0xc0, 0xff, 0xd0, 0xc8, 0xc0, 0xff,
    0xd0, 0xc8, 0xc0, 0xff, 0xd0, 0xcc, 0xc0, 0xff, 0xd0, 0xc8, 0xc0, 0xff,
    0xd0, 0xc8, 0xc0, 0xff, 0xd0, 0xc8, 0xc0, 0xff, 0xd0, 0xcc, 0xc0, 0xff,
    0xd0, 0xc8, 0xc0, 0xff, 0xd0, 0xc8, 0xc0, 0xff, 0xd0, 0xc8, 0xc0, 0xff,
    0xd0, 0xcc, 0xc0, 0xff, 0xd0, 0xc8, 0xc0, 0xff, 0xd0, 0xc8, 0xc0, 0xff,
    0xd0, 0xc8, 0xc0, 0xff, 0xd0, 0xcc, 0xc0, 0xff, 0xd0, 0xc8, 0xc0, 0xff,
    0xd0, 0xc8, 0xc0, 0xff, 0xd0, 0xc8, 0xc0, 0xff, 0xd0, 0xcc, 0xc0, 0xff,
    0xd0, 0xc8, 0xc0, 0xff, 0xd0, 0xc8, 0xc0, 0xff, 0xd0, 0xc8, 0xc0, 0xff,
    0xd0, 0xcc, 0xc0, 0xff, 0xd0, 0xc8, 0xc0, 0xff, 0xd0, 0xc8, 0xc0, 0xff,
    0xd0, 0xc8, 0xc0, 0xff, 0xd0, 0xcc, 0xc0, 0xff, 0xd0, 0xc8, 0xc0, 0xff,
    0xd0, 0xc8, 0xc0, 0xff, 0xd0, 0xc8, 0xc0, 0xff, 0xd0, 0xcc, 0xc0, 0xff,
    0xd0, 0xc8, 0xc0, 0xff, 0xd0, 0xc8, 0xc0, 0xff, 0xd0, 0xc8, 0xc0, 0xff,
    0xd0, 0xcc, 0xc0, 0xff, 0xd0, 0xc8, 0xc0, 0xff, 0xd0, 0xc8, 0xc0, 0xff,
    0xd0, 0xc8, 0xc0, 0xff, 0xd0, 0xcc, 0xc0, 0xff, 0xd0, 0xc8, 0xc0, 0xff,
    0xd0, 0xc8, 0xc0, 0xff, 0xd0, 0xc8, 0xc0, 0xff, 0xd0, 0xcc, 0xc0, 0xff,
    0xd0, 0xc8, 0xc0, 0xff, 0xd0, 0xc8, 0xc0, 0xff, 0xd0, 0xc8, 0xc0, 0xff,
    0xd0, 0xcc, 0xc0, 0xff, 0xd0, 0xc8, 0xc0, 0xff, 0xd0, 0xc8, 0xc0, 0xff,
    0xd0, 0xc8, 0xc0, 0xff, 0xd0, 0xcc, 0xc0, 0xff, 0xd0, 0xc8, 0xc0, 0xff,
    0xd0, 0xc8, 0xc0, 0xff, 0xd0, 0xc8, 0xc0, 0xff, 0xd0, 0xcc, 0xc0, 0xff,
    0xd0, 0xc8, 0xc0, 0xff, 0xd0, 0xc8, 0xc0, 0xff, 0xd0, 0xc8, 0xc0, 0xff,
    0xd0, 0xcc, 0xc0, 0xff, 0xd0, 0xc8, 0xc0, 0xff, 0xd0, 0xc8, 0xc0, 0xff,
    0xd0, 0xc8, 0xc0, 0xff, 0xd0, 0xcc, 0xc0, 0xff, 0xd0, 0xc8, 0xc0, 0xff,
    0xd0, 0xc8, 0xc0, 0xff, 0xd0, 0xc8, 0xc0, 0xff, 0xd0, 0xcc, 0xc0, 0xff,
    0xd0, 0xc8, 0xc0, 0xff, 0xd0, 0xc8, 0xc0, 0xff, 0xd0, 0xc8, 0xc0, 0xff,
    0xd0, 0xcc, 0xc0, 0xff, 0xd0, 0xc8, 0xc0, 0xff, 0xd0, 0xc8, 0xc0, 0xff,
    0xd0, 0xc8, 0xc0, 0xff, 0xd0, 0xcc, 0xc0, 0xff, 0xd0, 0xc8, 0xc0, 0xff,
    0xd0, 0xc8, 0xc0, 0xff, 0xd0, 0xc8, 0xc0, 0xff, 0xd0, 0xcc, 0xc0, 0xff,
    0xd0, 0xc8, 0xc0, 0xff, 0xd0, 0xc8, 0xc0, 0xff, 0xd0, 0xc8, 0xc0, 0xff,
    0xd0, 0xcc, 0xc0, 0xff, 0xd0, 0xc8, 0xc0, 0xff, 0xd0, 0xc8, 0xc0, 0xff,
    0xd0, 0xc8, 0xc0, 0xff, 0xd0, 0xcc, 0xc0, 0xff, 0xd0, 0xc8, 0xc0, 0xff,
    0xd0, 0xc8, 0xc0, 0xff, 0xd0, 0xc8, 0xc0, 0xff, 0xd0, 0xcc, 0xc0, 0xff,
    0xd0, 0xc8, 0xc0, 0xff, 0xd0, 0xc8, 0xc0, 0xff, 0xd0, 0xc8, 0xc0, 0xff,
    0xd0, 0xcc, 0xc0, 0xff, 0xd0, 0xc8, 0xc0, 0xff, 0xd0, 0xc8, 0xc0, 0xff,
    0xd0, 0xc8, 0xc0, 0xff, 0xd0, 0xcc, 0xc0, 0xff, 0xd0, 0xc8, 0xc0, 0xff,
    0xd0, 0xc8, 0xc0, 0xff, 0xd0, 0xc8, 0xc0, 0xff, 0xd0, 0xcc, 0xc0, 0xff,
    0xd0, 0xc8, 0xc0, 0xff, 0xd0, 0xc8, 0xc0, 0xff, 0xd0, 0xc8, 0xc0, 0xff,
    0xd0, 0xcc, 0xc0, 0xff, 0xd0, 0xc8, 0xc0, 0xff, 0xd0, 0xc8, 0xc0, 0xff,
    0xd0, 0xc8, 0xc0, 0xff, 0xd0, 0xcc, 0xc0, 0xff, 0xd0, 0xc8, 0xc0, 0xff,
    0xd0, 0xc8, 0xc0, 0xff, 0xd0, 0xc8, 0xc0, 0xff, 0xd0, 0xcc, 0xc0, 0xff,
    0xd0, 0xc8, 0xc0, 0xff, 0xd0, 0xc8, 0xc0, 0xff, 0xd0, 0xc8, 0xc0, 0xff,
    0xd0, 0xcc, 0xc0, 0xff, 0xd0, 0xc8, 0xc0, 0xff, 0xd0, 0xc8, 0xc0, 0xff,
    0xd0, 0xc8, 0xc0, 0xff, 0xd0, 0xcc, 0xc0, 0xff, 0xd0, 0xc8, 0xc0, 0xff,
    0xd0, 0xc8, 0xc0, 0xff, 0xd0, 0xc8, 0xc0, 0xff, 0xd0, 0xcc, 0xc0, 0xff,
    0xd0, 0xc8, 0xc0, 0xff, 0xd0, 0xc8, 0xc0, 0xff, 0xd0, 0xc8, 0xc0, 0xff,
    0xd0, 0xcc, 0xc0, 0xff, 0xd0, 0xc8, 0xc0, 0xff, 0xd0, 0xc8, 0xc0, 0xff,
    0xd0, 0xc8, 0xc0, 0xff, 0xd0, 0xcc, 0xc0, 0xff, 0xd0, 0xc8, 0xc0, 0xff,
    0xd0, 0xc8, 0xc0, 0xff, 0xd0, 0xc8, 0xc0, 0xff, 0xd0, 0xcc, 0xc0, 0xff,
    0xd0, 0xc8, 0xc0, 0xff, 0xd0, 0xc8, 0xc0, 0xff, 0xd0, 0xc8, 0xc0, 0xff,
    0xd0, 0xcc, 0xc0, 0xff, 0xd0, 0xc8, 0xc0, 0xff, 0xd0, 0xc8, 0xc0, 0xff,
    0xd0, 0xc8, 0xc0, 0xff, 0xd0, 0xcc, 0xc0, 0xff, 0xd0, 0xc8, 0xc0, 0xff,
    0xd0, 0xc8, 0xc0, 0xff, 0xd0, 0xc8, 0xc0, 0xff, 0xd0, 0xcc, 0xc0, 0xff,
    0xd0, 0xc8, 0xc0, 0xff, 0xd0, 0xc8, 0xc0, 0xff, 0xd0, 0xc8, 0xc0, 0xff,
    0xd0, 0xcc, 0xc0, 0xff, 0xd0, 0xc8, 0xc0, 0xff, 0xd0, 0xc8, 0xc0, 0xff,
    0xd0, 0xc8, 0xc0, 0xff, 0xd0, 0xcc, 0xc0, 0xff, 0xd0, 0xc8, 0xc0, 0xff,
    0xd0, 0xc8, 0xc0, 0xff, 0xd0, 0xc8, 0xc0, 0xff, 0xd0, 0xcc, 0xc0, 0xff,
    0xd0, 0xc8, 0xc0, 0xff, 0xd0, 0xc8, 0xc0, 0xff, 0xd0, 0xc8, 0xc0, 0xff,
    0xd0, 0xcc, 0xc0, 0xff, 0xd0, 0xc8, 0xc0, 0xff, 0xd0, 0xc8, 0xc0, 0xff,
    0xd0, 0xc8, 0xc0, 0xff, 0xd0, 0xcc, 0xc0, 0xff, 0xd0, 0xc8, 0xc0, 0xff,
    0xd0, 0xc8, 0xc0, 0xff, 0xd0, 0xc8, 0xc0, 0xff, 0xd0, 0xcc, 0xc0, 0xff,
    0xd0, 0xc8, 0xc0, 0xff, 0xd0, 0xc8, 0xc0, 0xff, 0xd0, 0xc8, 0xc0, 0xff,
    0xd0, 0xcc, 0xc0, 0xff, 0xd0, 0xc8, 0xc0, 0xff, 0xd0, 0xc8, 0xc0, 0xff,
    0xd0, 0xc8, 0xc0, 0xff, 0xd0, 0xcc, 0xc0, 0xff, 0xd0, 0xc8, 0xc0, 0xff,
    0xd0, 0xc8, 0xc0, 0xff, 0xd0, 0xc8, 0xc0, 0xff, 0xd0, 0xcc, 0xc0, 0xff,
    0xd0, 0xc8, 0xc0, 0xff, 0xd0, 0xc8, 0xc0, 0xff, 0xd0, 0xc8, 0xc0, 0xff,
    0xd0, 0xcc, 0xc0, 0xff, 0xd0, 0xc8, 0xc0, 0xff, 0xd0, 0xc8, 0xc0, 0xff,
    0xd0, 0xc8, 0xc0, 0xff, 0xd0, 0xcc, 0xc0, 0xff, 0xd0, 0xc8, 0xc0, 0xff,
    0xd0, 0xc8, 0xc0, 0xff, 0xd0, 0xc8, 0xc0, 0xff, 0xd0, 0xcc, 0xc0, 0xff,
    0xd0, 0xc8, 0xc0, 0xff, 0xd0, 0xc8, 0xc0, 0xff, 0xd0, 0xc8, 0xc0, 0xff,
    0xd0, 0xcc, 0xc0, 0xff, 0xd0, 0xc8, 0xc0, 0xff, 0xd0, 0xc8, 0xc0, 0xff,
    0xd0, 0xc8, 0xc0, 0xff, 0xd0, 0xcc, 0xc0, 0xff, 0xd0, 0xc8, 0xc0, 0xff,
    0xd0, 0xc8, 0xc0, 0xff, 0xd0, 0xc8, 0xc0, 0xff, 0xd0, 0xcc, 0xc0, 0xff,
    0xd0, 0xc8, 0xc0, 0xff, 0xd0, 0xc8, 0xc0, 0xff, 0xd0, 0xc8, 0xc0, 0xff,
    0xd0, 0xcc, 0xc0, 0xff, 0xd0, 0xc8, 0xc0, 0xff, 0xd0, 0xc8, 0xc0, 0xff,
    0xd0, 0xc8, 0xc0, 0xff, 0xd0, 0xcc, 0xc0, 0xff, 0xd0, 0xc8, 0xc0, 0xff,
    0xd0, 0xc8, 0xc0, 0xff, 0xd0, 0xc8, 0xc0, 0xff, 0xd0, 0xcc, 0xc0, 0xff,
    0xd0, 0xc8, 0xc0, 0xff, 0xd0, 0xc8, 0xc0, 0xff, 0xd0, 0xc8, 0xc0, 0xff,
    0xd0, 0xcc, 0xc0, 0xff, 0xd0, 0xc8, 0xc0, 0xff, 0xd0, 0xc8, 0xc0, 0xff,
    0xd0, 0xc8, 0xc0, 0xff, 0xd0, 0xcc, 0xc0, 0xff, 0xd0, 0xc8, 0xc0, 0xff,
    0xd0, 0xc8, 0xc0, 0xff, 0xd0, 0xc8, 0xc0, 0xff, 0xd0, 0xcc, 0xc0, 0xff,
    0xd0, 0xc8, 0xc0, 0xff, 0xd0, 0xc8, 0xc0, 0xff, 0xd0, 0xc8, 0xc0, 0xff,
    0xd0, 0xcc, 0xc0, 0xff, 0xd0, 0xc8, 0xc0, 0xff, 0xd0, 0xc8, 0xc0, 0xff,
    0xd0, 0xc8, 0xc0, 0xff, 0xd0, 0xcc, 0xc0, 0xff, 0xd0, 0xc8, 0xc0, 0xff,
    0xd0, 0xc8, 0xc0, 0xff, 0xd0, 0xc8, 0xc0, 0xff, 0xd0, 0xcc, 0xc0, 0xff,
    0xd0, 0xc8, 0xc0, 0xff, 0xd0, 0xc8, 0xc0, 0xff, 0xd0, 0xc8, 0xc0, 0xff,
    0xd0, 0xcc, 0xc0, 0xff, 0xd0, 0xc8, 0xc0, 0xff, 0xd0, 0xc8, 0xc0, 0xff,
    0xd0, 0xc8, 0xc0, 0xff, 0xd0, 0xcc, 0xc0, 0xff, 0xd0, 0xc8, 0xc0, 0xff,
    0xd0, 0xc8, 0xc0, 0xff, 0xd0, 0xc8, 0xc0, 0xff, 0xd0, 0xcc, 0xc0, 0xff,
    0xd0, 0xc8, 0xc0, 0xff, 0xd0, 0xc8, 0xc0, 0xff, 0xd0, 0xc8, 0xc0, 0xff,
    0xd0, 0xcc, 0xc0, 0xff, 0xd0, 0xc8, 0xc0, 0xff, 0xd0, 0xc8, 0xc0, 0xff,
    0xd0, 0xc8, 0xc0, 0xff, 0xd0, 0xcc, 0xc0, 0xff, 0xd0, 0xc8, 0xc0, 0xff,
    0xd0, 0xc8, 0xc0, 0xff, 0xd0, 0xc8, 0xc0, 0xff, 0xd0, 0xcc, 0xc0, 0xff,
    0xd0, 0xc8, 0xc0, 0xff, 0xd0, 0xc8, 0xc0, 0xff, 0xd0, 0xc8, 0xc0, 0xff,
    0xd0, 0xcc, 0xc0, 0xff, 0xd0, 0xc8, 0xc0, 0xff, 0xd0, 0xc8, 0xc0, 0xff,
    0xd0, 0xc8, 0xc0, 0xff, 0xd0, 0xcc, 0xc0, 0xff, 0xd0, 0xc8, 0xc0, 0xff,
    0xd0, 0xc8, 0xc0, 0xff, 0xd0, 0xc8, 0xc0, 0xff, 0xd0, 0xcc, 0xc0, 0xff,
    0xd0, 0xc8, 0xc0, 0xff, 0xd0, 0xc8, 0xc0, 0xff, 0xd0, 0xc8, 0xc0, 0xff,
    0xd0, 0xcc, 0xc0, 0xff, 0xd0, 0xc8, 0xc0, 0xff, 0xd0, 0xc8, 0xc0, 0xff,
    0xd0, 0xc8, 0xc0, 0xff, 0xd0, 0xcc, 0xc0, 0xff, 0xd0, 0xc8, 0xc0, 0xff,
    0xd0, 0xc8, 0xc0, 0xff, 0xd0, 0xc8, 0xc0, 0xff, 0xd0, 0xcc, 0xc0, 0xff,
    0xd0, 0xc8, 0xc0, 0xff, 0xd0, 0xc8, 0xc0, 0xff, 0xd0, 0xc8, 0xc0, 0xff,
    0xd0, 0xcc, 0xc0, 0xff, 0xd0, 0xc8, 0xc0, 0xff, 0xd0, 0xc8, 0xc0, 0xff,
    0xd0, 0xc8, 0xc0, 0xff, 0xd0, 0xcc, 0xc0, 0xff, 0xd0, 0xc8, 0xc0, 0xff,
    0xd0, 0xc8, 0xc0, 0xff, 0xd0, 0xc8, 0xc0, 0xff, 0xd0, 0xcc, 0xc0, 0xff,
    0xd0, 0xc8, 0xc0, 0xff, 0xd0, 0xc8, 0xc0, 0xff, 0xd0, 0xc8, 0xc0, 0xff,
    0xd0, 0xcc, 0xc0, 0xff, 0xd0, 0xc8, 0xc0, 0xff, 0xd0, 0xc8, 0xc0, 0xff,
    0xd0, 0xc8, 0xc0, 0xff, 0xd0, 0xcc, 0xc0, 0xff, 0xd0, 0xc8, 0xc0, 0xff,
    0xd0, 0xc8, 0xc0, 0xff, 0xd0, 0xc8, 0xc0, 0xff, 0xd0, 0xcc, 0xc0, 0xff,
    0xd0, 0xc8, 0xc0, 0xff, 0xd0, 0xc8, 0xc0, 0xff, 0xd0, 0xc8, 0xc0, 0xff,
    0xd0, 0xc8, 0xc0, 0xff, 0xd8, 0xc8, 0xc0, 0xff, 0xd0, 0xc8, 0xc0, 0xff,
    0xd8, 0xc8, 0xc0, 0xff, 0xd0, 0xc8, 0xc0, 0xff, 0xd0, 0xc8, 0xc0, 0xff,
    0xd0, 0xcc, 0xc0, 0xbe, 0xd0, 0xc8, 0xc0, 0xff, 0xd8, 0xc8, 0xc0, 0xff,
    0xd0, 0xcc, 0xc0, 0xff, 0xd0, 0xc8, 0xc0, 0xff, 0xd8, 0xc8, 0xc0, 0xff,
    0xd0, 0xc8, 0xc0, 0xff, 0xd0, 0xcc, 0xc0, 0xff, 0xd8, 0xc8, 0xc0, 0xff,
    0xd0, 0xc8, 0xc0, 0xff, 0xd0, 0xc8, 0xc0, 0xff, 0xd8, 0xc8, 0xc0, 0xff,
    0xd0, 0xc8, 0xc0, 0xff, 0xd0, 0xc8, 0xc0, 0xff, 0xd8, 0xc8, 0xc0, 0xff,
    0xd0, 0xc8, 0xc0, 0xff, 0xd0, 0xc8, 0xc0, 0xff, 0xd8, 0xc8, 0xc0, 0xff,
    0xd0, 0xc8, 0xc0, 0xff, 0xd0, 0xc8, 0xc0, 0xff, 0xd8, 0xc8, 0xc0, 0xff,
    0xd0, 0xc8, 0xc0, 0xff, 0xd0, 0xc8, 0xc0, 0xff, 0xd8, 0xc8, 0xc0, 0xff,
    0xd0, 0xc8, 0xc0, 0xff, 0xd0, 0xc8, 0xc0, 0xff, 0xd8, 0xc8, 0xc0, 0xff,
    0xd0, 0xc8, 0xc0, 0xff, 0xd0, 0xc8, 0xc0, 0xff, 0xd8, 0xc8, 0xc0, 0xff,
    0xd0, 0xc8, 0xc0, 0xff, 0xd0, 0xc8, 0xc0, 0xff, 0xd8, 0xc8, 0xc0, 0xff,
    0xd0, 0xc8, 0xc0, 0xff, 0xd0, 0xc8, 0xc0, 0xff, 0xd8, 0xc8, 0xc0, 0xff,
    0xd0, 0xc8, 0xc0, 0xff, 0xd0, 0xc8, 0xc0, 0xff, 0xd8, 0xc8, 0xc0, 0xff,
    0xd0, 0xc8, 0xc0, 0xff, 0xd0, 0xc8, 0xc0, 0xff, 0xd8, 0xc8, 0xc0, 0xff,
    0xd0, 0xc8, 0xc0, 0xff, 0xd0, 0xc8, 0xc0, 0xff, 0xd8, 0xc8, 0xc0, 0xff,
    0xd0, 0xc8, 0xc0, 0xff, 0xd0, 0xc8, 0xc0, 0xff, 0xd8, 0xc8, 0xc0, 0xff,
    0xd0, 0xc8, 0xc0, 0xff, 0xd0, 0xc8, 0xc0, 0xff, 0xd8, 0xc8, 0xc0, 0xff,
    0xd0, 0xc8, 0xc0, 0xff, 0xd0, 0xc8, 0xc0, 0xff, 0xd8, 0xc8, 0xc0, 0xff,
    0xd0, 0xc8, 0xc0, 0xff, 0xd0, 0xc8, 0xc0, 0xff, 0xd8, 0xc8, 0xc0, 0xff,
    0xd0, 0xc8, 0xc0, 0xff, 0xd0, 0xc8, 0xc0, 0xff, 0xd8, 0xc8, 0xc0, 0xff,
    0xd0, 0xc8, 0xc0, 0xff, 0xd0, 0xc8, 0xc0, 0xff, 0xd8, 0xc8, 0xc0, 0xff,
    0xd0, 0xc8, 0xc0, 0xff, 0xd0, 0xc8, 0xc0, 0xff, 0xd8, 0xc8, 0xc0, 0xff,
    0xd0, 0xc8, 0xc0, 0xff, 0xd0, 0xc8, 0xc0, 0xff, 0xd8, 0xc8, 0xc0, 0xff,
    0xd0, 0xc8, 0xc0, 0xff, 0xd0, 0xc8, 0xc0, 0xff, 0xd8, 0xc8, 0xc0, 0xff,
    0xd0, 0xc8, 0xc0, 0xff, 0xd0, 0xc8, 0xc0, 0xff, 0xd8, 0xc8, 0xc0, 0xff,
    0xd0, 0xc8, 0xc0, 0xff, 0xd0, 0xc8, 0xc0, 0xff, 0xd8, 0xc8, 0xc0, 0xff,
    0xd0, 0xc8, 0xc0, 0xff, 0xd0, 0xc8, 0xc0, 0xff, 0xd8, 0xc8, 0xc0, 0xff,
    0xd0, 0xc8, 0xc0, 0xff, 0xd0, 0xc8, 0xc0, 0xff, 0xd8, 0xc8, 0xc0, 0xff,
    0xd0, 0xc8, 0xc0, 0xff, 0xd0, 0xc8, 0xc0, 0xff, 0xd8, 0xc8, 0xc0, 0xff,
    0xd0, 0xc8, 0xc0, 0xff, 0xd0, 0xc8, 0xc0, 0xff, 0xd8, 0xc8, 0xc0, 0xff,
    0xd0, 0xc8, 0xc0, 0xff, 0xd0, 0xc8, 0xc0, 0xff, 0xd8, 0xc8, 0xc0, 0xff,
    0xd0, 0xc8, 0xc0, 0xff, 0xd0, 0xc8, 0xc0, 0xff, 0xd8, 0xc8, 0xc0, 0xff,
    0xd0, 0xc8, 0xc0, 0xff, 0xd0, 0xc8, 0xc0, 0xff, 0xd8, 0xc8, 0xc0, 0xff,
    0xd0, 0xc8, 0xc0, 0xff, 0xd0, 0xc8, 0xc0, 0xff, 0xd8, 0xc8, 0xc0, 0xff,
    0xd0, 0xc8, 0xc0, 0xff, 0xd0, 0xc8, 0xc0, 0xff, 0xd8, 0xc8, 0xc0, 0xff,
    0xd0, 0xc8, 0xc0, 0xff, 0xd0, 0xc8, 0xc0, 0xff, 0xd8, 0xc8, 0xc0, 0xff,
    0xd0, 0xc8, 0xc0, 0xff, 0xd0, 0xc8, 0xc0, 0xff, 0xd8, 0xc8, 0xc0, 0xff,
    0xd0, 0xc8, 0xc0, 0xff, 0xd0, 0xc8, 0xc0, 0xff, 0xd8, 0xc8, 0xc0, 0xff,
    0xd0, 0xc8, 0xc0, 0xff, 0xd0, 0xc8, 0xc0, 0xff, 0xd8, 0xc8, 0xc0, 0xff,
    0xd0, 0xc8, 0xc0, 0xff, 0xd0, 0xc8, 0xc0, 0xff, 0xd8, 0xc8, 0xc0, 0xff,
    0xd0, 0xc8, 0xc0, 0xff, 0xd0, 0xc8, 0xc0, 0xff, 0xd8, 0xc8, 0xc0, 0xff,
    0xd0, 0xc8, 0xc0, 0xff, 0xd0, 0xc8, 0xc0, 0xff, 0xd8, 0xc8, 0xc0, 0xff,
    0xd0, 0xc8, 0xc0, 0xff, 0xd0, 0xc8, 0xc0, 0xff, 0xd8, 0xc8, 0xc0, 0xff,
    0xd0, 0xc8, 0xc0, 0xff, 0xd0, 0xc8, 0xc0, 0xff, 0xd8, 0xc8, 0xc0, 0xff,
    0xd0, 0xc8, 0xc0, 0xff, 0xd0, 0xc8, 0xc0, 0xff, 0xd8, 0xc8, 0xc0, 0xff,
    0xd0, 0xc8, 0xc0, 0xff, 0xd0, 0xc8, 0xc0, 0xff, 0xd8, 0xc8, 0xc0, 0xff,
    0xd0, 0xc8, 0xc0, 0xff, 0xd0, 0xc8, 0xc0, 0xff, 0xd8, 0xc8, 0xc0, 0xff,
    0xd0, 0xc8, 0xc0, 0xff, 0xd0, 0xc8, 0xc0, 0xff, 0xd8, 0xc8, 0xc0, 0xff,
    0xd0, 0xc8, 0xc0, 0xff, 0xd0, 0xc8, 0xc0, 0xff, 0xd8, 0xc8, 0xc0, 0xff,
    0xd0, 0xc8, 0xc0, 0xff, 0xd0, 0xc8, 0xc0, 0xff, 0xd8, 0xc8, 0xc0, 0xff,
    0xd0, 0xc8, 0xc0, 0xff, 0xd0, 0xc8, 0xc0, 0xff, 0xd8, 0xc8, 0xc0, 0xff,
    0xd0, 0xc8, 0xc0, 0xff, 0xd0, 0xc8, 0xc0, 0xff, 0xd8, 0xc8, 0xc0, 0xff,
    0xd0, 0xc8, 0xc0, 0xff, 0xd0, 0xc8, 0xc0, 0xff, 0xd8, 0xc8, 0xc0, 0xff,
    0xd0, 0xc8, 0xc0, 0xff, 0xd0, 0xc8, 0xc0, 0xff, 0xd8, 0xc8, 0xc0, 0xff,
    0xd0, 0xc8, 0xc0, 0xff, 0xd0, 0xc8, 0xc0, 0xff, 0xd8, 0xc8, 0xc0, 0xff,
    0xd0, 0xc8, 0xc0, 0xff, 0xd0, 0xc8, 0xc0, 0xff, 0xd8, 0xc8, 0xc0, 0xff,
    0xd0, 0xc8, 0xc0, 0xff, 0xd0, 0xc8, 0xc0, 0xff, 0xd8, 0xc8, 0xc0, 0xff,
    0xd0, 0xc8, 0xc0, 0xff, 0xd0, 0xc8, 0xc0, 0xff, 0xd8, 0xc8, 0xc0, 0xff,
    0xd0, 0xc8, 0xc0, 0xff, 0xd0, 0xc8, 0xc0, 0xff, 0xd8, 0xc8, 0xc0, 0xff,
    0xd0, 0xc8, 0xc0, 0xff, 0xd0, 0xc8, 0xc0, 0xff, 0xd8, 0xc8, 0xc0, 0xff,
    0xd0, 0xc8, 0xc0, 0xff, 0xd0, 0xc8, 0xc0, 0xff, 0xd8, 0xc8, 0xc0, 0xff,
    0xd0, 0xc8, 0xc0, 0xff, 0xd0, 0xc8, 0xc0, 0xff, 0xd8, 0xc8, 0xc0, 0xff,
    0xd0, 0xc8, 0xc0, 0xff, 0xd0, 0xc8, 0xc0, 0xff, 0xd8, 0xc8, 0xc0, 0xff,
    0xd0, 0xc8, 0xc0, 0xff, 0xd0, 0xc8, 0xc0, 0xff, 0xd8, 0xc8, 0xc0, 0xff,
    0xd0, 0xc8, 0xc0, 0xff, 0xd0, 0xc8, 0xc0, 0xff, 0xd8, 0xc8, 0xc0, 0xff,
    0xd0, 0xc8, 0xc0, 0xff, 0xd0, 0xc8, 0xc0, 0xff, 0xd8, 0xc8, 0xc0, 0xff,
    0xd0, 0xc8, 0xc0, 0xff, 0xd0, 0xc8, 0xc0, 0xff, 0xd8, 0xc8, 0xc0, 0xff,
    0xd0, 0xc8, 0xc0, 0xff, 0xd0, 0xc8, 0xc0, 0xff, 0xd8, 0xc8, 0xc0, 0xff,
    0xd0, 0xc8, 0xc0, 0xff, 0xd0, 0xc8, 0xc0, 0xff, 0xd8, 0xc8, 0xc0, 0xff,
    0xd0, 0xc8, 0xc0, 0xff, 0xd0, 0xc8, 0xc0, 0xff, 0xd8, 0xc8, 0xc0, 0xff,
    0xd0, 0xc8, 0xc0, 0xff, 0xd0, 0xc8, 0xc0, 0xff, 0xd8, 0xc8, 0xc0, 0xff,
    0xd0, 0xc8, 0xc0, 0xff, 0xd0, 0xc8, 0xc0, 0xff, 0xd8, 0xc8, 0xc0, 0xff,
    0xd0, 0xc8, 0xc0, 0xff, 0xd0, 0xc8, 0xc0, 0xff, 0xd8, 0xc8, 0xc0, 0xff,
    0xd0, 0xc8, 0xc0, 0xff, 0xd0, 0xc8, 0xc0, 0xff, 0xd8, 0xc8, 0xc0, 0xff,
    0xd0, 0xc8, 0xc0, 0xff, 0xd0, 0xc8, 0xc0, 0xff, 0xd8, 0xc8, 0xc0, 0xff,
    0xd0, 0xc8, 0xc0, 0xff, 0xd0, 0xc8, 0xc0, 0xff, 0xd8, 0xc8, 0xc0, 0xff,
    0xd0, 0xc8, 0xc0, 0xff, 0xd0, 0xc8, 0xc0, 0xff, 0xd8, 0xc8, 0xc0, 0xff,
    0xd0, 0xc8, 0xc0, 0xff, 0xd0, 0xc8, 0xc0, 0xff, 0xd8, 0xc8, 0xc0, 0xff,
    0xd0, 0xc8, 0xc0, 0xff, 0xd0, 0xc8, 0xc0, 0xff, 0xd8, 0xc8, 0xc0, 0xff,
    0xd0, 0xc8, 0xc0, 0xff, 0xd0, 0xc8, 0xc0, 0xff, 0xd8, 0xc8, 0xc0, 0xff,
    0xd0, 0xc8, 0xc0, 0xff, 0xd0, 0xc8, 0xc0, 0xff, 0xd8, 0xc8, 0xc0, 0xff,
    0xd0, 0xc8, 0xc0, 0xff, 0xd0, 0xc8, 0xc0, 0xff, 0xd8, 0xc8, 0xc0, 0xff,
    0xd0, 0xc8, 0xc0, 0xff, 0xd0, 0xc8, 0xc0, 0xff, 0xd8, 0xc8, 0xc0, 0xff,
    0xd0, 0xc8, 0xc0, 0xff, 0xd0, 0xc8, 0xc0, 0xff, 0xd8, 0xc8, 0xc0, 0xff,
    0xd0, 0xc8, 0xc0, 0xff, 0xd0, 0xc8, 0xc0, 0xff, 0xd8, 0xc8, 0xc0, 0xff,
    0xd0, 0xc8, 0xc0, 0xff, 0xd0, 0xc8, 0xc0, 0xff, 0xd8, 0xc8, 0xc0, 0xff,
    0xd0, 0xc8, 0xc0, 0xff, 0xd0, 0xc8, 0xc0, 0xff, 0xd8, 0xc8, 0xc0, 0xff,
    0xd0, 0xc8, 0xc0, 0xff, 0xd0, 0xc8, 0xc0, 0xff, 0xd8, 0xc8, 0xc0, 0xff,
    0xd0, 0xc8, 0xc0, 0xff, 0xd0, 0xc8, 0xc0, 0xff, 0xd8, 0xc8, 0xc0, 0xff,
    0xd0, 0xc8, 0xc0, 0xff, 0xd0, 0xc8, 0xc0, 0xff, 0xd8, 0xc8, 0xc0, 0xff,
    0xd0, 0xc8, 0xc0, 0xff, 0xd0, 0xc8, 0xc0, 0xff, 0xd8, 0xc8, 0xc0, 0xff,
    0xd0, 0xc8, 0xc0, 0xff, 0xd0, 0xc8, 0xc0, 0xff, 0xd8, 0xc8, 0xc0, 0xff,
    0xd0, 0xc8, 0xc0, 0xff, 0xd0, 0xc8, 0xc0, 0xff, 0xd8, 0xc8, 0xc0, 0xff,
    0xd0, 0xc8, 0xc0, 0xff, 0xd0, 0xc8, 0xc0, 0xff, 0xd8, 0xc8, 0xc0, 0xff,
    0xd0, 0xc8, 0xc0, 0xff, 0xd0, 0xc8, 0xc0, 0xff, 0xd8, 0xc8, 0xc0, 0xff,
    0xd0, 0xc8, 0xc0, 0xff, 0xd0, 0xc8, 0xc0, 0xff, 0xd8, 0xc8, 0xc0, 0xff,
    0xd0, 0xc8, 0xc0, 0xff, 0xd0, 0xc8, 0xc0, 0xff, 0xd8, 0xc8, 0xc0, 0xff,
    0xd0, 0xc8, 0xc0, 0xff, 0xd0, 0xc8, 0xc0, 0xff, 0xd8, 0xc8, 0xc0, 0xff,
    0xd0, 0xc8, 0xc0, 0xff, 0xd0, 0xc8, 0xc0, 0xff, 0xd8, 0xc8, 0xc0, 0xff,
    0xd0, 0xc8, 0xc0, 0xff, 0xd0, 0xc8, 0xc0, 0xff, 0xd8, 0xc8, 0xc0, 0xff,
    0xd0, 0xc8, 0xc0, 0xff, 0xd0, 0xc8, 0xc0, 0xff, 0xd8, 0xc8, 0xc0, 0xff,
    0xd0, 0xc8, 0xc0, 0xff, 0xd0, 0xc8, 0xc0, 0xff, 0xd8, 0xc8, 0xc0, 0xff,
    0xd0, 0xc8, 0xc0, 0xff, 0xd0, 0xc8, 0xc0, 0xff, 0xd8, 0xc8, 0xc0, 0xff,
    0xd0, 0xc8, 0xc0, 0xff, 0xd0, 0xc8, 0xc0, 0xff, 0xd8, 0xc8, 0xc0, 0xff,
    0xd0, 0xc8, 0xc0, 0xff, 0xd0, 0xc8, 0xc0, 0xff, 0xd8, 0xc8, 0xc0, 0xff,
    0xd0, 0xc8, 0xc0, 0xff, 0xd0, 0xc8, 0xc0, 0xff, 0xd8, 0xc8, 0xc0, 0xff,
    0xd0, 0xc8, 0xc0, 0xff, 0xd0, 0xc8, 0xc0, 0xff, 0xd8, 0xc8, 0xc0, 0xff,
    0xd0, 0xc8, 0xc0, 0xff, 0xd0, 0xc8, 0xc0, 0xff, 0xd8, 0xc8, 0xc0, 0xff,
    0xd0, 0xc8, 0xc0, 0xff, 0xd0, 0xc8, 0xc0, 0xff, 0xd8, 0xc8, 0xc0, 0xff,
    0xd0, 0xc8, 0xc0, 0xff, 0xd0, 0xc8, 0xc0, 0xff, 0xd8, 0xc8, 0xc0, 0xff,
    0xd0, 0xc8, 0xc0, 0xff, 0xd0, 0xc8, 0xc0, 0xff, 0xd8, 0xc8, 0xc0, 0xff,
    0xd0, 0xc8, 0xc0, 0xff, 0xd0, 0xc8, 0xc0, 0xff, 0xd8, 0xc8, 0xc0, 0xff,
    0xd0, 0xc8, 0xc0, 0xff, 0xd0, 0xc8, 0xc0, 0xff, 0xd8, 0xc8, 0xc0, 0xff,
    0xd0, 0xc8, 0xc0, 0xff, 0xd0, 0xc8, 0xc0, 0xff, 0xd8, 0xc8, 0xc0, 0xff,
    0xd0, 0xc8, 0xc0, 0xff, 0xd0, 0xc8, 0xc0, 0xff, 0xd8, 0xc8, 0xc0, 0xff,
    0xd0, 0xc8, 0xc0, 0xff, 0xd0, 0xc8, 0xc0, 0xff, 0xd8, 0xc8, 0xc0, 0xff,
    0xd0, 0xc8, 0xc0, 0xff, 0xd0, 0xc8, 0xc0, 0xff, 0xd8, 0xc8, 0xc0, 0xff,
    0xd0, 0xc8, 0xc0, 0xff, 0xd0, 0xc8, 0xc0, 0xff, 0xd8, 0xc8, 0xc0, 0xff,
    0xd0, 0xc8, 0xc0, 0xff, 0xd0, 0xc8, 0xc0, 0xff, 0xd8, 0xc8, 0xc0, 0xff,
    0xd0, 0xc8, 0xc0, 0xff, 0xd0, 0xc8, 0xc0, 0xff, 0xd8, 0xc8, 0xc0, 0xff,
    0xd0, 0xc8, 0xc0, 0xff, 0xd0, 0xc8, 0xc0, 0xff, 0xd8, 0xc8, 0xc0, 0xff,
    0xd0, 0xc8, 0xc0, 0xff, 0xd0, 0xc8, 0xc0, 0xff, 0xd8, 0xc8, 0xc0, 0xff,
    0xd0, 0xc8, 0xc0, 0xff, 0xd0, 0xc8, 0xc0, 0xff, 0xd8, 0xc8, 0xc0, 0xff,
    0xd0, 0xc8, 0xc0, 0xff, 0xd0, 0xc8, 0xc0, 0xff, 0xd8, 0xc8, 0xc0, 0xff,
    0xd0, 0xc8, 0xc0, 0xff, 0xd0, 0xc8, 0xc0, 0xff, 0xd8, 0xc8, 0xc0, 0xff,
    0xd0, 0xc8, 0xc0, 0xff, 0xd0, 0xc8, 0xc0, 0xff, 0xd8, 0xc8, 0xc0, 0xff,
    0xd0, 0xc8, 0xc0, 0xff, 0xd0, 0xc8, 0xc0, 0xff, 0xd8, 0xc8, 0xc0, 0xff,
    0xd0, 0xc8, 0xc0, 0xff, 0xd0, 0xc8, 0xc0, 0xff, 0xd8, 0xc8, 0xc0, 0xff,
    0xd0, 0xc8, 0xc0, 0xff, 0xd0, 0xc8, 0xc0, 0xff, 0xd8, 0xc8, 0xc0, 0xff,
    0xd0, 0xc8, 0xc0, 0xff, 0xd0, 0xc8, 0xc0, 0xff, 0xd8, 0xc8, 0xc0, 0xff,
    0xd0, 0xc8, 0xc0, 0xff, 0xd0, 0xc8, 0xc0, 0xff, 0xd8, 0xcc, 0xc0, 0xff,
    0xd0, 0xc8, 0xc0, 0xff, 0xd0, 0xc8, 0xc0, 0xff, 0xd0, 0xcc, 0xc0, 0xff,
    0xd0, 0xc8, 0xc0, 0xff, 0xd0, 0xcc, 0xc0, 0xff, 0xd8, 0xc8, 0xc0, 0xff,
    0xd0, 0xc8, 0xc0, 0xff, 0xd0, 0xc8, 0xc0, 0xef, 0xd0, 0xc8, 0xc0, 0xef,
    0xd0, 0xc8, 0xc0, 0xff, 0xd8, 0xc8, 0xc0, 0xff, 0xd0, 0xc8, 0xc0, 0xff,
    0xd0, 0xc8, 0xc0, 0xff, 0xd8, 0xcc, 0xc0, 0xff, 0xd0, 0xc8, 0xc0, 0xff,
    0xd0, 0xc8, 0xc0, 0xff, 0xd8, 0xcc, 0xc0, 0xff, 0xd0, 0xc8, 0xc0, 0xff,
    0xd0, 0xcc, 0xc0, 0xff, 0xd8, 0xcc, 0xc0, 0xff, 0xd0, 0xc8, 0xc0, 0xff,
    0xd0, 0xc8, 0xc0, 0xff, 0xd8, 0xcc, 0xc0, 0xff, 0xd0, 0xcc, 0xc0, 0xff,
    0xd0, 0xc8, 0xc0, 0xff, 0xd8, 0xc8, 0xc0, 0xff, 0xd0, 0xcc, 0xc0, 0xff,
    0xd0, 0xcc, 0xc0, 0xff, 0xd8, 0xc8, 0xc0, 0xff, 0xd0, 0xc8, 0xc0, 0xff,
    0xd0, 0xcc, 0xc0, 0xff, 0xd8, 0xcc, 0xc0, 0xff, 0xd0, 0xc8, 0xc0, 0xff,
    0xd0, 0xc8, 0xc0, 0xff, 0xd8, 0xcc, 0xc0, 0xff, 0xd0, 0xcc, 0xc0, 0xff,
    0xd0, 0xc8, 0xc0, 0xff, 0xd8, 0xc8, 0xc0, 0xff, 0xd0, 0xcc, 0xc0, 0xff,
    0xd0, 0xcc, 0xc0, 0xff, 0xd8, 0xc8, 0xc0, 0xff, 0xd0, 0xc8, 0xc0, 0xff,
    0xd0, 0xcc, 0xc0, 0xff, 0xd8, 0xcc, 0xc0, 0xff, 0xd0, 0xc8, 0xc0, 0xff,
    0xd0, 0xc8, 0xc0, 0xff, 0xd8, 0xcc, 0xc0, 0xff, 0xd0, 0xcc, 0xc0, 0xff,
    0xd0, 0xc8, 0xc0, 0xff, 0xd8, 0xc8, 0xc0, 0xff, 0xd0, 0xcc, 0xc0, 0xff,
    0xd0, 0xcc, 0xc0, 0xff, 0xd8, 0xc8, 0xc0, 0xff, 0xd0, 0xc8, 0xc0, 0xff,
    0xd0, 0xcc, 0xc0, 0xff, 0xd8, 0xcc, 0xc0, 0xff, 0xd0, 0xc8, 0xc0, 0xff,
    0xd0, 0xc8, 0xc0, 0xff, 0xd8, 0xcc, 0xc0, 0xff, 0xd0, 0xcc, 0xc0, 0xff,
    0xd0, 0xc8, 0xc0, 0xff, 0xd8, 0xc8, 0xc0, 0xff, 0xd0, 0xcc, 0xc0, 0xff,
    0xd0, 0xcc, 0xc0, 0xff, 0xd8, 0xc8, 0xc0, 0xff, 0xd0, 0xc8, 0xc0, 0xff,
    0xd0, 0xcc, 0xc0, 0xff, 0xd8, 0xcc, 0xc0, 0xff, 0xd0, 0xc8, 0xc0, 0xff,
    0xd0, 0xc8, 0xc0, 0xff, 0xd8, 0xcc, 0xc0, 0xff, 0xd0, 0xcc, 0xc0, 0xff,
    0xd0, 0xc8, 0xc0, 0xff, 0xd8, 0xc8, 0xc0, 0xff, 0xd0, 0xcc, 0xc0, 0xff,
    0xd0, 0xcc, 0xc0, 0xff, 0xd8, 0xc8, 0xc0, 0xff, 0xd0, 0xc8, 0xc0, 0xff,
    0xd0, 0xcc, 0xc0, 0xff, 0xd8, 0xcc, 0xc0, 0xff, 0xd0, 0xc8, 0xc0, 0xff,
    0xd0, 0xc8, 0xc0, 0xff, 0xd8, 0xcc, 0xc0, 0xff, 0xd0, 0xcc, 0xc0, 0xff,
    0xd0, 0xc8, 0xc0, 0xff, 0xd8, 0xc8, 0xc0, 0xff, 0xd0, 0xcc, 0xc0, 0xff,
    0xd0, 0xcc, 0xc0, 0xff, 0xd8, 0xc8, 0xc0, 0xff, 0xd0, 0xc8, 0xc0, 0xff,
    0xd0, 0xcc, 0xc0, 0xff, 0xd8, 0xcc, 0xc0, 0xff, 0xd0, 0xc8, 0xc0, 0xff,
    0xd0, 0xc8, 0xc0, 0xff, 0xd8, 0xcc, 0xc0, 0xff, 0xd0, 0xcc, 0xc0, 0xff,
    0xd0, 0xc8, 0xc0, 0xff, 0xd8, 0xc8, 0xc0, 0xff, 0xd0, 0xcc, 0xc0, 0xff,
    0xd0, 0xcc, 0xc0, 0xff, 0xd8, 0xc8, 0xc0, 0xff, 0xd0, 0xc8, 0xc0, 0xff,
    0xd0, 0xcc, 0xc0, 0xff, 0xd8, 0xcc, 0xc0, 0xff, 0xd0, 0xc8, 0xc0, 0xff,
    0xd0, 0xc8, 0xc0, 0xff, 0xd8, 0xcc, 0xc0, 0xff, 0xd0, 0xcc, 0xc0, 0xff,
    0xd0, 0xc8, 0xc0, 0xff, 0xd8, 0xc8, 0xc0, 0xff, 0xd0, 0xcc, 0xc0, 0xff,
    0xd0, 0xcc, 0xc0, 0xff, 0xd8, 0xc8, 0xc0, 0xff, 0xd0, 0xc8, 0xc0, 0xff,
    0xd0, 0xcc, 0xc0, 0xff, 0xd8, 0xcc, 0xc0, 0xff, 0xd0, 0xc8, 0xc0, 0xff,
    0xd0, 0xc8, 0xc0, 0xff, 0xd8, 0xcc, 0xc0, 0xff, 0xd0, 0xcc, 0xc0, 0xff,
    0xd0, 0xc8, 0xc0, 0xff, 0xd8, 0xc8, 0xc0, 0xff, 0xd0, 0xcc, 0xc0, 0xff,
    0xd0, 0xcc, 0xc0, 0xff, 0xd8, 0xc8, 0xc0, 0xff, 0xd0, 0xc8, 0xc0, 0xff,
    0xd0, 0xcc, 0xc0, 0xff, 0xd8, 0xcc, 0xc0, 0xff, 0xd0, 0xc8, 0xc0, 0xff,
    0xd0, 0xc8, 0xc0, 0xff, 0xd8, 0xcc, 0xc0, 0xff, 0xd0, 0xcc, 0xc0, 0xff,
    0xd0, 0xc8, 0xc0, 0xff, 0xd8, 0xc8, 0xc0, 0xff, 0xd0, 0xcc, 0xc0, 0xff,
    0xd0, 0xcc, 0xc0, 0xff, 0xd8, 0xc8, 0xc0, 0xff, 0xd0, 0xc8, 0xc0, 0xff,
    0xd0, 0xcc, 0xc0, 0xff, 0xd8, 0xcc, 0xc0, 0xff, 0xd0, 0xc8, 0xc0, 0xff,
    0xd0, 0xc8, 0xc0, 0xff, 0xd8, 0xcc, 0xc0, 0xff, 0xd0, 0xcc, 0xc0, 0xff,
    0xd0, 0xc8, 0xc0, 0xff, 0xd8, 0xc8, 0xc0, 0xff, 0xd0, 0xcc, 0xc0, 0xff,
    0xd0, 0xcc, 0xc0, 0xff, 0xd8, 0xc8, 0xc0, 0xff, 0xd0, 0xc8, 0xc0, 0xff,
    0xd0, 0xcc, 0xc0, 0xff, 0xd8, 0xcc, 0xc0, 0xff, 0xd0, 0xc8, 0xc0, 0xff,
    0xd0, 0xc8, 0xc0, 0xff, 0xd8, 0xcc, 0xc0, 0xff, 0xd0, 0xcc, 0xc0, 0xff,
    0xd0, 0xc8, 0xc0, 0xff, 0xd8, 0xc8, 0xc0, 0xff, 0xd0, 0xcc, 0xc0, 0xff,
    0xd0, 0xcc, 0xc0, 0xff, 0xd8, 0xc8, 0xc0, 0xff, 0xd0, 0xc8, 0xc0, 0xff,
    0xd0, 0xcc, 0xc0, 0xff, 0xd8, 0xcc, 0xc0, 0xff, 0xd0, 0xc8, 0xc0, 0xff,
    0xd0, 0xc8, 0xc0, 0xff, 0xd8, 0xcc, 0xc0, 0xff, 0xd0, 0xcc, 0xc0, 0xff,
    0xd0, 0xc8, 0xc0, 0xff, 0xd8, 0xc8, 0xc0, 0xff, 0xd0, 0xcc, 0xc0, 0xff,
    0xd0, 0xcc, 0xc0, 0xff, 0xd8, 0xc8, 0xc0, 0xff, 0xd0, 0xc8, 0xc0, 0xff,
    0xd0, 0xcc, 0xc0, 0xff, 0xd8, 0xcc, 0xc0, 0xff, 0xd0, 0xc8, 0xc0, 0xff,
    0xd0, 0xc8, 0xc0, 0xff, 0xd8, 0xcc, 0xc0, 0xff, 0xd0, 0xcc, 0xc0, 0xff,
    0xd0, 0xc8, 0xc0, 0xff, 0xd8, 0xc8, 0xc0, 0xff, 0xd0, 0xcc, 0xc0, 0xff,
    0xd0, 0xcc, 0xc0, 0xff, 0xd8, 0xc8, 0xc0, 0xff, 0xd0, 0xc8, 0xc0, 0xff,
    0xd0, 0xcc, 0xc0, 0xff, 0xd8, 0xcc, 0xc0, 0xff, 0xd0, 0xc8, 0xc0, 0xff,
    0xd0, 0xc8, 0xc0, 0xff, 0xd8, 0xcc, 0xc0, 0xff, 0xd0, 0xcc, 0xc0, 0xff,
    0xd0, 0xc8, 0xc0, 0xff, 0xd8, 0xc8, 0xc0, 0xff, 0xd0, 0xcc, 0xc0, 0xff,
    0xd0, 0xcc, 0xc0, 0xff, 0xd8, 0xc8, 0xc0, 0xff, 0xd0, 0xc8, 0xc0, 0xff,
    0xd0, 0xcc, 0xc0, 0xff, 0xd8, 0xcc, 0xc0, 0xff, 0xd0, 0xc8, 0xc0, 0xff,
    0xd0, 0xc8, 0xc0, 0xff, 0xd8, 0xcc, 0xc0, 0xff, 0xd0, 0xcc, 0xc0, 0xff,
    0xd0, 0xc8, 0xc0, 0xff, 0xd8, 0xc8, 0xc0, 0xff, 0xd0, 0xcc, 0xc0, 0xff,
    0xd0, 0xcc, 0xc0, 0xff, 0xd8, 0xc8, 0xc0, 0xff, 0xd0, 0xc8, 0xc0, 0xff,
    0xd0, 0xcc, 0xc0, 0xff, 0xd8, 0xcc, 0xc0, 0xff, 0xd0, 0xc8, 0xc0, 0xff,
    0xd0, 0xc8, 0xc0, 0xff, 0xd8, 0xcc, 0xc0, 0xff, 0xd0, 0xcc, 0xc0, 0xff,
    0xd0, 0xc8, 0xc0, 0xff, 0xd8, 0xc8, 0xc0, 0xff, 0xd0, 0xcc, 0xc0, 0xff,
    0xd0, 0xcc, 0xc0, 0xff, 0xd8, 0xc8, 0xc0, 0xff, 0xd0, 0xc8, 0xc0, 0xff,
    0xd0, 0xcc, 0xc0, 0xff, 0xd8, 0xcc, 0xc0, 0xff, 0xd0, 0xc8, 0xc0, 0xff,
    0xd0, 0xc8, 0xc0, 0xff, 0xd8, 0xcc, 0xc0, 0xff, 0xd0, 0xcc, 0xc0, 0xff,
    0xd0, 0xc8, 0xc0, 0xff, 0xd8, 0xc8, 0xc0, 0xff, 0xd0, 0xcc, 0xc0, 0xff,
    0xd0, 0xcc, 0xc0, 0xff, 0xd8, 0xc8, 0xc0, 0xff, 0xd0, 0xc8, 0xc0, 0xff,
    0xd0, 0xcc, 0xc0, 0xff, 0xd8, 0xcc, 0xc0, 0xff, 0xd0, 0xc8, 0xc0, 0xff,
    0xd0, 0xc8, 0xc0, 0xff, 0xd8, 0xcc, 0xc0, 0xff, 0xd0, 0xcc, 0xc0, 0xff,
    0xd0, 0xc8, 0xc0, 0xff, 0xd8, 0xc8, 0xc0, 0xff, 0xd0, 0xcc, 0xc0, 0xff,
    0xd0, 0xcc, 0xc0, 0xff, 0xd8, 0xc8, 0xc0, 0xff, 0xd0, 0xc8, 0xc0, 0xff,
    0xd0, 0xcc, 0xc0, 0xff, 0xd8, 0xcc, 0xc0, 0xff, 0xd0, 0xc8, 0xc0, 0xff,
    0xd0, 0xc8, 0xc0, 0xff, 0xd8, 0xcc, 0xc0, 0xff, 0xd0, 0xcc, 0xc0, 0xff,
    0xd0, 0xc8, 0xc0, 0xff, 0xd8, 0xc8, 0xc0, 0xff, 0xd0, 0xcc, 0xc0, 0xff,
    0xd0, 0xcc, 0xc0, 0xff, 0xd8, 0xc8, 0xc0, 0xff, 0xd0, 0xc8, 0xc0, 0xff,
    0xd0, 0xcc, 0xc0, 0xff, 0xd8, 0xcc, 0xc0, 0xff, 0xd0, 0xc8, 0xc0, 0xff,
    0xd0, 0xc8, 0xc0, 0xff, 0xd8, 0xcc, 0xc0, 0xff, 0xd0, 0xcc, 0xc0, 0xff,
    0xd0, 0xc8, 0xc0, 0xff, 0xd8, 0xc8, 0xc0, 0xff, 0xd0, 0xcc, 0xc0, 0xff,
    0xd0, 0xcc, 0xc0, 0xff, 0xd8, 0xc8, 0xc0, 0xff, 0xd0, 0xc8, 0xc0, 0xff,
    0xd0, 0xcc, 0xc0, 0xff, 0xd8, 0xcc, 0xc0, 0xff, 0xd0, 0xc8, 0xc0, 0xff,
    0xd0, 0xc8, 0xc0, 0xff, 0xd8, 0xcc, 0xc0, 0xff, 0xd0, 0xcc, 0xc0, 0xff,
    0xd0, 0xc8, 0xc0, 0xff, 0xd8, 0xc8, 0xc0, 0xff, 0xd0, 0xcc, 0xc0, 0xff,
    0xd0, 0xcc, 0xc0, 0xff, 0xd8, 0xc8, 0xc0, 0xff, 0xd0, 0xc8, 0xc0, 0xff,
    0xd0, 0xcc, 0xc0, 0xff, 0xd8, 0xcc, 0xc0, 0xff, 0xd0, 0xc8, 0xc0, 0xff,
    0xd0, 0xc8, 0xc0, 0xff, 0xd8, 0xcc, 0xc0, 0xff, 0xd0, 0xcc, 0xc0, 0xff,
    0xd0, 0xc8, 0xc0, 0xff, 0xd8, 0xc8, 0xc0, 0xff, 0xd0, 0xcc, 0xc0, 0xff,
    0xd0, 0xcc, 0xc0, 0xff, 0xd8, 0xc8, 0xc0, 0xff, 0xd0, 0xc8, 0xc0, 0xff,
    0xd0, 0xcc, 0xc0, 0xff, 0xd8, 0xcc, 0xc0, 0xff, 0xd0, 0xc8, 0xc0, 0xff,
    0xd0, 0xc8, 0xc0, 0xff, 0xd8, 0xcc, 0xc0, 0xff, 0xd0, 0xcc, 0xc0, 0xff,
    0xd0, 0xc8, 0xc0, 0xff, 0xd8, 0xc8, 0xc0, 0xff, 0xd0, 0xcc, 0xc0, 0xff,
    0xd0, 0xcc, 0xc0, 0xff, 0xd8, 0xc8, 0xc0, 0xff, 0xd0, 0xc8, 0xc0, 0xff,
    0xd0, 0xcc, 0xc0, 0xff, 0xd8, 0xcc, 0xc0, 0xff, 0xd0, 0xc8, 0xc0, 0xff,
    0xd0, 0xc8, 0xc0, 0xff, 0xd8, 0xcc, 0xc0, 0xff, 0xd0, 0xcc, 0xc0, 0xff,
    0xd0, 0xc8, 0xc0, 0xff, 0xd8, 0xc8, 0xc0, 0xff, 0xd0, 0xcc, 0xc0, 0xff,
    0xd0, 0xcc, 0xc0, 0xff, 0xd8, 0xc8, 0xc0, 0xff, 0xd0, 0xc8, 0xc0, 0xff,
    0xd0, 0xcc, 0xc0, 0xff, 0xd8, 0xcc, 0xc0, 0xff, 0xd0, 0xc8, 0xc0, 0xff,
    0xd0, 0xc8, 0xc0, 0xff, 0xd8, 0xcc, 0xc0, 0xff, 0xd0, 0xcc, 0xc0, 0xff,
    0xd0, 0xc8, 0xc0, 0xff, 0xd8, 0xc8, 0xc0, 0xff, 0xd0, 0xcc, 0xc0, 0xff,
    0xd0, 0xcc, 0xc0, 0xff, 0xd8, 0xc8, 0xc0, 0xff, 0xd0, 0xc8, 0xc0, 0xff,
    0xd0, 0xcc, 0xc0, 0xff, 0xd8, 0xcc, 0xc0, 0xff, 0xd0, 0xc8, 0xc0, 0xff,
    0xd0, 0xc8, 0xc0, 0xff, 0xd8, 0xcc, 0xc0, 0xff, 0xd0, 0xcc, 0xc0, 0xff,
    0xd0, 0xc8, 0xc0, 0xff, 0xd8, 0xc8, 0xc0, 0xff, 0xd0, 0xcc, 0xc0, 0xff,
    0xd0, 0xcc, 0xc0, 0xff, 0xd8, 0xc8, 0xc0, 0xff, 0xd0, 0xc8, 0xc0, 0xff,
    0xd0, 0xcc, 0xc0, 0xff, 0xd8, 0xcc, 0xc0, 0xff, 0xd0, 0xc8, 0xc0, 0xff,
    0xd0, 0xc8, 0xc0, 0xff, 0xd8, 0xcc, 0xc0, 0xff, 0xd0, 0xcc, 0xc0, 0xff,
    0xd0, 0xc8, 0xc0, 0xff, 0xd8, 0xc8, 0xc0, 0xff, 0xd0, 0xcc, 0xc0, 0xff,
    0xd0, 0xcc, 0xc0, 0xff, 0xd8, 0xc8, 0xc0, 0xff, 0xd0, 0xc8, 0xc0, 0xff,
    0xd0, 0xcc, 0xc0, 0xff, 0xd8, 0xcc, 0xc0, 0xff, 0xd0, 0xc8, 0xc0, 0xff,
    0xd0, 0xc8, 0xc0, 0xff, 0xd8, 0xcc, 0xc0, 0xff, 0xd0, 0xcc, 0xc0, 0xff,
    0xd0, 0xc8, 0xc0, 0xff, 0xd8, 0xc8, 0xc0, 0xff, 0xd0, 0xcc, 0xc0, 0xff,
    0xd0, 0xcc, 0xc0, 0xff, 0xd8, 0xc8, 0xc0, 0xff, 0xd0, 0xc8, 0xc0, 0xff,
    0xd0, 0xcc, 0xc0, 0xff, 0xd8, 0xcc, 0xc0, 0xff, 0xd0, 0xc8, 0xc0, 0xff,
    0xd0, 0xc8, 0xc0, 0xff, 0xd8, 0xcc, 0xc0, 0xff, 0xd0, 0xcc, 0xc0, 0xff,
    0xd0, 0xc8, 0xc0, 0xff, 0xd8, 0xc8, 0xc0, 0xff, 0xd0, 0xcc, 0xc0, 0xff,
    0xd0, 0xcc, 0xc0, 0xff, 0xd8, 0xc8, 0xc0, 0xff, 0xd0, 0xc8, 0xc0, 0xff,
    0xd0, 0xcc, 0xc0, 0xff, 0xd8, 0xcc, 0xc0, 0xff, 0xd0, 0xc8, 0xc0, 0xff,
    0xd0, 0xc8, 0xc0, 0xff, 0xd8, 0xcc, 0xc0, 0xff, 0xd0, 0xcc, 0xc0, 0xff,
    0xd0, 0xc8, 0xc0, 0xff, 0xd8, 0xc8, 0xc0, 0xff, 0xd0, 0xcc, 0xc0, 0xff,
    0xd0, 0xcc, 0xc0, 0xff, 0xd8, 0xc8, 0xc0, 0xff, 0xd0, 0xc8, 0xc0, 0xff,
    0xd0, 0xcc, 0xc0, 0xff, 0xd8, 0xcc, 0xc0, 0xff, 0xd0, 0xc8, 0xc0, 0xff,
    0xd0, 0xc8, 0xc0, 0xff, 0xd8, 0xcc, 0xc0, 0xff, 0xd0, 0xcc, 0xc0, 0xff,
    0xd0, 0xc8, 0xc0, 0xff, 0xd8, 0xc8, 0xc0, 0xff, 0xd0, 0xcc, 0xc0, 0xff,
    0xd0, 0xc8, 0xc0, 0xff, 0xd8, 0xc8, 0xc0, 0xff, 0xd0, 0xcc, 0xc0, 0xff,
    0xd0, 0xc8, 0xc0, 0xff, 0xd8, 0xc8, 0xc0, 0xff, 0xd0, 0xc8, 0xc0, 0xff,
    0xd0, 0xcc, 0xc0, 0xff, 0xd8, 0xc8, 0xc0, 0xff, 0xd0, 0xc8, 0xc0, 0xff,
    0xd0, 0xcc, 0xc0, 0xbe, 0xd0, 0xc8, 0xc0, 0xff, 0xd0, 0xc8, 0xc0, 0xff,
    0xd0, 0xcc, 0xc0, 0xff, 0xd0, 0xc8, 0xc0, 0xff, 0xd0, 0xc8, 0xc0, 0xff,
    0xd0, 0xc8, 0xc0, 0xff, 0xd0, 0xc8, 0xc0, 0xff, 0xd0, 0xc8, 0xc0, 0xff,
    0xd0, 0xc8, 0xc0, 0xff, 0xd0, 0xc8, 0xc0, 0xff, 0xd0, 0xc8, 0xc0, 0xff,
    0xd0, 0xc8, 0xc0, 0xff, 0xd0, 0xc8, 0xc0, 0xff, 0xd0, 0xc8, 0xc0, 0xff,
    0xd0, 0xc8, 0xc0, 0xff, 0xd0, 0xcc, 0xc0, 0xff, 0xd0, 0xc8, 0xc0, 0xff,
    0xd0, 0xc8, 0xc0, 0xff, 0xd0, 0xc8, 0xc0, 0xff, 0xd0, 0xc8, 0xc0, 0xff,
    0xd0, 0xc8, 0xc0, 0xff, 0xd0, 0xc8, 0xc0, 0xff, 0xd0, 0xc8, 0xc0, 0xff,
    0xd0, 0xcc, 0xc0, 0xff, 0xd0, 0xc8, 0xc0, 0xff, 0xd0, 0xc8, 0xc0, 0xff,
    0xd0, 0xc8, 0xc0, 0xff, 0xd0, 0xc8, 0xc0, 0xff, 0xd0, 0xc8, 0xc0, 0xff,
    0xd0, 0xc8, 0xc0, 0xff, 0xd0, 0xc8, 0xc0, 0xff, 0xd0, 0xcc, 0xc0, 0xff,
    0xd0, 0xc8, 0xc0, 0xff, 0xd0, 0xc8, 0xc0, 0xff, 0xd0, 0xc8, 0xc0, 0xff,
    0xd0, 0xc8, 0xc0, 0xff, 0xd0, 0xc8, 0xc0, 0xff, 0xd0, 0xc8, 0xc0, 0xff,
    0xd0, 0xc8, 0xc0, 0xff, 0xd0, 0xcc, 0xc0, 0xff, 0xd0, 0xc8, 0xc0, 0xff,
    0xd0, 0xc8, 0xc0, 0xff, 0xd0, 0xc8, 0xc0, 0xff, 0xd0, 0xc8, 0xc0, 0xff,
    0xd0, 0xc8, 0xc0, 0xff, 0xd0, 0xc8, 0xc0, 0xff, 0xd0, 0xc8, 0xc0, 0xff,
    0xd0, 0xcc, 0xc0, 0xff, 0xd0, 0xc8, 0xc0, 0xff, 0xd0, 0xc8, 0xc0, 0xff,
    0xd0, 0xc8, 0xc0, 0xff, 0xd0, 0xc8, 0xc0, 0xff, 0xd0, 0xc8, 0xc0, 0xff,
    0xd0, 0xc8, 0xc0, 0xff, 0xd0, 0xc8, 0xc0, 0xff, 0xd0, 0xcc, 0xc0, 0xff,
    0xd0, 0xc8, 0xc0, 0xff, 0xd0, 0xc8, 0xc0, 0xff, 0xd0, 0xc8, 0xc0, 0xff,
    0xd0, 0xc8, 0xc0, 0xff, 0xd0, 0xc8, 0xc0, 0xff, 0xd0, 0xc8, 0xc0, 0xff,
    0xd0, 0xc8, 0xc0, 0xff, 0xd0, 0xcc, 0xc0, 0xff, 0xd0, 0xc8, 0xc0, 0xff,
    0xd0, 0xc8, 0xc0, 0xff, 0xd0, 0xc8, 0xc0, 0xff, 0xd0, 0xc8, 0xc0, 0xff,
    0xd0, 0xc8, 0xc0, 0xff, 0xd0, 0xc8, 0xc0, 0xff, 0xd0, 0xc8, 0xc0, 0xff,
    0xd0, 0xcc, 0xc0, 0xff, 0xd0, 0xc8, 0xc0, 0xff, 0xd0, 0xc8, 0xc0, 0xff,
    0xd0, 0xc8, 0xc0, 0xff, 0xd0, 0xc8, 0xc0, 0xff, 0xd0, 0xc8, 0xc0, 0xff,
    0xd0, 0xc8, 0xc0, 0xff, 0xd0, 0xc8, 0xc0, 0xff, 0xd0, 0xcc, 0xc0, 0xff,
    0xd0, 0xc8, 0xc0, 0xff, 0xd0, 0xc8, 0xc0, 0xff, 0xd0, 0xc8, 0xc0, 0xff,
    0xd0, 0xc8, 0xc0, 0xff, 0xd0, 0xc8, 0xc0, 0xff, 0xd0, 0xc8, 0xc0, 0xff,
    0xd0, 0xc8, 0xc0, 0xff, 0xd0, 0xcc, 0xc0, 0xff, 0xd0, 0xc8, 0xc0, 0xff,
    0xd0, 0xc8, 0xc0, 0xff, 0xd0, 0xc8, 0xc0, 0xff, 0xd0, 0xc8, 0xc0, 0xff,
    0xd0, 0xc8, 0xc0, 0xff, 0xd0, 0xc8, 0xc0, 0xff, 0xd0, 0xc8, 0xc0, 0xff,
    0xd0, 0xcc, 0xc0, 0xff, 0xd0, 0xc8, 0xc0, 0xff, 0xd0, 0xc8, 0xc0, 0xff,
    0xd0, 0xc8, 0xc0, 0xff, 0xd0, 0xc8, 0xc0, 0xff, 0xd0, 0xc8, 0xc0, 0xff,
    0xd0, 0xc8, 0xc0, 0xff, 0xd0, 0xc8, 0xc0, 0xff, 0xd0, 0xcc, 0xc0, 0xff,
    0xd0, 0xc8, 0xc0, 0xff, 0xd0, 0xc8, 0xc0, 0xff, 0xd0, 0xc8, 0xc0, 0xff,
    0xd0, 0xc8, 0xc0, 0xff, 0xd0, 0xc8, 0xc0, 0xff, 0xd0, 0xc8, 0xc0, 0xff,
    0xd0, 0xc8, 0xc0, 0xff, 0xd0, 0xcc, 0xc0, 0xff, 0xd0, 0xc8, 0xc0, 0xff,
    0xd0, 0xc8, 0xc0, 0xff, 0xd0, 0xc8, 0xc0, 0xff, 0xd0, 0xc8, 0xc0, 0xff,
    0xd0, 0xc8, 0xc0, 0xff, 0xd0, 0xc8, 0xc0, 0xff, 0xd0, 0xc8, 0xc0, 0xff,
    0xd0, 0xcc, 0xc0, 0xff, 0xd0, 0xc8, 0xc0, 0xff, 0xd0, 0xc8, 0xc0, 0xff,
    0xd0, 0xc8, 0xc0, 0xff, 0xd0, 0xc8, 0xc0, 0xff, 0xd0, 0xc8, 0xc0, 0xff,
    0xd0, 0xc8, 0xc0, 0xff, 0xd0, 0xc8, 0xc0, 0xff, 0xd0, 0xcc, 0xc0, 0xff,
    0xd0, 0xc8, 0xc0, 0xff, 0xd0, 0xc8, 0xc0, 0xff, 0xd0, 0xc8, 0xc0, 0xff,
    0xd0, 0xc8, 0xc0, 0xff, 0xd0, 0xc8, 0xc0, 0xff, 0xd0, 0xc8, 0xc0, 0xff,
    0xd0, 0xc8, 0xc0, 0xff, 0xd0, 0xcc, 0xc0, 0xff, 0xd0, 0xc8, 0xc0, 0xff,
    0xd0, 0xc8, 0xc0, 0xff, 0xd0, 0xc8, 0xc0, 0xff, 0xd0, 0xc8, 0xc0, 0xff,
    0xd0, 0xc8, 0xc0, 0xff, 0xd0, 0xc8, 0xc0, 0xff, 0xd0, 0xc8, 0xc0, 0xff,
    0xd0, 0xcc, 0xc0, 0xff, 0xd0, 0xc8, 0xc0, 0xff, 0xd0, 0xc8, 0xc0, 0xff,
    0xd0, 0xc8, 0xc0, 0xff, 0xd0, 0xc8, 0xc0, 0xff, 0xd0, 0xc8, 0xc0, 0xff,
    0xd0, 0xc8, 0xc0, 0xff, 0xd0, 0xc8, 0xc0, 0xff, 0xd0, 0xcc, 0xc0, 0xff,
    0xd0, 0xc8, 0xc0, 0xff, 0xd0, 0xc8, 0xc0, 0xff, 0xd0, 0xc8, 0xc0, 0xff,
    0xd0, 0xc8, 0xc0, 0xff, 0xd0, 0xc8, 0xc0, 0xff, 0xd0, 0xc8, 0xc0, 0xff,
    0xd0, 0xc8, 0xc0, 0xff, 0xd0, 0xcc, 0xc0, 0xff, 0xd0, 0xc8, 0xc0, 0xff,
    0xd0, 0xc8, 0xc0, 0xff, 0xd0, 0xc8, 0xc0, 0xff, 0xd0, 0xc8, 0xc0, 0xff,
    0xd0, 0xc8, 0xc0, 0xff, 0xd0, 0xc8, 0xc0, 0xff, 0xd0, 0xc8, 0xc0, 0xff,
    0xd0, 0xcc, 0xc0, 0xff, 0xd0, 0xc8, 0xc0, 0xff, 0xd0, 0xc8, 0xc0, 0xff,
    0xd0, 0xc8, 0xc0, 0xff, 0xd0, 0xc8, 0xc0, 0xff, 0xd0, 0xc8, 0xc0, 0xff,
    0xd0, 0xc8, 0xc0, 0xff, 0xd0, 0xc8, 0xc0, 0xff, 0xd0, 0xcc, 0xc0, 0xff,
    0xd0, 0xc8, 0xc0, 0xff, 0xd0, 0xc8, 0xc0, 0xff, 0xd0, 0xc8, 0xc0, 0xff,
    0xd0, 0xc8, 0xc0, 0xff, 0xd0, 0xc8, 0xc0, 0xff, 0xd0, 0xc8, 0xc0, 0xff,
    0xd0, 0xc8, 0xc0, 0xff, 0xd0, 0xcc, 0xc0, 0xff, 0xd0, 0xc8, 0xc0, 0xff,
    0xd0, 0xc8, 0xc0, 0xff, 0xd0, 0xc8, 0xc0, 0xff, 0xd0, 0xc8, 0xc0, 0xff,
    0xd0, 0xc8, 0xc0, 0xff, 0xd0, 0xc8, 0xc0, 0xff, 0xd0, 0xc8, 0xc0, 0xff,
    0xd0, 0xcc, 0xc0, 0xff, 0xd0, 0xc8, 0xc0, 0xff, 0xd0, 0xc8, 0xc0, 0xff,
    0xd0, 0xc8, 0xc0, 0xff, 0xd0, 0xc8, 0xc0, 0xff, 0xd0, 0xc8, 0xc0, 0xff,
    0xd0, 0xc8, 0xc0, 0xff, 0xd0, 0xc8, 0xc0, 0xff, 0xd0, 0xcc, 0xc0, 0xff,
    0xd0, 0xc8, 0xc0, 0xff, 0xd0, 0xc8, 0xc0, 0xff, 0xd0, 0xc8, 0xc0, 0xff,
    0xd0, 0xc8, 0xc0, 0xff, 0xd0, 0xc8, 0xc0, 0xff, 0xd0, 0xc8, 0xc0, 0xff,
    0xd0, 0xc8, 0xc0, 0xff, 0xd0, 0xcc, 0xc0, 0xff, 0xd0, 0xc8, 0xc0, 0xff,
    0xd0, 0xc8, 0xc0, 0xff, 0xd0, 0xc8, 0xc0, 0xff, 0xd0, 0xc8, 0xc0, 0xff,
    0xd0, 0xc8, 0xc0, 0xff, 0xd0, 0xc8, 0xc0, 0xff, 0xd0, 0xc8, 0xc0, 0xff,
    0xd0, 0xcc, 0xc0, 0xff, 0xd0, 0xc8, 0xc0, 0xff, 0xd0, 0xc8, 0xc0, 0xff,
    0xd0, 0xc8, 0xc0, 0xff, 0xd0, 0xc8, 0xc0, 0xff, 0xd0, 0xc8, 0xc0, 0xff,
    0xd0, 0xc8, 0xc0, 0xff, 0xd0, 0xc8, 0xc0, 0xff, 0xd0, 0xcc, 0xc0, 0xff,
    0xd0, 0xc8, 0xc0, 0xff, 0xd0, 0xc8, 0xc0, 0xff, 0xd0, 0xc8, 0xc0, 0xff,
    0xd0, 0xc8, 0xc0, 0xff, 0xd0, 0xc8, 0xc0, 0xff, 0xd0, 0xc8, 0xc0, 0xff,
    0xd0, 0xc8, 0xc0, 0xff, 0xd0, 0xcc, 0xc0, 0xff, 0xd0, 0xc8, 0xc0, 0xff,
    0xd0, 0xc8, 0xc0, 0xff, 0xd0, 0xc8, 0xc0, 0xff, 0xd0, 0xc8, 0xc0, 0xff,
    0xd0, 0xc8, 0xc0, 0xff, 0xd0, 0xc8, 0xc0, 0xff, 0xd0, 0xc8, 0xc0, 0xff,
    0xd0, 0xcc, 0xc0, 0xff, 0xd0, 0xc8, 0xc0, 0xff, 0xd0, 0xc8, 0xc0, 0xff,
    0xd0, 0xc8, 0xc0, 0xff, 0xd0, 0xc8, 0xc0, 0xff, 0xd0, 0xc8, 0xc0, 0xff,
    0xd0, 0xc8, 0xc0, 0xff, 0xd0, 0xc8, 0xc0, 0xff, 0xd0, 0xcc, 0xc0, 0xff,
    0xd0, 0xc8, 0xc0, 0xff, 0xd0, 0xc8, 0xc0, 0xff, 0xd0, 0xc8, 0xc0, 0xff,
    0xd0, 0xc8, 0xc0, 0xff, 0xd0, 0xc8, 0xc0, 0xff, 0xd0, 0xc8, 0xc0, 0xff,
    0xd0, 0xc8, 0xc0, 0xff, 0xd0, 0xcc, 0xc0, 0xff, 0xd0, 0xc8, 0xc0, 0xff,
    0xd0, 0xc8, 0xc0, 0xff, 0xd0, 0xc8, 0xc0, 0xff, 0xd0, 0xc8, 0xc0, 0xff,
    0xd0, 0xc8, 0xc0, 0xff, 0xd0, 0xc8, 0xc0, 0xff, 0xd0, 0xc8, 0xc0, 0xff,
    0xd0, 0xcc, 0xc0, 0xff, 0xd0, 0xc8, 0xc0, 0xff, 0xd0, 0xc8, 0xc0, 0xff,
    0xd0, 0xc8, 0xc0, 0xff, 0xd0, 0xc8, 0xc0, 0xff, 0xd0, 0xc8, 0xc0, 0xff,
    0xd0, 0xc8, 0xc0, 0xff, 0xd0, 0xc8, 0xc0, 0xff, 0xd0, 0xcc, 0xc0, 0xff,
    0xd0, 0xc8, 0xc0, 0xff, 0xd0, 0xc8, 0xc0, 0xff, 0xd0, 0xc8, 0xc0, 0xff,
    0xd0, 0xc8, 0xc0, 0xff, 0xd0, 0xc8, 0xc0, 0xff, 0xd0, 0xc8, 0xc0, 0xff,
    0xd0, 0xc8, 0xc0, 0xff, 0xd0, 0xcc, 0xc0, 0xff, 0xd0, 0xc8, 0xc0, 0xff,
    0xd0, 0xc8, 0xc0, 0xff, 0xd0, 0xc8, 0xc0, 0xff, 0xd0, 0xc8, 0xc0, 0xff,
    0xd0, 0xc8, 0xc0, 0xff, 0xd0, 0xc8, 0xc0, 0xff, 0xd0, 0xc8, 0xc0, 0xff,
    0xd0, 0xcc, 0xc0, 0xff, 0xd0, 0xc8, 0xc0, 0xff, 0xd0, 0xc8, 0xc0, 0xff,
    0xd0, 0xc8, 0xc0, 0xff, 0xd0, 0xc8, 0xc0, 0xff, 0xd0, 0xc8, 0xc0, 0xff,
    0xd0, 0xc8, 0xc0, 0xff, 0xd0, 0xc8, 0xc0, 0xff, 0xd0, 0xcc, 0xc0, 0xff,
    0xd0, 0xc8, 0xc0, 0xff, 0xd0, 0xc8, 0xc0, 0xff, 0xd0, 0xc8, 0xc0, 0xff,
    0xd0, 0xc8, 0xc0, 0xff, 0xd0, 0xc8, 0xc0, 0xff, 0xd0, 0xc8, 0xc0, 0xff,
    0xd0, 0xc8, 0xc0, 0xff, 0xd0, 0xcc, 0xc0, 0xff, 0xd0, 0xc8, 0xc0, 0xff,
    0xd0, 0xc8, 0xc0, 0xff, 0xd0, 0xc8, 0xc0, 0xff, 0xd0, 0xc8, 0xc0, 0xff,
    0xd0, 0xc8, 0xc0, 0xff, 0xd0, 0xc8, 0xc0, 0xff, 0xd0, 0xc8, 0xc0, 0xff,
    0xd0, 0xcc, 0xc0, 0xff, 0xd0, 0xc8, 0xc0, 0xff, 0xd0, 0xc8, 0xc0, 0xff,
    0xd0, 0xc8, 0xc0, 0xff, 0xd0, 0xc8, 0xc0, 0xff, 0xd0, 0xc8, 0xc0, 0xff,
    0xd0, 0xc8, 0xc0, 0xff, 0xd0, 0xc8, 0xc0, 0xff, 0xd0, 0xcc, 0xc0, 0xff,
    0xd0, 0xc8, 0xc0, 0xff, 0xd0, 0xc8, 0xc0, 0xff, 0xd0, 0xc8, 0xc0, 0xff,
    0xd0, 0xc8, 0xc0, 0xff, 0xd0, 0xc8, 0xc0, 0xff, 0xd0, 0xc8, 0xc0, 0xff,
    0xd0, 0xc8, 0xc0, 0xff, 0xd0, 0xcc, 0xc0, 0xff, 0xd0, 0xc8, 0xc0, 0xff,
    0xd0, 0xc8, 0xc0, 0xff, 0xd0, 0xc8, 0xc0, 0xff, 0xd0, 0xc8, 0xc0, 0xff,
    0xd0, 0xc8, 0xc0, 0xff, 0xd0, 0xc8, 0xc0, 0xff, 0xd0, 0xc8, 0xc0, 0xff,
    0xd0, 0xcc, 0xc0, 0xff, 0xd0, 0xc8, 0xc0, 0xff, 0xd0, 0xc8, 0xc0, 0xff,
    0xd0, 0xc8, 0xc0, 0xff, 0xd0, 0xc8, 0xc0, 0xff, 0xd0, 0xc8, 0xc0, 0xff,
    0xd0, 0xc8, 0xc0, 0xff, 0xd0, 0xc8, 0xc0, 0xff, 0xd0, 0xcc, 0xc0, 0xff,
    0xd0, 0xc8, 0xc0, 0xff, 0xd0, 0xc8, 0xc0, 0xff, 0xd0, 0xc8, 0xc0, 0xff,
    0xd0, 0xc8, 0xc0, 0xff, 0xd0, 0xc8, 0xc0, 0xff, 0xd0, 0xc8, 0xc0, 0xff,
    0xd0, 0xc8, 0xc0, 0xff, 0xd0, 0xcc, 0xc0, 0xff, 0xd0, 0xc8, 0xc0, 0xff,
    0xd0, 0xc8, 0xc0, 0xff, 0xd0, 0xc8, 0xc0, 0xff, 0xd0, 0xc8, 0xc0, 0xff,
    0xd0, 0xc8, 0xc0, 0xff, 0xd0, 0xc8, 0xc0, 0xff, 0xd0, 0xc8, 0xc0, 0xff,
    0xd0, 0xcc, 0xc0, 0xff, 0xd0, 0xc8, 0xc0, 0xff, 0xd0, 0xc8, 0xc0, 0xff,
    0xd0, 0xc8, 0xc0, 0xff, 0xd0, 0xc8, 0xc0, 0xff, 0xd0, 0xc8, 0xc0, 0xff,
    0xd0, 0xc8, 0xc0, 0xff, 0xd0, 0xc8, 0xc0, 0xff, 0xd0, 0xcc, 0xc0, 0xff,
    0xd0, 0xc8, 0xc0, 0xff, 0xd0, 0xc8, 0xc0, 0xff, 0xd0, 0xc8, 0xc0, 0xff,
    0xd0, 0xc8, 0xc0, 0xff, 0xd0, 0xc8, 0xc0, 0xff, 0xd0, 0xc8, 0xc0, 0xff,
    0xd0, 0xc8, 0xc0, 0xff, 0xd0, 0xcc, 0xc0, 0xff, 0xd0, 0xc8, 0xc0, 0xff,
    0xd0, 0xc8, 0xc0, 0xff, 0xd0, 0xc8, 0xc0, 0xff, 0xd0, 0xc8, 0xc0, 0xff,
    0xd0, 0xc8, 0xc0, 0xff, 0xd0, 0xc8, 0xc0, 0xff, 0xd0, 0xc8, 0xc0, 0xff,
    0xd0, 0xcc, 0xc0, 0xff, 0xd0, 0xc8, 0xc0, 0xff, 0xd0, 0xc8, 0xc0, 0xff,
    0xd0, 0xc8, 0xc0, 0xff, 0xd0, 0xc8, 0xc0, 0xff, 0xd0, 0xcc, 0xc0, 0xff,
    0xd0, 0xc8, 0xc0, 0xff, 0xd0, 0xc8, 0xc0, 0xff, 0xd0, 0xc8, 0xc0, 0xff,
    0xd0, 0xc8, 0xc0, 0xff, 0xd8, 0xc8, 0xc0, 0xff, 0xd0, 0xc8, 0xc0, 0xff,
    0xd0, 0xc8, 0xc0, 0xff, 0xd0, 0xc8, 0xc0, 0xff, 0xd0, 0xc8, 0xc0, 0xff,
    0xd0, 0xc8, 0xc0, 0xbe, 0xd8, 0xc8, 0xc0, 0x41, 0xd0, 0xc8, 0xc0, 0xff,
    0xd0, 0xc8, 0xc0, 0xff, 0xd8, 0xcc, 0xc0, 0xff, 0xd0, 0xc8, 0xc0, 0xff,
    0xd8, 0xc8, 0xc0, 0xff, 0xd0, 0xcc, 0xc0, 0xff, 0xd8, 0xcc, 0xc0, 0xff,
    0xd0, 0xc8, 0xc0, 0xff, 0xd8, 0xc8, 0xc0, 0xff, 0xd0, 0xcc, 0xc0, 0xff,
    0xd0, 0xc8, 0xc0, 0xff, 0xd8, 0xcc, 0xc0, 0xff, 0xd0, 0xc8, 0xc0, 0xff,
    0xd8, 0xc8, 0xc0, 0xff, 0xd0, 0xc8, 0xc0, 0xff, 0xd8, 0xc8, 0xc0, 0xff,
    0xd0, 0xc8, 0xc0, 0xff, 0xd8, 0xc8, 0xc0, 0xff, 0xd0, 0xcc, 0xc0, 0xff,
    0xd0, 0xc8, 0xc0, 0xff, 0xd8, 0xcc, 0xc0, 0xff, 0xd0, 0xc8, 0xc0, 0xff,
    0xd8, 0xc8, 0xc0, 0xff, 0xd0, 0xc8, 0xc0, 0xff, 0xd8, 0xc8, 0xc0, 0xff,
    0xd0, 0xc8, 0xc0, 0xff, 0xd8, 0xcc, 0xc0, 0xff, 0xd0, 0xc8, 0xc0, 0xff,
    0xd0, 0xcc, 0xc0, 0xff, 0xd8, 0xc8, 0xc0, 0xff, 0xd0, 0xc8, 0xc0, 0xff,
    0xd8, 0xc8, 0xc0, 0xff, 0xd0, 0xc8, 0xc0, 0xff, 0xd8, 0xc8, 0xc0, 0xff,
    0xd0, 0xcc, 0xc0, 0xff, 0xd8, 0xc8, 0xc0, 0xff, 0xd0, 0xcc, 0xc0, 0xff,
    0xd0, 0xc8, 0xc0, 0xff, 0xd8, 0xc8, 0xc0, 0xff, 0xd0, 0xc8, 0xc0, 0xff,
    0xd8, 0xc8, 0xc0, 0xff, 0xd0, 0xc8, 0xc0, 0xff, 0xd8, 0xcc, 0xc0, 0xff,
    0xd0, 0xc8, 0xc0, 0xff, 0xd8, 0xcc, 0xc0, 0xff, 0xd0, 0xc8, 0xc0, 0xff,
    0xd0, 0xc8, 0xc0, 0xff, 0xd8, 0xc8, 0xc0, 0xff, 0xd0, 0xc8, 0xc0, 0xff,
    0xd8, 0xc8, 0xc0, 0xff, 0xd0, 0xcc, 0xc0, 0xff, 0xd8, 0xc8, 0xc0, 0xff,
    0xd0, 0xcc, 0xc0, 0xff, 0xd8, 0xc8, 0xc0, 0xff, 0xd0, 0xc8, 0xc0, 0xff,
    0xd0, 0xc8, 0xc0, 0xff, 0xd8, 0xc8, 0xc0, 0xff, 0xd0, 0xc8, 0xc0, 0xff,
    0xd8, 0xcc, 0xc0, 0xff, 0xd0, 0xc8, 0xc0, 0xff, 0xd8, 0xcc, 0xc0, 0xff,
    0xd0, 0xc8, 0xc0, 0xff, 0xd8, 0xc8, 0xc0, 0xff, 0xd0, 0xc8, 0xc0, 0xff,
    0xd0, 0xc8, 0xc0, 0xff, 0xd8, 0xc8, 0xc0, 0xff, 0xd0, 0xcc, 0xc0, 0xff,
    0xd8, 0xc8, 0xc0, 0xff, 0xd0, 0xcc, 0xc0, 0xff, 0xd8, 0xc8, 0xc0, 0xff,
    0xd0, 0xc8, 0xc0, 0xff, 0xd8, 0xc8, 0xc0, 0xff, 0xd0, 0xc8, 0xc0, 0xff,
    0xd0, 0xc8, 0xc0, 0xff, 0xd8, 0xcc, 0xc0, 0xff, 0xd0, 0xc8, 0xc0, 0xff,
    0xd8, 0xcc, 0xc0, 0xff, 0xd0, 0xc8, 0xc0, 0xff, 0xd8, 0xc8, 0xc0, 0xff,
    0xd0, 0xc8, 0xc0, 0xff, 0xd8, 0xc8, 0xc0, 0xff, 0xd0, 0xc8, 0xc0, 0xff,
    0xd0, 0xcc, 0xc0, 0xff, 0xd8, 0xc8, 0xc0, 0xff, 0xd0, 0xcc, 0xc0, 0xff,
    0xd8, 0xc8, 0xc0, 0xff, 0xd0, 0xc8, 0xc0, 0xff, 0xd8, 0xc8, 0xc0, 0xff,
    0xd0, 0xc8, 0xc0, 0xff, 0xd8, 0xc8, 0xc0, 0xff, 0xd0, 0xcc, 0xc0, 0xff,
    0xd0, 0xc8, 0xc0, 0xff, 0xd8, 0xcc, 0xc0, 0xff, 0xd0, 0xc8, 0xc0, 0xff,
    0xd8, 0xc8, 0xc0, 0xff, 0xd0, 0xc8, 0xc0, 0xff, 0xd8, 0xc8, 0xc0, 0xff,
    0xd0, 0xc8, 0xc0, 0xff, 0xd8, 0xcc, 0xc0, 0xff, 0xd0, 0xc8, 0xc0, 0xff,
    0xd0, 0xcc, 0xc0, 0xff, 0xd8, 0xc8, 0xc0, 0xff, 0xd0, 0xc8, 0xc0, 0xff,
    0xd8, 0xc8, 0xc0, 0xff, 0xd0, 0xc8, 0xc0, 0xff, 0xd8, 0xc8, 0xc0, 0xff,
    0xd0, 0xcc, 0xc0, 0xff, 0xd8, 0xc8, 0xc0, 0xff, 0xd0, 0xcc, 0xc0, 0xff,
    0xd0, 0xc8, 0xc0, 0xff, 0xd8, 0xc8, 0xc0, 0xff, 0xd0, 0xc8, 0xc0, 0xff,
    0xd8, 0xc8, 0xc0, 0xff, 0xd0, 0xc8, 0xc0, 0xff, 0xd8, 0xcc, 0xc0, 0xff,
    0xd0, 0xc8, 0xc0, 0xff, 0xd8, 0xcc, 0xc0, 0xff, 0xd0, 0xc8, 0xc0, 0xff,
    0xd0, 0xc8, 0xc0, 0xff, 0xd8, 0xc8, 0xc0, 0xff, 0xd0, 0xc8, 0xc0, 0xff,
    0xd8, 0xc8, 0xc0, 0xff, 0xd0, 0xcc, 0xc0, 0xff, 0xd8, 0xc8, 0xc0, 0xff,
    0xd0, 0xcc, 0xc0, 0xff, 0xd8, 0xc8, 0xc0, 0xff, 0xd0, 0xc8, 0xc0, 0xff,
    0xd0, 0xc8, 0xc0, 0xff, 0xd8, 0xc8, 0xc0, 0xff, 0xd0, 0xc8, 0xc0, 0xff,
    0xd8, 0xcc, 0xc0, 0xff, 0xd0, 0xc8, 0xc0, 0xff, 0xd8, 0xcc, 0xc0, 0xff,
    0xd0, 0xc8, 0xc0, 0xff, 0xd8, 0xc8, 0xc0, 0xff, 0xd0, 0xc8, 0xc0, 0xff,
    0xd0, 0xc8, 0xc0, 0xff, 0xd8, 0xc8, 0xc0, 0xff, 0xd0, 0xcc, 0xc0, 0xff,
    0xd8, 0xc8, 0xc0, 0xff, 0xd0, 0xcc, 0xc0, 0xff, 0xd8, 0xc8, 0xc0, 0xff,
    0xd0, 0xc8, 0xc0, 0xff, 0xd8, 0xc8, 0xc0, 0xff, 0xd0, 0xc8, 0xc0, 0xff,
    0xd0, 0xc8, 0xc0, 0xff, 0xd8, 0xcc, 0xc0, 0xff, 0xd0, 0xc8, 0xc0, 0xff,
    0xd8, 0xcc, 0xc0, 0xff, 0xd0, 0xc8, 0xc0, 0xff, 0xd8, 0xc8, 0xc0, 0xff,
    0xd0, 0xc8, 0xc0, 0xff, 0xd8, 0xc8, 0xc0, 0xff, 0xd0, 0xc8, 0xc0, 0xff,
    0xd0, 0xcc, 0xc0, 0xff, 0xd8, 0xc8, 0xc0, 0xff, 0xd0, 0xcc, 0xc0, 0xff,
    0xd8, 0xc8, 0xc0, 0xff, 0xd0, 0xc8, 0xc0, 0xff, 0xd8, 0xc8, 0xc0, 0xff,
    0xd0, 0xc8, 0xc0, 0xff, 0xd8, 0xc8, 0xc0, 0xff, 0xd0, 0xcc, 0xc0, 0xff,
    0xd0, 0xc8, 0xc0, 0xff, 0xd8, 0xcc, 0xc0, 0xff, 0xd0, 0xc8, 0xc0, 0xff,
    0xd8, 0xc8, 0xc0, 0xff, 0xd0, 0xc8, 0xc0, 0xff, 0xd8, 0xc8, 0xc0, 0xff,
    0xd0, 0xc8, 0xc0, 0xff, 0xd8, 0xcc, 0xc0, 0xff, 0xd0, 0xc8, 0xc0, 0xff,
    0xd0, 0xcc, 0xc0, 0xff, 0xd8, 0xc8, 0xc0, 0xff, 0xd0, 0xc8, 0xc0, 0xff,
    0xd8, 0xc8, 0xc0, 0xff, 0xd0, 0xc8, 0xc0, 0xff, 0xd8, 0xc8, 0xc0, 0xff,
    0xd0, 0xcc, 0xc0, 0xff, 0xd8, 0xc8, 0xc0, 0xff, 0xd0, 0xcc, 0xc0, 0xff,
    0xd0, 0xc8, 0xc0, 0xff, 0xd8, 0xc8, 0xc0, 0xff, 0xd0, 0xc8, 0xc0, 0xff,
    0xd8, 0xc8, 0xc0, 0xff, 0xd0, 0xc8, 0xc0, 0xff, 0xd8, 0xcc, 0xc0, 0xff,
    0xd0, 0xc8, 0xc0, 0xff, 0xd8, 0xcc, 0xc0, 0xff, 0xd0, 0xc8, 0xc0, 0xff,
    0xd0, 0xc8, 0xc0, 0xff, 0xd8, 0xc8, 0xc0, 0xff, 0xd0, 0xc8, 0xc0, 0xff,
    0xd8, 0xc8, 0xc0, 0xff, 0xd0, 0xcc, 0xc0, 0xff, 0xd8, 0xc8, 0xc0, 0xff,
    0xd0, 0xcc, 0xc0, 0xff, 0xd8, 0xc8, 0xc0, 0xff, 0xd0, 0xc8, 0xc0, 0xff,
    0xd0, 0xc8, 0xc0, 0xff, 0xd8, 0xc8, 0xc0, 0xff, 0xd0, 0xc8, 0xc0, 0xff,
    0xd8, 0xcc, 0xc0, 0xff, 0xd0, 0xc8, 0xc0, 0xff, 0xd8, 0xcc, 0xc0, 0xff,
    0xd0, 0xc8, 0xc0, 0xff, 0xd8, 0xc8, 0xc0, 0xff, 0xd0, 0xc8, 0xc0, 0xff,
    0xd0, 0xc8, 0xc0, 0xff, 0xd8, 0xc8, 0xc0, 0xff, 0xd0, 0xcc, 0xc0, 0xff,
    0xd8, 0xc8, 0xc0, 0xff, 0xd0, 0xcc, 0xc0, 0xff, 0xd8, 0xc8, 0xc0, 0xff,
    0xd0, 0xc8, 0xc0, 0xff, 0xd8, 0xc8, 0xc0, 0xff, 0xd0, 0xc8, 0xc0, 0xff,
    0xd0, 0xc8, 0xc0, 0xff, 0xd8, 0xcc, 0xc0, 0xff, 0xd0, 0xc8, 0xc0, 0xff,
    0xd8, 0xcc, 0xc0, 0xff, 0xd0, 0xc8, 0xc0, 0xff, 0xd8, 0xc8, 0xc0, 0xff,
    0xd0, 0xc8, 0xc0, 0xff, 0xd8, 0xc8, 0xc0, 0xff, 0xd0, 0xc8, 0xc0, 0xff,
    0xd0, 0xcc, 0xc0, 0xff, 0xd8, 0xc8, 0xc0, 0xff, 0xd0, 0xcc, 0xc0, 0xff,
    0xd8, 0xc8, 0xc0, 0xff, 0xd0, 0xc8, 0xc0, 0xff, 0xd8, 0xc8, 0xc0, 0xff,
    0xd0, 0xc8, 0xc0, 0xff, 0xd8, 0xc8, 0xc0, 0xff, 0xd0, 0xcc, 0xc0, 0xff,
    0xd0, 0xc8, 0xc0, 0xff, 0xd8, 0xcc, 0xc0, 0xff, 0xd0, 0xc8, 0xc0, 0xff,
    0xd8, 0xc8, 0xc0, 0xff, 0xd0, 0xc8, 0xc0, 0xff, 0xd8, 0xc8, 0xc0, 0xff,
    0xd0, 0xc8, 0xc0, 0xff, 0xd8, 0xcc, 0xc0, 0xff, 0xd0, 0xc8, 0xc0, 0xff,
    0xd0, 0xcc, 0xc0, 0xff, 0xd8, 0xc8, 0xc0, 0xff, 0xd0, 0xc8, 0xc0, 0xff,
    0xd8, 0xc8, 0xc0, 0xff, 0xd0, 0xc8, 0xc0, 0xff, 0xd8, 0xc8, 0xc0, 0xff,
    0xd0, 0xcc, 0xc0, 0xff, 0xd8, 0xc8, 0xc0, 0xff, 0xd0, 0xcc, 0xc0, 0xff,
    0xd0, 0xc8, 0xc0, 0xff, 0xd8, 0xc8, 0xc0, 0xff, 0xd0, 0xc8, 0xc0, 0xff,
    0xd8, 0xc8, 0xc0, 0xff, 0xd0, 0xc8, 0xc0, 0xff, 0xd8, 0xcc, 0xc0, 0xff,
    0xd0, 0xc8, 0xc0, 0xff, 0xd8, 0xcc, 0xc0, 0xff, 0xd0, 0xc8, 0xc0, 0xff,
    0xd0, 0xc8, 0xc0, 0xff, 0xd8, 0xc8, 0xc0, 0xff, 0xd0, 0xc8, 0xc0, 0xff,
    0xd8, 0xc8, 0xc0, 0xff, 0xd0, 0xcc, 0xc0, 0xff, 0xd8, 0xc8, 0xc0, 0xff,
    0xd0, 0xcc, 0xc0, 0xff, 0xd8, 0xc8, 0xc0, 0xff, 0xd0, 0xc8, 0xc0, 0xff,
    0xd0, 0xc8, 0xc0, 0xff, 0xd8, 0xc8, 0xc0, 0xff, 0xd0, 0xc8, 0xc0, 0xff,
    0xd8, 0xcc, 0xc0, 0xff, 0xd0, 0xc8, 0xc0, 0xff, 0xd8, 0xcc, 0xc0, 0xff,
    0xd0, 0xc8, 0xc0, 0xff, 0xd8, 0xc8, 0xc0, 0xff, 0xd0, 0xc8, 0xc0, 0xff,
    0xd0, 0xc8, 0xc0, 0xff, 0xd8, 0xc8, 0xc0, 0xff, 0xd0, 0xcc, 0xc0, 0xff,
    0xd8, 0xc8, 0xc0, 0xff, 0xd0, 0xcc, 0xc0, 0xff, 0xd8, 0xc8, 0xc0, 0xff,
    0xd0, 0xc8, 0xc0, 0xff, 0xd8, 0xc8, 0xc0, 0xff, 0xd0, 0xc8, 0xc0, 0xff,
    0xd0, 0xc8, 0xc0, 0xff, 0xd8, 0xcc, 0xc0, 0xff, 0xd0, 0xc8, 0xc0, 0xff,
    0xd8, 0xcc, 0xc0, 0xff, 0xd0, 0xc8, 0xc0, 0xff, 0xd8, 0xc8, 0xc0, 0xff,
    0xd0, 0xc8, 0xc0, 0xff, 0xd8, 0xc8, 0xc0, 0xff, 0xd0, 0xc8, 0xc0, 0xff,
    0xd0, 0xcc, 0xc0, 0xff, 0xd8, 0xc8, 0xc0, 0xff, 0xd0, 0xcc, 0xc0, 0xff,
    0xd8, 0xc8, 0xc0, 0xff, 0xd0, 0xc8, 0xc0, 0xff, 0xd8, 0xc8, 0xc0, 0xff,
    0xd0, 0xc8, 0xc0, 0xff, 0xd8, 0xc8, 0xc0, 0xff, 0xd0, 0xcc, 0xc0, 0xff,
    0xd0, 0xc8, 0xc0, 0xff, 0xd8, 0xcc, 0xc0, 0xff, 0xd0, 0xc8, 0xc0, 0xff,
    0xd8, 0xc8, 0xc0, 0xff, 0xd0, 0xc8, 0xc0, 0xff, 0xd8, 0xc8, 0xc0, 0xff,
    0xd0, 0xc8, 0xc0, 0xff, 0xd8, 0xcc, 0xc0, 0xff, 0xd0, 0xc8, 0xc0, 0xff,
    0xd0, 0xcc, 0xc0, 0xff, 0xd8, 0xc8, 0xc0, 0xff, 0xd0, 0xc8, 0xc0, 0xff,
    0xd8, 0xc8, 0xc0, 0xff, 0xd0, 0xc8, 0xc0, 0xff, 0xd8, 0xc8, 0xc0, 0xff,
    0xd0, 0xcc, 0xc0, 0xff, 0xd8, 0xc8, 0xc0, 0xff, 0xd0, 0xcc, 0xc0, 0xff,
    0xd0, 0xc8, 0xc0, 0xff, 0xd8, 0xc8, 0xc0, 0xff, 0xd0, 0xc8, 0xc0, 0xff,
    0xd8, 0xc8, 0xc0, 0xff, 0xd0, 0xc8, 0xc0, 0xff, 0xd8, 0xcc, 0xc0, 0xff,
    0xd0, 0xc8, 0xc0, 0xff, 0xd8, 0xcc, 0xc0, 0xff, 0xd0, 0xc8, 0xc0, 0xff,
    0xd0, 0xc8, 0xc0, 0xff, 0xd8, 0xc8, 0xc0, 0xff, 0xd0, 0xc8, 0xc0, 0xff,
    0xd8, 0xc8, 0xc0, 0xff, 0xd0, 0xcc, 0xc0, 0xff, 0xd8, 0xc8, 0xc0, 0xff,
    0xd0, 0xcc, 0xc0, 0xff, 0xd8, 0xc8, 0xc0, 0xff, 0xd0, 0xc8, 0xc0, 0xff,
    0xd0, 0xc8, 0xc0, 0xff, 0xd8, 0xc8, 0xc0, 0xff, 0xd0, 0xc8, 0xc0, 0xff,
    0xd8, 0xcc, 0xc0, 0xff, 0xd0, 0xc8, 0xc0, 0xff, 0xd8, 0xcc, 0xc0, 0xff,
    0xd0, 0xc8, 0xc0, 0xff, 0xd8, 0xc8, 0xc0, 0xff, 0xd0, 0xc8, 0xc0, 0xff,
    0xd0, 0xc8, 0xc0, 0xff, 0xd8, 0xc8, 0xc0, 0xff, 0xd0, 0xcc, 0xc0, 0xff,
    0xd8, 0xc8, 0xc0, 0xff, 0xd0, 0xcc, 0xc0, 0xff, 0xd8, 0xc8, 0xc0, 0xff,
    0xd0, 0xc8, 0xc0, 0xff, 0xd8, 0xc8, 0xc0, 0xff, 0xd0, 0xc8, 0xc0, 0xff,
    0xd0, 0xc8, 0xc0, 0xff, 0xd8, 0xcc, 0xc0, 0xff, 0xd0, 0xc8, 0xc0, 0xff,
    0xd8, 0xcc, 0xc0, 0xff, 0xd0, 0xc8, 0xc0, 0xff, 0xd8, 0xc8, 0xc0, 0xff,
    0xd0, 0xc8, 0xc0, 0xff, 0xd8, 0xc8, 0xc0, 0xff, 0xd0, 0xc8, 0xc0, 0xff,
    0xd0, 0xcc, 0xc0, 0xff, 0xd8, 0xc8, 0xc0, 0xff, 0xd0, 0xcc, 0xc0, 0xff,
    0xd8, 0xc8, 0xc0, 0xff, 0xd0, 0xc8, 0xc0, 0xff, 0xd8, 0xc8, 0xc0, 0xff,
    0xd0, 0xc8, 0xc0, 0xff, 0xd8, 0xc8, 0xc0, 0xff, 0xd0, 0xcc, 0xc0, 0xff,
    0xd0, 0xc8, 0xc0, 0xff, 0xd8, 0xcc, 0xc0, 0xff, 0xd0, 0xc8, 0xc0, 0xff,
    0xd8, 0xc8, 0xc0, 0xff, 0xd0, 0xc8, 0xc0, 0xff, 0xd8, 0xc8, 0xc0, 0xff,
    0xd0, 0xc8, 0xc0, 0xff, 0xd8, 0xc8, 0xc0, 0xff, 0xd0, 0xc8, 0xc0, 0xff,
    0xd0, 0xc8, 0xc0, 0xff, 0xd8, 0xc8, 0xc0, 0xff, 0xd0, 0xcc, 0xc0, 0xff,
    0xd0, 0xc8, 0xc0, 0xff, 0xd8, 0xc8, 0xc0, 0xff, 0xd0, 0xcc, 0xc0, 0xff,
    0xd0, 0xcc, 0xc0, 0xff, 0xd8, 0xc8, 0xc0, 0xff, 0xd0, 0xc8, 0xc0, 0xff,
    0xd0, 0xcc, 0xc0, 0xff, 0xd0, 0xc8, 0xc0, 0x5d, 0x00, 0x00, 0x00, 0x00,
    0xd8, 0xc8, 0xc0, 0x7d, 0xd0, 0xc8, 0xc0, 0xff, 0xd0, 0xc8, 0xc0, 0xff,
    0xd8, 0xc8, 0xc0, 0xff, 0xd0, 0xc8, 0xc0, 0xff, 0xd0, 0xc8, 0xc0, 0xff,
    0xd0, 0xc8, 0xc0, 0xff, 0xd0, 0xc8, 0xc0, 0xff, 0xd8, 0xcc, 0xc0, 0xff,
    0xd0, 0xc8, 0xc0, 0xff, 0xd0, 0xc8, 0xc0, 0xff, 0xd8, 0xc8, 0xc0, 0xff,
    0xd0, 0xcc, 0xc0, 0xff, 0xd0, 0xcc, 0xc0, 0xff, 0xd0, 0xc8, 0xc0, 0xff,
    0xd0, 0xc8, 0xc0, 0xff, 0xd8, 0xcc, 0xc0, 0xff, 0xd0, 0xc8, 0xc0, 0xff,
    0xd0, 0xc8, 0xc0, 0xff, 0xd8, 0xcc, 0xc0, 0xff, 0xd0, 0xc8, 0xc0, 0xff,
    0xd0, 0xc8, 0xc0, 0xff, 0xd0, 0xcc, 0xc0, 0xff, 0xd0, 0xc8, 0xc0, 0xff,
    0xd0, 0xc8, 0xc0, 0xff, 0xd8, 0xcc, 0xc0, 0xff, 0xd0, 0xc8, 0xc0, 0xff,
    0xd0, 0xc8, 0xc0, 0xff, 0xd8, 0xcc, 0xc0, 0xff, 0xd0, 0xc8, 0xc0, 0xff,
    0xd0, 0xc8, 0xc0, 0xff, 0xd0, 0xcc, 0xc0, 0xff, 0xd0, 0xc8, 0xc0, 0xff,
    0xd0, 0xc8, 0xc0, 0xff, 0xd8, 0xcc, 0xc0, 0xff, 0xd0, 0xc8, 0xc0, 0xff,
    0xd0, 0xc8, 0xc0, 0xff, 0xd8, 0xcc, 0xc0, 0xff, 0xd0, 0xc8, 0xc0, 0xff,
    0xd0, 0xc8, 0xc0, 0xff, 0xd0, 0xcc, 0xc0, 0xff, 0xd0, 0xc8, 0xc0, 0xff,
    0xd0, 0xc8, 0xc0, 0xff, 0xd8, 0xcc, 0xc0, 0xff, 0xd0, 0xc8, 0xc0, 0xff,
    0xd0, 0xc8, 0xc0, 0xff, 0xd8, 0xcc, 0xc0, 0xff, 0xd0, 0xc8, 0xc0, 0xff,
    0xd0, 0xc8, 0xc0, 0xff, 0xd0, 0xcc, 0xc0, 0xff, 0xd0, 0xc8, 0xc0, 0xff,
    0xd0, 0xc8, 0xc0, 0xff, 0xd8, 0xcc, 0xc0, 0xff, 0xd0, 0xc8, 0xc0, 0xff,
    0xd0, 0xc8, 0xc0, 0xff, 0xd8, 0xcc, 0xc0, 0xff, 0xd0, 0xc8, 0xc0, 0xff,
    0xd0, 0xc8, 0xc0, 0xff, 0xd0, 0xcc, 0xc0, 0xff, 0xd0, 0xc8, 0xc0, 0xff,
    0xd0, 0xc8, 0xc0, 0xff, 0xd8, 0xcc, 0xc0, 0xff, 0xd0, 0xc8, 0xc0, 0xff,
    0xd0, 0xc8, 0xc0, 0xff, 0xd8, 0xcc, 0xc0, 0xff, 0xd0, 0xc8, 0xc0, 0xff,
    0xd0, 0xc8, 0xc0, 0xff, 0xd0, 0xcc, 0xc0, 0xff, 0xd0, 0xc8, 0xc0, 0xff,
    0xd0, 0xc8, 0xc0, 0xff, 0xd8, 0xcc, 0xc0, 0xff, 0xd0, 0xc8, 0xc0, 0xff,
    0xd0, 0xc8, 0xc0, 0xff, 0xd8, 0xcc, 0xc0, 0xff, 0xd0, 0xc8, 0xc0, 0xff,
    0xd0, 0xc8, 0xc0, 0xff, 0xd0, 0xcc, 0xc0, 0xff, 0xd0, 0xc8, 0xc0, 0xff,
    0xd0, 0xc8, 0xc0, 0xff, 0xd8, 0xcc, 0xc0, 0xff, 0xd0, 0xc8, 0xc0, 0xff,
    0xd0, 0xc8, 0xc0, 0xff, 0xd8, 0xcc, 0xc0, 0xff, 0xd0, 0xc8, 0xc0, 0xff,
    0xd0, 0xc8, 0xc0, 0xff, 0xd0, 0xcc, 0xc0, 0xff, 0xd0, 0xc8, 0xc0, 0xff,
    0xd0, 0xc8, 0xc0, 0xff, 0xd8, 0xcc, 0xc0, 0xff, 0xd0, 0xc8, 0xc0, 0xff,
    0xd0, 0xc8, 0xc0, 0xff, 0xd8, 0xcc, 0xc0, 0xff, 0xd0, 0xc8, 0xc0, 0xff,
    0xd0, 0xc8, 0xc0, 0xff, 0xd0, 0xcc, 0xc0, 0xff, 0xd0, 0xc8, 0xc0, 0xff,
    0xd0, 0xc8, 0xc0, 0xff, 0xd8, 0xcc, 0xc0, 0xff, 0xd0, 0xc8, 0xc0, 0xff,
    0xd0, 0xc8, 0xc0, 0xff, 0xd8, 0xcc, 0xc0, 0xff, 0xd0, 0xc8, 0xc0, 0xff,
    0xd0, 0xc8, 0xc0, 0xff, 0xd0, 0xcc, 0xc0, 0xff, 0xd0, 0xc8, 0xc0, 0xff,
    0xd0, 0xc8, 0xc0, 0xff, 0xd8, 0xcc, 0xc0, 0xff, 0xd0, 0xc8, 0xc0, 0xff,
    0xd0, 0xc8, 0xc0, 0xff, 0xd8, 0xcc, 0xc0, 0xff, 0xd0, 0xc8, 0xc0, 0xff,
    0xd0, 0xc8, 0xc0, 0xff, 0xd0, 0xcc, 0xc0, 0xff, 0xd0, 0xc8, 0xc0, 0xff,
    0xd0, 0xc8, 0xc0, 0xff, 0xd8, 0xcc, 0xc0, 0xff, 0xd0, 0xc8, 0xc0, 0xff,
    0xd0, 0xc8, 0xc0, 0xff, 0xd8, 0xcc, 0xc0, 0xff, 0xd0, 0xc8, 0xc0, 0xff,
    0xd0, 0xc8, 0xc0, 0xff, 0xd0, 0xcc, 0xc0, 0xff, 0xd0, 0xc8, 0xc0, 0xff,
    0xd0, 0xc8, 0xc0, 0xff, 0xd8, 0xcc, 0xc0, 0xff, 0xd0, 0xc8, 0xc0, 0xff,
    0xd0, 0xc8, 0xc0, 0xff, 0xd8, 0xcc, 0xc0, 0xff, 0xd0, 0xc8, 0xc0, 0xff,
    0xd0, 0xc8, 0xc0, 0xff, 0xd0, 0xcc, 0xc0, 0xff, 0xd0, 0xc8, 0xc0, 0xff,
    0xd0, 0xc8, 0xc0, 0xff, 0xd8, 0xcc, 0xc0, 0xff, 0xd0, 0xc8, 0xc0, 0xff,
    0xd0, 0xc8, 0xc0, 0xff, 0xd8, 0xcc, 0xc0, 0xff, 0xd0, 0xc8, 0xc0, 0xff,
    0xd0, 0xc8, 0xc0, 0xff, 0xd0, 0xcc, 0xc0, 0xff, 0xd0, 0xc8, 0xc0, 0xff,
    0xd0, 0xc8, 0xc0, 0xff, 0xd8, 0xcc, 0xc0, 0xff, 0xd0, 0xc8, 0xc0, 0xff,
    0xd0, 0xc8, 0xc0, 0xff, 0xd8, 0xcc, 0xc0, 0xff, 0xd0, 0xc8, 0xc0, 0xff,
    0xd0, 0xc8, 0xc0, 0xff, 0xd0, 0xcc, 0xc0, 0xff, 0xd0, 0xc8, 0xc0, 0xff,
    0xd0, 0xc8, 0xc0, 0xff, 0xd8, 0xcc, 0xc0, 0xff, 0xd0, 0xc8, 0xc0, 0xff,
    0xd0, 0xc8, 0xc0, 0xff, 0xd8, 0xcc, 0xc0, 0xff, 0xd0, 0xc8, 0xc0, 0xff,
    0xd0, 0xc8, 0xc0, 0xff, 0xd0, 0xcc, 0xc0, 0xff, 0xd0, 0xc8, 0xc0, 0xff,
    0xd0, 0xc8, 0xc0, 0xff, 0xd8, 0xcc, 0xc0, 0xff, 0xd0, 0xc8, 0xc0, 0xff,
    0xd0, 0xc8, 0xc0, 0xff, 0xd8, 0xcc, 0xc0, 0xff, 0xd0, 0xc8, 0xc0, 0xff,
    0xd0, 0xc8, 0xc0, 0xff, 0xd0, 0xcc, 0xc0, 0xff, 0xd0, 0xc8, 0xc0, 0xff,
    0xd0, 0xc8, 0xc0, 0xff, 0xd8, 0xcc, 0xc0, 0xff, 0xd0, 0xc8, 0xc0, 0xff,
    0xd0, 0xc8, 0xc0, 0xff, 0xd8, 0xcc, 0xc0, 0xff, 0xd0, 0xc8, 0xc0, 0xff,
    0xd0, 0xc8, 0xc0, 0xff, 0xd0, 0xcc, 0xc0, 0xff, 0xd0, 0xc8, 0xc0, 0xff,
    0xd0, 0xc8, 0xc0, 0xff, 0xd8, 0xcc, 0xc0, 0xff, 0xd0, 0xc8, 0xc0, 0xff,
    0xd0, 0xc8, 0xc0, 0xff, 0xd8, 0xcc, 0xc0, 0xff, 0xd0, 0xc8, 0xc0, 0xff,
    0xd0, 0xc8, 0xc0, 0xff, 0xd0, 0xcc, 0xc0, 0xff, 0xd0, 0xc8, 0xc0, 0xff,
    0xd0, 0xc8, 0xc0, 0xff, 0xd8, 0xcc, 0xc0, 0xff, 0xd0, 0xc8, 0xc0, 0xff,
    0xd0, 0xc8, 0xc0, 0xff, 0xd8, 0xcc, 0xc0, 0xff, 0xd0, 0xc8, 0xc0, 0xff,
    0xd0, 0xc8, 0xc0, 0xff, 0xd0, 0xcc, 0xc0, 0xff, 0xd0, 0xc8, 0xc0, 0xff,
    0xd0, 0xc8, 0xc0, 0xff, 0xd8, 0xcc, 0xc0, 0xff, 0xd0, 0xc8, 0xc0, 0xff,
    0xd0, 0xc8, 0xc0, 0xff, 0xd8, 0xcc, 0xc0, 0xff, 0xd0, 0xc8, 0xc0, 0xff,
    0xd0, 0xc8, 0xc0, 0xff, 0xd0, 0xcc, 0xc0, 0xff, 0xd0, 0xc8, 0xc0, 0xff,
    0xd0, 0xc8, 0xc0, 0xff, 0xd8, 0xcc, 0xc0, 0xff, 0xd0, 0xc8, 0xc0, 0xff,
    0xd0, 0xc8, 0xc0, 0xff, 0xd8, 0xcc, 0xc0, 0xff, 0xd0, 0xc8, 0xc0, 0xff,
    0xd0, 0xc8, 0xc0, 0xff, 0xd0, 0xcc, 0xc0, 0xff, 0xd0, 0xc8, 0xc0, 0xff,
    0xd0, 0xc8, 0xc0, 0xff, 0xd8, 0xcc, 0xc0, 0xff, 0xd0, 0xc8, 0xc0, 0xff,
    0xd0, 0xc8, 0xc0, 0xff, 0xd8, 0xcc, 0xc0, 0xff, 0xd0, 0xc8, 0xc0, 0xff,
    0xd0, 0xc8, 0xc0, 0xff, 0xd0, 0xcc, 0xc0, 0xff, 0xd0, 0xc8, 0xc0, 0xff,
    0xd0, 0xc8, 0xc0, 0xff, 0xd8, 0xcc, 0xc0, 0xff, 0xd0, 0xc8, 0xc0, 0xff,
    0xd0, 0xc8, 0xc0, 0xff, 0xd8, 0xcc, 0xc0, 0xff, 0xd0, 0xc8, 0xc0, 0xff,
    0xd0, 0xc8, 0xc0, 0xff, 0xd0, 0xcc, 0xc0, 0xff, 0xd0, 0xc8, 0xc0, 0xff,
    0xd0, 0xc8, 0xc0, 0xff, 0xd8, 0xcc, 0xc0, 0xff, 0xd0, 0xc8, 0xc0, 0xff,
    0xd0, 0xc8, 0xc0, 0xff, 0xd8, 0xcc, 0xc0, 0xff, 0xd0, 0xc8, 0xc0, 0xff,
    0xd0, 0xc8, 0xc0, 0xff, 0xd0, 0xcc, 0xc0, 0xff, 0xd0, 0xc8, 0xc0, 0xff,
    0xd0, 0xc8, 0xc0, 0xff, 0xd8, 0xcc, 0xc0, 0xff, 0xd0, 0xc8, 0xc0, 0xff,
    0xd0, 0xc8, 0xc0, 0xff, 0xd8, 0xcc, 0xc0, 0xff, 0xd0, 0xc8, 0xc0, 0xff,
    0xd0, 0xc8, 0xc0, 0xff, 0xd0, 0xcc, 0xc0, 0xff, 0xd0, 0xc8, 0xc0, 0xff,
    0xd0, 0xc8, 0xc0, 0xff, 0xd8, 0xcc, 0xc0, 0xff, 0xd0, 0xc8, 0xc0, 0xff,
    0xd0, 0xc8, 0xc0, 0xff, 0xd8, 0xcc, 0xc0, 0xff, 0xd0, 0xc8, 0xc0, 0xff,
    0xd0, 0xc8, 0xc0, 0xff, 0xd0, 0xcc, 0xc0, 0xff, 0xd0, 0xc8, 0xc0, 0xff,
    0xd0, 0xc8, 0xc0, 0xff, 0xd8, 0xcc, 0xc0, 0xff, 0xd0, 0xc8, 0xc0, 0xff,
    0xd0, 0xc8, 0xc0, 0xff, 0xd8, 0xcc, 0xc0, 0xff, 0xd0, 0xc8, 0xc0, 0xff,
    0xd0, 0xc8, 0xc0, 0xff, 0xd0, 0xcc, 0xc0, 0xff, 0xd0, 0xc8, 0xc0, 0xff,
    0xd0, 0xc8, 0xc0, 0xff, 0xd8, 0xcc, 0xc0, 0xff, 0xd0, 0xc8, 0xc0, 0xff,
    0xd0, 0xc8, 0xc0, 0xff, 0xd8, 0xcc, 0xc0, 0xff, 0xd0, 0xc8, 0xc0, 0xff,
    0xd0, 0xc8, 0xc0, 0xff, 0xd0, 0xcc, 0xc0, 0xff, 0xd0, 0xc8, 0xc0, 0xff,
    0xd0, 0xc8, 0xc0, 0xff, 0xd8, 0xcc, 0xc0, 0xff, 0xd0, 0xc8, 0xc0, 0xff,
    0xd0, 0xc8, 0xc0, 0xff, 0xd8, 0xcc, 0xc0, 0xff, 0xd0, 0xc8, 0xc0, 0xff,
    0xd0, 0xc8, 0xc0, 0xff, 0xd0, 0xcc, 0xc0, 0xff, 0xd0, 0xc8, 0xc0, 0xff,
    0xd0, 0xc8, 0xc0, 0xff, 0xd8, 0xcc, 0xc0, 0xff, 0xd0, 0xc8, 0xc0, 0xff,
    0xd0, 0xc8, 0xc0, 0xff, 0xd8, 0xcc, 0xc0, 0xff, 0xd0, 0xc8, 0xc0, 0xff,
    0xd0, 0xc8, 0xc0, 0xff, 0xd0, 0xcc, 0xc0, 0xff, 0xd0, 0xc8, 0xc0, 0xff,
    0xd0, 0xc8, 0xc0, 0xff, 0xd8, 0xcc, 0xc0, 0xff, 0xd0, 0xc8, 0xc0, 0xff,
    0xd0, 0xc8, 0xc0, 0xff, 0xd8, 0xcc, 0xc0, 0xff, 0xd0, 0xc8, 0xc0, 0xff,
    0xd0, 0xc8, 0xc0, 0xff, 0xd0, 0xcc, 0xc0, 0xff, 0xd0, 0xc8, 0xc0, 0xff,
    0xd0, 0xc8, 0xc0, 0xff, 0xd8, 0xcc, 0xc0, 0xff, 0xd0, 0xc8, 0xc0, 0xff,
    0xd0, 0xc8, 0xc0, 0xff, 0xd8, 0xcc, 0xc0, 0xff, 0xd0, 0xc8, 0xc0, 0xff,
    0xd0, 0xc8, 0xc0, 0xff, 0xd0, 0xcc, 0xc0, 0xff, 0xd0, 0xc8, 0xc0, 0xff,
    0xd0, 0xc8, 0xc0, 0xff, 0xd8, 0xcc, 0xc0, 0xff, 0xd0, 0xc8, 0xc0, 0xff,
    0xd0, 0xc8, 0xc0, 0xff, 0xd8, 0xcc, 0xc0, 0xff, 0xd0, 0xc8, 0xc0, 0xff,
    0xd0, 0xc8, 0xc0, 0xff, 0xd0, 0xcc, 0xc0, 0xff, 0xd0, 0xc8, 0xc0, 0xff,
    0xd0, 0xc8, 0xc0, 0xff, 0xd8, 0xcc, 0xc0, 0xff, 0xd0, 0xc8, 0xc0, 0xff,
    0xd0, 0xc8, 0xc0, 0xff, 0xd8, 0xcc, 0xc0, 0xff, 0xd0, 0xc8, 0xc0, 0xff,
    0xd0, 0xc8, 0xc0, 0xff, 0xd0, 0xcc, 0xc0, 0xff, 0xd0, 0xc8, 0xc0, 0xff,
    0xd0, 0xc8, 0xc0, 0xff, 0xd8, 0xcc, 0xc0, 0xff, 0xd0, 0xc8, 0xc0, 0xff,
    0xd0, 0xc8, 0xc0, 0xff, 0xd8, 0xcc, 0xc0, 0xff, 0xd0, 0xc8, 0xc0, 0xff,
    0xd0, 0xc8, 0xc0, 0xff, 0xd0, 0xcc, 0xc0, 0xff, 0xd0, 0xc8, 0xc0, 0xff,
    0xd0, 0xc8, 0xc0, 0xff, 0xd8, 0xcc, 0xc0, 0xff, 0xd0, 0xc8, 0xc0, 0xff,
    0xd0, 0xc8, 0xc0, 0xff, 0xd8, 0xcc, 0xc0, 0xff, 0xd0, 0xc8, 0xc0, 0xff,
    0xd0, 0xc8, 0xc0, 0xff, 0xd0, 0xcc, 0xc0, 0xff, 0xd0, 0xc8, 0xc0, 0xff,
    0xd0, 0xc8, 0xc0, 0xff, 0xd8, 0xcc, 0xc0, 0xff, 0xd0, 0xc8, 0xc0, 0xff,
    0xd0, 0xc8, 0xc0, 0xff, 0xd8, 0xcc, 0xc0, 0xff, 0xd0, 0xc8, 0xc0, 0xff,
    0xd0, 0xc8, 0xc0, 0xff, 0xd0, 0xcc, 0xc0, 0xff, 0xd0, 0xc8, 0xc0, 0xff,
    0xd0, 0xc8, 0xc0, 0xff, 0xd8, 0xcc, 0xc0, 0xff, 0xd0, 0xc8, 0xc0, 0xff,
    0xd0, 0xc8, 0xc0, 0xff, 0xd8, 0xcc, 0xc0, 0xff, 0xd0, 0xc8, 0xc0, 0xff,
    0xd0, 0xc8, 0xc0, 0xff, 0xd0, 0xcc, 0xc0, 0xff, 0xd0, 0xc8, 0xc0, 0xff,
    0xd0, 0xc8, 0xc0, 0xff, 0xd8, 0xcc, 0xc0, 0xff, 0xd0, 0xc8, 0xc0, 0xff,
    0xd0, 0xc8, 0xc0, 0xff, 0xd8, 0xcc, 0xc0, 0xff, 0xd0, 0xc8, 0xc0, 0xff,
    0xd0, 0xc8, 0xc0, 0xff, 0xd0, 0xcc, 0xc0, 0xff, 0xd0, 0xc8, 0xc0, 0xff,
    0xd0, 0xc8, 0xc0, 0xff, 0xd8, 0xcc, 0xc0, 0xff, 0xd0, 0xc8, 0xc0, 0xff,
    0xd0, 0xc8, 0xc0, 0xff, 0xd8, 0xcc, 0xc0, 0xff, 0xd0, 0xc8, 0xc0, 0xff,
    0xd0, 0xc8, 0xc0, 0xff, 0xd0, 0xcc, 0xc0, 0xff, 0xd0, 0xc8, 0xc0, 0xff,
    0xd0, 0xcc, 0xc0, 0xff, 0xd8, 0xcc, 0xc0, 0xff, 0xd0, 0xc8, 0xc0, 0xff,
    0xd0, 0xcc, 0xc0, 0xff, 0xd8, 0xc8, 0xc0, 0xff, 0xd0, 0xc8, 0xc0, 0xff,
    0xd0, 0xcc, 0xc0, 0xff, 0xd8, 0xc8, 0xc0, 0xff, 0xd0, 0xc8, 0xc0, 0xff,
    0xd0, 0xc8, 0xc0, 0xff, 0xd0, 0xc8, 0xc0, 0xff, 0xd0, 0xcc, 0xc0, 0xff,
    0xd8, 0xc8, 0xc0, 0xff, 0xd0, 0xc8, 0xc0, 0x7d, 0x00, 0x00, 0x00, 0x00,
    0x00, 0x00, 0x00, 0x00, 0x00, 0x00, 0x00, 0x00, 0xd0, 0xc8, 0xc0, 0x61,
    0xd0, 0xc8, 0xc0, 0xbe, 0xd0, 0xcc, 0xc0, 0xff, 0xd0, 0xc8, 0xc0, 0xff,
    0xd0, 0xc8, 0xc0, 0xff, 0xd0, 0xcc, 0xc0, 0xff, 0xd0, 0xc8, 0xc0, 0xff,
    0xd0, 0xc8, 0xc0, 0xff, 0xd0, 0xc8, 0xc0, 0xff, 0xd0, 0xc8, 0xc0, 0xff,
    0xd0, 0xc8, 0xc0, 0xff, 0xd0, 0xc8, 0xc0, 0xff, 0xd0, 0xc8, 0xc0, 0xff,
    0xd8, 0xc8, 0xc0, 0xff, 0xd0, 0xcc, 0xc0, 0xff, 0xd0, 0xc8, 0xc0, 0xff,
    0xd0, 0xc8, 0xc0, 0xff, 0xd0, 0xc8, 0xc0, 0xff, 0xd0, 0xc8, 0xc0, 0xff,
    0xd0, 0xc8, 0xc0, 0xff, 0xd8, 0xc8, 0xc0, 0xff, 0xd0, 0xcc, 0xc0, 0xff,
    0xd0, 0xc8, 0xc0, 0xff, 0xd0, 0xc8, 0xc0, 0xff, 0xd0, 0xcc, 0xc0, 0xff,
    0xd0, 0xc8, 0xc0, 0xff, 0xd0, 0xc8, 0xc0, 0xff, 0xd0, 0xc8, 0xc0, 0xff,
    0xd0, 0xc8, 0xc0, 0xff, 0xd8, 0xcc, 0xc0, 0xff, 0xd0, 0xc8, 0xc0, 0xff,
    0xd0, 0xc8, 0xc0, 0xff, 0xd0, 0xc8, 0xc0, 0xff, 0xd0, 0xc8, 0xc0, 0xff,
    0xd0, 0xc8, 0xc0, 0xff, 0xd0, 0xc8, 0xc0, 0xff, 0xd0, 0xc8, 0xc0, 0xff,
    0xd0, 0xcc, 0xc0, 0xff, 0xd8, 0xc8, 0xc0, 0xff, 0xd0, 0xc8, 0xc0, 0xff,
    0xd0, 0xc8, 0xc0, 0xff, 0xd0, 0xc8, 0xc0, 0xff, 0xd0, 0xc8, 0xc0, 0xff,
    0xd0, 0xc8, 0xc0, 0xff, 0xd0, 0xc8, 0xc0, 0xff, 0xd0, 0xcc, 0xc0, 0xff,
    0xd0, 0xc8, 0xc0, 0xff, 0xd8, 0xc8, 0xc0, 0xff, 0xd0, 0xcc, 0xc0, 0xff,
    0xd0, 0xc8, 0xc0, 0xff, 0xd0, 0xc8, 0xc0, 0xff, 0xd0, 0xc8, 0xc0, 0xff,
    0xd0, 0xc8, 0xc0, 0xff, 0xd0, 0xcc, 0xc0, 0xff, 0xd0, 0xc8, 0xc0, 0xff,
    0xd0, 0xc8, 0xc0, 0xff, 0xd8, 0xc8, 0xc0, 0xff, 0xd0, 0xc8, 0xc0, 0xff,
    0xd0, 0xc8, 0xc0, 0xff, 0xd0, 0xc8, 0xc0, 0xff, 0xd0, 0xc8, 0xc0, 0xff,
    0xd0, 0xcc, 0xc0, 0xff, 0xd0, 0xc8, 0xc0, 0xff, 0xd0, 0xc8, 0xc0, 0xff,
    0xd0, 0xc8, 0xc0, 0xff, 0xd8, 0xc8, 0xc0, 0xff, 0xd0, 0xc8, 0xc0, 0xff,
    0xd0, 0xc8, 0xc0, 0xff, 0xd0, 0xc8, 0xc0, 0xff, 0xd0, 0xcc, 0xc0, 0xff,
    0xd0, 0xc8, 0xc0, 0xff, 0xd0, 0xc8, 0xc0, 0xff, 0xd0, 0xcc, 0xc0, 0xff,
    0xd0, 0xc8, 0xc0, 0xff, 0xd8, 0xc8, 0xc0, 0xff, 0xd0, 0xc8, 0xc0, 0xff,
    0xd0, 0xc8, 0xc0, 0xff, 0xd0, 0xcc, 0xc0, 0xff, 0xd0, 0xc8, 0xc0, 0xff,
    0xd0, 0xc8, 0xc0, 0xff, 0xd0, 0xc8, 0xc0, 0xff, 0xd0, 0xc8, 0xc0, 0xff,
    0xd0, 0xc8, 0xc0, 0xff, 0xd8, 0xc8, 0xc0, 0xff, 0xd0, 0xc8, 0xc0, 0xff,
    0xd0, 0xcc, 0xc0, 0xff, 0xd0, 0xc8, 0xc0, 0xff, 0xd0, 0xc8, 0xc0, 0xff,
    0xd0, 0xc8, 0xc0, 0xff, 0xd0, 0xc8, 0xc0, 0xff, 0xd0, 0xc8, 0xc0, 0xff,
    0xd0, 0xc8, 0xc0, 0xff, 0xd8, 0xc8, 0xc0, 0xff, 0xd0, 0xcc, 0xc0, 0xff,
    0xd0, 0xc8, 0xc0, 0xff, 0xd0, 0xc8, 0xc0, 0xff, 0xd0, 0xcc, 0xc0, 0xff,
    0xd0, 0xc8, 0xc0, 0xff, 0xd0, 0xc8, 0xc0, 0xff, 0xd0, 0xc8, 0xc0, 0xff,
    0xd0, 0xc8, 0xc0, 0xff, 0xd8, 0xcc, 0xc0, 0xff, 0xd0, 0xc8, 0xc0, 0xff,
    0xd0, 0xc8, 0xc0, 0xff, 0xd0, 0xc8, 0xc0, 0xff, 0xd0, 0xc8, 0xc0, 0xff,
    0xd0, 0xc8, 0xc0, 0xff, 0xd0, 0xc8, 0xc0, 0xff, 0xd0, 0xc8, 0xc0, 0xff,
    0xd0, 0xcc, 0xc0, 0xff, 0xd8, 0xc8, 0xc0, 0xff, 0xd0, 0xc8, 0xc0, 0xff,
    0xd0, 0xc8, 0xc0, 0xff, 0xd0, 0xc8, 0xc0, 0xff, 0xd0, 0xc8, 0xc0, 0xff,
    0xd0, 0xc8, 0xc0, 0xff, 0xd0, 0xc8, 0xc0, 0xff, 0xd0, 0xcc, 0xc0, 0xff,
    0xd0, 0xc8, 0xc0, 0xff, 0xd8, 0xc8, 0xc0, 0xff, 0xd0, 0xcc, 0xc0, 0xff,
    0xd0, 0xc8, 0xc0, 0xff, 0xd0, 0xc8, 0xc0, 0xff, 0xd0, 0xc8, 0xc0, 0xff,
    0xd0, 0xc8, 0xc0, 0xff, 0xd0, 0xcc, 0xc0, 0xff, 0xd0, 0xc8, 0xc0, 0xff,
    0xd0, 0xc8, 0xc0, 0xff, 0xd8, 0xc8, 0xc0, 0xff, 0xd0, 0xc8, 0xc0, 0xff,
    0xd0, 0xc8, 0xc0, 0xff, 0xd0, 0xc8, 0xc0, 0xff, 0xd0, 0xc8, 0xc0, 0xff,
    0xd0, 0xcc, 0xc0, 0xff, 0xd0, 0xc8, 0xc0, 0xff, 0xd0, 0xc8, 0xc0, 0xff,
    0xd0, 0xc8, 0xc0, 0xff, 0xd8, 0xc8, 0xc0, 0xff, 0xd0, 0xc8, 0xc0, 0xff,
    0xd0, 0xc8, 0xc0, 0xff, 0xd0, 0xc8, 0xc0, 0xff, 0xd0, 0xcc, 0xc0, 0xff,
    0xd0, 0xc8, 0xc0, 0xff, 0xd0, 0xc8, 0xc0, 0xff, 0xd0, 0xcc, 0xc0, 0xff,
    0xd0, 0xc8, 0xc0, 0xff, 0xd8, 0xc8, 0xc0, 0xff, 0xd0, 0xc8, 0xc0, 0xff,
    0xd0, 0xc8, 0xc0, 0xff, 0xd0, 0xcc, 0xc0, 0xff, 0xd0, 0xc8, 0xc0, 0xff,
    0xd0, 0xc8, 0xc0, 0xff, 0xd0, 0xc8, 0xc0, 0xff, 0xd0, 0xc8, 0xc0, 0xff,
    0xd0, 0xc8, 0xc0, 0xff, 0xd8, 0xc8, 0xc0, 0xff, 0xd0, 0xc8, 0xc0, 0xff,
    0xd0, 0xcc, 0xc0, 0xff, 0xd0, 0xc8, 0xc0, 0xff, 0xd0, 0xc8, 0xc0, 0xff,
    0xd0, 0xc8, 0xc0, 0xff, 0xd0, 0xc8, 0xc0, 0xff, 0xd0, 0xc8, 0xc0, 0xff,
    0xd0, 0xc8, 0xc0, 0xff, 0xd8, 0xc8, 0xc0, 0xff, 0xd0, 0xcc, 0xc0, 0xff,
    0xd0, 0xc8, 0xc0, 0xff, 0xd0, 0xc8, 0xc0, 0xff, 0xd0, 0xcc, 0xc0, 0xff,
    0xd0, 0xc8, 0xc0, 0xff, 0xd0, 0xc8, 0xc0, 0xff, 0xd0, 0xc8, 0xc0, 0xff,
    0xd0, 0xc8, 0xc0, 0xff, 0xd8, 0xcc, 0xc0, 0xff, 0xd0, 0xc8, 0xc0, 0xff,
    0xd0, 0xc8, 0xc0, 0xff, 0xd0, 0xc8, 0xc0, 0xff, 0xd0, 0xc8, 0xc0, 0xff,
    0xd0, 0xc8, 0xc0, 0xff, 0xd0, 0xc8, 0xc0, 0xff, 0xd0, 0xc8, 0xc0, 0xff,
    0xd0, 0xcc, 0xc0, 0xff, 0xd8, 0xc8, 0xc0, 0xff, 0xd0, 0xc8, 0xc0, 0xff,
    0xd0, 0xc8, 0xc0, 0xff, 0xd0, 0xc8, 0xc0, 0xff, 0xd0, 0xc8, 0xc0, 0xff,
    0xd0, 0xc8, 0xc0, 0xff, 0xd0, 0xc8, 0xc0, 0xff, 0xd0, 0xcc, 0xc0, 0xff,
    0xd0, 0xc8, 0xc0, 0xff, 0xd8, 0xc8, 0xc0, 0xff, 0xd0, 0xcc, 0xc0, 0xff,
    0xd0, 0xc8, 0xc0, 0xff, 0xd0, 0xc8, 0xc0, 0xff, 0xd0, 0xc8, 0xc0, 0xff,
    0xd0, 0xc8, 0xc0, 0xff, 0xd0, 0xcc, 0xc0, 0xff, 0xd0, 0xc8, 0xc0, 0xff,
    0xd0, 0xc8, 0xc0, 0xff, 0xd8, 0xc8, 0xc0, 0xff, 0xd0, 0xc8, 0xc0, 0xff,
    0xd0, 0xc8, 0xc0, 0xff, 0xd0, 0xc8, 0xc0, 0xff, 0xd0, 0xc8, 0xc0, 0xff,
    0xd0, 0xcc, 0xc0, 0xff, 0xd0, 0xc8, 0xc0, 0xff, 0xd0, 0xc8, 0xc0, 0xff,
    0xd0, 0xc8, 0xc0, 0xff, 0xd8, 0xc8, 0xc0, 0xff, 0xd0, 0xc8, 0xc0, 0xff,
    0xd0, 0xc8, 0xc0, 0xff, 0xd0, 0xc8, 0xc0, 0xff, 0xd0, 0xcc, 0xc0, 0xff,
    0xd0, 0xc8, 0xc0, 0xff, 0xd0, 0xc8, 0xc0, 0xff, 0xd0, 0xcc, 0xc0, 0xff,
    0xd0, 0xc8, 0xc0, 0xff, 0xd8, 0xc8, 0xc0, 0xff, 0xd0, 0xc8, 0xc0, 0xff,
    0xd0, 0xc8, 0xc0, 0xff, 0xd0, 0xcc, 0xc0, 0xff, 0xd0, 0xc8, 0xc0, 0xff,
    0xd0, 0xc8, 0xc0, 0xff, 0xd0, 0xc8, 0xc0, 0xff, 0xd0, 0xc8, 0xc0, 0xff,
    0xd0, 0xc8, 0xc0, 0xff, 0xd8, 0xc8, 0xc0, 0xff, 0xd0, 0xc8, 0xc0, 0xff,
    0xd0, 0xcc, 0xc0, 0xff, 0xd0, 0xc8, 0xc0, 0xff, 0xd0, 0xc8, 0xc0, 0xff,
    0xd0, 0xc8, 0xc0, 0xff, 0xd0, 0xc8, 0xc0, 0xff, 0xd0, 0xc8, 0xc0, 0xff,
    0xd0, 0xc8, 0xc0, 0xff, 0xd8, 0xc8, 0xc0, 0xff, 0xd0, 0xcc, 0xc0, 0xff,
    0xd0, 0xc8, 0xc0, 0xff, 0xd0, 0xc8, 0xc0, 0xff, 0xd0, 0xcc, 0xc0, 0xff,
    0xd0, 0xc8, 0xc0, 0xff, 0xd0, 0xc8, 0xc0, 0xff, 0xd0, 0xc8, 0xc0, 0xff,
    0xd0, 0xc8, 0xc0, 0xff, 0xd8, 0xcc, 0xc0, 0xff, 0xd0, 0xc8, 0xc0, 0xff,
    0xd0, 0xc8, 0xc0, 0xff, 0xd0, 0xc8, 0xc0, 0xff, 0xd0, 0xc8, 0xc0, 0xff,
    0xd0, 0xc8, 0xc0, 0xff, 0xd0, 0xc8, 0xc0, 0xff, 0xd0, 0xc8, 0xc0, 0xff,
    0xd0, 0xcc, 0xc0, 0xff, 0xd8, 0xc8, 0xc0, 0xff, 0xd0, 0xc8, 0xc0, 0xff,
    0xd0, 0xc8, 0xc0, 0xff, 0xd0, 0xc8, 0xc0, 0xff, 0xd0, 0xc8, 0xc0, 0xff,
    0xd0, 0xc8, 0xc0, 0xff, 0xd0, 0xc8, 0xc0, 0xff, 0xd0, 0xcc, 0xc0, 0xff,
    0xd0, 0xc8, 0xc0, 0xff, 0xd8, 0xc8, 0xc0, 0xff, 0xd0, 0xcc, 0xc0, 0xff,
    0xd0, 0xc8, 0xc0, 0xff, 0xd0, 0xc8, 0xc0, 0xff, 0xd0, 0xc8, 0xc0, 0xff,
    0xd0, 0xc8, 0xc0, 0xff, 0xd0, 0xcc, 0xc0, 0xff, 0xd0, 0xc8, 0xc0, 0xff,
    0xd0, 0xc8, 0xc0, 0xff, 0xd8, 0xc8, 0xc0, 0xff, 0xd0, 0xc8, 0xc0, 0xff,
    0xd0, 0xc8, 0xc0, 0xff, 0xd0, 0xc8, 0xc0, 0xff, 0xd0, 0xc8, 0xc0, 0xff,
    0xd0, 0xcc, 0xc0, 0xff, 0xd0, 0xc8, 0xc0, 0xff, 0xd0, 0xc8, 0xc0, 0xff,
    0xd0, 0xc8, 0xc0, 0xff, 0xd8, 0xc8, 0xc0, 0xff, 0xd0, 0xc8, 0xc0, 0xff,
    0xd0, 0xc8, 0xc0, 0xff, 0xd0, 0xc8, 0xc0, 0xff, 0xd0, 0xcc, 0xc0, 0xff,
    0xd0, 0xc8, 0xc0, 0xff, 0xd0, 0xc8, 0xc0, 0xff, 0xd0, 0xcc, 0xc0, 0xff,
    0xd0, 0xc8, 0xc0, 0xff, 0xd8, 0xc8, 0xc0, 0xff, 0xd0, 0xc8, 0xc0, 0xff,
    0xd0, 0xc8, 0xc0, 0xff, 0xd0, 0xcc, 0xc0, 0xff, 0xd0, 0xc8, 0xc0, 0xff,
    0xd0, 0xc8, 0xc0, 0xff, 0xd0, 0xc8, 0xc0, 0xff, 0xd0, 0xc8, 0xc0, 0xff,
    0xd0, 0xc8, 0xc0, 0xff, 0xd8, 0xc8, 0xc0, 0xff, 0xd0, 0xc8, 0xc0, 0xff,
    0xd0, 0xcc, 0xc0, 0xff, 0xd0, 0xc8, 0xc0, 0xff, 0xd0, 0xc8, 0xc0, 0xff,
    0xd0, 0xc8, 0xc0, 0xff, 0xd0, 0xc8, 0xc0, 0xff, 0xd0, 0xc8, 0xc0, 0xff,
    0xd0, 0xc8, 0xc0, 0xff, 0xd8, 0xc8, 0xc0, 0xff, 0xd0, 0xcc, 0xc0, 0xff,
    0xd0, 0xc8, 0xc0, 0xff, 0xd0, 0xc8, 0xc0, 0xff, 0xd0, 0xcc, 0xc0, 0xff,
    0xd0, 0xc8, 0xc0, 0xff, 0xd0, 0xc8, 0xc0, 0xff, 0xd0, 0xc8, 0xc0, 0xff,
    0xd0, 0xc8, 0xc0, 0xff, 0xd8, 0xcc, 0xc0, 0xff, 0xd0, 0xc8, 0xc0, 0xff,
    0xd0, 0xc8, 0xc0, 0xff, 0xd0, 0xc8, 0xc0, 0xff, 0xd0, 0xc8, 0xc0, 0xff,
    0xd0, 0xc8, 0xc0, 0xff, 0xd0, 0xc8, 0xc0, 0xff, 0xd0, 0xc8, 0xc0, 0xff,
    0xd0, 0xcc, 0xc0, 0xff, 0xd8, 0xc8, 0xc0, 0xff, 0xd0, 0xc8, 0xc0, 0xff,
    0xd0, 0xc8, 0xc0, 0xff, 0xd0, 0xc8, 0xc0, 0xff, 0xd0, 0xc8, 0xc0, 0xff,
    0xd0, 0xc8, 0xc0, 0xff, 0xd0, 0xc8, 0xc0, 0xff, 0xd0, 0xcc, 0xc0, 0xff,
    0xd0, 0xc8, 0xc0, 0xff, 0xd8, 0xc8, 0xc0, 0xff, 0xd0, 0xcc, 0xc0, 0xff,
    0xd0, 0xc8, 0xc0, 0xff, 0xd0, 0xc8, 0xc0, 0xff, 0xd0, 0xc8, 0xc0, 0xff,
    0xd0, 0xc8, 0xc0, 0xff, 0xd0, 0xcc, 0xc0, 0xff, 0xd0, 0xc8, 0xc0, 0xff,
    0xd0, 0xc8, 0xc0, 0xff, 0xd8, 0xc8, 0xc0, 0xff, 0xd0, 0xc8, 0xc0, 0xff,
    0xd0, 0xc8, 0xc0, 0xff, 0xd0, 0xc8, 0xc0, 0xff, 0xd0, 0xc8, 0xc0, 0xff,
    0xd0, 0xcc, 0xc0, 0xff, 0xd0, 0xc8, 0xc0, 0xff, 0xd0, 0xc8, 0xc0, 0xff,
    0xd0, 0xc8, 0xc0, 0xff, 0xd8, 0xc8, 0xc0, 0xff, 0xd0, 0xc8, 0xc0, 0xff,
    0xd0, 0xc8, 0xc0, 0xff, 0xd0, 0xc8, 0xc0, 0xff, 0xd0, 0xcc, 0xc0, 0xff,
    0xd0, 0xc8, 0xc0, 0xff, 0xd0, 0xc8, 0xc0, 0xff, 0xd0, 0xcc, 0xc0, 0xff,
    0xd0, 0xc8, 0xc0, 0xff, 0xd8, 0xc8, 0xc0, 0xff, 0xd0, 0xc8, 0xc0, 0xff,
    0xd0, 0xc8, 0xc0, 0xff, 0xd0, 0xcc, 0xc0, 0xff, 0xd0, 0xc8, 0xc0, 0xff,
    0xd0, 0xc8, 0xc0, 0xff, 0xd0, 0xc8, 0xc0, 0xff, 0xd0, 0xc8, 0xc0, 0xff,
    0xd0, 0xc8, 0xc0, 0xff, 0xd8, 0xc8, 0xc0, 0xff, 0xd0, 0xc8, 0xc0, 0xff,
    0xd0, 0xcc, 0xc0, 0xff, 0xd0, 0xc8, 0xc0, 0xff, 0xd0, 0xc8, 0xc0, 0xff,
    0xd0, 0xc8, 0xc0, 0xff, 0xd0, 0xc8, 0xc0, 0xff, 0xd0, 0xc8, 0xc0, 0xff,
    0xd0, 0xc8, 0xc0, 0xff, 0xd8, 0xc8, 0xc0, 0xff, 0xd0, 0xc8, 0xc0, 0xff,
    0xd0, 0xc8, 0xc0, 0xff, 0xd0, 0xc8, 0xc0, 0xff, 0xd0, 0xc8, 0xc0, 0xff,
    0xd0, 0xc8, 0xc0, 0xff, 0xd0, 0xcc, 0xc0, 0xff, 0xd0, 0xc8, 0xc0, 0xff,
    0xd0, 0xc8, 0xc0, 0xff, 0xd0, 0xc8, 0xc0, 0xff, 0xd0, 0xcc, 0xc0, 0xff,
    0xd0, 0xc8, 0xc0, 0xff, 0xd8, 0xc8, 0xc0, 0xff, 0xd0, 0xc8, 0xc0, 0xef,
    0xd0, 0xc8, 0xc0, 0xbe, 0xd0, 0xcc, 0xc0, 0x41, 0x00, 0x00, 0x00, 0x00,
    0x00, 0x00, 0x00, 0x00
};
