// 4.25.0 0x66e08980 D2 R0 FRGB565 U565 N0 SExtFlashSection
// Generated by imageconverter. Please, do not edit!

#include <touchgfx/hal/Config.hpp>

LOCATION_PRAGMA("ExtFlashSection")
KEEP extern const unsigned char image_alternate_theme_images_bars_800x480_bottom_base[] LOCATION_ATTRIBUTE("ExtFlashSection") = { // 800x80 RGB565 pixels.
    0xee, 0x32, 0xef, 0x3a, 0x0e, 0x33, 0xee, 0x32, 0xef, 0x3a, 0x0e, 0x33,
    0xee, 0x32, 0xef, 0x3a, 0x0e, 0x33, 0xee, 0x32, 0xef, 0x3a, 0x0e, 0x33,
    0xee, 0x32, 0xef, 0x3a, 0x0e, 0x33, 0xee, 0x32, 0xef, 0x3a, 0x0e, 0x33,
    0xee, 0x32, 0xef, 0x3a, 0x0e, 0x33, 0xee, 0x32, 0xef, 0x3a, 0x0e, 0x33,
    0xee, 0x32, 0xef, 0x3a, 0x0e, 0x33, 0xee, 0x32, 0xef, 0x3a, 0x0e, 0x33,
    0xee, 0x32, 0xef, 0x3a, 0x0e, 0x33, 0xee, 0x32, 0xef, 0x3a, 0x0e, 0x33,
    0xee, 0x32, 0xef, 0x3a, 0x0e, 0x33, 0xee, 0x32, 0xef, 0x3a, 0x0e, 0x33,
    0xee, 0x32, 0xef, 0x3a, 0x0e, 0x33, 0xee, 0x32, 0xef, 0x3a, 0x0e, 0x33,
    0xee, 0x32, 0xef, 0x3a, 0x0e, 0x33, 0xee, 0x32, 0xef, 0x3a, 0x0e, 0x33,
    0xee, 0x32, 0xef, 0x3a, 0x0e, 0x33, 0xee, 0x32, 0xef, 0x3a, 0x0e, 0x33,
    0xee, 0x32, 0xef, 0x3a, 0x0e, 0x33, 0xee, 0x32, 0xef, 0x3a, 0x0e, 0x33,
    0xee, 0x32, 0xef, 0x3a, 0x0e, 0x33, 0xee, 0x32, 0xef, 0x3a, 0x0e, 0x33,
    0xee, 0x32, 0xef, 0x3a, 0x0e, 0x33, 0xee, 0x32, 0xef, 0x3a, 0x0e, 0x33,
    0xee, 0x32, 0xef, 0x3a, 0x0e, 0x33, 0xee, 0x32, 0xef, 0x3a, 0x0e, 0x33,
    0xee, 0x32, 0xef, 0x3a, 0x0e, 0x33, 0xee, 0x32, 0xef, 0x3a, 0x0e, 0x33,
    0xee, 0x32, 0xef, 0x3a, 0x0e, 0x33, 0xee, 0x32, 0xef, 0x3a, 0x0e, 0x33,
    0xee, 0x32, 0xef, 0x3a, 0x0e, 0x33, 0xee, 0x32, 0xef, 0x3a, 0x0e, 0x33,
    0xee, 0x32, 0xef, 0x3a, 0x0e, 0x33, 0xee, 0x32, 0xef, 0x3a, 0x0e, 0x33,
    0xee, 0x32, 0xef, 0x3a, 0x0e, 0x33, 0xee, 0x32, 0xef, 0x3a, 0x0e, 0x33,
    0xee, 0x32, 0xef, 0x3a, 0x0e, 0x33, 0xee, 0x32, 0xef, 0x3a, 0x0e, 0x33,
    0xee, 0x32, 0xef, 0x3a, 0x0e, 0x33, 0xee, 0x32, 0xef, 0x3a, 0x0e, 0x33,
    0xee, 0x32, 0xef, 0x3a, 0x0e, 0x33, 0xee, 0x32, 0xef, 0x3a, 0x0e, 0x33,
    0xee, 0x32, 0xef, 0x3a, 0x0e, 0x33, 0xee, 0x32, 0xef, 0x3a, 0x0e, 0x33,
    0xee, 0x32, 0xef, 0x3a, 0x0e, 0x33, 0xee, 0x32, 0xef, 0x3a, 0x0e, 0x33,
    0xee, 0x32, 0xef, 0x3a, 0x0e, 0x33, 0xee, 0x32, 0xef, 0x3a, 0x0e, 0x33,
    0xee, 0x32, 0xef, 0x3a, 0x0e, 0x33, 0xee, 0x32, 0xef, 0x3a, 0x0e, 0x33,
    0xee, 0x32, 0xef, 0x3a, 0x0e, 0x33, 0xee, 0x32, 0xef, 0x3a, 0x0e, 0x33,
    0xee, 0x32, 0xef, 0x3a, 0x0e, 0x33, 0xee, 0x32, 0xef, 0x3a, 0x0e, 0x33,
    0xee, 0x32, 0xef, 0x3a, 0x0e, 0x33, 0xee, 0x32, 0xef, 0x3a, 0x0e, 0x33,
    0xee, 0x32, 0xef, 0x3a, 0x0e, 0x33, 0xee, 0x32, 0xef, 0x3a, 0x0e, 0x33,
    0xee, 0x32, 0xef, 0x3a, 0x0e, 0x33, 0xee, 0x32, 0xef, 0x3a, 0x0e, 0x33,
    0xee, 0x32, 0xef, 0x3a, 0x0e, 0x33, 0xee, 0x32, 0xef, 0x3a, 0x0e, 0x33,
    0xee, 0x32, 0xef, 0x3a, 0x0e, 0x33, 0xee, 0x32, 0xef, 0x3a, 0x0e, 0x33,
    0xee, 0x32, 0xef, 0x3a, 0x0e, 0x33, 0xee, 0x32, 0xef, 0x3a, 0x0e, 0x33,
    0xee, 0x32, 0xef, 0x3a, 0x0e, 0x33, 0xee, 0x32, 0xef, 0x3a, 0x0e, 0x33,
    0xee, 0x32, 0xef, 0x3a, 0x0e, 0x33, 0xee, 0x32, 0xef, 0x3a, 0x0e, 0x33,
    0xee, 0x32, 0xef, 0x3a, 0x0e, 0x33, 0xee, 0x32, 0xef, 0x3a, 0x0e, 0x33,
    0xee, 0x32, 0xef, 0x3a, 0x0e, 0x33, 0xee, 0x32, 0xef, 0x3a, 0x0e, 0x33,
    0xee, 0x32, 0xef, 0x3a, 0x0e, 0x33, 0xee, 0x32, 0xef, 0x3a, 0x0e, 0x33,
    0xee, 0x32, 0xef, 0x3a, 0x0e, 0x33, 0xee, 0x32, 0xef, 0x3a, 0x0e, 0x33,
    0xee, 0x32, 0xef, 0x3a, 0x0e, 0x33, 0xee, 0x32, 0xef, 0x3a, 0x0e, 0x33,
    0xee, 0x32, 0xef, 0x3a, 0x0e, 0x33, 0xee, 0x32, 0xef, 0x3a, 0x0e, 0x33,
    0xee, 0x32, 0xef, 0x3a, 0x0e, 0x33, 0xee, 0x32, 0xef, 0x3a, 0x0e, 0x33,
    0xee, 0x32, 0xef, 0x3a, 0x0e, 0x33, 0xee, 0x32, 0xef, 0x3a, 0x0e, 0x33,
    0xee, 0x32, 0xef, 0x3a, 0x0e, 0x33, 0xee, 0x32, 0xef, 0x3a, 0x0e, 0x33,
    0xee, 0x32, 0xef, 0x3a, 0x0e, 0x33, 0xee, 0x32, 0xef, 0x3a, 0x0e, 0x33,
    0xee, 0x32, 0xef, 0x3a, 0x0e, 0x33, 0xee, 0x32, 0xef, 0x3a, 0x0e, 0x33,
    0xee, 0x32, 0xef, 0x3a, 0x0e, 0x33, 0xee, 0x32, 0xef, 0x3a, 0x0e, 0x33,
    0xee, 0x32, 0xef, 0x3a, 0x0e, 0x33, 0xee, 0x32, 0xef, 0x3a, 0x0e, 0x33,
    0xee, 0x32, 0xef, 0x3a, 0x0e, 0x33, 0xee, 0x32, 0xef, 0x3a, 0x0e, 0x33,
    0xee, 0x32, 0xef, 0x3a, 0x0e, 0x33, 0xee, 0x32, 0xef, 0x3a, 0x0e, 0x33,
    0xee, 0x32, 0xef, 0x3a, 0x0e, 0x33, 0xee, 0x32, 0xef, 0x3a, 0x0e, 0x33,
    0xee, 0x32, 0xef, 0x3a, 0x0e, 0x33, 0xee, 0x32, 0xef, 0x3a, 0x0e, 0x33,
    0xee, 0x32, 0xef, 0x3a, 0x0e, 0x33, 0xee, 0x32, 0xef, 0x3a, 0x0e, 0x33,
    0xee, 0x32, 0xef, 0x3a, 0x0e, 0x33, 0xee, 0x32, 0xef, 0x3a, 0x0e, 0x33,
    0xee, 0x32, 0xef, 0x3a, 0x0e, 0x33, 0xee, 0x32, 0xef, 0x3a, 0x0e, 0x33,
    0xee, 0x32, 0xef, 0x3a, 0x0e, 0x33, 0xee, 0x32, 0xef, 0x3a, 0x0e, 0x33,
    0xee, 0x32, 0xef, 0x3a, 0x0e, 0x33, 0xee, 0x32, 0xef, 0x3a, 0x0e, 0x33,
    0xee, 0x32, 0xef, 0x3a, 0x0e, 0x33, 0xee, 0x32, 0xef, 0x3a, 0x0e, 0x33,
    0xee, 0x32, 0xef, 0x3a, 0x0e, 0x33, 0xee, 0x32, 0xef, 0x3a, 0x0e, 0x33,
    0xee, 0x32, 0xef, 0x3a, 0x0e, 0x33, 0xee, 0x32, 0xef, 0x3a, 0x0e, 0x33,
    0xee, 0x32, 0xef, 0x3a, 0x0e, 0x33, 0xee, 0x32, 0xef, 0x3a, 0x0e, 0x33,
    0xee, 0x32, 0xef, 0x3a, 0x0e, 0x33, 0xee, 0x32, 0xef, 0x3a, 0x0e, 0x33,
    0xee, 0x32, 0xef, 0x3a, 0x0e, 0x33, 0xee, 0x32, 0xef, 0x3a, 0x0e, 0x33,
    0xee, 0x32, 0xef, 0x3a, 0x0e, 0x33, 0xee, 0x32, 0xef, 0x3a, 0x0e, 0x33,
    0xee, 0x32, 0xef, 0x3a, 0x0e, 0x33, 0xee, 0x32, 0xef, 0x3a, 0x0e, 0x33,
    0xee, 0x32, 0xef, 0x3a, 0x0e, 0x33, 0xee, 0x32, 0xef, 0x3a, 0x0e, 0x33,
    0xee, 0x32, 0xef, 0x3a, 0x0e, 0x33, 0xee, 0x32, 0xef, 0x3a, 0x0e, 0x33,
    0xee, 0x32, 0xef, 0x3a, 0x0e, 0x33, 0xee, 0x32, 0xef, 0x3a, 0x0e, 0x33,
    0xee, 0x32, 0xef, 0x3a, 0x0e, 0x33, 0xee, 0x32, 0xef, 0x3a, 0x0e, 0x33,
    0xee, 0x32, 0xef, 0x3a, 0x0e, 0x33, 0xee, 0x32, 0xef, 0x3a, 0x0e, 0x33,
    0xee, 0x32, 0xef, 0x3a, 0x0e, 0x33, 0xee, 0x32, 0xef, 0x3a, 0x0e, 0x33,
    0xee, 0x32, 0xef, 0x3a, 0x0e, 0x33, 0xee, 0x32, 0xef, 0x3a, 0x0e, 0x33,
    0xee, 0x32, 0xef, 0x3a, 0x0e, 0x33, 0xee, 0x32, 0xef, 0x3a, 0x0e, 0x33,
    0xee, 0x32, 0xef, 0x3a, 0x0e, 0x33, 0xee, 0x32, 0xef, 0x3a, 0x0e, 0x33,
    0xee, 0x32, 0xef, 0x3a, 0x0e, 0x33, 0xee, 0x32, 0xef, 0x3a, 0x0e, 0x33,
    0xee, 0x32, 0xef, 0x3a, 0x0e, 0x33, 0xee, 0x32, 0xef, 0x3a, 0x0e, 0x33,
    0xee, 0x32, 0xef, 0x3a, 0x0e, 0x33, 0xee, 0x32, 0xef, 0x3a, 0x0e, 0x33,
    0xee, 0x32, 0xef, 0x3a, 0x0e, 0x33, 0xee, 0x32, 0xef, 0x3a, 0x0e, 0x33,
    0xee, 0x32, 0xef, 0x3a, 0x0e, 0x33, 0xee, 0x32, 0xef, 0x3a, 0x0e, 0x33,
    0xee, 0x32, 0xef, 0x3a, 0x0e, 0x33, 0xee, 0x32, 0xef, 0x3a, 0x0e, 0x33,
    0xee, 0x32, 0xef, 0x3a, 0x0e, 0x33, 0xee, 0x32, 0xef, 0x3a, 0x0e, 0x33,
    0xee, 0x32, 0xef, 0x3a, 0x0e, 0x33, 0xee, 0x32, 0xef, 0x3a, 0x0e, 0x33,
    0xee, 0x32, 0xef, 0x3a, 0x0e, 0x33, 0xee, 0x32, 0xef, 0x3a, 0x0e, 0x33,
    0xee, 0x32, 0xef, 0x3a, 0x0e, 0x33, 0xee, 0x32, 0xef, 0x3a, 0x0e, 0x33,
    0xee, 0x32, 0xef, 0x3a, 0x0e, 0x33, 0xee, 0x32, 0xef, 0x3a, 0x0e, 0x33,
    0xee, 0x32, 0xef, 0x3a, 0x0e, 0x33, 0xee, 0x32, 0xef, 0x3a, 0x0e, 0x33,
    0xee, 0x32, 0xef, 0x3a, 0x0e, 0x33, 0xee, 0x32, 0xef, 0x3a, 0x0e, 0x33,
    0xee, 0x32, 0xef, 0x3a, 0x0e, 0x33, 0xee, 0x32, 0xef, 0x3a, 0x0e, 0x33,
    0xee, 0x32, 0xef, 0x3a, 0x0e, 0x33, 0xee, 0x32, 0xef, 0x3a, 0x0e, 0x33,
    0xee, 0x32, 0xef, 0x3a, 0x0e, 0x33, 0xee, 0x32, 0xef, 0x3a, 0x0e, 0x33,
    0xee, 0x32, 0xef, 0x3a, 0x0e, 0x33, 0xee, 0x32, 0xef, 0x3a, 0x0e, 0x33,
    0xee, 0x32, 0xef, 0x3a, 0x0e, 0x33, 0xee, 0x32, 0xef, 0x3a, 0x0e, 0x33,
    0xee, 0x32, 0xef, 0x3a, 0x0e, 0x33, 0xee, 0x32, 0xef, 0x3a, 0x0e, 0x33,
    0xee, 0x32, 0xef, 0x3a, 0x0e, 0x33, 0xee, 0x32, 0xef, 0x3a, 0x0e, 0x33,
    0xee, 0x32, 0xef, 0x3a, 0x0e, 0x33, 0xee, 0x32, 0xef, 0x3a, 0x0e, 0x33,
    0xee, 0x32, 0xef, 0x3a, 0x0e, 0x33, 0xee, 0x32, 0xef, 0x3a, 0x0e, 0x33,
    0xee, 0x32, 0xef, 0x3a, 0x0e, 0x33, 0xee, 0x32, 0xef, 0x3a, 0x0e, 0x33,
    0xee, 0x32, 0xef, 0x3a, 0x0e, 0x33, 0xee, 0x32, 0xef, 0x3a, 0x0e, 0x33,
    0xee, 0x32, 0xef, 0x3a, 0x0e, 0x33, 0xee, 0x32, 0xef, 0x3a, 0x0e, 0x33,
    0xee, 0x32, 0xef, 0x3a, 0x0e, 0x33, 0xee, 0x32, 0xef, 0x3a, 0x0e, 0x33,
    0xee, 0x32, 0xef, 0x3a, 0x0e, 0x33, 0xee, 0x32, 0xef, 0x3a, 0x0e, 0x33,
    0xee, 0x32, 0xef, 0x3a, 0x0e, 0x33, 0xee, 0x32, 0xef, 0x3a, 0x0e, 0x33,
    0xee, 0x32, 0xef, 0x3a, 0x0e, 0x33, 0xee, 0x32, 0xef, 0x3a, 0x0e, 0x33,
    0xee, 0x32, 0xef, 0x3a, 0x0e, 0x33, 0xee, 0x32, 0xef, 0x3a, 0x0e, 0x33,
    0xee, 0x32, 0xef, 0x3a, 0x0e, 0x33, 0xee, 0x32, 0xef, 0x3a, 0x0e, 0x33,
    0xee, 0x32, 0xef, 0x3a, 0x0e, 0x33, 0xee, 0x32, 0xef, 0x3a, 0x0e, 0x33,
    0xee, 0x32, 0xef, 0x3a, 0x0e, 0x33, 0xee, 0x32, 0xef, 0x3a, 0x0e, 0x33,
    0xee, 0x32, 0xef, 0x3a, 0x0e, 0x33, 0xee, 0x32, 0xef, 0x3a, 0x0e, 0x33,
    0xee, 0x32, 0xef, 0x3a, 0x0e, 0x33, 0xee, 0x32, 0xef, 0x3a, 0x0e, 0x33,
    0xee, 0x32, 0xef, 0x3a, 0x0e, 0x33, 0xee, 0x32, 0xef, 0x3a, 0x0e, 0x33,
    0xee, 0x32, 0xef, 0x3a, 0x0e, 0x33, 0xee, 0x32, 0xef, 0x3a, 0x0e, 0x33,
    0xee, 0x32, 0xef, 0x3a, 0x0e, 0x33, 0xee, 0x32, 0xef, 0x3a, 0x0e, 0x33,
    0xee, 0x32, 0xef, 0x3a, 0x0e, 0x33, 0xee, 0x32, 0xef, 0x3a, 0x0e, 0x33,
    0xee, 0x32, 0xef, 0x3a, 0x0e, 0x33, 0xee, 0x32, 0xef, 0x3a, 0x0e, 0x33,
    0xee, 0x32, 0xef, 0x3a, 0x0e, 0x33, 0xee, 0x32, 0xef, 0x3a, 0x0e, 0x33,
    0xee, 0x32, 0xef, 0x3a, 0x0e, 0x33, 0xee, 0x32, 0xef, 0x3a, 0x0e, 0x33,
    0xee, 0x32, 0xef, 0x3a, 0x0e, 0x33, 0xee, 0x32, 0xef, 0x3a, 0x0e, 0x33,
    0xee, 0x32, 0xef, 0x3a, 0x0e, 0x33, 0xee, 0x32, 0xef, 0x3a, 0x0e, 0x33,
    0xee, 0x32, 0xef, 0x3a, 0x0e, 0x33, 0xee, 0x32, 0xef, 0x3a, 0x0e, 0x33,
    0xee, 0x32, 0xef, 0x3a, 0x0e, 0x33, 0xee, 0x32, 0xef, 0x3a, 0x0e, 0x33,
    0xee, 0x32, 0xef, 0x3a, 0x0e, 0x33, 0xee, 0x32, 0xef, 0x3a, 0x0e, 0x33,
    0xee, 0x32, 0xef, 0x3a, 0x0e, 0x33, 0xee, 0x32, 0xef, 0x3a, 0x0e, 0x33,
    0xee, 0x32, 0xef, 0x3a, 0x0e, 0x33, 0xee, 0x32, 0xef, 0x3a, 0x0e, 0x33,
    0xee, 0x32, 0xef, 0x3a, 0x0e, 0x33, 0xee, 0x32, 0xef, 0x3a, 0x0e, 0x33,
    0xee, 0x32, 0xef, 0x3a, 0x0e, 0x33, 0xee, 0x32, 0xef, 0x3a, 0x0e, 0x33,
    0xee, 0x32, 0xef, 0x3a, 0x0e, 0x33, 0xee, 0x32, 0xef, 0x3a, 0x0e, 0x33,
    0xee, 0x32, 0xef, 0x3a, 0x0e, 0x33, 0xee, 0x32, 0xef, 0x3a, 0x0e, 0x33,
    0xee, 0x32, 0xef, 0x3a, 0x0e, 0x33, 0xee, 0x32, 0xef, 0x3a, 0x0e, 0x33,
    0xee, 0x32, 0xef, 0x3a, 0x0e, 0x33, 0xee, 0x32, 0xef, 0x3a, 0x0e, 0x33,
    0xee, 0x32, 0xef, 0x3a, 0x0e, 0x33, 0xee, 0x32, 0xef, 0x3a, 0x0e, 0x33,
    0xee, 0x32, 0xef, 0x3a, 0x0e, 0x33, 0xee, 0x32, 0xef, 0x3a, 0x0e, 0x33,
    0xee, 0x32, 0xef, 0x3a, 0x0e, 0x33, 0xee, 0x32, 0xef, 0x3a, 0x0e, 0x33,
    0xee, 0x32, 0xef, 0x3a, 0xee, 0x32, 0x0f, 0x3b, 0x0f, 0x3b, 0xee, 0x32,
    0x0f, 0x3b, 0xef, 0x3a, 0x0e, 0x33, 0xef, 0x3a, 0x0f, 0x3b, 0xee, 0x32,
    0x0f, 0x3b, 0x0f, 0x3b, 0xee, 0x32, 0x0f, 0x3b, 0xef, 0x3a, 0x0e, 0x33,
    0xef, 0x3a, 0x0f, 0x3b, 0xee, 0x32, 0x0f, 0x3b, 0x0f, 0x3b, 0xee, 0x32,
    0x0f, 0x3b, 0xef, 0x3a, 0x0e, 0x33, 0xef, 0x3a, 0x0f, 0x3b, 0xee, 0x32,
    0x0f, 0x3b, 0x0f, 0x3b, 0xee, 0x32, 0x0f, 0x3b, 0xef, 0x3a, 0x0e, 0x33,
    0xef, 0x3a, 0x0f, 0x3b, 0xee, 0x32, 0x0f, 0x3b, 0x0f, 0x3b, 0xee, 0x32,
    0x0f, 0x3b, 0xef, 0x3a, 0x0e, 0x33, 0xef, 0x3a, 0x0f, 0x3b, 0xee, 0x32,
    0x0f, 0x3b, 0x0f, 0x3b, 0xee, 0x32, 0x0f, 0x3b, 0xef, 0x3a, 0x0e, 0x33,
    0xef, 0x3a, 0x0f, 0x3b, 0xee, 0x32, 0x0f, 0x3b, 0x0f, 0x3b, 0xee, 0x32,
    0x0f, 0x3b, 0xef, 0x3a, 0x0e, 0x33, 0xef, 0x3a, 0x0f, 0x3b, 0xee, 0x32,
    0x0f, 0x3b, 0x0f, 0x3b, 0xee, 0x32, 0x0f, 0x3b, 0xef, 0x3a, 0x0e, 0x33,
    0xef, 0x3a, 0x0f, 0x3b, 0xee, 0x32, 0x0f, 0x3b, 0x0f, 0x3b, 0xee, 0x32,
    0x0f, 0x3b, 0xef, 0x3a, 0x0e, 0x33, 0xef, 0x3a, 0x0f, 0x3b, 0xee, 0x32,
    0x0f, 0x3b, 0x0f, 0x3b, 0xee, 0x32, 0x0f, 0x3b, 0xef, 0x3a, 0x0e, 0x33,
    0xef, 0x3a, 0x0f, 0x3b, 0xee, 0x32, 0x0f, 0x3b, 0x0f, 0x3b, 0xee, 0x32,
    0x0f, 0x3b, 0xef, 0x3a, 0x0e, 0x33, 0xef, 0x3a, 0x0f, 0x3b, 0xee, 0x32,
    0x0f, 0x3b, 0x0f, 0x3b, 0xee, 0x32, 0x0f, 0x3b, 0xef, 0x3a, 0x0e, 0x33,
    0xef, 0x3a, 0x0f, 0x3b, 0xee, 0x32, 0x0f, 0x3b, 0x0f, 0x3b, 0xee, 0x32,
    0x0f, 0x3b, 0xef, 0x3a, 0x0e, 0x33, 0xef, 0x3a, 0x0f, 0x3b, 0xee, 0x32,
    0x0f, 0x3b, 0x0f, 0x3b, 0xee, 0x32, 0x0f, 0x3b, 0xef, 0x3a, 0x0e, 0x33,
    0xef, 0x3a, 0x0f, 0x3b, 0xee, 0x32, 0x0f, 0x3b, 0x0f, 0x3b, 0xee, 0x32,
    0x0f, 0x3b, 0xef, 0x3a, 0x0e, 0x33, 0xef, 0x3a, 0x0f, 0x3b, 0xee, 0x32,
    0x0f, 0x3b, 0x0f, 0x3b, 0xee, 0x32, 0x0f, 0x3b, 0xef, 0x3a, 0x0e, 0x33,
    0xef, 0x3a, 0x0f, 0x3b, 0xee, 0x32, 0x0f, 0x3b, 0x0f, 0x3b, 0xee, 0x32,
    0x0f, 0x3b, 0xef, 0x3a, 0x0e, 0x33, 0xef, 0x3a, 0x0f, 0x3b, 0xee, 0x32,
    0x0f, 0x3b, 0x0f, 0x3b, 0xee, 0x32, 0x0f, 0x3b, 0xef, 0x3a, 0x0e, 0x33,
    0xef, 0x3a, 0x0f, 0x3b, 0xee, 0x32, 0x0f, 0x3b, 0x0f, 0x3b, 0xee, 0x32,
    0x0f, 0x3b, 0xef, 0x3a, 0x0e, 0x33, 0xef, 0x3a, 0x0f, 0x3b, 0xee, 0x32,
    0x0f, 0x3b, 0x0f, 0x3b, 0xee, 0x32, 0x0f, 0x3b, 0xef, 0x3a, 0x0e, 0x33,
    0xef, 0x3a, 0x0f, 0x3b, 0xee, 0x32, 0x0f, 0x3b, 0x0f, 0x3b, 0xee, 0x32,
    0x0f, 0x3b, 0xef, 0x3a, 0x0e, 0x33, 0xef, 0x3a, 0x0f, 0x3b, 0xee, 0x32,
    0x0f, 0x3b, 0x0f, 0x3b, 0xee, 0x32, 0x0f, 0x3b, 0xef, 0x3a, 0x0e, 0x33,
    0xef, 0x3a, 0x0f, 0x3b, 0xee, 0x32, 0x0f, 0x3b, 0x0f, 0x3b, 0xee, 0x32,
    0x0f, 0x3b, 0xef, 0x3a, 0x0e, 0x33, 0xef, 0x3a, 0x0f, 0x3b, 0xee, 0x32,
    0x0f, 0x3b, 0x0f, 0x3b, 0xee, 0x32, 0x0f, 0x3b, 0xef, 0x3a, 0x0e, 0x33,
    0xef, 0x3a, 0x0f, 0x3b, 0xee, 0x32, 0x0f, 0x3b, 0x0f, 0x3b, 0xee, 0x32,
    0x0f, 0x3b, 0xef, 0x3a, 0x0e, 0x33, 0xef, 0x3a, 0x0f, 0x3b, 0xee, 0x32,
    0x0f, 0x3b, 0x0f, 0x3b, 0xee, 0x32, 0x0f, 0x3b, 0xef, 0x3a, 0x0e, 0x33,
    0xef, 0x3a, 0x0f, 0x3b, 0xee, 0x32, 0x0f, 0x3b, 0x0f, 0x3b, 0xee, 0x32,
    0x0f, 0x3b, 0xef, 0x3a, 0x0e, 0x33, 0xef, 0x3a, 0x0f, 0x3b, 0xee, 0x32,
    0x0f, 0x3b, 0x0f, 0x3b, 0xee, 0x32, 0x0f, 0x3b, 0xef, 0x3a, 0x0e, 0x33,
    0xef, 0x3a, 0x0f, 0x3b, 0xee, 0x32, 0x0f, 0x3b, 0x0f, 0x3b, 0xee, 0x32,
    0x0f, 0x3b, 0xef, 0x3a, 0x0e, 0x33, 0xef, 0x3a, 0x0f, 0x3b, 0xee, 0x32,
    0x0f, 0x3b, 0x0f, 0x3b, 0xee, 0x32, 0x0f, 0x3b, 0xef, 0x3a, 0x0e, 0x33,
    0xef, 0x3a, 0x0f, 0x3b, 0xee, 0x32, 0x0f, 0x3b, 0x0f, 0x3b, 0xee, 0x32,
    0x0f, 0x3b, 0xef, 0x3a, 0x0e, 0x33, 0xef, 0x3a, 0x0f, 0x3b, 0xee, 0x32,
    0x0f, 0x3b, 0x0f, 0x3b, 0xee, 0x32, 0x0f, 0x3b, 0xef, 0x3a, 0x0e, 0x33,
    0xef, 0x3a, 0x0f, 0x3b, 0xee, 0x32, 0x0f, 0x3b, 0x0f, 0x3b, 0xee, 0x32,
    0x0f, 0x3b, 0xef, 0x3a, 0x0e, 0x33, 0xef, 0x3a, 0x0f, 0x3b, 0xee, 0x32,
    0x0f, 0x3b, 0x0f, 0x3b, 0xee, 0x32, 0x0f, 0x3b, 0xef, 0x3a, 0x0e, 0x33,
    0xef, 0x3a, 0x0f, 0x3b, 0xee, 0x32, 0x0f, 0x3b, 0x0f, 0x3b, 0xee, 0x32,
    0x0f, 0x3b, 0xef, 0x3a, 0x0e, 0x33, 0xef, 0x3a, 0x0f, 0x3b, 0xee, 0x32,
    0x0f, 0x3b, 0x0f, 0x3b, 0xee, 0x32, 0x0f, 0x3b, 0xef, 0x3a, 0x0e, 0x33,
    0xef, 0x3a, 0x0f, 0x3b, 0xee, 0x32, 0x0f, 0x3b, 0x0f, 0x3b, 0xee, 0x32,
    0x0f, 0x3b, 0xef, 0x3a, 0x0e, 0x33, 0xef, 0x3a, 0x0f, 0x3b, 0xee, 0x32,
    0x0f, 0x3b, 0x0f, 0x3b, 0xee, 0x32, 0x0f, 0x3b, 0xef, 0x3a, 0x0e, 0x33,
    0xef, 0x3a, 0x0f, 0x3b, 0xee, 0x32, 0x0f, 0x3b, 0x0f, 0x3b, 0xee, 0x32,
    0x0f, 0x3b, 0xef, 0x3a, 0x0e, 0x33, 0xef, 0x3a, 0x0f, 0x3b, 0xee, 0x32,
    0x0f, 0x3b, 0x0f, 0x3b, 0xee, 0x32, 0x0f, 0x3b, 0xef, 0x3a, 0x0e, 0x33,
    0xef, 0x3a, 0x0f, 0x3b, 0xee, 0x32, 0x0f, 0x3b, 0x0f, 0x3b, 0xee, 0x32,
    0x0f, 0x3b, 0xef, 0x3a, 0x0e, 0x33, 0xef, 0x3a, 0x0f, 0x3b, 0xee, 0x32,
    0x0f, 0x3b, 0x0f, 0x3b, 0xee, 0x32, 0x0f, 0x3b, 0xef, 0x3a, 0x0e, 0x33,
    0xef, 0x3a, 0x0f, 0x3b, 0xee, 0x32, 0x0f, 0x3b, 0x0f, 0x3b, 0xee, 0x32,
    0x0f, 0x3b, 0xef, 0x3a, 0x0e, 0x33, 0xef, 0x3a, 0x0f, 0x3b, 0xee, 0x32,
    0x0f, 0x3b, 0x0f, 0x3b, 0xee, 0x32, 0x0f, 0x3b, 0xef, 0x3a, 0x0e, 0x33,
    0xef, 0x3a, 0x0f, 0x3b, 0xee, 0x32, 0x0f, 0x3b, 0x0f, 0x3b, 0xee, 0x32,
    0x0f, 0x3b, 0xef, 0x3a, 0x0e, 0x33, 0xef, 0x3a, 0x0f, 0x3b, 0xee, 0x32,
    0x0f, 0x3b, 0x0f, 0x3b, 0xee, 0x32, 0x0f, 0x3b, 0xef, 0x3a, 0x0e, 0x33,
    0xef, 0x3a, 0x0f, 0x3b, 0xee, 0x32, 0x0f, 0x3b, 0x0f, 0x3b, 0xee, 0x32,
    0x0f, 0x3b, 0xef, 0x3a, 0x0e, 0x33, 0xef, 0x3a, 0x0f, 0x3b, 0xee, 0x32,
    0x0f, 0x3b, 0x0f, 0x3b, 0xee, 0x32, 0x0f, 0x3b, 0xef, 0x3a, 0x0e, 0x33,
    0xef, 0x3a, 0x0f, 0x3b, 0xee, 0x32, 0x0f, 0x3b, 0x0f, 0x3b, 0xee, 0x32,
    0x0f, 0x3b, 0xef, 0x3a, 0x0e, 0x33, 0xef, 0x3a, 0x0f, 0x3b, 0xee, 0x32,
    0x0f, 0x3b, 0x0f, 0x3b, 0xee, 0x32, 0x0f, 0x3b, 0xef, 0x3a, 0x0e, 0x33,
    0xef, 0x3a, 0x0f, 0x3b, 0xee, 0x32, 0x0f, 0x3b, 0x0f, 0x3b, 0xee, 0x32,
    0x0f, 0x3b, 0xef, 0x3a, 0x0e, 0x33, 0xef, 0x3a, 0x0f, 0x3b, 0xee, 0x32,
    0x0f, 0x3b, 0x0f, 0x3b, 0xee, 0x32, 0x0f, 0x3b, 0xef, 0x3a, 0x0e, 0x33,
    0xef, 0x3a, 0x0f, 0x3b, 0xee, 0x32, 0x0f, 0x3b, 0x0f, 0x3b, 0xee, 0x32,
    0x0f, 0x3b, 0xef, 0x3a, 0x0e, 0x33, 0xef, 0x3a, 0x0f, 0x3b, 0xee, 0x32,
    0x0f, 0x3b, 0x0f, 0x3b, 0xee, 0x32, 0x0f, 0x3b, 0xef, 0x3a, 0x0e, 0x33,
    0xef, 0x3a, 0x0f, 0x3b, 0xee, 0x32, 0x0f, 0x3b, 0x0f, 0x3b, 0xee, 0x32,
    0x0f, 0x3b, 0xef, 0x3a, 0x0e, 0x33, 0xef, 0x3a, 0x0f, 0x3b, 0xee, 0x32,
    0x0f, 0x3b, 0x0f, 0x3b, 0xee, 0x32, 0x0f, 0x3b, 0xef, 0x3a, 0x0e, 0x33,
    0xef, 0x3a, 0x0f, 0x3b, 0xee, 0x32, 0x0f, 0x3b, 0x0f, 0x3b, 0xee, 0x32,
    0x0f, 0x3b, 0xef, 0x3a, 0x0e, 0x33, 0xef, 0x3a, 0x0f, 0x3b, 0xee, 0x32,
    0x0f, 0x3b, 0x0f, 0x3b, 0xee, 0x32, 0x0f, 0x3b, 0xef, 0x3a, 0x0e, 0x33,
    0xef, 0x3a, 0x0f, 0x3b, 0xee, 0x32, 0x0f, 0x3b, 0x0f, 0x3b, 0xee, 0x32,
    0x0f, 0x3b, 0xef, 0x3a, 0x0e, 0x33, 0xef, 0x3a, 0x0f, 0x3b, 0xee, 0x32,
    0x0f, 0x3b, 0x0f, 0x3b, 0xee, 0x32, 0x0f, 0x3b, 0xef, 0x3a, 0x0e, 0x33,
    0xef, 0x3a, 0x0f, 0x3b, 0xee, 0x32, 0x0f, 0x3b, 0x0f, 0x3b, 0xee, 0x32,
    0x0f, 0x3b, 0xef, 0x3a, 0x0e, 0x33, 0xef, 0x3a, 0x0f, 0x3b, 0xee, 0x32,
    0x0f, 0x3b, 0x0f, 0x3b, 0xee, 0x32, 0x0f, 0x3b, 0xef, 0x3a, 0x0e, 0x33,
    0xef, 0x3a, 0x0f, 0x3b, 0xee, 0x32, 0x0f, 0x3b, 0x0f, 0x3b, 0xee, 0x32,
    0x0f, 0x3b, 0xef, 0x3a, 0x0e, 0x33, 0xef, 0x3a, 0x0f, 0x3b, 0xee, 0x32,
    0x0f, 0x3b, 0x0f, 0x3b, 0xee, 0x32, 0x0f, 0x3b, 0xef, 0x3a, 0x0e, 0x33,
    0xef, 0x3a, 0x0f, 0x3b, 0xee, 0x32, 0x0f, 0x3b, 0x0f, 0x3b, 0xee, 0x32,
    0x0f, 0x3b, 0xef, 0x3a, 0x0e, 0x33, 0xef, 0x3a, 0x0f, 0x3b, 0xee, 0x32,
    0x0f, 0x3b, 0x0f, 0x3b, 0xee, 0x32, 0x0f, 0x3b, 0xef, 0x3a, 0x0e, 0x33,
    0xef, 0x3a, 0x0f, 0x3b, 0xee, 0x32, 0x0f, 0x3b, 0x0f, 0x3b, 0xee, 0x32,
    0x0f, 0x3b, 0xef, 0x3a, 0x0e, 0x33, 0xef, 0x3a, 0x0f, 0x3b, 0xee, 0x32,
    0x0f, 0x3b, 0x0f, 0x3b, 0xee, 0x32, 0x0f, 0x3b, 0xef, 0x3a, 0x0e, 0x33,
    0xef, 0x3a, 0x0f, 0x3b, 0xee, 0x32, 0x0f, 0x3b, 0x0f, 0x3b, 0xee, 0x32,
    0x0f, 0x3b, 0xef, 0x3a, 0x0e, 0x33, 0xef, 0x3a, 0x0f, 0x3b, 0xee, 0x32,
    0x0f, 0x3b, 0x0f, 0x3b, 0xee, 0x32, 0x0f, 0x3b, 0xef, 0x3a, 0x0e, 0x33,
    0xef, 0x3a, 0x0f, 0x3b, 0xee, 0x32, 0x0f, 0x3b, 0x0f, 0x3b, 0xee, 0x32,
    0x0f, 0x3b, 0xef, 0x3a, 0x0e, 0x33, 0xef, 0x3a, 0x0f, 0x3b, 0xee, 0x32,
    0x0f, 0x3b, 0x0f, 0x3b, 0xee, 0x32, 0x0f, 0x3b, 0xef, 0x3a, 0x0e, 0x33,
    0xef, 0x3a, 0x0f, 0x3b, 0xee, 0x32, 0x0f, 0x3b, 0x0f, 0x3b, 0xee, 0x32,
    0x0f, 0x3b, 0xef, 0x3a, 0x0e, 0x33, 0xef, 0x3a, 0x0f, 0x3b, 0xee, 0x32,
    0x0f, 0x3b, 0x0f, 0x3b, 0xee, 0x32, 0x0f, 0x3b, 0xef, 0x3a, 0x0e, 0x33,
    0xef, 0x3a, 0x0f, 0x3b, 0xee, 0x32, 0x0f, 0x3b, 0x0f, 0x3b, 0xee, 0x32,
    0x0f, 0x3b, 0xef, 0x3a, 0x0e, 0x33, 0xef, 0x3a, 0x0f, 0x3b, 0xee, 0x32,
    0x0f, 0x3b, 0x0f, 0x3b, 0xee, 0x32, 0x0f, 0x3b, 0xef, 0x3a, 0x0e, 0x33,
    0xef, 0x3a, 0x0f, 0x3b, 0xee, 0x32, 0x0f, 0x3b, 0x0f, 0x3b, 0xee, 0x32,
    0x0f, 0x3b, 0xef, 0x3a, 0x0e, 0x33, 0xef, 0x3a, 0x0f, 0x3b, 0xee, 0x32,
    0x0f, 0x3b, 0x0f, 0x3b, 0xee, 0x32, 0x0f, 0x3b, 0xef, 0x3a, 0x0e, 0x33,
    0xef, 0x3a, 0x0f, 0x3b, 0xee, 0x32, 0x0f, 0x3b, 0x0f, 0x3b, 0xee, 0x32,
    0x0f, 0x3b, 0xef, 0x3a, 0x0e, 0x33, 0xef, 0x3a, 0x0f, 0x3b, 0xee, 0x32,
    0x0f, 0x3b, 0x0f, 0x3b, 0xee, 0x32, 0x0f, 0x3b, 0xef, 0x3a, 0x0e, 0x33,
    0xef, 0x3a, 0x0f, 0x3b, 0xee, 0x32, 0x0f, 0x3b, 0x0f, 0x3b, 0xee, 0x32,
    0x0f, 0x3b, 0xef, 0x3a, 0x0e, 0x33, 0xef, 0x3a, 0x0f, 0x3b, 0xee, 0x32,
    0x0f, 0x3b, 0x0f, 0x3b, 0xee, 0x32, 0x0f, 0x3b, 0xef, 0x3a, 0x0e, 0x33,
    0xef, 0x3a, 0x0f, 0x3b, 0xee, 0x32, 0x0f, 0x3b, 0x0f, 0x3b, 0xee, 0x32,
    0x0f, 0x3b, 0xef, 0x3a, 0x0e, 0x33, 0xef, 0x3a, 0x0f, 0x3b, 0xee, 0x32,
    0x0f, 0x3b, 0x0f, 0x3b, 0xee, 0x32, 0x0f, 0x3b, 0xef, 0x3a, 0x0e, 0x33,
    0xef, 0x3a, 0x0f, 0x3b, 0xee, 0x32, 0x0f, 0x3b, 0x0f, 0x3b, 0xee, 0x32,
    0x0f, 0x3b, 0xef, 0x3a, 0x0e, 0x33, 0xef, 0x3a, 0x0f, 0x3b, 0xee, 0x32,
    0x0f, 0x3b, 0x0f, 0x3b, 0xee, 0x32, 0x0f, 0x3b, 0xef, 0x3a, 0x0e, 0x33,
    0xef, 0x3a, 0x0f, 0x3b, 0xee, 0x32, 0x0f, 0x3b, 0x0f, 0x3b, 0xee, 0x32,
    0x0f, 0x3b, 0xef, 0x3a, 0x0e, 0x33, 0xef, 0x3a, 0x0f, 0x3b, 0xee, 0x32,
    0x0f, 0x3b, 0x0f, 0x3b, 0xee, 0x32, 0x0f, 0x3b, 0xef, 0x3a, 0x0e, 0x33,
    0xef, 0x3a, 0x0f, 0x3b, 0xee, 0x32, 0x0f, 0x3b, 0x0f, 0x3b, 0xee, 0x32,
    0x0f, 0x3b, 0xef, 0x3a, 0x0e, 0x33, 0xee, 0x32, 0xee, 0x32, 0x0f, 0x3b,
    0xee, 0x32, 0x0e, 0x33, 0xef, 0x3a, 0x0e, 0x33, 0xee, 0x32, 0x0f, 0x3b,
    0xee, 0x32, 0x0e, 0x33, 0xef, 0x3a, 0xee, 0x32, 0x0e, 0x33, 0xef, 0x3a,
    0x0e, 0x33, 0xee, 0x32, 0x0f, 0x3b, 0xee, 0x32, 0x0e, 0x33, 0xef, 0x3a,
    0xee, 0x32, 0x0e, 0x33, 0xef, 0x3a, 0x0e, 0x33, 0xee, 0x32, 0x0f, 0x3b,
    0xee, 0x32, 0x0e, 0x33, 0xef, 0x3a, 0xee, 0x32, 0x0e, 0x33, 0xef, 0x3a,
    0x0e, 0x33, 0xee, 0x32, 0x0f, 0x3b, 0xee, 0x32, 0x0e, 0x33, 0xef, 0x3a,
    0xee, 0x32, 0x0e, 0x33, 0xef, 0x3a, 0x0e, 0x33, 0xee, 0x32, 0x0f, 0x3b,
    0xee, 0x32, 0x0e, 0x33, 0xef, 0x3a, 0xee, 0x32, 0x0e, 0x33, 0xef, 0x3a,
    0x0e, 0x33, 0xee, 0x32, 0x0f, 0x3b, 0xee, 0x32, 0x0e, 0x33, 0xef, 0x3a,
    0xee, 0x32, 0x0e, 0x33, 0xef, 0x3a, 0x0e, 0x33, 0xee, 0x32, 0x0f, 0x3b,
    0xee, 0x32, 0x0e, 0x33, 0xef, 0x3a, 0xee, 0x32, 0x0e, 0x33, 0xef, 0x3a,
    0x0e, 0x33, 0xee, 0x32, 0x0f, 0x3b, 0xee, 0x32, 0x0e, 0x33, 0xef, 0x3a,
    0xee, 0x32, 0x0e, 0x33, 0xef, 0x3a, 0x0e, 0x33, 0xee, 0x32, 0x0f, 0x3b,
    0xee, 0x32, 0x0e, 0x33, 0xef, 0x3a, 0xee, 0x32, 0x0e, 0x33, 0xef, 0x3a,
    0x0e, 0x33, 0xee, 0x32, 0x0f, 0x3b, 0xee, 0x32, 0x0e, 0x33, 0xef, 0x3a,
    0xee, 0x32, 0x0e, 0x33, 0xef, 0x3a, 0x0e, 0x33, 0xee, 0x32, 0x0f, 0x3b,
    0xee, 0x32, 0x0e, 0x33, 0xef, 0x3a, 0xee, 0x32, 0x0e, 0x33, 0xef, 0x3a,
    0x0e, 0x33, 0xee, 0x32, 0x0f, 0x3b, 0xee, 0x32, 0x0e, 0x33, 0xef, 0x3a,
    0xee, 0x32, 0x0e, 0x33, 0xef, 0x3a, 0x0e, 0x33, 0xee, 0x32, 0x0f, 0x3b,
    0xee, 0x32, 0x0e, 0x33, 0xef, 0x3a, 0xee, 0x32, 0x0e, 0x33, 0xef, 0x3a,
    0x0e, 0x33, 0xee, 0x32, 0x0f, 0x3b, 0xee, 0x32, 0x0e, 0x33, 0xef, 0x3a,
    0xee, 0x32, 0x0e, 0x33, 0xef, 0x3a, 0x0e, 0x33, 0xee, 0x32, 0x0f, 0x3b,
    0xee, 0x32, 0x0e, 0x33, 0xef, 0x3a, 0xee, 0x32, 0x0e, 0x33, 0xef, 0x3a,
    0x0e, 0x33, 0xee, 0x32, 0x0f, 0x3b, 0xee, 0x32, 0x0e, 0x33, 0xef, 0x3a,
    0xee, 0x32, 0x0e, 0x33, 0xef, 0x3a, 0x0e, 0x33, 0xee, 0x32, 0x0f, 0x3b,
    0xee, 0x32, 0x0e, 0x33, 0xef, 0x3a, 0xee, 0x32, 0x0e, 0x33, 0xef, 0x3a,
    0x0e, 0x33, 0xee, 0x32, 0x0f, 0x3b, 0xee, 0x32, 0x0e, 0x33, 0xef, 0x3a,
    0xee, 0x32, 0x0e, 0x33, 0xef, 0x3a, 0x0e, 0x33, 0xee, 0x32, 0x0f, 0x3b,
    0xee, 0x32, 0x0e, 0x33, 0xef, 0x3a, 0xee, 0x32, 0x0e, 0x33, 0xef, 0x3a,
    0x0e, 0x33, 0xee, 0x32, 0x0f, 0x3b, 0xee, 0x32, 0x0e, 0x33, 0xef, 0x3a,
    0xee, 0x32, 0x0e, 0x33, 0xef, 0x3a, 0x0e, 0x33, 0xee, 0x32, 0x0f, 0x3b,
    0xee, 0x32, 0x0e, 0x33, 0xef, 0x3a, 0xee, 0x32, 0x0e, 0x33, 0xef, 0x3a,
    0x0e, 0x33, 0xee, 0x32, 0x0f, 0x3b, 0xee, 0x32, 0x0e, 0x33, 0xef, 0x3a,
    0xee, 0x32, 0x0e, 0x33, 0xef, 0x3a, 0x0e, 0x33, 0xee, 0x32, 0x0f, 0x3b,
    0xee, 0x32, 0x0e, 0x33, 0xef, 0x3a, 0xee, 0x32, 0x0e, 0x33, 0xef, 0x3a,
    0x0e, 0x33, 0xee, 0x32, 0x0f, 0x3b, 0xee, 0x32, 0x0e, 0x33, 0xef, 0x3a,
    0xee, 0x32, 0x0e, 0x33, 0xef, 0x3a, 0x0e, 0x33, 0xee, 0x32, 0x0f, 0x3b,
    0xee, 0x32, 0x0e, 0x33, 0xef, 0x3a, 0xee, 0x32, 0x0e, 0x33, 0xef, 0x3a,
    0x0e, 0x33, 0xee, 0x32, 0x0f, 0x3b, 0xee, 0x32, 0x0e, 0x33, 0xef, 0x3a,
    0xee, 0x32, 0x0e, 0x33, 0xef, 0x3a, 0x0e, 0x33, 0xee, 0x32, 0x0f, 0x3b,
    0xee, 0x32, 0x0e, 0x33, 0xef, 0x3a, 0xee, 0x32, 0x0e, 0x33, 0xef, 0x3a,
    0x0e, 0x33, 0xee, 0x32, 0x0f, 0x3b, 0xee, 0x32, 0x0e, 0x33, 0xef, 0x3a,
    0xee, 0x32, 0x0e, 0x33, 0xef, 0x3a, 0x0e, 0x33, 0xee, 0x32, 0x0f, 0x3b,
    0xee, 0x32, 0x0e, 0x33, 0xef, 0x3a, 0xee, 0x32, 0x0e, 0x33, 0xef, 0x3a,
    0x0e, 0x33, 0xee, 0x32, 0x0f, 0x3b, 0xee, 0x32, 0x0e, 0x33, 0xef, 0x3a,
    0xee, 0x32, 0x0e, 0x33, 0xef, 0x3a, 0x0e, 0x33, 0xee, 0x32, 0x0f, 0x3b,
    0xee, 0x32, 0x0e, 0x33, 0xef, 0x3a, 0xee, 0x32, 0x0e, 0x33, 0xef, 0x3a,
    0x0e, 0x33, 0xee, 0x32, 0x0f, 0x3b, 0xee, 0x32, 0x0e, 0x33, 0xef, 0x3a,
    0xee, 0x32, 0x0e, 0x33, 0xef, 0x3a, 0x0e, 0x33, 0xee, 0x32, 0x0f, 0x3b,
    0xee, 0x32, 0x0e, 0x33, 0xef, 0x3a, 0xee, 0x32, 0x0e, 0x33, 0xef, 0x3a,
    0x0e, 0x33, 0xee, 0x32, 0x0f, 0x3b, 0xee, 0x32, 0x0e, 0x33, 0xef, 0x3a,
    0xee, 0x32, 0x0e, 0x33, 0xef, 0x3a, 0x0e, 0x33, 0xee, 0x32, 0x0f, 0x3b,
    0xee, 0x32, 0x0e, 0x33, 0xef, 0x3a, 0xee, 0x32, 0x0e, 0x33, 0xef, 0x3a,
    0x0e, 0x33, 0xee, 0x32, 0x0f, 0x3b, 0xee, 0x32, 0x0e, 0x33, 0xef, 0x3a,
    0xee, 0x32, 0x0e, 0x33, 0xef, 0x3a, 0x0e, 0x33, 0xee, 0x32, 0x0f, 0x3b,
    0xee, 0x32, 0x0e, 0x33, 0xef, 0x3a, 0xee, 0x32, 0x0e, 0x33, 0xef, 0x3a,
    0x0e, 0x33, 0xee, 0x32, 0x0f, 0x3b, 0xee, 0x32, 0x0e, 0x33, 0xef, 0x3a,
    0xee, 0x32, 0x0e, 0x33, 0xef, 0x3a, 0x0e, 0x33, 0xee, 0x32, 0x0f, 0x3b,
    0xee, 0x32, 0x0e, 0x33, 0xef, 0x3a, 0xee, 0x32, 0x0e, 0x33, 0xef, 0x3a,
    0x0e, 0x33, 0xee, 0x32, 0x0f, 0x3b, 0xee, 0x32, 0x0e, 0x33, 0xef, 0x3a,
    0xee, 0x32, 0x0e, 0x33, 0xef, 0x3a, 0x0e, 0x33, 0xee, 0x32, 0x0f, 0x3b,
    0xee, 0x32, 0x0e, 0x33, 0xef, 0x3a, 0xee, 0x32, 0x0e, 0x33, 0xef, 0x3a,
    0x0e, 0x33, 0xee, 0x32, 0x0f, 0x3b, 0xee, 0x32, 0x0e, 0x33, 0xef, 0x3a,
    0xee, 0x32, 0x0e, 0x33, 0xef, 0x3a, 0x0e, 0x33, 0xee, 0x32, 0x0f, 0x3b,
    0xee, 0x32, 0x0e, 0x33, 0xef, 0x3a, 0xee, 0x32, 0x0e, 0x33, 0xef, 0x3a,
    0x0e, 0x33, 0xee, 0x32, 0x0f, 0x3b, 0xee, 0x32, 0x0e, 0x33, 0xef, 0x3a,
    0xee, 0x32, 0x0e, 0x33, 0xef, 0x3a, 0x0e, 0x33, 0xee, 0x32, 0x0f, 0x3b,
    0xee, 0x32, 0x0e, 0x33, 0xef, 0x3a, 0xee, 0x32, 0x0e, 0x33, 0xef, 0x3a,
    0x0e, 0x33, 0xee, 0x32, 0x0f, 0x3b, 0xee, 0x32, 0x0e, 0x33, 0xef, 0x3a,
    0xee, 0x32, 0x0e, 0x33, 0xef, 0x3a, 0x0e, 0x33, 0xee, 0x32, 0x0f, 0x3b,
    0xee, 0x32, 0x0e, 0x33, 0xef, 0x3a, 0xee, 0x32, 0x0e, 0x33, 0xef, 0x3a,
    0x0e, 0x33, 0xee, 0x32, 0x0f, 0x3b, 0xee, 0x32, 0x0e, 0x33, 0xef, 0x3a,
    0xee, 0x32, 0x0e, 0x33, 0xef, 0x3a, 0x0e, 0x33, 0xee, 0x32, 0x0f, 0x3b,
    0xee, 0x32, 0x0e, 0x33, 0xef, 0x3a, 0xee, 0x32, 0x0e, 0x33, 0xef, 0x3a,
    0x0e, 0x33, 0xee, 0x32, 0x0f, 0x3b, 0xee, 0x32, 0x0e, 0x33, 0xef, 0x3a,
    0xee, 0x32, 0x0e, 0x33, 0xef, 0x3a, 0x0e, 0x33, 0xee, 0x32, 0x0f, 0x3b,
    0xee, 0x32, 0x0e, 0x33, 0xef, 0x3a, 0xee, 0x32, 0x0e, 0x33, 0xef, 0x3a,
    0x0e, 0x33, 0xee, 0x32, 0x0f, 0x3b, 0xee, 0x32, 0x0e, 0x33, 0xef, 0x3a,
    0xee, 0x32, 0x0e, 0x33, 0xef, 0x3a, 0x0e, 0x33, 0xee, 0x32, 0x0f, 0x3b,
    0xee, 0x32, 0x0e, 0x33, 0xef, 0x3a, 0xee, 0x32, 0x0e, 0x33, 0xef, 0x3a,
    0x0e, 0x33, 0xee, 0x32, 0x0f, 0x3b, 0xee, 0x32, 0x0e, 0x33, 0xef, 0x3a,
    0xee, 0x32, 0x0e, 0x33, 0xef, 0x3a, 0x0e, 0x33, 0xee, 0x32, 0x0f, 0x3b,
    0xee, 0x32, 0x0e, 0x33, 0xef, 0x3a, 0xee, 0x32, 0x0e, 0x33, 0xef, 0x3a,
    0x0e, 0x33, 0xee, 0x32, 0x0f, 0x3b, 0xee, 0x32, 0x0e, 0x33, 0xef, 0x3a,
    0xee, 0x32, 0x0e, 0x33, 0xef, 0x3a, 0x0e, 0x33, 0xee, 0x32, 0x0f, 0x3b,
    0xee, 0x32, 0x0e, 0x33, 0xef, 0x3a, 0xee, 0x32, 0x0e, 0x33, 0xef, 0x3a,
    0x0e, 0x33, 0xee, 0x32, 0x0f, 0x3b, 0xee, 0x32, 0x0e, 0x33, 0xef, 0x3a,
    0xee, 0x32, 0x0e, 0x33, 0xef, 0x3a, 0x0e, 0x33, 0xee, 0x32, 0x0f, 0x3b,
    0xee, 0x32, 0x0e, 0x33, 0xef, 0x3a, 0xee, 0x32, 0x0e, 0x33, 0xef, 0x3a,
    0x0e, 0x33, 0xee, 0x32, 0x0f, 0x3b, 0xee, 0x32, 0x0e, 0x33, 0xef, 0x3a,
    0xee, 0x32, 0x0e, 0x33, 0xef, 0x3a, 0x0e, 0x33, 0xee, 0x32, 0x0f, 0x3b,
    0xee, 0x32, 0x0e, 0x33, 0xef, 0x3a, 0xee, 0x32, 0x0e, 0x33, 0xef, 0x3a,
    0x0e, 0x33, 0xee, 0x32, 0x0f, 0x3b, 0xee, 0x32, 0x0e, 0x33, 0xef, 0x3a,
    0xee, 0x32, 0x0e, 0x33, 0xef, 0x3a, 0x0e, 0x33, 0xee, 0x32, 0x0f, 0x3b,
    0xee, 0x32, 0x0e, 0x33, 0xef, 0x3a, 0xee, 0x32, 0x0e, 0x33, 0xef, 0x3a,
    0x0e, 0x33, 0xee, 0x32, 0x0f, 0x3b, 0xee, 0x32, 0x0e, 0x33, 0xef, 0x3a,
    0xee, 0x32, 0x0e, 0x33, 0xef, 0x3a, 0x0e, 0x33, 0xee, 0x32, 0x0f, 0x3b,
    0xee, 0x32, 0x0e, 0x33, 0xef, 0x3a, 0xee, 0x32, 0x0e, 0x33, 0xef, 0x3a,
    0x0e, 0x33, 0xee, 0x32, 0x0f, 0x3b, 0xee, 0x32, 0x0e, 0x33, 0xef, 0x3a,
    0xee, 0x32, 0x0e, 0x33, 0xef, 0x3a, 0x0e, 0x33, 0xee, 0x32, 0x0f, 0x3b,
    0xee, 0x32, 0x0e, 0x33, 0xef, 0x3a, 0xee, 0x32, 0x0e, 0x33, 0xef, 0x3a,
    0x0e, 0x33, 0xee, 0x32, 0x0f, 0x3b, 0xee, 0x32, 0x0e, 0x33, 0xef, 0x3a,
    0xee, 0x32, 0x0e, 0x33, 0xef, 0x3a, 0x0e, 0x33, 0xee, 0x32, 0x0f, 0x3b,
    0xee, 0x32, 0x0e, 0x33, 0xef, 0x3a, 0xee, 0x32, 0x0e, 0x33, 0xef, 0x3a,
    0x0e, 0x33, 0xee, 0x32, 0x0f, 0x3b, 0xee, 0x32, 0x0e, 0x33, 0xef, 0x3a,
    0xee, 0x32, 0x0e, 0x33, 0xef, 0x3a, 0x0e, 0x33, 0xee, 0x32, 0x0f, 0x3b,
    0xee, 0x32, 0x0e, 0x33, 0xef, 0x3a, 0xee, 0x32, 0x0e, 0x33, 0xef, 0x3a,
    0x0e, 0x33, 0xee, 0x32, 0x0f, 0x3b, 0xee, 0x32, 0x0e, 0x33, 0xef, 0x3a,
    0xee, 0x32, 0x0e, 0x33, 0xef, 0x3a, 0x0e, 0x33, 0xee, 0x32, 0x0f, 0x3b,
    0xee, 0x32, 0x0e, 0x33, 0xef, 0x3a, 0xee, 0x32, 0x0e, 0x33, 0xef, 0x3a,
    0x0e, 0x33, 0xee, 0x32, 0x0f, 0x3b, 0xee, 0x32, 0x0e, 0x33, 0xef, 0x3a,
    0xee, 0x32, 0x0e, 0x33, 0xef, 0x3a, 0x0e, 0x33, 0xee, 0x32, 0x0f, 0x3b,
    0xee, 0x32, 0x0e, 0x33, 0xef, 0x3a, 0xee, 0x32, 0x0e, 0x33, 0xef, 0x3a,
    0x0e, 0x33, 0xee, 0x32, 0x0f, 0x3b, 0xee, 0x32, 0x0e, 0x33, 0xef, 0x3a,
    0xee, 0x32, 0x0e, 0x33, 0xef, 0x3a, 0x0e, 0x33, 0xee, 0x32, 0x0f, 0x3b,
    0xee, 0x32, 0x0e, 0x33, 0xef, 0x3a, 0xee, 0x32, 0x0e, 0x33, 0xef, 0x3a,
    0x0e, 0x33, 0xee, 0x32, 0x0f, 0x3b, 0xee, 0x32, 0x0e, 0x33, 0xef, 0x3a,
    0xee, 0x32, 0x0e, 0x33, 0xef, 0x3a, 0x0e, 0x33, 0xee, 0x32, 0x0f, 0x3b,
    0xee, 0x32, 0x0e, 0x33, 0xef, 0x3a, 0xee, 0x32, 0x0e, 0x33, 0xef, 0x3a,
    0x0e, 0x33, 0xee, 0x32, 0x0f, 0x3b, 0xee, 0x32, 0x0e, 0x33, 0xef, 0x3a,
    0xee, 0x32, 0x0e, 0x33, 0xef, 0x3a, 0x0e, 0x33, 0xee, 0x32, 0x0f, 0x3b,
    0xee, 0x32, 0x0e, 0x33, 0xef, 0x3a, 0xee, 0x32, 0x0e, 0x33, 0xef, 0x3a,
    0x0e, 0x33, 0xee, 0x32, 0x0f, 0x3b, 0xee, 0x32, 0x0e, 0x33, 0xef, 0x3a,
    0xee, 0x32, 0x0e, 0x33, 0xef, 0x3a, 0x0e, 0x33, 0xee, 0x32, 0x0f, 0x3b,
    0xee, 0x32, 0x0e, 0x33, 0xef, 0x3a, 0xee, 0x32, 0x0e, 0x33, 0xef, 0x3a,
    0x0e, 0x33, 0xee, 0x32, 0x0f, 0x3b, 0xee, 0x32, 0x0e, 0x33, 0xef, 0x3a,
    0xee, 0x32, 0x0e, 0x33, 0xef, 0x3a, 0x0e, 0x33, 0xee, 0x32, 0x0f, 0x3b,
    0xee, 0x32, 0x0e, 0x33, 0xef, 0x3a, 0xee, 0x32, 0x0e, 0x33, 0xef, 0x3a,
    0x0e, 0x33, 0xee, 0x32, 0x0f, 0x3b, 0xee, 0x32, 0x0e, 0x33, 0xef, 0x3a,
    0xee, 0x32, 0x0e, 0x33, 0xef, 0x3a, 0x0e, 0x33, 0xee, 0x32, 0x0f, 0x3b,
    0xee, 0x32, 0x0e, 0x33, 0xef, 0x3a, 0xee, 0x32, 0x0e, 0x33, 0xef, 0x3a,
    0x0e, 0x33, 0xee, 0x32, 0x0f, 0x3b, 0xee, 0x32, 0x0e, 0x33, 0xef, 0x3a,
    0xee, 0x32, 0x0e, 0x33, 0xef, 0x3a, 0x0f, 0x3b, 0x0e, 0x33, 0xef, 0x3a,
    0x0f, 0x3b, 0xee, 0x32, 0xef, 0x3a, 0x0f, 0x3b, 0x0e, 0x33, 0xef, 0x3a,
    0x0f, 0x3b, 0xee, 0x32, 0x0f, 0x3b, 0x0f, 0x3b, 0xee, 0x32, 0x0f, 0x3b,
    0xef, 0x3a, 0x0e, 0x33, 0xef, 0x3a, 0x0f, 0x3b, 0xee, 0x32, 0x0f, 0x3b,
    0x0f, 0x3b, 0xee, 0x32, 0x0f, 0x3b, 0xef, 0x3a, 0x0e, 0x33, 0xef, 0x3a,
    0x0f, 0x3b, 0xee, 0x32, 0x0f, 0x3b, 0x0f, 0x3b, 0xee, 0x32, 0x0f, 0x3b,
    0xef, 0x3a, 0x0e, 0x33, 0xef, 0x3a, 0x0f, 0x3b, 0xee, 0x32, 0x0f, 0x3b,
    0x0f, 0x3b, 0xee, 0x32, 0x0f, 0x3b, 0xef, 0x3a, 0x0e, 0x33, 0xef, 0x3a,
    0x0f, 0x3b, 0xee, 0x32, 0x0f, 0x3b, 0x0f, 0x3b, 0xee, 0x32, 0x0f, 0x3b,
    0xef, 0x3a, 0x0e, 0x33, 0xef, 0x3a, 0x0f, 0x3b, 0xee, 0x32, 0x0f, 0x3b,
    0x0f, 0x3b, 0xee, 0x32, 0x0f, 0x3b, 0xef, 0x3a, 0x0e, 0x33, 0xef, 0x3a,
    0x0f, 0x3b, 0xee, 0x32, 0x0f, 0x3b, 0x0f, 0x3b, 0xee, 0x32, 0x0f, 0x3b,
    0xef, 0x3a, 0x0e, 0x33, 0xef, 0x3a, 0x0f, 0x3b, 0xee, 0x32, 0x0f, 0x3b,
    0x0f, 0x3b, 0xee, 0x32, 0x0f, 0x3b, 0xef, 0x3a, 0x0e, 0x33, 0xef, 0x3a,
    0x0f, 0x3b, 0xee, 0x32, 0x0f, 0x3b, 0x0f, 0x3b, 0xee, 0x32, 0x0f, 0x3b,
    0xef, 0x3a, 0x0e, 0x33, 0xef, 0x3a, 0x0f, 0x3b, 0xee, 0x32, 0x0f, 0x3b,
    0x0f, 0x3b, 0xee, 0x32, 0x0f, 0x3b, 0xef, 0x3a, 0x0e, 0x33, 0xef, 0x3a,
    0x0f, 0x3b, 0xee, 0x32, 0x0f, 0x3b, 0x0f, 0x3b, 0xee, 0x32, 0x0f, 0x3b,
    0xef, 0x3a, 0x0e, 0x33, 0xef, 0x3a, 0x0f, 0x3b, 0xee, 0x32, 0x0f, 0x3b,
    0x0f, 0x3b, 0xee, 0x32, 0x0f, 0x3b, 0xef, 0x3a, 0x0e, 0x33, 0xef, 0x3a,
    0x0f, 0x3b, 0xee, 0x32, 0x0f, 0x3b, 0x0f, 0x3b, 0xee, 0x32, 0x0f, 0x3b,
    0xef, 0x3a, 0x0e, 0x33, 0xef, 0x3a, 0x0f, 0x3b, 0xee, 0x32, 0x0f, 0x3b,
    0x0f, 0x3b, 0xee, 0x32, 0x0f, 0x3b, 0xef, 0x3a, 0x0e, 0x33, 0xef, 0x3a,
    0x0f, 0x3b, 0xee, 0x32, 0x0f, 0x3b, 0x0f, 0x3b, 0xee, 0x32, 0x0f, 0x3b,
    0xef, 0x3a, 0x0e, 0x33, 0xef, 0x3a, 0x0f, 0x3b, 0xee, 0x32, 0x0f, 0x3b,
    0x0f, 0x3b, 0xee, 0x32, 0x0f, 0x3b, 0xef, 0x3a, 0x0e, 0x33, 0xef, 0x3a,
    0x0f, 0x3b, 0xee, 0x32, 0x0f, 0x3b, 0x0f, 0x3b, 0xee, 0x32, 0x0f, 0x3b,
    0xef, 0x3a, 0x0e, 0x33, 0xef, 0x3a, 0x0f, 0x3b, 0xee, 0x32, 0x0f, 0x3b,
    0x0f, 0x3b, 0xee, 0x32, 0x0f, 0x3b, 0xef, 0x3a, 0x0e, 0x33, 0xef, 0x3a,
    0x0f, 0x3b, 0xee, 0x32, 0x0f, 0x3b, 0x0f, 0x3b, 0xee, 0x32, 0x0f, 0x3b,
    0xef, 0x3a, 0x0e, 0x33, 0xef, 0x3a, 0x0f, 0x3b, 0xee, 0x32, 0x0f, 0x3b,
    0x0f, 0x3b, 0xee, 0x32, 0x0f, 0x3b, 0xef, 0x3a, 0x0e, 0x33, 0xef, 0x3a,
    0x0f, 0x3b, 0xee, 0x32, 0x0f, 0x3b, 0x0f, 0x3b, 0xee, 0x32, 0x0f, 0x3b,
    0xef, 0x3a, 0x0e, 0x33, 0xef, 0x3a, 0x0f, 0x3b, 0xee, 0x32, 0x0f, 0x3b,
    0x0f, 0x3b, 0xee, 0x32, 0x0f, 0x3b, 0xef, 0x3a, 0x0e, 0x33, 0xef, 0x3a,
    0x0f, 0x3b, 0xee, 0x32, 0x0f, 0x3b, 0x0f, 0x3b, 0xee, 0x32, 0x0f, 0x3b,
    0xef, 0x3a, 0x0e, 0x33, 0xef, 0x3a, 0x0f, 0x3b, 0xee, 0x32, 0x0f, 0x3b,
    0x0f, 0x3b, 0xee, 0x32, 0x0f, 0x3b, 0xef, 0x3a, 0x0e, 0x33, 0xef, 0x3a,
    0x0f, 0x3b, 0xee, 0x32, 0x0f, 0x3b, 0x0f, 0x3b, 0xee, 0x32, 0x0f, 0x3b,
    0xef, 0x3a, 0x0e, 0x33, 0xef, 0x3a, 0x0f, 0x3b, 0xee, 0x32, 0x0f, 0x3b,
    0x0f, 0x3b, 0xee, 0x32, 0x0f, 0x3b, 0xef, 0x3a, 0x0e, 0x33, 0xef, 0x3a,
    0x0f, 0x3b, 0xee, 0x32, 0x0f, 0x3b, 0x0f, 0x3b, 0xee, 0x32, 0x0f, 0x3b,
    0xef, 0x3a, 0x0e, 0x33, 0xef, 0x3a, 0x0f, 0x3b, 0xee, 0x32, 0x0f, 0x3b,
    0x0f, 0x3b, 0xee, 0x32, 0x0f, 0x3b, 0xef, 0x3a, 0x0e, 0x33, 0xef, 0x3a,
    0x0f, 0x3b, 0xee, 0x32, 0x0f, 0x3b, 0x0f, 0x3b, 0xee, 0x32, 0x0f, 0x3b,
    0xef, 0x3a, 0x0e, 0x33, 0xef, 0x3a, 0x0f, 0x3b, 0xee, 0x32, 0x0f, 0x3b,
    0x0f, 0x3b, 0xee, 0x32, 0x0f, 0x3b, 0xef, 0x3a, 0x0e, 0x33, 0xef, 0x3a,
    0x0f, 0x3b, 0xee, 0x32, 0x0f, 0x3b, 0x0f, 0x3b, 0xee, 0x32, 0x0f, 0x3b,
    0xef, 0x3a, 0x0e, 0x33, 0xef, 0x3a, 0x0f, 0x3b, 0xee, 0x32, 0x0f, 0x3b,
    0x0f, 0x3b, 0xee, 0x32, 0x0f, 0x3b, 0xef, 0x3a, 0x0e, 0x33, 0xef, 0x3a,
    0x0f, 0x3b, 0xee, 0x32, 0x0f, 0x3b, 0x0f, 0x3b, 0xee, 0x32, 0x0f, 0x3b,
    0xef, 0x3a, 0x0e, 0x33, 0xef, 0x3a, 0x0f, 0x3b, 0xee, 0x32, 0x0f, 0x3b,
    0x0f, 0x3b, 0xee, 0x32, 0x0f, 0x3b, 0xef, 0x3a, 0x0e, 0x33, 0xef, 0x3a,
    0x0f, 0x3b, 0xee, 0x32, 0x0f, 0x3b, 0x0f, 0x3b, 0xee, 0x32, 0x0f, 0x3b,
    0xef, 0x3a, 0x0e, 0x33, 0xef, 0x3a, 0x0f, 0x3b, 0xee, 0x32, 0x0f, 0x3b,
    0x0f, 0x3b, 0xee, 0x32, 0x0f, 0x3b, 0xef, 0x3a, 0x0e, 0x33, 0xef, 0x3a,
    0x0f, 0x3b, 0xee, 0x32, 0x0f, 0x3b, 0x0f, 0x3b, 0xee, 0x32, 0x0f, 0x3b,
    0xef, 0x3a, 0x0e, 0x33, 0xef, 0x3a, 0x0f, 0x3b, 0xee, 0x32, 0x0f, 0x3b,
    0x0f, 0x3b, 0xee, 0x32, 0x0f, 0x3b, 0xef, 0x3a, 0x0e, 0x33, 0xef, 0x3a,
    0x0f, 0x3b, 0xee, 0x32, 0x0f, 0x3b, 0x0f, 0x3b, 0xee, 0x32, 0x0f, 0x3b,
    0xef, 0x3a, 0x0e, 0x33, 0xef, 0x3a, 0x0f, 0x3b, 0xee, 0x32, 0x0f, 0x3b,
    0x0f, 0x3b, 0xee, 0x32, 0x0f, 0x3b, 0xef, 0x3a, 0x0e, 0x33, 0xef, 0x3a,
    0x0f, 0x3b, 0xee, 0x32, 0x0f, 0x3b, 0x0f, 0x3b, 0xee, 0x32, 0x0f, 0x3b,
    0xef, 0x3a, 0x0e, 0x33, 0xef, 0x3a, 0x0f, 0x3b, 0xee, 0x32, 0x0f, 0x3b,
    0x0f, 0x3b, 0xee, 0x32, 0x0f, 0x3b, 0xef, 0x3a, 0x0e, 0x33, 0xef, 0x3a,
    0x0f, 0x3b, 0xee, 0x32, 0x0f, 0x3b, 0x0f, 0x3b, 0xee, 0x32, 0x0f, 0x3b,
    0xef, 0x3a, 0x0e, 0x33, 0xef, 0x3a, 0x0f, 0x3b, 0xee, 0x32, 0x0f, 0x3b,
    0x0f, 0x3b, 0xee, 0x32, 0x0f, 0x3b, 0xef, 0x3a, 0x0e, 0x33, 0xef, 0x3a,
    0x0f, 0x3b, 0xee, 0x32, 0x0f, 0x3b, 0x0f, 0x3b, 0xee, 0x32, 0x0f, 0x3b,
    0xef, 0x3a, 0x0e, 0x33, 0xef, 0x3a, 0x0f, 0x3b, 0xee, 0x32, 0x0f, 0x3b,
    0x0f, 0x3b, 0xee, 0x32, 0x0f, 0x3b, 0xef, 0x3a, 0x0e, 0x33, 0xef, 0x3a,
    0x0f, 0x3b, 0xee, 0x32, 0x0f, 0x3b, 0x0f, 0x3b, 0xee, 0x32, 0x0f, 0x3b,
    0xef, 0x3a, 0x0e, 0x33, 0xef, 0x3a, 0x0f, 0x3b, 0xee, 0x32, 0x0f, 0x3b,
    0x0f, 0x3b, 0xee, 0x32, 0x0f, 0x3b, 0xef, 0x3a, 0x0e, 0x33, 0xef, 0x3a,
    0x0f, 0x3b, 0xee, 0x32, 0x0f, 0x3b, 0x0f, 0x3b, 0xee, 0x32, 0x0f, 0x3b,
    0xef, 0x3a, 0x0e, 0x33, 0xef, 0x3a, 0x0f, 0x3b, 0xee, 0x32, 0x0f, 0x3b,
    0x0f, 0x3b, 0xee, 0x32, 0x0f, 0x3b, 0xef, 0x3a, 0x0e, 0x33, 0xef, 0x3a,
    0x0f, 0x3b, 0xee, 0x32, 0x0f, 0x3b, 0x0f, 0x3b, 0xee, 0x32, 0x0f, 0x3b,
    0xef, 0x3a, 0x0e, 0x33, 0xef, 0x3a, 0x0f, 0x3b, 0xee, 0x32, 0x0f, 0x3b,
    0x0f, 0x3b, 0xee, 0x32, 0x0f, 0x3b, 0xef, 0x3a, 0x0e, 0x33, 0xef, 0x3a,
    0x0f, 0x3b, 0xee, 0x32, 0x0f, 0x3b, 0x0f, 0x3b, 0xee, 0x32, 0x0f, 0x3b,
    0xef, 0x3a, 0x0e, 0x33, 0xef, 0x3a, 0x0f, 0x3b, 0xee, 0x32, 0x0f, 0x3b,
    0x0f, 0x3b, 0xee, 0x32, 0x0f, 0x3b, 0xef, 0x3a, 0x0e, 0x33, 0xef, 0x3a,
    0x0f, 0x3b, 0xee, 0x32, 0x0f, 0x3b, 0x0f, 0x3b, 0xee, 0x32, 0x0f, 0x3b,
    0xef, 0x3a, 0x0e, 0x33, 0xef, 0x3a, 0x0f, 0x3b, 0xee, 0x32, 0x0f, 0x3b,
    0x0f, 0x3b, 0xee, 0x32, 0x0f, 0x3b, 0xef, 0x3a, 0x0e, 0x33, 0xef, 0x3a,
    0x0f, 0x3b, 0xee, 0x32, 0x0f, 0x3b, 0x0f, 0x3b, 0xee, 0x32, 0x0f, 0x3b,
    0xef, 0x3a, 0x0e, 0x33, 0xef, 0x3a, 0x0f, 0x3b, 0xee, 0x32, 0x0f, 0x3b,
    0x0f, 0x3b, 0xee, 0x32, 0x0f, 0x3b, 0xef, 0x3a, 0x0e, 0x33, 0xef, 0x3a,
    0x0f, 0x3b, 0xee, 0x32, 0x0f, 0x3b, 0x0f, 0x3b, 0xee, 0x32, 0x0f, 0x3b,
    0xef, 0x3a, 0x0e, 0x33, 0xef, 0x3a, 0x0f, 0x3b, 0xee, 0x32, 0x0f, 0x3b,
    0x0f, 0x3b, 0xee, 0x32, 0x0f, 0x3b, 0xef, 0x3a, 0x0e, 0x33, 0xef, 0x3a,
    0x0f, 0x3b, 0xee, 0x32, 0x0f, 0x3b, 0x0f, 0x3b, 0xee, 0x32, 0x0f, 0x3b,
    0xef, 0x3a, 0x0e, 0x33, 0xef, 0x3a, 0x0f, 0x3b, 0xee, 0x32, 0x0f, 0x3b,
    0x0f, 0x3b, 0xee, 0x32, 0x0f, 0x3b, 0xef, 0x3a, 0x0e, 0x33, 0xef, 0x3a,
    0x0f, 0x3b, 0xee, 0x32, 0x0f, 0x3b, 0x0f, 0x3b, 0xee, 0x32, 0x0f, 0x3b,
    0xef, 0x3a, 0x0e, 0x33, 0xef, 0x3a, 0x0f, 0x3b, 0xee, 0x32, 0x0f, 0x3b,
    0x0f, 0x3b, 0xee, 0x32, 0x0f, 0x3b, 0xef, 0x3a, 0x0e, 0x33, 0xef, 0x3a,
    0x0f, 0x3b, 0xee, 0x32, 0x0f, 0x3b, 0x0f, 0x3b, 0xee, 0x32, 0x0f, 0x3b,
    0xef, 0x3a, 0x0e, 0x33, 0xef, 0x3a, 0x0f, 0x3b, 0xee, 0x32, 0x0f, 0x3b,
    0x0f, 0x3b, 0xee, 0x32, 0x0f, 0x3b, 0xef, 0x3a, 0x0e, 0x33, 0xef, 0x3a,
    0x0f, 0x3b, 0xee, 0x32, 0x0f, 0x3b, 0x0f, 0x3b, 0xee, 0x32, 0x0f, 0x3b,
    0xef, 0x3a, 0x0e, 0x33, 0xef, 0x3a, 0x0f, 0x3b, 0xee, 0x32, 0x0f, 0x3b,
    0x0f, 0x3b, 0xee, 0x32, 0x0f, 0x3b, 0xef, 0x3a, 0x0e, 0x33, 0xef, 0x3a,
    0x0f, 0x3b, 0xee, 0x32, 0x0f, 0x3b, 0x0f, 0x3b, 0xee, 0x32, 0x0f, 0x3b,
    0xef, 0x3a, 0x0e, 0x33, 0xef, 0x3a, 0x0f, 0x3b, 0xee, 0x32, 0x0f, 0x3b,
    0x0f, 0x3b, 0xee, 0x32, 0x0f, 0x3b, 0xef, 0x3a, 0x0e, 0x33, 0xef, 0x3a,
    0x0f, 0x3b, 0xee, 0x32, 0x0f, 0x3b, 0x0f, 0x3b, 0xee, 0x32, 0x0f, 0x3b,
    0xef, 0x3a, 0x0e, 0x33, 0xef, 0x3a, 0x0f, 0x3b, 0xee, 0x32, 0x0f, 0x3b,
    0x0f, 0x3b, 0xee, 0x32, 0x0f, 0x3b, 0xef, 0x3a, 0x0e, 0x33, 0xef, 0x3a,
    0x0f, 0x3b, 0xee, 0x32, 0x0f, 0x3b, 0x0f, 0x3b, 0xee, 0x32, 0x0f, 0x3b,
    0xef, 0x3a, 0x0e, 0x33, 0xef, 0x3a, 0x0f, 0x3b, 0xee, 0x32, 0x0f, 0x3b,
    0x0f, 0x3b, 0xee, 0x32, 0x0f, 0x3b, 0xef, 0x3a, 0x0e, 0x33, 0xef, 0x3a,
    0x0f, 0x3b, 0xee, 0x32, 0x0f, 0x3b, 0x0f, 0x3b, 0xee, 0x32, 0x0f, 0x3b,
    0xef, 0x3a, 0x0e, 0x33, 0xef, 0x3a, 0x0f, 0x3b, 0xee, 0x32, 0x0f, 0x3b,
    0x0f, 0x3b, 0xee, 0x32, 0x0f, 0x3b, 0xef, 0x3a, 0x0e, 0x33, 0xef, 0x3a,
    0x0f, 0x3b, 0xee, 0x32, 0x0f, 0x3b, 0x0f, 0x3b, 0xee, 0x32, 0x0f, 0x3b,
    0xef, 0x3a, 0x0e, 0x33, 0xef, 0x3a, 0x0f, 0x3b, 0xee, 0x32, 0x0f, 0x3b,
    0x0f, 0x3b, 0xee, 0x32, 0x0f, 0x3b, 0xef, 0x3a, 0x0e, 0x33, 0xef, 0x3a,
    0x0f, 0x3b, 0xee, 0x32, 0x0f, 0x3b, 0x0f, 0x3b, 0xee, 0x32, 0x0f, 0x3b,
    0xef, 0x3a, 0x0e, 0x33, 0xef, 0x3a, 0x0f, 0x3b, 0xee, 0x32, 0x0f, 0x3b,
    0x0f, 0x3b, 0xee, 0x32, 0x0f, 0x3b, 0xef, 0x3a, 0x0e, 0x33, 0xef, 0x3a,
    0x0f, 0x3b, 0xee, 0x32, 0x0f, 0x3b, 0x0f, 0x3b, 0xee, 0x32, 0x0f, 0x3b,
    0xef, 0x3a, 0x0e, 0x33, 0xef, 0x3a, 0x0f, 0x3b, 0xee, 0x32, 0x0f, 0x3b,
    0x0f, 0x3b, 0xee, 0x32, 0x0f, 0x3b, 0xef, 0x3a, 0x0e, 0x33, 0xef, 0x3a,
    0x0f, 0x3b, 0xee, 0x32, 0x0f, 0x3b, 0x0f, 0x3b, 0xee, 0x32, 0x0f, 0x3b,
    0xef, 0x3a, 0x0e, 0x33, 0xef, 0x3a, 0x0f, 0x3b, 0xee, 0x32, 0x0f, 0x3b,
    0x0f, 0x3b, 0xee, 0x32, 0x0f, 0x3b, 0xef, 0x3a, 0x0e, 0x33, 0xef, 0x3a,
    0x0f, 0x3b, 0xee, 0x32, 0x0f, 0x3b, 0x0f, 0x3b, 0xee, 0x32, 0x0f, 0x3b,
    0xef, 0x3a, 0x0e, 0x33, 0xef, 0x3a, 0x0f, 0x3b, 0xee, 0x32, 0x0f, 0x3b,
    0x0f, 0x3b, 0xee, 0x32, 0x0f, 0x3b, 0xef, 0x3a, 0x0e, 0x33, 0xef, 0x3a,
    0x0f, 0x3b, 0xee, 0x32, 0x0f, 0x3b, 0x0f, 0x3b, 0xee, 0x32, 0x0f, 0x3b,
    0xef, 0x3a, 0x0e, 0x33, 0xef, 0x3a, 0x0f, 0x3b, 0xee, 0x32, 0x0f, 0x3b,
    0x0f, 0x3b, 0xee, 0x32, 0x0f, 0x3b, 0xee, 0x32, 0xee, 0x32, 0x0f, 0x3b,
    0xee, 0x32, 0x0f, 0x3b, 0xee, 0x32, 0x0f, 0x3b, 0xee, 0x32, 0xef, 0x3a,
    0x0e, 0x33, 0xee, 0x32, 0xef, 0x3a, 0x0e, 0x33, 0xef, 0x3a, 0xee, 0x32,
    0x0e, 0x33, 0x0f, 0x3b, 0xee, 0x32, 0x0e, 0x33, 0x0f, 0x3b, 0xee, 0x32,
    0xee, 0x32, 0x0f, 0x3b, 0xee, 0x32, 0x0e, 0x33, 0xef, 0x3a, 0x0e, 0x33,
    0xee, 0x32, 0x0f, 0x3b, 0xee, 0x32, 0x0e, 0x33, 0xef, 0x3a, 0xee, 0x32,
    0x0e, 0x33, 0x0f, 0x3b, 0xee, 0x32, 0x0e, 0x33, 0x0f, 0x3b, 0xee, 0x32,
    0xee, 0x32, 0x0f, 0x3b, 0xee, 0x32, 0x0e, 0x33, 0xef, 0x3a, 0x0e, 0x33,
    0xee, 0x32, 0x0f, 0x3b, 0xee, 0x32, 0x0e, 0x33, 0xef, 0x3a, 0xee, 0x32,
    0x0e, 0x33, 0x0f, 0x3b, 0xee, 0x32, 0x0e, 0x33, 0x0f, 0x3b, 0xee, 0x32,
    0xee, 0x32, 0x0f, 0x3b, 0xee, 0x32, 0x0e, 0x33, 0xef, 0x3a, 0x0e, 0x33,
    0xee, 0x32, 0x0f, 0x3b, 0xee, 0x32, 0x0e, 0x33, 0xef, 0x3a, 0xee, 0x32,
    0x0e, 0x33, 0x0f, 0x3b, 0xee, 0x32, 0x0e, 0x33, 0x0f, 0x3b, 0xee, 0x32,
    0xee, 0x32, 0x0f, 0x3b, 0xee, 0x32, 0x0e, 0x33, 0xef, 0x3a, 0x0e, 0x33,
    0xee, 0x32, 0x0f, 0x3b, 0xee, 0x32, 0x0e, 0x33, 0xef, 0x3a, 0xee, 0x32,
    0x0e, 0x33, 0x0f, 0x3b, 0xee, 0x32, 0x0e, 0x33, 0x0f, 0x3b, 0xee, 0x32,
    0xee, 0x32, 0x0f, 0x3b, 0xee, 0x32, 0x0e, 0x33, 0xef, 0x3a, 0x0e, 0x33,
    0xee, 0x32, 0x0f, 0x3b, 0xee, 0x32, 0x0e, 0x33, 0xef, 0x3a, 0xee, 0x32,
    0x0e, 0x33, 0x0f, 0x3b, 0xee, 0x32, 0x0e, 0x33, 0x0f, 0x3b, 0xee, 0x32,
    0xee, 0x32, 0x0f, 0x3b, 0xee, 0x32, 0x0e, 0x33, 0xef, 0x3a, 0x0e, 0x33,
    0xee, 0x32, 0x0f, 0x3b, 0xee, 0x32, 0x0e, 0x33, 0xef, 0x3a, 0xee, 0x32,
    0x0e, 0x33, 0x0f, 0x3b, 0xee, 0x32, 0x0e, 0x33, 0x0f, 0x3b, 0xee, 0x32,
    0xee, 0x32, 0x0f, 0x3b, 0xee, 0x32, 0x0e, 0x33, 0xef, 0x3a, 0x0e, 0x33,
    0xee, 0x32, 0x0f, 0x3b, 0xee, 0x32, 0x0e, 0x33, 0xef, 0x3a, 0xee, 0x32,
    0x0e, 0x33, 0x0f, 0x3b, 0xee, 0x32, 0x0e, 0x33, 0x0f, 0x3b, 0xee, 0x32,
    0xee, 0x32, 0x0f, 0x3b, 0xee, 0x32, 0x0e, 0x33, 0xef, 0x3a, 0x0e, 0x33,
    0xee, 0x32, 0x0f, 0x3b, 0xee, 0x32, 0x0e, 0x33, 0xef, 0x3a, 0xee, 0x32,
    0x0e, 0x33, 0x0f, 0x3b, 0xee, 0x32, 0x0e, 0x33, 0x0f, 0x3b, 0xee, 0x32,
    0xee, 0x32, 0x0f, 0x3b, 0xee, 0x32, 0x0e, 0x33, 0xef, 0x3a, 0x0e, 0x33,
    0xee, 0x32, 0x0f, 0x3b, 0xee, 0x32, 0x0e, 0x33, 0xef, 0x3a, 0xee, 0x32,
    0x0e, 0x33, 0x0f, 0x3b, 0xee, 0x32, 0x0e, 0x33, 0x0f, 0x3b, 0xee, 0x32,
    0xee, 0x32, 0x0f, 0x3b, 0xee, 0x32, 0x0e, 0x33, 0xef, 0x3a, 0x0e, 0x33,
    0xee, 0x32, 0x0f, 0x3b, 0xee, 0x32, 0x0e, 0x33, 0xef, 0x3a, 0xee, 0x32,
    0x0e, 0x33, 0x0f, 0x3b, 0xee, 0x32, 0x0e, 0x33, 0x0f, 0x3b, 0xee, 0x32,
    0xee, 0x32, 0x0f, 0x3b, 0xee, 0x32, 0x0e, 0x33, 0xef, 0x3a, 0x0e, 0x33,
    0xee, 0x32, 0x0f, 0x3b, 0xee, 0x32, 0x0e, 0x33, 0xef, 0x3a, 0xee, 0x32,
    0x0e, 0x33, 0x0f, 0x3b, 0xee, 0x32, 0x0e, 0x33, 0x0f, 0x3b, 0xee, 0x32,
    0xee, 0x32, 0x0f, 0x3b, 0xee, 0x32, 0x0e, 0x33, 0xef, 0x3a, 0x0e, 0x33,
    0xee, 0x32, 0x0f, 0x3b, 0xee, 0x32, 0x0e, 0x33, 0xef, 0x3a, 0xee, 0x32,
    0x0e, 0x33, 0x0f, 0x3b, 0xee, 0x32, 0x0e, 0x33, 0x0f, 0x3b, 0xee, 0x32,
    0xee, 0x32, 0x0f, 0x3b, 0xee, 0x32, 0x0e, 0x33, 0xef, 0x3a, 0x0e, 0x33,
    0xee, 0x32, 0x0f, 0x3b, 0xee, 0x32, 0x0e, 0x33, 0xef, 0x3a, 0xee, 0x32,
    0x0e, 0x33, 0x0f, 0x3b, 0xee, 0x32, 0x0e, 0x33, 0x0f, 0x3b, 0xee, 0x32,
    0xee, 0x32, 0x0f, 0x3b, 0xee, 0x32, 0x0e, 0x33, 0xef, 0x3a, 0x0e, 0x33,
    0xee, 0x32, 0x0f, 0x3b, 0xee, 0x32, 0x0e, 0x33, 0xef, 0x3a, 0xee, 0x32,
    0x0e, 0x33, 0x0f, 0x3b, 0xee, 0x32, 0x0e, 0x33, 0x0f, 0x3b, 0xee, 0x32,
    0xee, 0x32, 0x0f, 0x3b, 0xee, 0x32, 0x0e, 0x33, 0xef, 0x3a, 0x0e, 0x33,
    0xee, 0x32, 0x0f, 0x3b, 0xee, 0x32, 0x0e, 0x33, 0xef, 0x3a, 0xee, 0x32,
    0x0e, 0x33, 0x0f, 0x3b, 0xee, 0x32, 0x0e, 0x33, 0x0f, 0x3b, 0xee, 0x32,
    0xee, 0x32, 0x0f, 0x3b, 0xee, 0x32, 0x0e, 0x33, 0xef, 0x3a, 0x0e, 0x33,
    0xee, 0x32, 0x0f, 0x3b, 0xee, 0x32, 0x0e, 0x33, 0xef, 0x3a, 0xee, 0x32,
    0x0e, 0x33, 0x0f, 0x3b, 0xee, 0x32, 0x0e, 0x33, 0x0f, 0x3b, 0xee, 0x32,
    0xee, 0x32, 0x0f, 0x3b, 0xee, 0x32, 0x0e, 0x33, 0xef, 0x3a, 0x0e, 0x33,
    0xee, 0x32, 0x0f, 0x3b, 0xee, 0x32, 0x0e, 0x33, 0xef, 0x3a, 0xee, 0x32,
    0x0e, 0x33, 0x0f, 0x3b, 0xee, 0x32, 0x0e, 0x33, 0x0f, 0x3b, 0xee, 0x32,
    0xee, 0x32, 0x0f, 0x3b, 0xee, 0x32, 0x0e, 0x33, 0xef, 0x3a, 0x0e, 0x33,
    0xee, 0x32, 0x0f, 0x3b, 0xee, 0x32, 0x0e, 0x33, 0xef, 0x3a, 0xee, 0x32,
    0x0e, 0x33, 0x0f, 0x3b, 0xee, 0x32, 0x0e, 0x33, 0x0f, 0x3b, 0xee, 0x32,
    0xee, 0x32, 0x0f, 0x3b, 0xee, 0x32, 0x0e, 0x33, 0xef, 0x3a, 0x0e, 0x33,
    0xee, 0x32, 0x0f, 0x3b, 0xee, 0x32, 0x0e, 0x33, 0xef, 0x3a, 0xee, 0x32,
    0x0e, 0x33, 0x0f, 0x3b, 0xee, 0x32, 0x0e, 0x33, 0x0f, 0x3b, 0xee, 0x32,
    0xee, 0x32, 0x0f, 0x3b, 0xee, 0x32, 0x0e, 0x33, 0xef, 0x3a, 0x0e, 0x33,
    0xee, 0x32, 0x0f, 0x3b, 0xee, 0x32, 0x0e, 0x33, 0xef, 0x3a, 0xee, 0x32,
    0x0e, 0x33, 0x0f, 0x3b, 0xee, 0x32, 0x0e, 0x33, 0x0f, 0x3b, 0xee, 0x32,
    0xee, 0x32, 0x0f, 0x3b, 0xee, 0x32, 0x0e, 0x33, 0xef, 0x3a, 0x0e, 0x33,
    0xee, 0x32, 0x0f, 0x3b, 0xee, 0x32, 0x0e, 0x33, 0xef, 0x3a, 0xee, 0x32,
    0x0e, 0x33, 0x0f, 0x3b, 0xee, 0x32, 0x0e, 0x33, 0x0f, 0x3b, 0xee, 0x32,
    0xee, 0x32, 0x0f, 0x3b, 0xee, 0x32, 0x0e, 0x33, 0xef, 0x3a, 0x0e, 0x33,
    0xee, 0x32, 0x0f, 0x3b, 0xee, 0x32, 0x0e, 0x33, 0xef, 0x3a, 0xee, 0x32,
    0x0e, 0x33, 0x0f, 0x3b, 0xee, 0x32, 0x0e, 0x33, 0x0f, 0x3b, 0xee, 0x32,
    0xee, 0x32, 0x0f, 0x3b, 0xee, 0x32, 0x0e, 0x33, 0xef, 0x3a, 0x0e, 0x33,
    0xee, 0x32, 0x0f, 0x3b, 0xee, 0x32, 0x0e, 0x33, 0xef, 0x3a, 0xee, 0x32,
    0x0e, 0x33, 0x0f, 0x3b, 0xee, 0x32, 0x0e, 0x33, 0x0f, 0x3b, 0xee, 0x32,
    0xee, 0x32, 0x0f, 0x3b, 0xee, 0x32, 0x0e, 0x33, 0xef, 0x3a, 0x0e, 0x33,
    0xee, 0x32, 0x0f, 0x3b, 0xee, 0x32, 0x0e, 0x33, 0xef, 0x3a, 0xee, 0x32,
    0x0e, 0x33, 0x0f, 0x3b, 0xee, 0x32, 0x0e, 0x33, 0x0f, 0x3b, 0xee, 0x32,
    0xee, 0x32, 0x0f, 0x3b, 0xee, 0x32, 0x0e, 0x33, 0xef, 0x3a, 0x0e, 0x33,
    0xee, 0x32, 0x0f, 0x3b, 0xee, 0x32, 0x0e, 0x33, 0xef, 0x3a, 0xee, 0x32,
    0x0e, 0x33, 0x0f, 0x3b, 0xee, 0x32, 0x0e, 0x33, 0x0f, 0x3b, 0xee, 0x32,
    0xee, 0x32, 0x0f, 0x3b, 0xee, 0x32, 0x0e, 0x33, 0xef, 0x3a, 0x0e, 0x33,
    0xee, 0x32, 0x0f, 0x3b, 0xee, 0x32, 0x0e, 0x33, 0xef, 0x3a, 0xee, 0x32,
    0x0e, 0x33, 0x0f, 0x3b, 0xee, 0x32, 0x0e, 0x33, 0x0f, 0x3b, 0xee, 0x32,
    0xee, 0x32, 0x0f, 0x3b, 0xee, 0x32, 0x0e, 0x33, 0xef, 0x3a, 0x0e, 0x33,
    0xee, 0x32, 0x0f, 0x3b, 0xee, 0x32, 0x0e, 0x33, 0xef, 0x3a, 0xee, 0x32,
    0x0e, 0x33, 0x0f, 0x3b, 0xee, 0x32, 0x0e, 0x33, 0x0f, 0x3b, 0xee, 0x32,
    0xee, 0x32, 0x0f, 0x3b, 0xee, 0x32, 0x0e, 0x33, 0xef, 0x3a, 0x0e, 0x33,
    0xee, 0x32, 0x0f, 0x3b, 0xee, 0x32, 0x0e, 0x33, 0xef, 0x3a, 0xee, 0x32,
    0x0e, 0x33, 0x0f, 0x3b, 0xee, 0x32, 0x0e, 0x33, 0x0f, 0x3b, 0xee, 0x32,
    0xee, 0x32, 0x0f, 0x3b, 0xee, 0x32, 0x0e, 0x33, 0xef, 0x3a, 0x0e, 0x33,
    0xee, 0x32, 0x0f, 0x3b, 0xee, 0x32, 0x0e, 0x33, 0xef, 0x3a, 0xee, 0x32,
    0x0e, 0x33, 0x0f, 0x3b, 0xee, 0x32, 0x0e, 0x33, 0x0f, 0x3b, 0xee, 0x32,
    0xee, 0x32, 0x0f, 0x3b, 0xee, 0x32, 0x0e, 0x33, 0xef, 0x3a, 0x0e, 0x33,
    0xee, 0x32, 0x0f, 0x3b, 0xee, 0x32, 0x0e, 0x33, 0xef, 0x3a, 0xee, 0x32,
    0x0e, 0x33, 0x0f, 0x3b, 0xee, 0x32, 0x0e, 0x33, 0x0f, 0x3b, 0xee, 0x32,
    0xee, 0x32, 0x0f, 0x3b, 0xee, 0x32, 0x0e, 0x33, 0xef, 0x3a, 0x0e, 0x33,
    0xee, 0x32, 0x0f, 0x3b, 0xee, 0x32, 0x0e, 0x33, 0xef, 0x3a, 0xee, 0x32,
    0x0e, 0x33, 0x0f, 0x3b, 0xee, 0x32, 0x0e, 0x33, 0x0f, 0x3b, 0xee, 0x32,
    0xee, 0x32, 0x0f, 0x3b, 0xee, 0x32, 0x0e, 0x33, 0xef, 0x3a, 0x0e, 0x33,
    0xee, 0x32, 0x0f, 0x3b, 0xee, 0x32, 0x0e, 0x33, 0xef, 0x3a, 0xee, 0x32,
    0x0e, 0x33, 0x0f, 0x3b, 0xee, 0x32, 0x0e, 0x33, 0x0f, 0x3b, 0xee, 0x32,
    0xee, 0x32, 0x0f, 0x3b, 0xee, 0x32, 0x0e, 0x33, 0xef, 0x3a, 0x0e, 0x33,
    0xee, 0x32, 0x0f, 0x3b, 0xee, 0x32, 0x0e, 0x33, 0xef, 0x3a, 0xee, 0x32,
    0x0e, 0x33, 0x0f, 0x3b, 0xee, 0x32, 0x0e, 0x33, 0x0f, 0x3b, 0xee, 0x32,
    0xee, 0x32, 0x0f, 0x3b, 0xee, 0x32, 0x0e, 0x33, 0xef, 0x3a, 0x0e, 0x33,
    0xee, 0x32, 0x0f, 0x3b, 0xee, 0x32, 0x0e, 0x33, 0xef, 0x3a, 0xee, 0x32,
    0x0e, 0x33, 0x0f, 0x3b, 0xee, 0x32, 0x0e, 0x33, 0x0f, 0x3b, 0xee, 0x32,
    0xee, 0x32, 0x0f, 0x3b, 0xee, 0x32, 0x0e, 0x33, 0xef, 0x3a, 0x0e, 0x33,
    0xee, 0x32, 0x0f, 0x3b, 0xee, 0x32, 0x0e, 0x33, 0xef, 0x3a, 0xee, 0x32,
    0x0e, 0x33, 0x0f, 0x3b, 0xee, 0x32, 0x0e, 0x33, 0x0f, 0x3b, 0xee, 0x32,
    0xee, 0x32, 0x0f, 0x3b, 0xee, 0x32, 0x0e, 0x33, 0xef, 0x3a, 0x0e, 0x33,
    0xee, 0x32, 0x0f, 0x3b, 0xee, 0x32, 0x0e, 0x33, 0xef, 0x3a, 0xee, 0x32,
    0x0e, 0x33, 0x0f, 0x3b, 0xee, 0x32, 0x0e, 0x33, 0x0f, 0x3b, 0xee, 0x32,
    0xee, 0x32, 0x0f, 0x3b, 0xee, 0x32, 0x0e, 0x33, 0xef, 0x3a, 0x0e, 0x33,
    0xee, 0x32, 0x0f, 0x3b, 0xee, 0x32, 0x0e, 0x33, 0xef, 0x3a, 0xee, 0x32,
    0x0e, 0x33, 0x0f, 0x3b, 0xee, 0x32, 0x0e, 0x33, 0x0f, 0x3b, 0xee, 0x32,
    0xee, 0x32, 0x0f, 0x3b, 0xee, 0x32, 0x0e, 0x33, 0xef, 0x3a, 0x0e, 0x33,
    0xee, 0x32, 0x0f, 0x3b, 0xee, 0x32, 0x0e, 0x33, 0xef, 0x3a, 0xee, 0x32,
    0x0e, 0x33, 0x0f, 0x3b, 0xee, 0x32, 0x0e, 0x33, 0x0f, 0x3b, 0xee, 0x32,
    0xee, 0x32, 0x0f, 0x3b, 0xee, 0x32, 0x0e, 0x33, 0xef, 0x3a, 0x0e, 0x33,
    0xee, 0x32, 0x0f, 0x3b, 0xee, 0x32, 0x0e, 0x33, 0xef, 0x3a, 0xee, 0x32,
    0x0e, 0x33, 0x0f, 0x3b, 0xee, 0x32, 0x0e, 0x33, 0x0f, 0x3b, 0xee, 0x32,
    0xee, 0x32, 0x0f, 0x3b, 0xee, 0x32, 0x0e, 0x33, 0xef, 0x3a, 0x0e, 0x33,
    0xee, 0x32, 0x0f, 0x3b, 0xee, 0x32, 0x0e, 0x33, 0xef, 0x3a, 0xee, 0x32,
    0x0e, 0x33, 0x0f, 0x3b, 0xee, 0x32, 0x0e, 0x33, 0x0f, 0x3b, 0xee, 0x32,
    0xee, 0x32, 0x0f, 0x3b, 0xee, 0x32, 0x0e, 0x33, 0xef, 0x3a, 0x0e, 0x33,
    0xee, 0x32, 0x0f, 0x3b, 0xee, 0x32, 0x0e, 0x33, 0xef, 0x3a, 0xee, 0x32,
    0x0e, 0x33, 0x0f, 0x3b, 0xee, 0x32, 0x0e, 0x33, 0x0f, 0x3b, 0xee, 0x32,
    0xee, 0x32, 0x0f, 0x3b, 0xee, 0x32, 0x0e, 0x33, 0xef, 0x3a, 0x0e, 0x33,
    0xee, 0x32, 0x0f, 0x3b, 0xee, 0x32, 0x0e, 0x33, 0xef, 0x3a, 0xee, 0x32,
    0x0e, 0x33, 0x0f, 0x3b, 0xee, 0x32, 0x0e, 0x33, 0x0f, 0x3b, 0xee, 0x32,
    0xee, 0x32, 0x0f, 0x3b, 0xee, 0x32, 0x0e, 0x33, 0xef, 0x3a, 0x0e, 0x33,
    0xee, 0x32, 0x0f, 0x3b, 0xee, 0x32, 0x0e, 0x33, 0xef, 0x3a, 0xee, 0x32,
    0x0e, 0x33, 0x0f, 0x3b, 0xee, 0x32, 0x0e, 0x33, 0x0f, 0x3b, 0xee, 0x32,
    0xee, 0x32, 0x0f, 0x3b, 0xee, 0x32, 0x0f, 0x3b, 0x0f, 0x3b, 0xef, 0x3a,
    0x0e, 0x33, 0xee, 0x32, 0xef, 0x3a, 0x0e, 0x33, 0xee, 0x32, 0x0f, 0x3b,
    0x0e, 0x33, 0xee, 0x32, 0x0f, 0x3b, 0x0f, 0x3b, 0xee, 0x32, 0x0f, 0x3b,
    0x0e, 0x33, 0xef, 0x3a, 0xef, 0x3a, 0x0e, 0x33, 0xef, 0x3a, 0xef, 0x3a,
    0x0e, 0x33, 0xef, 0x3a, 0x0f, 0x3b, 0xee, 0x32, 0xef, 0x3a, 0x0f, 0x3b,
    0x0e, 0x33, 0xef, 0x3a, 0x0f, 0x3b, 0xee, 0x32, 0x0f, 0x3b, 0x0f, 0x3b,
    0xee, 0x32, 0xef, 0x3a, 0x0f, 0x3b, 0xee, 0x32, 0xef, 0x3a, 0x0f, 0x3b,
    0xee, 0x32, 0x0f, 0x3b, 0x0f, 0x3b, 0xee, 0x32, 0xef, 0x3a, 0x0f, 0x3b,
    0x0e, 0x33, 0xef, 0x3a, 0x0f, 0x3b, 0xee, 0x32, 0x0f, 0x3b, 0x0f, 0x3b,
    0xee, 0x32, 0xef, 0x3a, 0x0f, 0x3b, 0xee, 0x32, 0xef, 0x3a, 0x0f, 0x3b,
    0xee, 0x32, 0x0f, 0x3b, 0x0f, 0x3b, 0xee, 0x32, 0xef, 0x3a, 0x0f, 0x3b,
    0x0e, 0x33, 0xef, 0x3a, 0x0f, 0x3b, 0xee, 0x32, 0x0f, 0x3b, 0x0f, 0x3b,
    0xee, 0x32, 0xef, 0x3a, 0x0f, 0x3b, 0xee, 0x32, 0xef, 0x3a, 0x0f, 0x3b,
    0xee, 0x32, 0x0f, 0x3b, 0x0f, 0x3b, 0xee, 0x32, 0xef, 0x3a, 0x0f, 0x3b,
    0x0e, 0x33, 0xef, 0x3a, 0x0f, 0x3b, 0xee, 0x32, 0x0f, 0x3b, 0x0f, 0x3b,
    0xee, 0x32, 0xef, 0x3a, 0x0f, 0x3b, 0xee, 0x32, 0xef, 0x3a, 0x0f, 0x3b,
    0xee, 0x32, 0x0f, 0x3b, 0x0f, 0x3b, 0xee, 0x32, 0xef, 0x3a, 0x0f, 0x3b,
    0x0e, 0x33, 0xef, 0x3a, 0x0f, 0x3b, 0xee, 0x32, 0x0f, 0x3b, 0x0f, 0x3b,
    0xee, 0x32, 0xef, 0x3a, 0x0f, 0x3b, 0xee, 0x32, 0xef, 0x3a, 0x0f, 0x3b,
    0xee, 0x32, 0x0f, 0x3b, 0x0f, 0x3b, 0xee, 0x32, 0xef, 0x3a, 0x0f, 0x3b,
    0x0e, 0x33, 0xef, 0x3a, 0x0f, 0x3b, 0xee, 0x32, 0x0f, 0x3b, 0x0f, 0x3b,
    0xee, 0x32, 0xef, 0x3a, 0x0f, 0x3b, 0xee, 0x32, 0xef, 0x3a, 0x0f, 0x3b,
    0xee, 0x32, 0x0f, 0x3b, 0x0f, 0x3b, 0xee, 0x32, 0xef, 0x3a, 0x0f, 0x3b,
    0x0e, 0x33, 0xef, 0x3a, 0x0f, 0x3b, 0xee, 0x32, 0x0f, 0x3b, 0x0f, 0x3b,
    0xee, 0x32, 0xef, 0x3a, 0x0f, 0x3b, 0xee, 0x32, 0xef, 0x3a, 0x0f, 0x3b,
    0xee, 0x32, 0x0f, 0x3b, 0x0f, 0x3b, 0xee, 0x32, 0xef, 0x3a, 0x0f, 0x3b,
    0x0e, 0x33, 0xef, 0x3a, 0x0f, 0x3b, 0xee, 0x32, 0x0f, 0x3b, 0x0f, 0x3b,
    0xee, 0x32, 0xef, 0x3a, 0x0f, 0x3b, 0xee, 0x32, 0xef, 0x3a, 0x0f, 0x3b,
    0xee, 0x32, 0x0f, 0x3b, 0x0f, 0x3b, 0xee, 0x32, 0xef, 0x3a, 0x0f, 0x3b,
    0x0e, 0x33, 0xef, 0x3a, 0x0f, 0x3b, 0xee, 0x32, 0x0f, 0x3b, 0x0f, 0x3b,
    0xee, 0x32, 0xef, 0x3a, 0x0f, 0x3b, 0xee, 0x32, 0xef, 0x3a, 0x0f, 0x3b,
    0xee, 0x32, 0x0f, 0x3b, 0x0f, 0x3b, 0xee, 0x32, 0xef, 0x3a, 0x0f, 0x3b,
    0x0e, 0x33, 0xef, 0x3a, 0x0f, 0x3b, 0xee, 0x32, 0x0f, 0x3b, 0x0f, 0x3b,
    0xee, 0x32, 0xef, 0x3a, 0x0f, 0x3b, 0xee, 0x32, 0xef, 0x3a, 0x0f, 0x3b,
    0xee, 0x32, 0x0f, 0x3b, 0x0f, 0x3b, 0xee, 0x32, 0xef, 0x3a, 0x0f, 0x3b,
    0x0e, 0x33, 0xef, 0x3a, 0x0f, 0x3b, 0xee, 0x32, 0x0f, 0x3b, 0x0f, 0x3b,
    0xee, 0x32, 0xef, 0x3a, 0x0f, 0x3b, 0xee, 0x32, 0xef, 0x3a, 0x0f, 0x3b,
    0xee, 0x32, 0x0f, 0x3b, 0x0f, 0x3b, 0xee, 0x32, 0xef, 0x3a, 0x0f, 0x3b,
    0x0e, 0x33, 0xef, 0x3a, 0x0f, 0x3b, 0xee, 0x32, 0x0f, 0x3b, 0x0f, 0x3b,
    0xee, 0x32, 0xef, 0x3a, 0x0f, 0x3b, 0xee, 0x32, 0xef, 0x3a, 0x0f, 0x3b,
    0xee, 0x32, 0x0f, 0x3b, 0x0f, 0x3b, 0xee, 0x32, 0xef, 0x3a, 0x0f, 0x3b,
    0x0e, 0x33, 0xef, 0x3a, 0x0f, 0x3b, 0xee, 0x32, 0x0f, 0x3b, 0x0f, 0x3b,
    0xee, 0x32, 0xef, 0x3a, 0x0f, 0x3b, 0xee, 0x32, 0xef, 0x3a, 0x0f, 0x3b,
    0xee, 0x32, 0x0f, 0x3b, 0x0f, 0x3b, 0xee, 0x32, 0xef, 0x3a, 0x0f, 0x3b,
    0x0e, 0x33, 0xef, 0x3a, 0x0f, 0x3b, 0xee, 0x32, 0x0f, 0x3b, 0x0f, 0x3b,
    0xee, 0x32, 0xef, 0x3a, 0x0f, 0x3b, 0xee, 0x32, 0xef, 0x3a, 0x0f, 0x3b,
    0xee, 0x32, 0x0f, 0x3b, 0x0f, 0x3b, 0xee, 0x32, 0xef, 0x3a, 0x0f, 0x3b,
    0x0e, 0x33, 0xef, 0x3a, 0x0f, 0x3b, 0xee, 0x32, 0x0f, 0x3b, 0x0f, 0x3b,
    0xee, 0x32, 0xef, 0x3a, 0x0f, 0x3b, 0xee, 0x32, 0xef, 0x3a, 0x0f, 0x3b,
    0xee, 0x32, 0x0f, 0x3b, 0x0f, 0x3b, 0xee, 0x32, 0xef, 0x3a, 0x0f, 0x3b,
    0x0e, 0x33, 0xef, 0x3a, 0x0f, 0x3b, 0xee, 0x32, 0x0f, 0x3b, 0x0f, 0x3b,
    0xee, 0x32, 0xef, 0x3a, 0x0f, 0x3b, 0xee, 0x32, 0xef, 0x3a, 0x0f, 0x3b,
    0xee, 0x32, 0x0f, 0x3b, 0x0f, 0x3b, 0xee, 0x32, 0xef, 0x3a, 0x0f, 0x3b,
    0x0e, 0x33, 0xef, 0x3a, 0x0f, 0x3b, 0xee, 0x32, 0x0f, 0x3b, 0x0f, 0x3b,
    0xee, 0x32, 0xef, 0x3a, 0x0f, 0x3b, 0xee, 0x32, 0xef, 0x3a, 0x0f, 0x3b,
    0xee, 0x32, 0x0f, 0x3b, 0x0f, 0x3b, 0xee, 0x32, 0xef, 0x3a, 0x0f, 0x3b,
    0x0e, 0x33, 0xef, 0x3a, 0x0f, 0x3b, 0xee, 0x32, 0x0f, 0x3b, 0x0f, 0x3b,
    0xee, 0x32, 0xef, 0x3a, 0x0f, 0x3b, 0xee, 0x32, 0xef, 0x3a, 0x0f, 0x3b,
    0xee, 0x32, 0x0f, 0x3b, 0x0f, 0x3b, 0xee, 0x32, 0xef, 0x3a, 0x0f, 0x3b,
    0x0e, 0x33, 0xef, 0x3a, 0x0f, 0x3b, 0xee, 0x32, 0x0f, 0x3b, 0x0f, 0x3b,
    0xee, 0x32, 0xef, 0x3a, 0x0f, 0x3b, 0xee, 0x32, 0xef, 0x3a, 0x0f, 0x3b,
    0xee, 0x32, 0x0f, 0x3b, 0x0f, 0x3b, 0xee, 0x32, 0xef, 0x3a, 0x0f, 0x3b,
    0x0e, 0x33, 0xef, 0x3a, 0x0f, 0x3b, 0xee, 0x32, 0x0f, 0x3b, 0x0f, 0x3b,
    0xee, 0x32, 0xef, 0x3a, 0x0f, 0x3b, 0xee, 0x32, 0xef, 0x3a, 0x0f, 0x3b,
    0xee, 0x32, 0x0f, 0x3b, 0x0f, 0x3b, 0xee, 0x32, 0xef, 0x3a, 0x0f, 0x3b,
    0x0e, 0x33, 0xef, 0x3a, 0x0f, 0x3b, 0xee, 0x32, 0x0f, 0x3b, 0x0f, 0x3b,
    0xee, 0x32, 0xef, 0x3a, 0x0f, 0x3b, 0xee, 0x32, 0xef, 0x3a, 0x0f, 0x3b,
    0xee, 0x32, 0x0f, 0x3b, 0x0f, 0x3b, 0xee, 0x32, 0xef, 0x3a, 0x0f, 0x3b,
    0x0e, 0x33, 0xef, 0x3a, 0x0f, 0x3b, 0xee, 0x32, 0x0f, 0x3b, 0x0f, 0x3b,
    0xee, 0x32, 0xef, 0x3a, 0x0f, 0x3b, 0xee, 0x32, 0xef, 0x3a, 0x0f, 0x3b,
    0xee, 0x32, 0x0f, 0x3b, 0x0f, 0x3b, 0xee, 0x32, 0xef, 0x3a, 0x0f, 0x3b,
    0x0e, 0x33, 0xef, 0x3a, 0x0f, 0x3b, 0xee, 0x32, 0x0f, 0x3b, 0x0f, 0x3b,
    0xee, 0x32, 0xef, 0x3a, 0x0f, 0x3b, 0xee, 0x32, 0xef, 0x3a, 0x0f, 0x3b,
    0xee, 0x32, 0x0f, 0x3b, 0x0f, 0x3b, 0xee, 0x32, 0xef, 0x3a, 0x0f, 0x3b,
    0x0e, 0x33, 0xef, 0x3a, 0x0f, 0x3b, 0xee, 0x32, 0x0f, 0x3b, 0x0f, 0x3b,
    0xee, 0x32, 0xef, 0x3a, 0x0f, 0x3b, 0xee, 0x32, 0xef, 0x3a, 0x0f, 0x3b,
    0xee, 0x32, 0x0f, 0x3b, 0x0f, 0x3b, 0xee, 0x32, 0xef, 0x3a, 0x0f, 0x3b,
    0x0e, 0x33, 0xef, 0x3a, 0x0f, 0x3b, 0xee, 0x32, 0x0f, 0x3b, 0x0f, 0x3b,
    0xee, 0x32, 0xef, 0x3a, 0x0f, 0x3b, 0xee, 0x32, 0xef, 0x3a, 0x0f, 0x3b,
    0xee, 0x32, 0x0f, 0x3b, 0x0f, 0x3b, 0xee, 0x32, 0xef, 0x3a, 0x0f, 0x3b,
    0x0e, 0x33, 0xef, 0x3a, 0x0f, 0x3b, 0xee, 0x32, 0x0f, 0x3b, 0x0f, 0x3b,
    0xee, 0x32, 0xef, 0x3a, 0x0f, 0x3b, 0xee, 0x32, 0xef, 0x3a, 0x0f, 0x3b,
    0xee, 0x32, 0x0f, 0x3b, 0x0f, 0x3b, 0xee, 0x32, 0xef, 0x3a, 0x0f, 0x3b,
    0x0e, 0x33, 0xef, 0x3a, 0x0f, 0x3b, 0xee, 0x32, 0x0f, 0x3b, 0x0f, 0x3b,
    0xee, 0x32, 0xef, 0x3a, 0x0f, 0x3b, 0xee, 0x32, 0xef, 0x3a, 0x0f, 0x3b,
    0xee, 0x32, 0x0f, 0x3b, 0x0f, 0x3b, 0xee, 0x32, 0xef, 0x3a, 0x0f, 0x3b,
    0x0e, 0x33, 0xef, 0x3a, 0x0f, 0x3b, 0xee, 0x32, 0x0f, 0x3b, 0x0f, 0x3b,
    0xee, 0x32, 0xef, 0x3a, 0x0f, 0x3b, 0xee, 0x32, 0xef, 0x3a, 0x0f, 0x3b,
    0xee, 0x32, 0x0f, 0x3b, 0x0f, 0x3b, 0xee, 0x32, 0xef, 0x3a, 0x0f, 0x3b,
    0x0e, 0x33, 0xef, 0x3a, 0x0f, 0x3b, 0xee, 0x32, 0x0f, 0x3b, 0x0f, 0x3b,
    0xee, 0x32, 0xef, 0x3a, 0x0f, 0x3b, 0xee, 0x32, 0xef, 0x3a, 0x0f, 0x3b,
    0xee, 0x32, 0x0f, 0x3b, 0x0f, 0x3b, 0xee, 0x32, 0xef, 0x3a, 0x0f, 0x3b,
    0x0e, 0x33, 0xef, 0x3a, 0x0f, 0x3b, 0xee, 0x32, 0x0f, 0x3b, 0x0f, 0x3b,
    0xee, 0x32, 0xef, 0x3a, 0x0f, 0x3b, 0xee, 0x32, 0xef, 0x3a, 0x0f, 0x3b,
    0xee, 0x32, 0x0f, 0x3b, 0x0f, 0x3b, 0xee, 0x32, 0xef, 0x3a, 0x0f, 0x3b,
    0x0e, 0x33, 0xef, 0x3a, 0x0f, 0x3b, 0xee, 0x32, 0x0f, 0x3b, 0x0f, 0x3b,
    0xee, 0x32, 0xef, 0x3a, 0x0f, 0x3b, 0xee, 0x32, 0xef, 0x3a, 0x0f, 0x3b,
    0xee, 0x32, 0x0f, 0x3b, 0x0f, 0x3b, 0xee, 0x32, 0xef, 0x3a, 0x0f, 0x3b,
    0x0e, 0x33, 0xef, 0x3a, 0x0f, 0x3b, 0xee, 0x32, 0x0f, 0x3b, 0x0f, 0x3b,
    0xee, 0x32, 0xef, 0x3a, 0x0f, 0x3b, 0xee, 0x32, 0xef, 0x3a, 0x0f, 0x3b,
    0xee, 0x32, 0x0f, 0x3b, 0x0f, 0x3b, 0xee, 0x32, 0xef, 0x3a, 0x0f, 0x3b,
    0x0e, 0x33, 0xef, 0x3a, 0x0f, 0x3b, 0xee, 0x32, 0x0f, 0x3b, 0x0f, 0x3b,
    0xee, 0x32, 0xef, 0x3a, 0x0f, 0x3b, 0xee, 0x32, 0xef, 0x3a, 0x0f, 0x3b,
    0xee, 0x32, 0x0f, 0x3b, 0x0f, 0x3b, 0xee, 0x32, 0xef, 0x3a, 0x0f, 0x3b,
    0x0e, 0x33, 0xef, 0x3a, 0x0f, 0x3b, 0xee, 0x32, 0x0f, 0x3b, 0x0f, 0x3b,
    0xee, 0x32, 0xef, 0x3a, 0x0f, 0x3b, 0xee, 0x32, 0xef, 0x3a, 0x0f, 0x3b,
    0xee, 0x32, 0x0f, 0x3b, 0x0f, 0x3b, 0xee, 0x32, 0xef, 0x3a, 0x0f, 0x3b,
    0x0e, 0x33, 0xef, 0x3a, 0x0f, 0x3b, 0xee, 0x32, 0x0f, 0x3b, 0x0f, 0x3b,
    0xee, 0x32, 0xef, 0x3a, 0x0f, 0x3b, 0xee, 0x32, 0xef, 0x3a, 0x0f, 0x3b,
    0xee, 0x32, 0x0f, 0x3b, 0x0f, 0x3b, 0xee, 0x32, 0xef, 0x3a, 0x0f, 0x3b,
    0x0e, 0x33, 0xef, 0x3a, 0x0f, 0x3b, 0xee, 0x32, 0x0f, 0x3b, 0x0f, 0x3b,
    0xee, 0x32, 0xef, 0x3a, 0x0f, 0x3b, 0xee, 0x32, 0xef, 0x3a, 0x0f, 0x3b,
    0xee, 0x32, 0x0f, 0x3b, 0x0f, 0x3b, 0xee, 0x32, 0xef, 0x3a, 0x0f, 0x3b,
    0x0e, 0x33, 0xef, 0x3a, 0x0f, 0x3b, 0xee, 0x32, 0x0f, 0x3b, 0x0f, 0x3b,
    0xee, 0x32, 0xef, 0x3a, 0x0f, 0x3b, 0xee, 0x32, 0xef, 0x3a, 0x0f, 0x3b,
    0xee, 0x32, 0x0f, 0x3b, 0x0f, 0x3b, 0xee, 0x32, 0xef, 0x3a, 0x0f, 0x3b,
    0x0e, 0x33, 0xef, 0x3a, 0x0f, 0x3b, 0xee, 0x32, 0x0f, 0x3b, 0x0f, 0x3b,
    0xee, 0x32, 0xef, 0x3a, 0x0f, 0x3b, 0xee, 0x32, 0xef, 0x3a, 0x0f, 0x3b,
    0xee, 0x32, 0x0f, 0x3b, 0x0f, 0x3b, 0xee, 0x32, 0xef, 0x3a, 0x0f, 0x3b,
    0x0e, 0x33, 0xef, 0x3a, 0x0f, 0x3b, 0xee, 0x32, 0x0f, 0x3b, 0x0f, 0x3b,
    0xee, 0x32, 0xef, 0x3a, 0x0f, 0x3b, 0xee, 0x32, 0xef, 0x3a, 0x0f, 0x3b,
    0xee, 0x32, 0x0f, 0x3b, 0x0f, 0x3b, 0xee, 0x32, 0xef, 0x3a, 0x0f, 0x3b,
    0x0e, 0x33, 0xef, 0x3a, 0x0f, 0x3b, 0xee, 0x32, 0x0f, 0x3b, 0x0f, 0x3b,
    0xee, 0x32, 0xef, 0x3a, 0x0f, 0x3b, 0xee, 0x32, 0xef, 0x3a, 0x0f, 0x3b,
    0xee, 0x32, 0x0f, 0x3b, 0x0f, 0x3b, 0xee, 0x32, 0xef, 0x3a, 0x0f, 0x3b,
    0x0e, 0x33, 0xef, 0x3a, 0x0f, 0x3b, 0xee, 0x32, 0x0f, 0x3b, 0x0f, 0x3b,
    0xee, 0x32, 0xef, 0x3a, 0x0f, 0x3b, 0xee, 0x32, 0xef, 0x3a, 0x0f, 0x3b,
    0xee, 0x32, 0x0f, 0x3b, 0x0f, 0x3b, 0xee, 0x32, 0xef, 0x3a, 0x0f, 0x3b,
    0x0e, 0x33, 0xef, 0x3a, 0x0f, 0x3b, 0xee, 0x32, 0x0f, 0x3b, 0x0f, 0x3b,
    0xee, 0x32, 0xef, 0x3a, 0x0f, 0x3b, 0xee, 0x32, 0xef, 0x3a, 0x0f, 0x3b,
    0xee, 0x32, 0x0f, 0x3b, 0x0f, 0x3b, 0xee, 0x32, 0xef, 0x3a, 0x0f, 0x3b,
    0x0e, 0x33, 0xef, 0x3a, 0x0f, 0x3b, 0xee, 0x32, 0x0f, 0x3b, 0x0f, 0x3b,
    0xee, 0x32, 0xef, 0x3a, 0x0f, 0x3b, 0xee, 0x32, 0xef, 0x3a, 0x0f, 0x3b,
    0xee, 0x32, 0x0f, 0x3b, 0x0f, 0x3b, 0xee, 0x32, 0xee, 0x32, 0x0e, 0x33,
    0xef, 0x3a, 0x0e, 0x33, 0x0f, 0x3b, 0xef, 0x3a, 0x0e, 0x33, 0xef, 0x3a,
    0xef, 0x3a, 0x0e, 0x33, 0xef, 0x3a, 0x0f, 0x3b, 0xee, 0x32, 0x0f, 0x3b,
    0xee, 0x32, 0xee, 0x32, 0x0f, 0x3b, 0x0e, 0x33, 0xef, 0x3a, 0x0e, 0x33,
    0xee, 0x32, 0x0f, 0x3b, 0xee, 0x32, 0x0f, 0x3b, 0x0e, 0x33, 0xee, 0x32,
    0x0f, 0x3b, 0xee, 0x32, 0xee, 0x32, 0x0f, 0x3b, 0xee, 0x32, 0xee, 0x32,
    0x0f, 0x3b, 0xee, 0x32, 0x0e, 0x33, 0x0f, 0x3b, 0xee, 0x32, 0x0e, 0x33,
    0x0f, 0x3b, 0xee, 0x32, 0xee, 0x32, 0x0f, 0x3b, 0xee, 0x32, 0x0e, 0x33,
    0xef, 0x3a, 0xee, 0x32, 0x0e, 0x33, 0xef, 0x3a, 0xee, 0x32, 0x0e, 0x33,
    0xef, 0x3a, 0x0e, 0x33, 0x0e, 0x33, 0xef, 0x3a, 0x0e, 0x33, 0xee, 0x32,
    0x0f, 0x3b, 0xee, 0x32, 0xee, 0x32, 0x0f, 0x3b, 0x0e, 0x33, 0xee, 0x32,
    0x0f, 0x3b, 0xee, 0x32, 0xee, 0x32, 0x0f, 0x3b, 0xee, 0x32, 0xee, 0x32,
    0x0f, 0x3b, 0xee, 0x32, 0x0e, 0x33, 0x0f, 0x3b, 0xee, 0x32, 0x0e, 0x33,
    0x0f, 0x3b, 0xee, 0x32, 0xee, 0x32, 0x0f, 0x3b, 0xee, 0x32, 0x0e, 0x33,
    0xef, 0x3a, 0xee, 0x32, 0x0e, 0x33, 0xef, 0x3a, 0xee, 0x32, 0x0e, 0x33,
    0xef, 0x3a, 0x0e, 0x33, 0x0e, 0x33, 0xef, 0x3a, 0x0e, 0x33, 0xee, 0x32,
    0x0f, 0x3b, 0xee, 0x32, 0xee, 0x32, 0x0f, 0x3b, 0x0e, 0x33, 0xee, 0x32,
    0x0f, 0x3b, 0xee, 0x32, 0xee, 0x32, 0x0f, 0x3b, 0xee, 0x32, 0xee, 0x32,
    0x0f, 0x3b, 0xee, 0x32, 0x0e, 0x33, 0x0f, 0x3b, 0xee, 0x32, 0x0e, 0x33,
    0x0f, 0x3b, 0xee, 0x32, 0xee, 0x32, 0x0f, 0x3b, 0xee, 0x32, 0x0e, 0x33,
    0xef, 0x3a, 0xee, 0x32, 0x0e, 0x33, 0xef, 0x3a, 0xee, 0x32, 0x0e, 0x33,
    0xef, 0x3a, 0x0e, 0x33, 0x0e, 0x33, 0xef, 0x3a, 0x0e, 0x33, 0xee, 0x32,
    0x0f, 0x3b, 0xee, 0x32, 0xee, 0x32, 0x0f, 0x3b, 0x0e, 0x33, 0xee, 0x32,
    0x0f, 0x3b, 0xee, 0x32, 0xee, 0x32, 0x0f, 0x3b, 0xee, 0x32, 0xee, 0x32,
    0x0f, 0x3b, 0xee, 0x32, 0x0e, 0x33, 0x0f, 0x3b, 0xee, 0x32, 0x0e, 0x33,
    0x0f, 0x3b, 0xee, 0x32, 0xee, 0x32, 0x0f, 0x3b, 0xee, 0x32, 0x0e, 0x33,
    0xef, 0x3a, 0xee, 0x32, 0x0e, 0x33, 0xef, 0x3a, 0xee, 0x32, 0x0e, 0x33,
    0xef, 0x3a, 0x0e, 0x33, 0x0e, 0x33, 0xef, 0x3a, 0x0e, 0x33, 0xee, 0x32,
    0x0f, 0x3b, 0xee, 0x32, 0xee, 0x32, 0x0f, 0x3b, 0x0e, 0x33, 0xee, 0x32,
    0x0f, 0x3b, 0xee, 0x32, 0xee, 0x32, 0x0f, 0x3b, 0xee, 0x32, 0xee, 0x32,
    0x0f, 0x3b, 0xee, 0x32, 0x0e, 0x33, 0x0f, 0x3b, 0xee, 0x32, 0x0e, 0x33,
    0x0f, 0x3b, 0xee, 0x32, 0xee, 0x32, 0x0f, 0x3b, 0xee, 0x32, 0x0e, 0x33,
    0xef, 0x3a, 0xee, 0x32, 0x0e, 0x33, 0xef, 0x3a, 0xee, 0x32, 0x0e, 0x33,
    0xef, 0x3a, 0x0e, 0x33, 0x0e, 0x33, 0xef, 0x3a, 0x0e, 0x33, 0xee, 0x32,
    0x0f, 0x3b, 0xee, 0x32, 0xee, 0x32, 0x0f, 0x3b, 0x0e, 0x33, 0xee, 0x32,
    0x0f, 0x3b, 0xee, 0x32, 0xee, 0x32, 0x0f, 0x3b, 0xee, 0x32, 0xee, 0x32,
    0x0f, 0x3b, 0xee, 0x32, 0x0e, 0x33, 0x0f, 0x3b, 0xee, 0x32, 0x0e, 0x33,
    0x0f, 0x3b, 0xee, 0x32, 0xee, 0x32, 0x0f, 0x3b, 0xee, 0x32, 0x0e, 0x33,
    0xef, 0x3a, 0xee, 0x32, 0x0e, 0x33, 0xef, 0x3a, 0xee, 0x32, 0x0e, 0x33,
    0xef, 0x3a, 0x0e, 0x33, 0x0e, 0x33, 0xef, 0x3a, 0x0e, 0x33, 0xee, 0x32,
    0x0f, 0x3b, 0xee, 0x32, 0xee, 0x32, 0x0f, 0x3b, 0x0e, 0x33, 0xee, 0x32,
    0x0f, 0x3b, 0xee, 0x32, 0xee, 0x32, 0x0f, 0x3b, 0xee, 0x32, 0xee, 0x32,
    0x0f, 0x3b, 0xee, 0x32, 0x0e, 0x33, 0x0f, 0x3b, 0xee, 0x32, 0x0e, 0x33,
    0x0f, 0x3b, 0xee, 0x32, 0xee, 0x32, 0x0f, 0x3b, 0xee, 0x32, 0x0e, 0x33,
    0xef, 0x3a, 0xee, 0x32, 0x0e, 0x33, 0xef, 0x3a, 0xee, 0x32, 0x0e, 0x33,
    0xef, 0x3a, 0x0e, 0x33, 0x0e, 0x33, 0xef, 0x3a, 0x0e, 0x33, 0xee, 0x32,
    0x0f, 0x3b, 0xee, 0x32, 0xee, 0x32, 0x0f, 0x3b, 0x0e, 0x33, 0xee, 0x32,
    0x0f, 0x3b, 0xee, 0x32, 0xee, 0x32, 0x0f, 0x3b, 0xee, 0x32, 0xee, 0x32,
    0x0f, 0x3b, 0xee, 0x32, 0x0e, 0x33, 0x0f, 0x3b, 0xee, 0x32, 0x0e, 0x33,
    0x0f, 0x3b, 0xee, 0x32, 0xee, 0x32, 0x0f, 0x3b, 0xee, 0x32, 0x0e, 0x33,
    0xef, 0x3a, 0xee, 0x32, 0x0e, 0x33, 0xef, 0x3a, 0xee, 0x32, 0x0e, 0x33,
    0xef, 0x3a, 0x0e, 0x33, 0x0e, 0x33, 0xef, 0x3a, 0x0e, 0x33, 0xee, 0x32,
    0x0f, 0x3b, 0xee, 0x32, 0xee, 0x32, 0x0f, 0x3b, 0x0e, 0x33, 0xee, 0x32,
    0x0f, 0x3b, 0xee, 0x32, 0xee, 0x32, 0x0f, 0x3b, 0xee, 0x32, 0xee, 0x32,
    0x0f, 0x3b, 0xee, 0x32, 0x0e, 0x33, 0x0f, 0x3b, 0xee, 0x32, 0x0e, 0x33,
    0x0f, 0x3b, 0xee, 0x32, 0xee, 0x32, 0x0f, 0x3b, 0xee, 0x32, 0x0e, 0x33,
    0xef, 0x3a, 0xee, 0x32, 0x0e, 0x33, 0xef, 0x3a, 0xee, 0x32, 0x0e, 0x33,
    0xef, 0x3a, 0x0e, 0x33, 0x0e, 0x33, 0xef, 0x3a, 0x0e, 0x33, 0xee, 0x32,
    0x0f, 0x3b, 0xee, 0x32, 0xee, 0x32, 0x0f, 0x3b, 0x0e, 0x33, 0xee, 0x32,
    0x0f, 0x3b, 0xee, 0x32, 0xee, 0x32, 0x0f, 0x3b, 0xee, 0x32, 0xee, 0x32,
    0x0f, 0x3b, 0xee, 0x32, 0x0e, 0x33, 0x0f, 0x3b, 0xee, 0x32, 0x0e, 0x33,
    0x0f, 0x3b, 0xee, 0x32, 0xee, 0x32, 0x0f, 0x3b, 0xee, 0x32, 0x0e, 0x33,
    0xef, 0x3a, 0xee, 0x32, 0x0e, 0x33, 0xef, 0x3a, 0xee, 0x32, 0x0e, 0x33,
    0xef, 0x3a, 0x0e, 0x33, 0x0e, 0x33, 0xef, 0x3a, 0x0e, 0x33, 0xee, 0x32,
    0x0f, 0x3b, 0xee, 0x32, 0xee, 0x32, 0x0f, 0x3b, 0x0e, 0x33, 0xee, 0x32,
    0x0f, 0x3b, 0xee, 0x32, 0xee, 0x32, 0x0f, 0x3b, 0xee, 0x32, 0xee, 0x32,
    0x0f, 0x3b, 0xee, 0x32, 0x0e, 0x33, 0x0f, 0x3b, 0xee, 0x32, 0x0e, 0x33,
    0x0f, 0x3b, 0xee, 0x32, 0xee, 0x32, 0x0f, 0x3b, 0xee, 0x32, 0x0e, 0x33,
    0xef, 0x3a, 0xee, 0x32, 0x0e, 0x33, 0xef, 0x3a, 0xee, 0x32, 0x0e, 0x33,
    0xef, 0x3a, 0x0e, 0x33, 0x0e, 0x33, 0xef, 0x3a, 0x0e, 0x33, 0xee, 0x32,
    0x0f, 0x3b, 0xee, 0x32, 0xee, 0x32, 0x0f, 0x3b, 0x0e, 0x33, 0xee, 0x32,
    0x0f, 0x3b, 0xee, 0x32, 0xee, 0x32, 0x0f, 0x3b, 0xee, 0x32, 0xee, 0x32,
    0x0f, 0x3b, 0xee, 0x32, 0x0e, 0x33, 0x0f, 0x3b, 0xee, 0x32, 0x0e, 0x33,
    0x0f, 0x3b, 0xee, 0x32, 0xee, 0x32, 0x0f, 0x3b, 0xee, 0x32, 0x0e, 0x33,
    0xef, 0x3a, 0xee, 0x32, 0x0e, 0x33, 0xef, 0x3a, 0xee, 0x32, 0x0e, 0x33,
    0xef, 0x3a, 0x0e, 0x33, 0x0e, 0x33, 0xef, 0x3a, 0x0e, 0x33, 0xee, 0x32,
    0x0f, 0x3b, 0xee, 0x32, 0xee, 0x32, 0x0f, 0x3b, 0x0e, 0x33, 0xee, 0x32,
    0x0f, 0x3b, 0xee, 0x32, 0xee, 0x32, 0x0f, 0x3b, 0xee, 0x32, 0xee, 0x32,
    0x0f, 0x3b, 0xee, 0x32, 0x0e, 0x33, 0x0f, 0x3b, 0xee, 0x32, 0x0e, 0x33,
    0x0f, 0x3b, 0xee, 0x32, 0xee, 0x32, 0x0f, 0x3b, 0xee, 0x32, 0x0e, 0x33,
    0xef, 0x3a, 0xee, 0x32, 0x0e, 0x33, 0xef, 0x3a, 0xee, 0x32, 0x0e, 0x33,
    0xef, 0x3a, 0x0e, 0x33, 0x0e, 0x33, 0xef, 0x3a, 0x0e, 0x33, 0xee, 0x32,
    0x0f, 0x3b, 0xee, 0x32, 0xee, 0x32, 0x0f, 0x3b, 0x0e, 0x33, 0xee, 0x32,
    0x0f, 0x3b, 0xee, 0x32, 0xee, 0x32, 0x0f, 0x3b, 0xee, 0x32, 0xee, 0x32,
    0x0f, 0x3b, 0xee, 0x32, 0x0e, 0x33, 0x0f, 0x3b, 0xee, 0x32, 0x0e, 0x33,
    0x0f, 0x3b, 0xee, 0x32, 0xee, 0x32, 0x0f, 0x3b, 0xee, 0x32, 0x0e, 0x33,
    0xef, 0x3a, 0xee, 0x32, 0x0e, 0x33, 0xef, 0x3a, 0xee, 0x32, 0x0e, 0x33,
    0xef, 0x3a, 0x0e, 0x33, 0x0e, 0x33, 0xef, 0x3a, 0x0e, 0x33, 0xee, 0x32,
    0x0f, 0x3b, 0xee, 0x32, 0xee, 0x32, 0x0f, 0x3b, 0x0e, 0x33, 0xee, 0x32,
    0x0f, 0x3b, 0xee, 0x32, 0xee, 0x32, 0x0f, 0x3b, 0xee, 0x32, 0xee, 0x32,
    0x0f, 0x3b, 0xee, 0x32, 0x0e, 0x33, 0x0f, 0x3b, 0xee, 0x32, 0x0e, 0x33,
    0x0f, 0x3b, 0xee, 0x32, 0xee, 0x32, 0x0f, 0x3b, 0xee, 0x32, 0x0e, 0x33,
    0xef, 0x3a, 0xee, 0x32, 0x0e, 0x33, 0xef, 0x3a, 0xee, 0x32, 0x0e, 0x33,
    0xef, 0x3a, 0x0e, 0x33, 0x0e, 0x33, 0xef, 0x3a, 0x0e, 0x33, 0xee, 0x32,
    0x0f, 0x3b, 0xee, 0x32, 0xee, 0x32, 0x0f, 0x3b, 0x0e, 0x33, 0xee, 0x32,
    0x0f, 0x3b, 0xee, 0x32, 0xee, 0x32, 0x0f, 0x3b, 0xee, 0x32, 0xee, 0x32,
    0x0f, 0x3b, 0xee, 0x32, 0x0e, 0x33, 0x0f, 0x3b, 0xee, 0x32, 0x0e, 0x33,
    0x0f, 0x3b, 0xee, 0x32, 0xee, 0x32, 0x0f, 0x3b, 0xee, 0x32, 0x0e, 0x33,
    0xef, 0x3a, 0xee, 0x32, 0x0e, 0x33, 0xef, 0x3a, 0xee, 0x32, 0x0e, 0x33,
    0xef, 0x3a, 0x0e, 0x33, 0x0e, 0x33, 0xef, 0x3a, 0x0e, 0x33, 0xee, 0x32,
    0x0f, 0x3b, 0xee, 0x32, 0xee, 0x32, 0x0f, 0x3b, 0x0e, 0x33, 0xee, 0x32,
    0x0f, 0x3b, 0xee, 0x32, 0xee, 0x32, 0x0f, 0x3b, 0xee, 0x32, 0xee, 0x32,
    0x0f, 0x3b, 0xee, 0x32, 0x0e, 0x33, 0x0f, 0x3b, 0xee, 0x32, 0x0e, 0x33,
    0x0f, 0x3b, 0xee, 0x32, 0xee, 0x32, 0x0f, 0x3b, 0xee, 0x32, 0x0e, 0x33,
    0xef, 0x3a, 0xee, 0x32, 0x0e, 0x33, 0xef, 0x3a, 0xee, 0x32, 0x0e, 0x33,
    0xef, 0x3a, 0x0e, 0x33, 0x0e, 0x33, 0xef, 0x3a, 0x0e, 0x33, 0xee, 0x32,
    0x0f, 0x3b, 0xee, 0x32, 0xee, 0x32, 0x0f, 0x3b, 0x0e, 0x33, 0xee, 0x32,
    0x0f, 0x3b, 0xee, 0x32, 0xee, 0x32, 0x0f, 0x3b, 0xee, 0x32, 0xee, 0x32,
    0x0f, 0x3b, 0xee, 0x32, 0x0e, 0x33, 0x0f, 0x3b, 0xee, 0x32, 0x0e, 0x33,
    0x0f, 0x3b, 0xee, 0x32, 0xee, 0x32, 0x0f, 0x3b, 0xee, 0x32, 0x0e, 0x33,
    0xef, 0x3a, 0xee, 0x32, 0x0e, 0x33, 0xef, 0x3a, 0xee, 0x32, 0x0e, 0x33,
    0xef, 0x3a, 0x0e, 0x33, 0x0e, 0x33, 0xef, 0x3a, 0x0e, 0x33, 0xee, 0x32,
    0x0f, 0x3b, 0xee, 0x32, 0xee, 0x32, 0x0f, 0x3b, 0x0e, 0x33, 0xee, 0x32,
    0x0f, 0x3b, 0xee, 0x32, 0xee, 0x32, 0x0f, 0x3b, 0xee, 0x32, 0xee, 0x32,
    0x0f, 0x3b, 0xee, 0x32, 0x0e, 0x33, 0x0f, 0x3b, 0xee, 0x32, 0x0e, 0x33,
    0x0f, 0x3b, 0xee, 0x32, 0xee, 0x32, 0x0f, 0x3b, 0xee, 0x32, 0x0e, 0x33,
    0xef, 0x3a, 0xee, 0x32, 0x0e, 0x33, 0xef, 0x3a, 0xee, 0x32, 0x0e, 0x33,
    0xef, 0x3a, 0x0e, 0x33, 0x0e, 0x33, 0xef, 0x3a, 0x0e, 0x33, 0xee, 0x32,
    0x0f, 0x3b, 0xee, 0x32, 0xee, 0x32, 0x0f, 0x3b, 0x0e, 0x33, 0xee, 0x32,
    0x0f, 0x3b, 0xee, 0x32, 0xee, 0x32, 0x0f, 0x3b, 0xee, 0x32, 0xee, 0x32,
    0x0f, 0x3b, 0xee, 0x32, 0x0e, 0x33, 0x0f, 0x3b, 0xee, 0x32, 0x0e, 0x33,
    0x0f, 0x3b, 0xee, 0x32, 0xee, 0x32, 0x0f, 0x3b, 0xee, 0x32, 0x0e, 0x33,
    0xef, 0x3a, 0xee, 0x32, 0x0e, 0x33, 0xef, 0x3a, 0xee, 0x32, 0x0e, 0x33,
    0xef, 0x3a, 0x0e, 0x33, 0x0e, 0x33, 0xef, 0x3a, 0x0e, 0x33, 0xee, 0x32,
    0x0f, 0x3b, 0xee, 0x32, 0xee, 0x32, 0x0f, 0x3b, 0x0e, 0x33, 0xee, 0x32,
    0x0f, 0x3b, 0xee, 0x32, 0xee, 0x32, 0x0f, 0x3b, 0xee, 0x32, 0xee, 0x32,
    0x0f, 0x3b, 0xee, 0x32, 0x0e, 0x33, 0x0f, 0x3b, 0xee, 0x32, 0x0e, 0x33,
    0x0f, 0x3b, 0xee, 0x32, 0xee, 0x32, 0x0f, 0x3b, 0xee, 0x32, 0x0e, 0x33,
    0xef, 0x3a, 0xee, 0x32, 0x0e, 0x33, 0xef, 0x3a, 0xee, 0x32, 0x0e, 0x33,
    0xef, 0x3a, 0x0e, 0x33, 0x0e, 0x33, 0xef, 0x3a, 0x0e, 0x33, 0xee, 0x32,
    0x0f, 0x3b, 0xee, 0x32, 0xee, 0x32, 0x0f, 0x3b, 0x0e, 0x33, 0xee, 0x32,
    0x0f, 0x3b, 0xee, 0x32, 0xee, 0x32, 0x0f, 0x3b, 0xee, 0x32, 0xee, 0x32,
    0x0f, 0x3b, 0xee, 0x32, 0x0e, 0x33, 0x0f, 0x3b, 0xee, 0x32, 0x0e, 0x33,
    0x0f, 0x3b, 0xee, 0x32, 0xee, 0x32, 0x0f, 0x3b, 0xef, 0x3a, 0x0e, 0x33,
    0x0f, 0x3b, 0xef, 0x3a, 0xee, 0x32, 0x0e, 0x33, 0xef, 0x3a, 0x0e, 0x33,
    0x0e, 0x33, 0xef, 0x3a, 0x0e, 0x33, 0xef, 0x3a, 0x0e, 0x33, 0xee, 0x32,
    0xef, 0x3a, 0x0e, 0x33, 0x0f, 0x3b, 0xef, 0x3a, 0xee, 0x32, 0x0e, 0x33,
    0xef, 0x3a, 0x0f, 0x3b, 0x0e, 0x33, 0xee, 0x32, 0x0f, 0x3b, 0xee, 0x32,
    0xef, 0x3a, 0x0f, 0x3b, 0x0e, 0x33, 0xef, 0x3a, 0x0f, 0x3b, 0x0e, 0x33,
    0xef, 0x3a, 0x0f, 0x3b, 0xee, 0x32, 0xef, 0x3a, 0x0f, 0x3b, 0xee, 0x32,
    0xef, 0x3a, 0x0f, 0x3b, 0xee, 0x32, 0x0f, 0x3b, 0x0f, 0x3b, 0xee, 0x32,
    0xef, 0x3a, 0x0f, 0x3b, 0x0e, 0x33, 0xef, 0x3a, 0x0f, 0x3b, 0x0e, 0x33,
    0xef, 0x3a, 0x0f, 0x3b, 0xee, 0x32, 0xef, 0x3a, 0x0f, 0x3b, 0xee, 0x32,
    0x0f, 0x3b, 0x0f, 0x3b, 0xee, 0x32, 0x0f, 0x3b, 0xef, 0x3a, 0xee, 0x32,
    0xef, 0x3a, 0x0f, 0x3b, 0x0e, 0x33, 0xef, 0x3a, 0x0f, 0x3b, 0x0e, 0x33,
    0xef, 0x3a, 0x0f, 0x3b, 0xee, 0x32, 0xef, 0x3a, 0x0f, 0x3b, 0xee, 0x32,
    0xef, 0x3a, 0x0f, 0x3b, 0xee, 0x32, 0x0f, 0x3b, 0x0f, 0x3b, 0xee, 0x32,
    0xef, 0x3a, 0x0f, 0x3b, 0x0e, 0x33, 0xef, 0x3a, 0x0f, 0x3b, 0x0e, 0x33,
    0xef, 0x3a, 0x0f, 0x3b, 0xee, 0x32, 0xef, 0x3a, 0x0f, 0x3b, 0xee, 0x32,
    0x0f, 0x3b, 0x0f, 0x3b, 0xee, 0x32, 0x0f, 0x3b, 0xef, 0x3a, 0xee, 0x32,
    0xef, 0x3a, 0x0f, 0x3b, 0x0e, 0x33, 0xef, 0x3a, 0x0f, 0x3b, 0x0e, 0x33,
    0xef, 0x3a, 0x0f, 0x3b, 0xee, 0x32, 0xef, 0x3a, 0x0f, 0x3b, 0xee, 0x32,
    0xef, 0x3a, 0x0f, 0x3b, 0xee, 0x32, 0x0f, 0x3b, 0x0f, 0x3b, 0xee, 0x32,
    0xef, 0x3a, 0x0f, 0x3b, 0x0e, 0x33, 0xef, 0x3a, 0x0f, 0x3b, 0x0e, 0x33,
    0xef, 0x3a, 0x0f, 0x3b, 0xee, 0x32, 0xef, 0x3a, 0x0f, 0x3b, 0xee, 0x32,
    0x0f, 0x3b, 0x0f, 0x3b, 0xee, 0x32, 0x0f, 0x3b, 0xef, 0x3a, 0xee, 0x32,
    0xef, 0x3a, 0x0f, 0x3b, 0x0e, 0x33, 0xef, 0x3a, 0x0f, 0x3b, 0x0e, 0x33,
    0xef, 0x3a, 0x0f, 0x3b, 0xee, 0x32, 0xef, 0x3a, 0x0f, 0x3b, 0xee, 0x32,
    0xef, 0x3a, 0x0f, 0x3b, 0xee, 0x32, 0x0f, 0x3b, 0x0f, 0x3b, 0xee, 0x32,
    0xef, 0x3a, 0x0f, 0x3b, 0x0e, 0x33, 0xef, 0x3a, 0x0f, 0x3b, 0x0e, 0x33,
    0xef, 0x3a, 0x0f, 0x3b, 0xee, 0x32, 0xef, 0x3a, 0x0f, 0x3b, 0xee, 0x32,
    0x0f, 0x3b, 0x0f, 0x3b, 0xee, 0x32, 0x0f, 0x3b, 0xef, 0x3a, 0xee, 0x32,
    0xef, 0x3a, 0x0f, 0x3b, 0x0e, 0x33, 0xef, 0x3a, 0x0f, 0x3b, 0x0e, 0x33,
    0xef, 0x3a, 0x0f, 0x3b, 0xee, 0x32, 0xef, 0x3a, 0x0f, 0x3b, 0xee, 0x32,
    0xef, 0x3a, 0x0f, 0x3b, 0xee, 0x32, 0x0f, 0x3b, 0x0f, 0x3b, 0xee, 0x32,
    0xef, 0x3a, 0x0f, 0x3b, 0x0e, 0x33, 0xef, 0x3a, 0x0f, 0x3b, 0x0e, 0x33,
    0xef, 0x3a, 0x0f, 0x3b, 0xee, 0x32, 0xef, 0x3a, 0x0f, 0x3b, 0xee, 0x32,
    0x0f, 0x3b, 0x0f, 0x3b, 0xee, 0x32, 0x0f, 0x3b, 0xef, 0x3a, 0xee, 0x32,
    0xef, 0x3a, 0x0f, 0x3b, 0x0e, 0x33, 0xef, 0x3a, 0x0f, 0x3b, 0x0e, 0x33,
    0xef, 0x3a, 0x0f, 0x3b, 0xee, 0x32, 0xef, 0x3a, 0x0f, 0x3b, 0xee, 0x32,
    0xef, 0x3a, 0x0f, 0x3b, 0xee, 0x32, 0x0f, 0x3b, 0x0f, 0x3b, 0xee, 0x32,
    0xef, 0x3a, 0x0f, 0x3b, 0x0e, 0x33, 0xef, 0x3a, 0x0f, 0x3b, 0x0e, 0x33,
    0xef, 0x3a, 0x0f, 0x3b, 0xee, 0x32, 0xef, 0x3a, 0x0f, 0x3b, 0xee, 0x32,
    0x0f, 0x3b, 0x0f, 0x3b, 0xee, 0x32, 0x0f, 0x3b, 0xef, 0x3a, 0xee, 0x32,
    0xef, 0x3a, 0x0f, 0x3b, 0x0e, 0x33, 0xef, 0x3a, 0x0f, 0x3b, 0x0e, 0x33,
    0xef, 0x3a, 0x0f, 0x3b, 0xee, 0x32, 0xef, 0x3a, 0x0f, 0x3b, 0xee, 0x32,
    0xef, 0x3a, 0x0f, 0x3b, 0xee, 0x32, 0x0f, 0x3b, 0x0f, 0x3b, 0xee, 0x32,
    0xef, 0x3a, 0x0f, 0x3b, 0x0e, 0x33, 0xef, 0x3a, 0x0f, 0x3b, 0x0e, 0x33,
    0xef, 0x3a, 0x0f, 0x3b, 0xee, 0x32, 0xef, 0x3a, 0x0f, 0x3b, 0xee, 0x32,
    0x0f, 0x3b, 0x0f, 0x3b, 0xee, 0x32, 0x0f, 0x3b, 0xef, 0x3a, 0xee, 0x32,
    0xef, 0x3a, 0x0f, 0x3b, 0x0e, 0x33, 0xef, 0x3a, 0x0f, 0x3b, 0x0e, 0x33,
    0xef, 0x3a, 0x0f, 0x3b, 0xee, 0x32, 0xef, 0x3a, 0x0f, 0x3b, 0xee, 0x32,
    0xef, 0x3a, 0x0f, 0x3b, 0xee, 0x32, 0x0f, 0x3b, 0x0f, 0x3b, 0xee, 0x32,
    0xef, 0x3a, 0x0f, 0x3b, 0x0e, 0x33, 0xef, 0x3a, 0x0f, 0x3b, 0x0e, 0x33,
    0xef, 0x3a, 0x0f, 0x3b, 0xee, 0x32, 0xef, 0x3a, 0x0f, 0x3b, 0xee, 0x32,
    0x0f, 0x3b, 0x0f, 0x3b, 0xee, 0x32, 0x0f, 0x3b, 0xef, 0x3a, 0xee, 0x32,
    0xef, 0x3a, 0x0f, 0x3b, 0x0e, 0x33, 0xef, 0x3a, 0x0f, 0x3b, 0x0e, 0x33,
    0xef, 0x3a, 0x0f, 0x3b, 0xee, 0x32, 0xef, 0x3a, 0x0f, 0x3b, 0xee, 0x32,
    0xef, 0x3a, 0x0f, 0x3b, 0xee, 0x32, 0x0f, 0x3b, 0x0f, 0x3b, 0xee, 0x32,
    0xef, 0x3a, 0x0f, 0x3b, 0x0e, 0x33, 0xef, 0x3a, 0x0f, 0x3b, 0x0e, 0x33,
    0xef, 0x3a, 0x0f, 0x3b, 0xee, 0x32, 0xef, 0x3a, 0x0f, 0x3b, 0xee, 0x32,
    0x0f, 0x3b, 0x0f, 0x3b, 0xee, 0x32, 0x0f, 0x3b, 0xef, 0x3a, 0xee, 0x32,
    0xef, 0x3a, 0x0f, 0x3b, 0x0e, 0x33, 0xef, 0x3a, 0x0f, 0x3b, 0x0e, 0x33,
    0xef, 0x3a, 0x0f, 0x3b, 0xee, 0x32, 0xef, 0x3a, 0x0f, 0x3b, 0xee, 0x32,
    0xef, 0x3a, 0x0f, 0x3b, 0xee, 0x32, 0x0f, 0x3b, 0x0f, 0x3b, 0xee, 0x32,
    0xef, 0x3a, 0x0f, 0x3b, 0x0e, 0x33, 0xef, 0x3a, 0x0f, 0x3b, 0x0e, 0x33,
    0xef, 0x3a, 0x0f, 0x3b, 0xee, 0x32, 0xef, 0x3a, 0x0f, 0x3b, 0xee, 0x32,
    0x0f, 0x3b, 0x0f, 0x3b, 0xee, 0x32, 0x0f, 0x3b, 0xef, 0x3a, 0xee, 0x32,
    0xef, 0x3a, 0x0f, 0x3b, 0x0e, 0x33, 0xef, 0x3a, 0x0f, 0x3b, 0x0e, 0x33,
    0xef, 0x3a, 0x0f, 0x3b, 0xee, 0x32, 0xef, 0x3a, 0x0f, 0x3b, 0xee, 0x32,
    0xef, 0x3a, 0x0f, 0x3b, 0xee, 0x32, 0x0f, 0x3b, 0x0f, 0x3b, 0xee, 0x32,
    0xef, 0x3a, 0x0f, 0x3b, 0x0e, 0x33, 0xef, 0x3a, 0x0f, 0x3b, 0x0e, 0x33,
    0xef, 0x3a, 0x0f, 0x3b, 0xee, 0x32, 0xef, 0x3a, 0x0f, 0x3b, 0xee, 0x32,
    0x0f, 0x3b, 0x0f, 0x3b, 0xee, 0x32, 0x0f, 0x3b, 0xef, 0x3a, 0xee, 0x32,
    0xef, 0x3a, 0x0f, 0x3b, 0x0e, 0x33, 0xef, 0x3a, 0x0f, 0x3b, 0x0e, 0x33,
    0xef, 0x3a, 0x0f, 0x3b, 0xee, 0x32, 0xef, 0x3a, 0x0f, 0x3b, 0xee, 0x32,
    0xef, 0x3a, 0x0f, 0x3b, 0xee, 0x32, 0x0f, 0x3b, 0x0f, 0x3b, 0xee, 0x32,
    0xef, 0x3a, 0x0f, 0x3b, 0x0e, 0x33, 0xef, 0x3a, 0x0f, 0x3b, 0x0e, 0x33,
    0xef, 0x3a, 0x0f, 0x3b, 0xee, 0x32, 0xef, 0x3a, 0x0f, 0x3b, 0xee, 0x32,
    0x0f, 0x3b, 0x0f, 0x3b, 0xee, 0x32, 0x0f, 0x3b, 0xef, 0x3a, 0xee, 0x32,
    0xef, 0x3a, 0x0f, 0x3b, 0x0e, 0x33, 0xef, 0x3a, 0x0f, 0x3b, 0x0e, 0x33,
    0xef, 0x3a, 0x0f, 0x3b, 0xee, 0x32, 0xef, 0x3a, 0x0f, 0x3b, 0xee, 0x32,
    0xef, 0x3a, 0x0f, 0x3b, 0xee, 0x32, 0x0f, 0x3b, 0x0f, 0x3b, 0xee, 0x32,
    0xef, 0x3a, 0x0f, 0x3b, 0x0e, 0x33, 0xef, 0x3a, 0x0f, 0x3b, 0x0e, 0x33,
    0xef, 0x3a, 0x0f, 0x3b, 0xee, 0x32, 0xef, 0x3a, 0x0f, 0x3b, 0xee, 0x32,
    0x0f, 0x3b, 0x0f, 0x3b, 0xee, 0x32, 0x0f, 0x3b, 0xef, 0x3a, 0xee, 0x32,
    0xef, 0x3a, 0x0f, 0x3b, 0x0e, 0x33, 0xef, 0x3a, 0x0f, 0x3b, 0x0e, 0x33,
    0xef, 0x3a, 0x0f, 0x3b, 0xee, 0x32, 0xef, 0x3a, 0x0f, 0x3b, 0xee, 0x32,
    0xef, 0x3a, 0x0f, 0x3b, 0xee, 0x32, 0x0f, 0x3b, 0x0f, 0x3b, 0xee, 0x32,
    0xef, 0x3a, 0x0f, 0x3b, 0x0e, 0x33, 0xef, 0x3a, 0x0f, 0x3b, 0x0e, 0x33,
    0xef, 0x3a, 0x0f, 0x3b, 0xee, 0x32, 0xef, 0x3a, 0x0f, 0x3b, 0xee, 0x32,
    0x0f, 0x3b, 0x0f, 0x3b, 0xee, 0x32, 0x0f, 0x3b, 0xef, 0x3a, 0xee, 0x32,
    0xef, 0x3a, 0x0f, 0x3b, 0x0e, 0x33, 0xef, 0x3a, 0x0f, 0x3b, 0x0e, 0x33,
    0xef, 0x3a, 0x0f, 0x3b, 0xee, 0x32, 0xef, 0x3a, 0x0f, 0x3b, 0xee, 0x32,
    0xef, 0x3a, 0x0f, 0x3b, 0xee, 0x32, 0x0f, 0x3b, 0x0f, 0x3b, 0xee, 0x32,
    0xef, 0x3a, 0x0f, 0x3b, 0x0e, 0x33, 0xef, 0x3a, 0x0f, 0x3b, 0x0e, 0x33,
    0xef, 0x3a, 0x0f, 0x3b, 0xee, 0x32, 0xef, 0x3a, 0x0f, 0x3b, 0xee, 0x32,
    0x0f, 0x3b, 0x0f, 0x3b, 0xee, 0x32, 0x0f, 0x3b, 0xef, 0x3a, 0xee, 0x32,
    0xef, 0x3a, 0x0f, 0x3b, 0x0e, 0x33, 0xef, 0x3a, 0x0f, 0x3b, 0x0e, 0x33,
    0xef, 0x3a, 0x0f, 0x3b, 0xee, 0x32, 0xef, 0x3a, 0x0f, 0x3b, 0xee, 0x32,
    0xef, 0x3a, 0x0f, 0x3b, 0xee, 0x32, 0x0f, 0x3b, 0x0f, 0x3b, 0xee, 0x32,
    0xef, 0x3a, 0x0f, 0x3b, 0x0e, 0x33, 0xef, 0x3a, 0x0f, 0x3b, 0x0e, 0x33,
    0xef, 0x3a, 0x0f, 0x3b, 0xee, 0x32, 0xef, 0x3a, 0x0f, 0x3b, 0xee, 0x32,
    0x0f, 0x3b, 0x0f, 0x3b, 0xee, 0x32, 0x0f, 0x3b, 0xef, 0x3a, 0xee, 0x32,
    0xef, 0x3a, 0x0f, 0x3b, 0x0e, 0x33, 0xef, 0x3a, 0x0f, 0x3b, 0x0e, 0x33,
    0xef, 0x3a, 0x0f, 0x3b, 0xee, 0x32, 0xef, 0x3a, 0x0f, 0x3b, 0xee, 0x32,
    0xef, 0x3a, 0x0f, 0x3b, 0xee, 0x32, 0x0f, 0x3b, 0x0f, 0x3b, 0xee, 0x32,
    0xef, 0x3a, 0x0f, 0x3b, 0x0e, 0x33, 0xef, 0x3a, 0x0f, 0x3b, 0x0e, 0x33,
    0xef, 0x3a, 0x0f, 0x3b, 0xee, 0x32, 0xef, 0x3a, 0x0f, 0x3b, 0xee, 0x32,
    0x0f, 0x3b, 0x0f, 0x3b, 0xee, 0x32, 0x0f, 0x3b, 0xef, 0x3a, 0xee, 0x32,
    0xef, 0x3a, 0x0f, 0x3b, 0x0e, 0x33, 0xef, 0x3a, 0x0f, 0x3b, 0x0e, 0x33,
    0xef, 0x3a, 0x0f, 0x3b, 0xee, 0x32, 0xef, 0x3a, 0x0f, 0x3b, 0xee, 0x32,
    0xef, 0x3a, 0x0f, 0x3b, 0xee, 0x32, 0x0f, 0x3b, 0x0f, 0x3b, 0xee, 0x32,
    0xef, 0x3a, 0x0f, 0x3b, 0x0e, 0x33, 0xef, 0x3a, 0x0f, 0x3b, 0x0e, 0x33,
    0xef, 0x3a, 0x0f, 0x3b, 0xee, 0x32, 0xef, 0x3a, 0x0f, 0x3b, 0xee, 0x32,
    0x0f, 0x3b, 0x0f, 0x3b, 0xee, 0x32, 0x0f, 0x3b, 0xef, 0x3a, 0xee, 0x32,
    0xef, 0x3a, 0x0f, 0x3b, 0x0e, 0x33, 0xef, 0x3a, 0x0f, 0x3b, 0x0e, 0x33,
    0xef, 0x3a, 0x0f, 0x3b, 0xee, 0x32, 0xef, 0x3a, 0x0f, 0x3b, 0xee, 0x32,
    0xef, 0x3a, 0x0f, 0x3b, 0xee, 0x32, 0x0f, 0x3b, 0x0f, 0x3b, 0xee, 0x32,
    0xef, 0x3a, 0x0f, 0x3b, 0x0e, 0x33, 0xef, 0x3a, 0x0f, 0x3b, 0x0e, 0x33,
    0xef, 0x3a, 0x0f, 0x3b, 0xee, 0x32, 0xef, 0x3a, 0x0f, 0x3b, 0xee, 0x32,
    0x0f, 0x3b, 0x0f, 0x3b, 0xee, 0x32, 0x0f, 0x3b, 0xef, 0x3a, 0xee, 0x32,
    0xef, 0x3a, 0x0f, 0x3b, 0x0e, 0x33, 0xef, 0x3a, 0x0f, 0x3b, 0x0e, 0x33,
    0xef, 0x3a, 0x0f, 0x3b, 0xee, 0x32, 0xef, 0x3a, 0x0f, 0x3b, 0xee, 0x32,
    0xef, 0x3a, 0x0f, 0x3b, 0xee, 0x32, 0x0f, 0x3b, 0x0f, 0x3b, 0xee, 0x32,
    0xef, 0x3a, 0x0f, 0x3b, 0x0e, 0x33, 0xef, 0x3a, 0x0f, 0x3b, 0x0e, 0x33,
    0xef, 0x3a, 0x0f, 0x3b, 0xee, 0x32, 0xef, 0x3a, 0x0f, 0x3b, 0xee, 0x32,
    0x0f, 0x3b, 0x0f, 0x3b, 0xee, 0x32, 0x0f, 0x3b, 0xef, 0x3a, 0xee, 0x32,
    0xef, 0x3a, 0x0f, 0x3b, 0x0e, 0x33, 0xef, 0x3a, 0x0f, 0x3b, 0x0e, 0x33,
    0xef, 0x3a, 0x0f, 0x3b, 0xee, 0x32, 0xef, 0x3a, 0x0f, 0x3b, 0xee, 0x32,
    0xef, 0x3a, 0x0f, 0x3b, 0xee, 0x32, 0x0f, 0x3b, 0x0f, 0x3b, 0xee, 0x32,
    0xef, 0x3a, 0x0f, 0x3b, 0x0e, 0x33, 0xef, 0x3a, 0x0f, 0x3b, 0x0e, 0x33,
    0xef, 0x3a, 0x0f, 0x3b, 0xee, 0x32, 0xef, 0x3a, 0x0f, 0x3b, 0xee, 0x32,
    0x0f, 0x3b, 0x0f, 0x3b, 0xee, 0x32, 0x0f, 0x3b, 0xef, 0x3a, 0xee, 0x32,
    0xef, 0x3a, 0x0f, 0x3b, 0x0e, 0x33, 0xef, 0x3a, 0x0f, 0x3b, 0x0e, 0x33,
    0xef, 0x3a, 0x0f, 0x3b, 0xee, 0x32, 0xef, 0x3a, 0x0f, 0x3b, 0xee, 0x32,
    0xef, 0x3a, 0x0f, 0x3b, 0xee, 0x32, 0x0f, 0x3b, 0x0e, 0x33, 0xee, 0x32,
    0xef, 0x3a, 0x0e, 0x33, 0xef, 0x3a, 0x0f, 0x3b, 0x0e, 0x33, 0xef, 0x3a,
    0xef, 0x3a, 0x0e, 0x33, 0xef, 0x3a, 0xee, 0x32, 0xee, 0x32, 0x0f, 0x3b,
    0xef, 0x3a, 0x0e, 0x33, 0x0f, 0x3b, 0xee, 0x32, 0x0f, 0x3b, 0x0f, 0x3b,
    0xee, 0x32, 0xef, 0x3a, 0x0e, 0x33, 0xef, 0x3a, 0xef, 0x3a, 0x0e, 0x33,
    0xef, 0x3a, 0x0e, 0x33, 0xef, 0x3a, 0x0e, 0x33, 0xee, 0x32, 0xef, 0x3a,
    0x0e, 0x33, 0xee, 0x32, 0x0f, 0x3b, 0x0e, 0x33, 0xee, 0x32, 0x0f, 0x3b,
    0x0e, 0x33, 0xee, 0x32, 0x0f, 0x3b, 0xee, 0x32, 0xee, 0x32, 0x0f, 0x3b,
    0xee, 0x32, 0x0e, 0x33, 0x0f, 0x3b, 0xee, 0x32, 0x0e, 0x33, 0xef, 0x3a,
    0xee, 0x32, 0x0e, 0x33, 0x0f, 0x3b, 0xee, 0x32, 0x0e, 0x33, 0xef, 0x3a,
    0xee, 0x32, 0x0e, 0x33, 0xef, 0x3a, 0xee, 0x32, 0x0e, 0x33, 0x0f, 0x3b,
    0x0e, 0x33, 0xee, 0x32, 0x0f, 0x3b, 0xee, 0x32, 0xee, 0x32, 0x0f, 0x3b,
    0xee, 0x32, 0xee, 0x32, 0x0f, 0x3b, 0x0e, 0x33, 0xee, 0x32, 0x0f, 0x3b,
    0x0e, 0x33, 0xee, 0x32, 0x0f, 0x3b, 0xee, 0x32, 0xee, 0x32, 0x0f, 0x3b,
    0xee, 0x32, 0x0e, 0x33, 0x0f, 0x3b, 0xee, 0x32, 0x0e, 0x33, 0xef, 0x3a,
    0xee, 0x32, 0x0e, 0x33, 0x0f, 0x3b, 0xee, 0x32, 0x0e, 0x33, 0xef, 0x3a,
    0xee, 0x32, 0x0e, 0x33, 0xef, 0x3a, 0xee, 0x32, 0x0e, 0x33, 0x0f, 0x3b,
    0x0e, 0x33, 0xee, 0x32, 0x0f, 0x3b, 0xee, 0x32, 0xee, 0x32, 0x0f, 0x3b,
    0xee, 0x32, 0xee, 0x32, 0x0f, 0x3b, 0x0e, 0x33, 0xee, 0x32, 0x0f, 0x3b,
    0x0e, 0x33, 0xee, 0x32, 0x0f, 0x3b, 0xee, 0x32, 0xee, 0x32, 0x0f, 0x3b,
    0xee, 0x32, 0x0e, 0x33, 0x0f, 0x3b, 0xee, 0x32, 0x0e, 0x33, 0xef, 0x3a,
    0xee, 0x32, 0x0e, 0x33, 0x0f, 0x3b, 0xee, 0x32, 0x0e, 0x33, 0xef, 0x3a,
    0xee, 0x32, 0x0e, 0x33, 0xef, 0x3a, 0xee, 0x32, 0x0e, 0x33, 0x0f, 0x3b,
    0x0e, 0x33, 0xee, 0x32, 0x0f, 0x3b, 0xee, 0x32, 0xee, 0x32, 0x0f, 0x3b,
    0xee, 0x32, 0xee, 0x32, 0x0f, 0x3b, 0x0e, 0x33, 0xee, 0x32, 0x0f, 0x3b,
    0x0e, 0x33, 0xee, 0x32, 0x0f, 0x3b, 0xee, 0x32, 0xee, 0x32, 0x0f, 0x3b,
    0xee, 0x32, 0x0e, 0x33, 0x0f, 0x3b, 0xee, 0x32, 0x0e, 0x33, 0xef, 0x3a,
    0xee, 0x32, 0x0e, 0x33, 0x0f, 0x3b, 0xee, 0x32, 0x0e, 0x33, 0xef, 0x3a,
    0xee, 0x32, 0x0e, 0x33, 0xef, 0x3a, 0xee, 0x32, 0x0e, 0x33, 0x0f, 0x3b,
    0x0e, 0x33, 0xee, 0x32, 0x0f, 0x3b, 0xee, 0x32, 0xee, 0x32, 0x0f, 0x3b,
    0xee, 0x32, 0xee, 0x32, 0x0f, 0x3b, 0x0e, 0x33, 0xee, 0x32, 0x0f, 0x3b,
    0x0e, 0x33, 0xee, 0x32, 0x0f, 0x3b, 0xee, 0x32, 0xee, 0x32, 0x0f, 0x3b,
    0xee, 0x32, 0x0e, 0x33, 0x0f, 0x3b, 0xee, 0x32, 0x0e, 0x33, 0xef, 0x3a,
    0xee, 0x32, 0x0e, 0x33, 0x0f, 0x3b, 0xee, 0x32, 0x0e, 0x33, 0xef, 0x3a,
    0xee, 0x32, 0x0e, 0x33, 0xef, 0x3a, 0xee, 0x32, 0x0e, 0x33, 0x0f, 0x3b,
    0x0e, 0x33, 0xee, 0x32, 0x0f, 0x3b, 0xee, 0x32, 0xee, 0x32, 0x0f, 0x3b,
    0xee, 0x32, 0xee, 0x32, 0x0f, 0x3b, 0x0e, 0x33, 0xee, 0x32, 0x0f, 0x3b,
    0x0e, 0x33, 0xee, 0x32, 0x0f, 0x3b, 0xee, 0x32, 0xee, 0x32, 0x0f, 0x3b,
    0xee, 0x32, 0x0e, 0x33, 0x0f, 0x3b, 0xee, 0x32, 0x0e, 0x33, 0xef, 0x3a,
    0xee, 0x32, 0x0e, 0x33, 0x0f, 0x3b, 0xee, 0x32, 0x0e, 0x33, 0xef, 0x3a,
    0xee, 0x32, 0x0e, 0x33, 0xef, 0x3a, 0xee, 0x32, 0x0e, 0x33, 0x0f, 0x3b,
    0x0e, 0x33, 0xee, 0x32, 0x0f, 0x3b, 0xee, 0x32, 0xee, 0x32, 0x0f, 0x3b,
    0xee, 0x32, 0xee, 0x32, 0x0f, 0x3b, 0x0e, 0x33, 0xee, 0x32, 0x0f, 0x3b,
    0x0e, 0x33, 0xee, 0x32, 0x0f, 0x3b, 0xee, 0x32, 0xee, 0x32, 0x0f, 0x3b,
    0xee, 0x32, 0x0e, 0x33, 0x0f, 0x3b, 0xee, 0x32, 0x0e, 0x33, 0xef, 0x3a,
    0xee, 0x32, 0x0e, 0x33, 0x0f, 0x3b, 0xee, 0x32, 0x0e, 0x33, 0xef, 0x3a,
    0xee, 0x32, 0x0e, 0x33, 0xef, 0x3a, 0xee, 0x32, 0x0e, 0x33, 0x0f, 0x3b,
    0x0e, 0x33, 0xee, 0x32, 0x0f, 0x3b, 0xee, 0x32, 0xee, 0x32, 0x0f, 0x3b,
    0xee, 0x32, 0xee, 0x32, 0x0f, 0x3b, 0x0e, 0x33, 0xee, 0x32, 0x0f, 0x3b,
    0x0e, 0x33, 0xee, 0x32, 0x0f, 0x3b, 0xee, 0x32, 0xee, 0x32, 0x0f, 0x3b,
    0xee, 0x32, 0x0e, 0x33, 0x0f, 0x3b, 0xee, 0x32, 0x0e, 0x33, 0xef, 0x3a,
    0xee, 0x32, 0x0e, 0x33, 0x0f, 0x3b, 0xee, 0x32, 0x0e, 0x33, 0xef, 0x3a,
    0xee, 0x32, 0x0e, 0x33, 0xef, 0x3a, 0xee, 0x32, 0x0e, 0x33, 0x0f, 0x3b,
    0x0e, 0x33, 0xee, 0x32, 0x0f, 0x3b, 0xee, 0x32, 0xee, 0x32, 0x0f, 0x3b,
    0xee, 0x32, 0xee, 0x32, 0x0f, 0x3b, 0x0e, 0x33, 0xee, 0x32, 0x0f, 0x3b,
    0x0e, 0x33, 0xee, 0x32, 0x0f, 0x3b, 0xee, 0x32, 0xee, 0x32, 0x0f, 0x3b,
    0xee, 0x32, 0x0e, 0x33, 0x0f, 0x3b, 0xee, 0x32, 0x0e, 0x33, 0xef, 0x3a,
    0xee, 0x32, 0x0e, 0x33, 0x0f, 0x3b, 0xee, 0x32, 0x0e, 0x33, 0xef, 0x3a,
    0xee, 0x32, 0x0e, 0x33, 0xef, 0x3a, 0xee, 0x32, 0x0e, 0x33, 0x0f, 0x3b,
    0x0e, 0x33, 0xee, 0x32, 0x0f, 0x3b, 0xee, 0x32, 0xee, 0x32, 0x0f, 0x3b,
    0xee, 0x32, 0xee, 0x32, 0x0f, 0x3b, 0x0e, 0x33, 0xee, 0x32, 0x0f, 0x3b,
    0x0e, 0x33, 0xee, 0x32, 0x0f, 0x3b, 0xee, 0x32, 0xee, 0x32, 0x0f, 0x3b,
    0xee, 0x32, 0x0e, 0x33, 0x0f, 0x3b, 0xee, 0x32, 0x0e, 0x33, 0xef, 0x3a,
    0xee, 0x32, 0x0e, 0x33, 0x0f, 0x3b, 0xee, 0x32, 0x0e, 0x33, 0xef, 0x3a,
    0xee, 0x32, 0x0e, 0x33, 0xef, 0x3a, 0xee, 0x32, 0x0e, 0x33, 0x0f, 0x3b,
    0x0e, 0x33, 0xee, 0x32, 0x0f, 0x3b, 0xee, 0x32, 0xee, 0x32, 0x0f, 0x3b,
    0xee, 0x32, 0xee, 0x32, 0x0f, 0x3b, 0x0e, 0x33, 0xee, 0x32, 0x0f, 0x3b,
    0x0e, 0x33, 0xee, 0x32, 0x0f, 0x3b, 0xee, 0x32, 0xee, 0x32, 0x0f, 0x3b,
    0xee, 0x32, 0x0e, 0x33, 0x0f, 0x3b, 0xee, 0x32, 0x0e, 0x33, 0xef, 0x3a,
    0xee, 0x32, 0x0e, 0x33, 0x0f, 0x3b, 0xee, 0x32, 0x0e, 0x33, 0xef, 0x3a,
    0xee, 0x32, 0x0e, 0x33, 0xef, 0x3a, 0xee, 0x32, 0x0e, 0x33, 0x0f, 0x3b,
    0x0e, 0x33, 0xee, 0x32, 0x0f, 0x3b, 0xee, 0x32, 0xee, 0x32, 0x0f, 0x3b,
    0xee, 0x32, 0xee, 0x32, 0x0f, 0x3b, 0x0e, 0x33, 0xee, 0x32, 0x0f, 0x3b,
    0x0e, 0x33, 0xee, 0x32, 0x0f, 0x3b, 0xee, 0x32, 0xee, 0x32, 0x0f, 0x3b,
    0xee, 0x32, 0x0e, 0x33, 0x0f, 0x3b, 0xee, 0x32, 0x0e, 0x33, 0xef, 0x3a,
    0xee, 0x32, 0x0e, 0x33, 0x0f, 0x3b, 0xee, 0x32, 0x0e, 0x33, 0xef, 0x3a,
    0xee, 0x32, 0x0e, 0x33, 0xef, 0x3a, 0xee, 0x32, 0x0e, 0x33, 0x0f, 0x3b,
    0x0e, 0x33, 0xee, 0x32, 0x0f, 0x3b, 0xee, 0x32, 0xee, 0x32, 0x0f, 0x3b,
    0xee, 0x32, 0xee, 0x32, 0x0f, 0x3b, 0x0e, 0x33, 0xee, 0x32, 0x0f, 0x3b,
    0x0e, 0x33, 0xee, 0x32, 0x0f, 0x3b, 0xee, 0x32, 0xee, 0x32, 0x0f, 0x3b,
    0xee, 0x32, 0x0e, 0x33, 0x0f, 0x3b, 0xee, 0x32, 0x0e, 0x33, 0xef, 0x3a,
    0xee, 0x32, 0x0e, 0x33, 0x0f, 0x3b, 0xee, 0x32, 0x0e, 0x33, 0xef, 0x3a,
    0xee, 0x32, 0x0e, 0x33, 0xef, 0x3a, 0xee, 0x32, 0x0e, 0x33, 0x0f, 0x3b,
    0x0e, 0x33, 0xee, 0x32, 0x0f, 0x3b, 0xee, 0x32, 0xee, 0x32, 0x0f, 0x3b,
    0xee, 0x32, 0xee, 0x32, 0x0f, 0x3b, 0x0e, 0x33, 0xee, 0x32, 0x0f, 0x3b,
    0x0e, 0x33, 0xee, 0x32, 0x0f, 0x3b, 0xee, 0x32, 0xee, 0x32, 0x0f, 0x3b,
    0xee, 0x32, 0x0e, 0x33, 0x0f, 0x3b, 0xee, 0x32, 0x0e, 0x33, 0xef, 0x3a,
    0xee, 0x32, 0x0e, 0x33, 0x0f, 0x3b, 0xee, 0x32, 0x0e, 0x33, 0xef, 0x3a,
    0xee, 0x32, 0x0e, 0x33, 0xef, 0x3a, 0xee, 0x32, 0x0e, 0x33, 0x0f, 0x3b,
    0x0e, 0x33, 0xee, 0x32, 0x0f, 0x3b, 0xee, 0x32, 0xee, 0x32, 0x0f, 0x3b,
    0xee, 0x32, 0xee, 0x32, 0x0f, 0x3b, 0x0e, 0x33, 0xee, 0x32, 0x0f, 0x3b,
    0x0e, 0x33, 0xee, 0x32, 0x0f, 0x3b, 0xee, 0x32, 0xee, 0x32, 0x0f, 0x3b,
    0xee, 0x32, 0x0e, 0x33, 0x0f, 0x3b, 0xee, 0x32, 0x0e, 0x33, 0xef, 0x3a,
    0xee, 0x32, 0x0e, 0x33, 0x0f, 0x3b, 0xee, 0x32, 0x0e, 0x33, 0xef, 0x3a,
    0xee, 0x32, 0x0e, 0x33, 0xef, 0x3a, 0xee, 0x32, 0x0e, 0x33, 0x0f, 0x3b,
    0x0e, 0x33, 0xee, 0x32, 0x0f, 0x3b, 0xee, 0x32, 0xee, 0x32, 0x0f, 0x3b,
    0xee, 0x32, 0xee, 0x32, 0x0f, 0x3b, 0x0e, 0x33, 0xee, 0x32, 0x0f, 0x3b,
    0x0e, 0x33, 0xee, 0x32, 0x0f, 0x3b, 0xee, 0x32, 0xee, 0x32, 0x0f, 0x3b,
    0xee, 0x32, 0x0e, 0x33, 0x0f, 0x3b, 0xee, 0x32, 0x0e, 0x33, 0xef, 0x3a,
    0xee, 0x32, 0x0e, 0x33, 0x0f, 0x3b, 0xee, 0x32, 0x0e, 0x33, 0xef, 0x3a,
    0xee, 0x32, 0x0e, 0x33, 0xef, 0x3a, 0xee, 0x32, 0x0e, 0x33, 0x0f, 0x3b,
    0x0e, 0x33, 0xee, 0x32, 0x0f, 0x3b, 0xee, 0x32, 0xee, 0x32, 0x0f, 0x3b,
    0xee, 0x32, 0xee, 0x32, 0x0f, 0x3b, 0x0e, 0x33, 0xee, 0x32, 0x0f, 0x3b,
    0x0e, 0x33, 0xee, 0x32, 0x0f, 0x3b, 0xee, 0x32, 0xee, 0x32, 0x0f, 0x3b,
    0xee, 0x32, 0x0e, 0x33, 0x0f, 0x3b, 0xee, 0x32, 0x0e, 0x33, 0xef, 0x3a,
    0xee, 0x32, 0x0e, 0x33, 0x0f, 0x3b, 0xee, 0x32, 0x0e, 0x33, 0xef, 0x3a,
    0xee, 0x32, 0x0e, 0x33, 0xef, 0x3a, 0xee, 0x32, 0x0e, 0x33, 0x0f, 0x3b,
    0x0e, 0x33, 0xee, 0x32, 0x0f, 0x3b, 0xee, 0x32, 0xee, 0x32, 0x0f, 0x3b,
    0xee, 0x32, 0xee, 0x32, 0x0f, 0x3b, 0x0e, 0x33, 0xee, 0x32, 0x0f, 0x3b,
    0x0e, 0x33, 0xee, 0x32, 0x0f, 0x3b, 0xee, 0x32, 0xee, 0x32, 0x0f, 0x3b,
    0xee, 0x32, 0x0e, 0x33, 0x0f, 0x3b, 0xee, 0x32, 0x0e, 0x33, 0xef, 0x3a,
    0xee, 0x32, 0x0e, 0x33, 0x0f, 0x3b, 0xee, 0x32, 0x0e, 0x33, 0xef, 0x3a,
    0xee, 0x32, 0x0e, 0x33, 0xef, 0x3a, 0xee, 0x32, 0x0e, 0x33, 0x0f, 0x3b,
    0x0e, 0x33, 0xee, 0x32, 0x0f, 0x3b, 0xee, 0x32, 0xee, 0x32, 0x0f, 0x3b,
    0xee, 0x32, 0xee, 0x32, 0x0f, 0x3b, 0x0e, 0x33, 0xee, 0x32, 0x0f, 0x3b,
    0x0e, 0x33, 0xee, 0x32, 0x0f, 0x3b, 0xee, 0x32, 0xee, 0x32, 0x0f, 0x3b,
    0xee, 0x32, 0x0e, 0x33, 0x0f, 0x3b, 0xee, 0x32, 0x0e, 0x33, 0xef, 0x3a,
    0xee, 0x32, 0x0e, 0x33, 0x0f, 0x3b, 0xee, 0x32, 0x0e, 0x33, 0xef, 0x3a,
    0xee, 0x32, 0x0e, 0x33, 0xef, 0x3a, 0xee, 0x32, 0x0e, 0x33, 0x0f, 0x3b,
    0x0e, 0x33, 0xee, 0x32, 0x0f, 0x3b, 0xee, 0x32, 0xee, 0x32, 0x0f, 0x3b,
    0xee, 0x32, 0xee, 0x32, 0x0f, 0x3b, 0x0e, 0x33, 0xee, 0x32, 0x0f, 0x3b,
    0x0e, 0x33, 0xee, 0x32, 0x0f, 0x3b, 0xee, 0x32, 0xee, 0x32, 0x0f, 0x3b,
    0xee, 0x32, 0x0e, 0x33, 0x0f, 0x3b, 0xee, 0x32, 0x0e, 0x33, 0xef, 0x3a,
    0xee, 0x32, 0x0e, 0x33, 0x0f, 0x3b, 0xee, 0x32, 0x0e, 0x33, 0xef, 0x3a,
    0xee, 0x32, 0x0e, 0x33, 0xef, 0x3a, 0xee, 0x32, 0x0e, 0x33, 0x0f, 0x3b,
    0x0e, 0x33, 0xee, 0x32, 0x0f, 0x3b, 0xee, 0x32, 0xee, 0x32, 0x0f, 0x3b,
    0xee, 0x32, 0xee, 0x32, 0x0f, 0x3b, 0x0e, 0x33, 0xee, 0x32, 0x0f, 0x3b,
    0x0e, 0x33, 0xee, 0x32, 0x0f, 0x3b, 0xee, 0x32, 0xee, 0x32, 0x0f, 0x3b,
    0xee, 0x32, 0x0e, 0x33, 0x0f, 0x3b, 0xee, 0x32, 0x0e, 0x33, 0xef, 0x3a,
    0xee, 0x32, 0x0e, 0x33, 0x0f, 0x3b, 0xee, 0x32, 0x0e, 0x33, 0xef, 0x3a,
    0xee, 0x32, 0x0e, 0x33, 0xef, 0x3a, 0xee, 0x32, 0x0e, 0x33, 0x0f, 0x3b,
    0x0e, 0x33, 0xee, 0x32, 0x0f, 0x3b, 0xee, 0x32, 0xee, 0x32, 0x0f, 0x3b,
    0xee, 0x32, 0xee, 0x32, 0x0f, 0x3b, 0x0e, 0x33, 0xee, 0x32, 0x0f, 0x3b,
    0x0e, 0x33, 0xee, 0x32, 0x0f, 0x3b, 0xee, 0x32, 0xef, 0x3a, 0x0f, 0x3b,
    0xef, 0x3a, 0x0e, 0x33, 0x0e, 0x33, 0xef, 0x3a, 0xee, 0x32, 0x0e, 0x33,
    0xef, 0x3a, 0x0e, 0x33, 0x0e, 0x33, 0xef, 0x3a, 0x0f, 0x3b, 0x0e, 0x33,
    0xee, 0x32, 0x0f, 0x3b, 0xee, 0x32, 0xef, 0x3a, 0x0e, 0x33, 0xee, 0x32,
    0xee, 0x32, 0x0f, 0x3b, 0x0e, 0x33, 0xef, 0x3a, 0x0e, 0x33, 0x0e, 0x33,
    0xef, 0x3a, 0x0f, 0x3b, 0x0e, 0x33, 0xef, 0x3a, 0x0e, 0x33, 0xef, 0x3a,
    0x0f, 0x3b, 0x0e, 0x33, 0xef, 0x3a, 0xef, 0x3a, 0x0e, 0x33, 0xef, 0x3a,
    0xef, 0x3a, 0x0e, 0x33, 0xef, 0x3a, 0x0f, 0x3b, 0x0e, 0x33, 0xef, 0x3a,
    0x0f, 0x3b, 0xee, 0x32, 0xef, 0x3a, 0x0f, 0x3b, 0xee, 0x32, 0xef, 0x3a,
    0x0f, 0x3b, 0x0e, 0x33, 0xef, 0x3a, 0xef, 0x3a, 0x0e, 0x33, 0xef, 0x3a,
    0x0f, 0x3b, 0x0e, 0x33, 0xef, 0x3a, 0x0f, 0x3b, 0x0e, 0x33, 0xef, 0x3a,
    0xef, 0x3a, 0x0e, 0x33, 0xef, 0x3a, 0x0f, 0x3b, 0x0e, 0x33, 0xef, 0x3a,
    0x0f, 0x3b, 0x0e, 0x33, 0xef, 0x3a, 0xef, 0x3a, 0x0e, 0x33, 0xef, 0x3a,
    0x0f, 0x3b, 0xee, 0x32, 0xef, 0x3a, 0x0f, 0x3b, 0x0e, 0x33, 0xef, 0x3a,
    0x0f, 0x3b, 0xee, 0x32, 0xef, 0x3a, 0x0f, 0x3b, 0xee, 0x32, 0xef, 0x3a,
    0x0f, 0x3b, 0x0e, 0x33, 0xef, 0x3a, 0xef, 0x3a, 0x0e, 0x33, 0xef, 0x3a,
    0x0f, 0x3b, 0x0e, 0x33, 0xef, 0x3a, 0x0f, 0x3b, 0x0e, 0x33, 0xef, 0x3a,
    0xef, 0x3a, 0x0e, 0x33, 0xef, 0x3a, 0x0f, 0x3b, 0x0e, 0x33, 0xef, 0x3a,
    0x0f, 0x3b, 0x0e, 0x33, 0xef, 0x3a, 0xef, 0x3a, 0x0e, 0x33, 0xef, 0x3a,
    0x0f, 0x3b, 0xee, 0x32, 0xef, 0x3a, 0x0f, 0x3b, 0x0e, 0x33, 0xef, 0x3a,
    0x0f, 0x3b, 0xee, 0x32, 0xef, 0x3a, 0x0f, 0x3b, 0xee, 0x32, 0xef, 0x3a,
    0x0f, 0x3b, 0x0e, 0x33, 0xef, 0x3a, 0xef, 0x3a, 0x0e, 0x33, 0xef, 0x3a,
    0x0f, 0x3b, 0x0e, 0x33, 0xef, 0x3a, 0x0f, 0x3b, 0x0e, 0x33, 0xef, 0x3a,
    0xef, 0x3a, 0x0e, 0x33, 0xef, 0x3a, 0x0f, 0x3b, 0x0e, 0x33, 0xef, 0x3a,
    0x0f, 0x3b, 0x0e, 0x33, 0xef, 0x3a, 0xef, 0x3a, 0x0e, 0x33, 0xef, 0x3a,
    0x0f, 0x3b, 0xee, 0x32, 0xef, 0x3a, 0x0f, 0x3b, 0x0e, 0x33, 0xef, 0x3a,
    0x0f, 0x3b, 0xee, 0x32, 0xef, 0x3a, 0x0f, 0x3b, 0xee, 0x32, 0xef, 0x3a,
    0x0f, 0x3b, 0x0e, 0x33, 0xef, 0x3a, 0xef, 0x3a, 0x0e, 0x33, 0xef, 0x3a,
    0x0f, 0x3b, 0x0e, 0x33, 0xef, 0x3a, 0x0f, 0x3b, 0x0e, 0x33, 0xef, 0x3a,
    0xef, 0x3a, 0x0e, 0x33, 0xef, 0x3a, 0x0f, 0x3b, 0x0e, 0x33, 0xef, 0x3a,
    0x0f, 0x3b, 0x0e, 0x33, 0xef, 0x3a, 0xef, 0x3a, 0x0e, 0x33, 0xef, 0x3a,
    0x0f, 0x3b, 0xee, 0x32, 0xef, 0x3a, 0x0f, 0x3b, 0x0e, 0x33, 0xef, 0x3a,
    0x0f, 0x3b, 0xee, 0x32, 0xef, 0x3a, 0x0f, 0x3b, 0xee, 0x32, 0xef, 0x3a,
    0x0f, 0x3b, 0x0e, 0x33, 0xef, 0x3a, 0xef, 0x3a, 0x0e, 0x33, 0xef, 0x3a,
    0x0f, 0x3b, 0x0e, 0x33, 0xef, 0x3a, 0x0f, 0x3b, 0x0e, 0x33, 0xef, 0x3a,
    0xef, 0x3a, 0x0e, 0x33, 0xef, 0x3a, 0x0f, 0x3b, 0x0e, 0x33, 0xef, 0x3a,
    0x0f, 0x3b, 0x0e, 0x33, 0xef, 0x3a, 0xef, 0x3a, 0x0e, 0x33, 0xef, 0x3a,
    0x0f, 0x3b, 0xee, 0x32, 0xef, 0x3a, 0x0f, 0x3b, 0x0e, 0x33, 0xef, 0x3a,
    0x0f, 0x3b, 0xee, 0x32, 0xef, 0x3a, 0x0f, 0x3b, 0xee, 0x32, 0xef, 0x3a,
    0x0f, 0x3b, 0x0e, 0x33, 0xef, 0x3a, 0xef, 0x3a, 0x0e, 0x33, 0xef, 0x3a,
    0x0f, 0x3b, 0x0e, 0x33, 0xef, 0x3a, 0x0f, 0x3b, 0x0e, 0x33, 0xef, 0x3a,
    0xef, 0x3a, 0x0e, 0x33, 0xef, 0x3a, 0x0f, 0x3b, 0x0e, 0x33, 0xef, 0x3a,
    0x0f, 0x3b, 0x0e, 0x33, 0xef, 0x3a, 0xef, 0x3a, 0x0e, 0x33, 0xef, 0x3a,
    0x0f, 0x3b, 0xee, 0x32, 0xef, 0x3a, 0x0f, 0x3b, 0x0e, 0x33, 0xef, 0x3a,
    0x0f, 0x3b, 0xee, 0x32, 0xef, 0x3a, 0x0f, 0x3b, 0xee, 0x32, 0xef, 0x3a,
    0x0f, 0x3b, 0x0e, 0x33, 0xef, 0x3a, 0xef, 0x3a, 0x0e, 0x33, 0xef, 0x3a,
    0x0f, 0x3b, 0x0e, 0x33, 0xef, 0x3a, 0x0f, 0x3b, 0x0e, 0x33, 0xef, 0x3a,
    0xef, 0x3a, 0x0e, 0x33, 0xef, 0x3a, 0x0f, 0x3b, 0x0e, 0x33, 0xef, 0x3a,
    0x0f, 0x3b, 0x0e, 0x33, 0xef, 0x3a, 0xef, 0x3a, 0x0e, 0x33, 0xef, 0x3a,
    0x0f, 0x3b, 0xee, 0x32, 0xef, 0x3a, 0x0f, 0x3b, 0x0e, 0x33, 0xef, 0x3a,
    0x0f, 0x3b, 0xee, 0x32, 0xef, 0x3a, 0x0f, 0x3b, 0xee, 0x32, 0xef, 0x3a,
    0x0f, 0x3b, 0x0e, 0x33, 0xef, 0x3a, 0xef, 0x3a, 0x0e, 0x33, 0xef, 0x3a,
    0x0f, 0x3b, 0x0e, 0x33, 0xef, 0x3a, 0x0f, 0x3b, 0x0e, 0x33, 0xef, 0x3a,
    0xef, 0x3a, 0x0e, 0x33, 0xef, 0x3a, 0x0f, 0x3b, 0x0e, 0x33, 0xef, 0x3a,
    0x0f, 0x3b, 0x0e, 0x33, 0xef, 0x3a, 0xef, 0x3a, 0x0e, 0x33, 0xef, 0x3a,
    0x0f, 0x3b, 0xee, 0x32, 0xef, 0x3a, 0x0f, 0x3b, 0x0e, 0x33, 0xef, 0x3a,
    0x0f, 0x3b, 0xee, 0x32, 0xef, 0x3a, 0x0f, 0x3b, 0xee, 0x32, 0xef, 0x3a,
    0x0f, 0x3b, 0x0e, 0x33, 0xef, 0x3a, 0xef, 0x3a, 0x0e, 0x33, 0xef, 0x3a,
    0x0f, 0x3b, 0x0e, 0x33, 0xef, 0x3a, 0x0f, 0x3b, 0x0e, 0x33, 0xef, 0x3a,
    0xef, 0x3a, 0x0e, 0x33, 0xef, 0x3a, 0x0f, 0x3b, 0x0e, 0x33, 0xef, 0x3a,
    0x0f, 0x3b, 0x0e, 0x33, 0xef, 0x3a, 0xef, 0x3a, 0x0e, 0x33, 0xef, 0x3a,
    0x0f, 0x3b, 0xee, 0x32, 0xef, 0x3a, 0x0f, 0x3b, 0x0e, 0x33, 0xef, 0x3a,
    0x0f, 0x3b, 0xee, 0x32, 0xef, 0x3a, 0x0f, 0x3b, 0xee, 0x32, 0xef, 0x3a,
    0x0f, 0x3b, 0x0e, 0x33, 0xef, 0x3a, 0xef, 0x3a, 0x0e, 0x33, 0xef, 0x3a,
    0x0f, 0x3b, 0x0e, 0x33, 0xef, 0x3a, 0x0f, 0x3b, 0x0e, 0x33, 0xef, 0x3a,
    0xef, 0x3a, 0x0e, 0x33, 0xef, 0x3a, 0x0f, 0x3b, 0x0e, 0x33, 0xef, 0x3a,
    0x0f, 0x3b, 0x0e, 0x33, 0xef, 0x3a, 0xef, 0x3a, 0x0e, 0x33, 0xef, 0x3a,
    0x0f, 0x3b, 0xee, 0x32, 0xef, 0x3a, 0x0f, 0x3b, 0x0e, 0x33, 0xef, 0x3a,
    0x0f, 0x3b, 0xee, 0x32, 0xef, 0x3a, 0x0f, 0x3b, 0xee, 0x32, 0xef, 0x3a,
    0x0f, 0x3b, 0x0e, 0x33, 0xef, 0x3a, 0xef, 0x3a, 0x0e, 0x33, 0xef, 0x3a,
    0x0f, 0x3b, 0x0e, 0x33, 0xef, 0x3a, 0x0f, 0x3b, 0x0e, 0x33, 0xef, 0x3a,
    0xef, 0x3a, 0x0e, 0x33, 0xef, 0x3a, 0x0f, 0x3b, 0x0e, 0x33, 0xef, 0x3a,
    0x0f, 0x3b, 0x0e, 0x33, 0xef, 0x3a, 0xef, 0x3a, 0x0e, 0x33, 0xef, 0x3a,
    0x0f, 0x3b, 0xee, 0x32, 0xef, 0x3a, 0x0f, 0x3b, 0x0e, 0x33, 0xef, 0x3a,
    0x0f, 0x3b, 0xee, 0x32, 0xef, 0x3a, 0x0f, 0x3b, 0xee, 0x32, 0xef, 0x3a,
    0x0f, 0x3b, 0x0e, 0x33, 0xef, 0x3a, 0xef, 0x3a, 0x0e, 0x33, 0xef, 0x3a,
    0x0f, 0x3b, 0x0e, 0x33, 0xef, 0x3a, 0x0f, 0x3b, 0x0e, 0x33, 0xef, 0x3a,
    0xef, 0x3a, 0x0e, 0x33, 0xef, 0x3a, 0x0f, 0x3b, 0x0e, 0x33, 0xef, 0x3a,
    0x0f, 0x3b, 0x0e, 0x33, 0xef, 0x3a, 0xef, 0x3a, 0x0e, 0x33, 0xef, 0x3a,
    0x0f, 0x3b, 0xee, 0x32, 0xef, 0x3a, 0x0f, 0x3b, 0x0e, 0x33, 0xef, 0x3a,
    0x0f, 0x3b, 0xee, 0x32, 0xef, 0x3a, 0x0f, 0x3b, 0xee, 0x32, 0xef, 0x3a,
    0x0f, 0x3b, 0x0e, 0x33, 0xef, 0x3a, 0xef, 0x3a, 0x0e, 0x33, 0xef, 0x3a,
    0x0f, 0x3b, 0x0e, 0x33, 0xef, 0x3a, 0x0f, 0x3b, 0x0e, 0x33, 0xef, 0x3a,
    0xef, 0x3a, 0x0e, 0x33, 0xef, 0x3a, 0x0f, 0x3b, 0x0e, 0x33, 0xef, 0x3a,
    0x0f, 0x3b, 0x0e, 0x33, 0xef, 0x3a, 0xef, 0x3a, 0x0e, 0x33, 0xef, 0x3a,
    0x0f, 0x3b, 0xee, 0x32, 0xef, 0x3a, 0x0f, 0x3b, 0x0e, 0x33, 0xef, 0x3a,
    0x0f, 0x3b, 0xee, 0x32, 0xef, 0x3a, 0x0f, 0x3b, 0xee, 0x32, 0xef, 0x3a,
    0x0f, 0x3b, 0x0e, 0x33, 0xef, 0x3a, 0xef, 0x3a, 0x0e, 0x33, 0xef, 0x3a,
    0x0f, 0x3b, 0x0e, 0x33, 0xef, 0x3a, 0x0f, 0x3b, 0x0e, 0x33, 0xef, 0x3a,
    0xef, 0x3a, 0x0e, 0x33, 0xef, 0x3a, 0x0f, 0x3b, 0x0e, 0x33, 0xef, 0x3a,
    0x0f, 0x3b, 0x0e, 0x33, 0xef, 0x3a, 0xef, 0x3a, 0x0e, 0x33, 0xef, 0x3a,
    0x0f, 0x3b, 0xee, 0x32, 0xef, 0x3a, 0x0f, 0x3b, 0x0e, 0x33, 0xef, 0x3a,
    0x0f, 0x3b, 0xee, 0x32, 0xef, 0x3a, 0x0f, 0x3b, 0xee, 0x32, 0xef, 0x3a,
    0x0f, 0x3b, 0x0e, 0x33, 0xef, 0x3a, 0xef, 0x3a, 0x0e, 0x33, 0xef, 0x3a,
    0x0f, 0x3b, 0x0e, 0x33, 0xef, 0x3a, 0x0f, 0x3b, 0x0e, 0x33, 0xef, 0x3a,
    0xef, 0x3a, 0x0e, 0x33, 0xef, 0x3a, 0x0f, 0x3b, 0x0e, 0x33, 0xef, 0x3a,
    0x0f, 0x3b, 0x0e, 0x33, 0xef, 0x3a, 0xef, 0x3a, 0x0e, 0x33, 0xef, 0x3a,
    0x0f, 0x3b, 0xee, 0x32, 0xef, 0x3a, 0x0f, 0x3b, 0x0e, 0x33, 0xef, 0x3a,
    0x0f, 0x3b, 0xee, 0x32, 0xef, 0x3a, 0x0f, 0x3b, 0xee, 0x32, 0xef, 0x3a,
    0x0f, 0x3b, 0x0e, 0x33, 0xef, 0x3a, 0xef, 0x3a, 0x0e, 0x33, 0xef, 0x3a,
    0x0f, 0x3b, 0x0e, 0x33, 0xef, 0x3a, 0x0f, 0x3b, 0x0e, 0x33, 0xef, 0x3a,
    0xef, 0x3a, 0x0e, 0x33, 0xef, 0x3a, 0x0f, 0x3b, 0x0e, 0x33, 0xef, 0x3a,
    0x0f, 0x3b, 0x0e, 0x33, 0xef, 0x3a, 0xef, 0x3a, 0x0e, 0x33, 0xef, 0x3a,
    0x0f, 0x3b, 0xee, 0x32, 0xef, 0x3a, 0x0f, 0x3b, 0x0e, 0x33, 0xef, 0x3a,
    0x0f, 0x3b, 0xee, 0x32, 0xef, 0x3a, 0x0f, 0x3b, 0xee, 0x32, 0xef, 0x3a,
    0x0f, 0x3b, 0x0e, 0x33, 0xef, 0x3a, 0xef, 0x3a, 0x0e, 0x33, 0xef, 0x3a,
    0x0f, 0x3b, 0x0e, 0x33, 0xef, 0x3a, 0x0f, 0x3b, 0x0e, 0x33, 0xef, 0x3a,
    0xef, 0x3a, 0x0e, 0x33, 0xef, 0x3a, 0x0f, 0x3b, 0x0e, 0x33, 0xef, 0x3a,
    0x0f, 0x3b, 0x0e, 0x33, 0xef, 0x3a, 0xef, 0x3a, 0x0e, 0x33, 0xef, 0x3a,
    0x0f, 0x3b, 0xee, 0x32, 0xef, 0x3a, 0x0f, 0x3b, 0x0e, 0x33, 0xef, 0x3a,
    0x0f, 0x3b, 0xee, 0x32, 0xef, 0x3a, 0x0f, 0x3b, 0xee, 0x32, 0xef, 0x3a,
    0x0f, 0x3b, 0x0e, 0x33, 0xef, 0x3a, 0xef, 0x3a, 0x0e, 0x33, 0xef, 0x3a,
    0x0f, 0x3b, 0x0e, 0x33, 0xef, 0x3a, 0x0f, 0x3b, 0x0e, 0x33, 0xef, 0x3a,
    0xef, 0x3a, 0x0e, 0x33, 0xef, 0x3a, 0x0f, 0x3b, 0x0e, 0x33, 0xef, 0x3a,
    0x0f, 0x3b, 0x0e, 0x33, 0xef, 0x3a, 0xef, 0x3a, 0x0e, 0x33, 0xef, 0x3a,
    0x0f, 0x3b, 0xee, 0x32, 0xef, 0x3a, 0x0f, 0x3b, 0x0e, 0x33, 0xef, 0x3a,
    0x0f, 0x3b, 0xee, 0x32, 0xef, 0x3a, 0x0f, 0x3b, 0xee, 0x32, 0xef, 0x3a,
    0x0f, 0x3b, 0x0e, 0x33, 0xef, 0x3a, 0xef, 0x3a, 0x0e, 0x33, 0xef, 0x3a,
    0x0f, 0x3b, 0x0e, 0x33, 0xef, 0x3a, 0x0f, 0x3b, 0x0e, 0x33, 0xef, 0x3a,
    0xef, 0x3a, 0x0e, 0x33, 0xef, 0x3a, 0x0f, 0x3b, 0x0e, 0x33, 0xef, 0x3a,
    0x0f, 0x3b, 0x0e, 0x33, 0xef, 0x3a, 0xef, 0x3a, 0x0e, 0x33, 0xef, 0x3a,
    0x0f, 0x3b, 0xee, 0x32, 0xef, 0x3a, 0x0f, 0x3b, 0x0e, 0x33, 0xef, 0x3a,
    0x0f, 0x3b, 0xee, 0x32, 0xef, 0x3a, 0x0f, 0x3b, 0xee, 0x32, 0xef, 0x3a,
    0x0f, 0x3b, 0x0e, 0x33, 0xef, 0x3a, 0xef, 0x3a, 0x0e, 0x33, 0xef, 0x3a,
    0x0f, 0x3b, 0x0e, 0x33, 0xef, 0x3a, 0x0f, 0x3b, 0x0e, 0x33, 0xef, 0x3a,
    0xef, 0x3a, 0x0e, 0x33, 0xef, 0x3a, 0x0f, 0x3b, 0x0e, 0x33, 0xef, 0x3a,
    0x0f, 0x3b, 0x0e, 0x33, 0xef, 0x3a, 0xef, 0x3a, 0x0e, 0x33, 0xef, 0x3a,
    0x0f, 0x3b, 0xee, 0x32, 0xef, 0x3a, 0x0f, 0x3b, 0x0e, 0x33, 0xef, 0x3a,
    0x0f, 0x3b, 0xee, 0x32, 0xef, 0x3a, 0x0f, 0x3b, 0xee, 0x32, 0xef, 0x3a,
    0x0f, 0x3b, 0x0e, 0x33, 0xef, 0x3a, 0xef, 0x3a, 0x0e, 0x33, 0xef, 0x3a,
    0x0f, 0x3b, 0x0e, 0x33, 0xef, 0x3a, 0x0f, 0x3b, 0x0e, 0x33, 0xef, 0x3a,
    0xef, 0x3a, 0x0e, 0x33, 0xef, 0x3a, 0x0f, 0x3b, 0x0e, 0x33, 0xef, 0x3a,
    0x0f, 0x3b, 0x0e, 0x33, 0xef, 0x3a, 0xef, 0x3a, 0x0e, 0x33, 0xef, 0x3a,
    0x0f, 0x3b, 0xee, 0x32, 0xef, 0x3a, 0x0f, 0x3b, 0x0e, 0x33, 0xee, 0x32,
    0x0e, 0x33, 0xef, 0x3a, 0xee, 0x32, 0x0f, 0x3b, 0xef, 0x3a, 0x0e, 0x33,
    0x0f, 0x3b, 0xee, 0x32, 0xef, 0x3a, 0x0e, 0x33, 0xee, 0x32, 0xef, 0x3a,
    0x0e, 0x33, 0xef, 0x3a, 0x0f, 0x3b, 0xee, 0x32, 0x0e, 0x33, 0x0f, 0x3b,
    0xef, 0x3a, 0x0f, 0x3b, 0xee, 0x32, 0xee, 0x32, 0x0f, 0x3b, 0xee, 0x32,
    0xef, 0x3a, 0x0e, 0x33, 0xee, 0x32, 0xef, 0x3a, 0x0e, 0x33, 0xee, 0x32,
    0x0f, 0x3b, 0xee, 0x32, 0xef, 0x3a, 0x0e, 0x33, 0x0e, 0x33, 0xef, 0x3a,
    0x0e, 0x33, 0x0f, 0x3b, 0xee, 0x32, 0x0e, 0x33, 0xef, 0x3a, 0xee, 0x32,
    0x0e, 0x33, 0x0f, 0x3b, 0xee, 0x32, 0x0e, 0x33, 0x0f, 0x3b, 0xee, 0x32,
    0x0e, 0x33, 0xef, 0x3a, 0x0e, 0x33, 0x0e, 0x33, 0xef, 0x3a, 0x0e, 0x33,
    0xee, 0x32, 0xef, 0x3a, 0x0e, 0x33, 0xee, 0x32, 0x0f, 0x3b, 0xee, 0x32,
    0x0e, 0x33, 0x0f, 0x3b, 0xee, 0x32, 0xee, 0x32, 0x0f, 0x3b, 0xee, 0x32,
    0xee, 0x32, 0x0f, 0x3b, 0xee, 0x32, 0x0e, 0x33, 0x0f, 0x3b, 0xee, 0x32,
    0x0e, 0x33, 0xef, 0x3a, 0x0e, 0x33, 0x0e, 0x33, 0xef, 0x3a, 0x0e, 0x33,
    0xee, 0x32, 0x0f, 0x3b, 0x0e, 0x33, 0xee, 0x32, 0x0f, 0x3b, 0x0e, 0x33,
    0xee, 0x32, 0x0f, 0x3b, 0xee, 0x32, 0x0e, 0x33, 0x0f, 0x3b, 0xee, 0x32,
    0xee, 0x32, 0x0f, 0x3b, 0xee, 0x32, 0x0e, 0x33, 0xef, 0x3a, 0xee, 0x32,
    0x0e, 0x33, 0x0f, 0x3b, 0xee, 0x32, 0xee, 0x32, 0x0f, 0x3b, 0xee, 0x32,
    0xee, 0x32, 0x0f, 0x3b, 0xee, 0x32, 0x0e, 0x33, 0x0f, 0x3b, 0xee, 0x32,
    0x0e, 0x33, 0xef, 0x3a, 0x0e, 0x33, 0x0e, 0x33, 0xef, 0x3a, 0x0e, 0x33,
    0xee, 0x32, 0x0f, 0x3b, 0x0e, 0x33, 0xee, 0x32, 0x0f, 0x3b, 0x0e, 0x33,
    0xee, 0x32, 0x0f, 0x3b, 0xee, 0x32, 0x0e, 0x33, 0x0f, 0x3b, 0xee, 0x32,
    0xee, 0x32, 0x0f, 0x3b, 0xee, 0x32, 0x0e, 0x33, 0xef, 0x3a, 0xee, 0x32,
    0x0e, 0x33, 0x0f, 0x3b, 0xee, 0x32, 0xee, 0x32, 0x0f, 0x3b, 0xee, 0x32,
    0xee, 0x32, 0x0f, 0x3b, 0xee, 0x32, 0x0e, 0x33, 0x0f, 0x3b, 0xee, 0x32,
    0x0e, 0x33, 0xef, 0x3a, 0x0e, 0x33, 0x0e, 0x33, 0xef, 0x3a, 0x0e, 0x33,
    0xee, 0x32, 0x0f, 0x3b, 0x0e, 0x33, 0xee, 0x32, 0x0f, 0x3b, 0x0e, 0x33,
    0xee, 0x32, 0x0f, 0x3b, 0xee, 0x32, 0x0e, 0x33, 0x0f, 0x3b, 0xee, 0x32,
    0xee, 0x32, 0x0f, 0x3b, 0xee, 0x32, 0x0e, 0x33, 0xef, 0x3a, 0xee, 0x32,
    0x0e, 0x33, 0x0f, 0x3b, 0xee, 0x32, 0xee, 0x32, 0x0f, 0x3b, 0xee, 0x32,
    0xee, 0x32, 0x0f, 0x3b, 0xee, 0x32, 0x0e, 0x33, 0x0f, 0x3b, 0xee, 0x32,
    0x0e, 0x33, 0xef, 0x3a, 0x0e, 0x33, 0x0e, 0x33, 0xef, 0x3a, 0x0e, 0x33,
    0xee, 0x32, 0x0f, 0x3b, 0x0e, 0x33, 0xee, 0x32, 0x0f, 0x3b, 0x0e, 0x33,
    0xee, 0x32, 0x0f, 0x3b, 0xee, 0x32, 0x0e, 0x33, 0x0f, 0x3b, 0xee, 0x32,
    0xee, 0x32, 0x0f, 0x3b, 0xee, 0x32, 0x0e, 0x33, 0xef, 0x3a, 0xee, 0x32,
    0x0e, 0x33, 0x0f, 0x3b, 0xee, 0x32, 0xee, 0x32, 0x0f, 0x3b, 0xee, 0x32,
    0xee, 0x32, 0x0f, 0x3b, 0xee, 0x32, 0x0e, 0x33, 0x0f, 0x3b, 0xee, 0x32,
    0x0e, 0x33, 0xef, 0x3a, 0x0e, 0x33, 0x0e, 0x33, 0xef, 0x3a, 0x0e, 0x33,
    0xee, 0x32, 0x0f, 0x3b, 0x0e, 0x33, 0xee, 0x32, 0x0f, 0x3b, 0x0e, 0x33,
    0xee, 0x32, 0x0f, 0x3b, 0xee, 0x32, 0x0e, 0x33, 0x0f, 0x3b, 0xee, 0x32,
    0xee, 0x32, 0x0f, 0x3b, 0xee, 0x32, 0x0e, 0x33, 0xef, 0x3a, 0xee, 0x32,
    0x0e, 0x33, 0x0f, 0x3b, 0xee, 0x32, 0xee, 0x32, 0x0f, 0x3b, 0xee, 0x32,
    0xee, 0x32, 0x0f, 0x3b, 0xee, 0x32, 0x0e, 0x33, 0x0f, 0x3b, 0xee, 0x32,
    0x0e, 0x33, 0xef, 0x3a, 0x0e, 0x33, 0x0e, 0x33, 0xef, 0x3a, 0x0e, 0x33,
    0xee, 0x32, 0x0f, 0x3b, 0x0e, 0x33, 0xee, 0x32, 0x0f, 0x3b, 0x0e, 0x33,
    0xee, 0x32, 0x0f, 0x3b, 0xee, 0x32, 0x0e, 0x33, 0x0f, 0x3b, 0xee, 0x32,
    0xee, 0x32, 0x0f, 0x3b, 0xee, 0x32, 0x0e, 0x33, 0xef, 0x3a, 0xee, 0x32,
    0x0e, 0x33, 0x0f, 0x3b, 0xee, 0x32, 0xee, 0x32, 0x0f, 0x3b, 0xee, 0x32,
    0xee, 0x32, 0x0f, 0x3b, 0xee, 0x32, 0x0e, 0x33, 0x0f, 0x3b, 0xee, 0x32,
    0x0e, 0x33, 0xef, 0x3a, 0x0e, 0x33, 0x0e, 0x33, 0xef, 0x3a, 0x0e, 0x33,
    0xee, 0x32, 0x0f, 0x3b, 0x0e, 0x33, 0xee, 0x32, 0x0f, 0x3b, 0x0e, 0x33,
    0xee, 0x32, 0x0f, 0x3b, 0xee, 0x32, 0x0e, 0x33, 0x0f, 0x3b, 0xee, 0x32,
    0xee, 0x32, 0x0f, 0x3b, 0xee, 0x32, 0x0e, 0x33, 0xef, 0x3a, 0xee, 0x32,
    0x0e, 0x33, 0x0f, 0x3b, 0xee, 0x32, 0xee, 0x32, 0x0f, 0x3b, 0xee, 0x32,
    0xee, 0x32, 0x0f, 0x3b, 0xee, 0x32, 0x0e, 0x33, 0x0f, 0x3b, 0xee, 0x32,
    0x0e, 0x33, 0xef, 0x3a, 0x0e, 0x33, 0x0e, 0x33, 0xef, 0x3a, 0x0e, 0x33,
    0xee, 0x32, 0x0f, 0x3b, 0x0e, 0x33, 0xee, 0x32, 0x0f, 0x3b, 0x0e, 0x33,
    0xee, 0x32, 0x0f, 0x3b, 0xee, 0x32, 0x0e, 0x33, 0x0f, 0x3b, 0xee, 0x32,
    0xee, 0x32, 0x0f, 0x3b, 0xee, 0x32, 0x0e, 0x33, 0xef, 0x3a, 0xee, 0x32,
    0x0e, 0x33, 0x0f, 0x3b, 0xee, 0x32, 0xee, 0x32, 0x0f, 0x3b, 0xee, 0x32,
    0xee, 0x32, 0x0f, 0x3b, 0xee, 0x32, 0x0e, 0x33, 0x0f, 0x3b, 0xee, 0x32,
    0x0e, 0x33, 0xef, 0x3a, 0x0e, 0x33, 0x0e, 0x33, 0xef, 0x3a, 0x0e, 0x33,
    0xee, 0x32, 0x0f, 0x3b, 0x0e, 0x33, 0xee, 0x32, 0x0f, 0x3b, 0x0e, 0x33,
    0xee, 0x32, 0x0f, 0x3b, 0xee, 0x32, 0x0e, 0x33, 0x0f, 0x3b, 0xee, 0x32,
    0xee, 0x32, 0x0f, 0x3b, 0xee, 0x32, 0x0e, 0x33, 0xef, 0x3a, 0xee, 0x32,
    0x0e, 0x33, 0x0f, 0x3b, 0xee, 0x32, 0xee, 0x32, 0x0f, 0x3b, 0xee, 0x32,
    0xee, 0x32, 0x0f, 0x3b, 0xee, 0x32, 0x0e, 0x33, 0x0f, 0x3b, 0xee, 0x32,
    0x0e, 0x33, 0xef, 0x3a, 0x0e, 0x33, 0x0e, 0x33, 0xef, 0x3a, 0x0e, 0x33,
    0xee, 0x32, 0x0f, 0x3b, 0x0e, 0x33, 0xee, 0x32, 0x0f, 0x3b, 0x0e, 0x33,
    0xee, 0x32, 0x0f, 0x3b, 0xee, 0x32, 0x0e, 0x33, 0x0f, 0x3b, 0xee, 0x32,
    0xee, 0x32, 0x0f, 0x3b, 0xee, 0x32, 0x0e, 0x33, 0xef, 0x3a, 0xee, 0x32,
    0x0e, 0x33, 0x0f, 0x3b, 0xee, 0x32, 0xee, 0x32, 0x0f, 0x3b, 0xee, 0x32,
    0xee, 0x32, 0x0f, 0x3b, 0xee, 0x32, 0x0e, 0x33, 0x0f, 0x3b, 0xee, 0x32,
    0x0e, 0x33, 0xef, 0x3a, 0x0e, 0x33, 0x0e, 0x33, 0xef, 0x3a, 0x0e, 0x33,
    0xee, 0x32, 0x0f, 0x3b, 0x0e, 0x33, 0xee, 0x32, 0x0f, 0x3b, 0x0e, 0x33,
    0xee, 0x32, 0x0f, 0x3b, 0xee, 0x32, 0x0e, 0x33, 0x0f, 0x3b, 0xee, 0x32,
    0xee, 0x32, 0x0f, 0x3b, 0xee, 0x32, 0x0e, 0x33, 0xef, 0x3a, 0xee, 0x32,
    0x0e, 0x33, 0x0f, 0x3b, 0xee, 0x32, 0xee, 0x32, 0x0f, 0x3b, 0xee, 0x32,
    0xee, 0x32, 0x0f, 0x3b, 0xee, 0x32, 0x0e, 0x33, 0x0f, 0x3b, 0xee, 0x32,
    0x0e, 0x33, 0xef, 0x3a, 0x0e, 0x33, 0x0e, 0x33, 0xef, 0x3a, 0x0e, 0x33,
    0xee, 0x32, 0x0f, 0x3b, 0x0e, 0x33, 0xee, 0x32, 0x0f, 0x3b, 0x0e, 0x33,
    0xee, 0x32, 0x0f, 0x3b, 0xee, 0x32, 0x0e, 0x33, 0x0f, 0x3b, 0xee, 0x32,
    0xee, 0x32, 0x0f, 0x3b, 0xee, 0x32, 0x0e, 0x33, 0xef, 0x3a, 0xee, 0x32,
    0x0e, 0x33, 0x0f, 0x3b, 0xee, 0x32, 0xee, 0x32, 0x0f, 0x3b, 0xee, 0x32,
    0xee, 0x32, 0x0f, 0x3b, 0xee, 0x32, 0x0e, 0x33, 0x0f, 0x3b, 0xee, 0x32,
    0x0e, 0x33, 0xef, 0x3a, 0x0e, 0x33, 0x0e, 0x33, 0xef, 0x3a, 0x0e, 0x33,
    0xee, 0x32, 0x0f, 0x3b, 0x0e, 0x33, 0xee, 0x32, 0x0f, 0x3b, 0x0e, 0x33,
    0xee, 0x32, 0x0f, 0x3b, 0xee, 0x32, 0x0e, 0x33, 0x0f, 0x3b, 0xee, 0x32,
    0xee, 0x32, 0x0f, 0x3b, 0xee, 0x32, 0x0e, 0x33, 0xef, 0x3a, 0xee, 0x32,
    0x0e, 0x33, 0x0f, 0x3b, 0xee, 0x32, 0xee, 0x32, 0x0f, 0x3b, 0xee, 0x32,
    0xee, 0x32, 0x0f, 0x3b, 0xee, 0x32, 0x0e, 0x33, 0x0f, 0x3b, 0xee, 0x32,
    0x0e, 0x33, 0xef, 0x3a, 0x0e, 0x33, 0x0e, 0x33, 0xef, 0x3a, 0x0e, 0x33,
    0xee, 0x32, 0x0f, 0x3b, 0x0e, 0x33, 0xee, 0x32, 0x0f, 0x3b, 0x0e, 0x33,
    0xee, 0x32, 0x0f, 0x3b, 0xee, 0x32, 0x0e, 0x33, 0x0f, 0x3b, 0xee, 0x32,
    0xee, 0x32, 0x0f, 0x3b, 0xee, 0x32, 0x0e, 0x33, 0xef, 0x3a, 0xee, 0x32,
    0x0e, 0x33, 0x0f, 0x3b, 0xee, 0x32, 0xee, 0x32, 0x0f, 0x3b, 0xee, 0x32,
    0xee, 0x32, 0x0f, 0x3b, 0xee, 0x32, 0x0e, 0x33, 0x0f, 0x3b, 0xee, 0x32,
    0x0e, 0x33, 0xef, 0x3a, 0x0e, 0x33, 0x0e, 0x33, 0xef, 0x3a, 0x0e, 0x33,
    0xee, 0x32, 0x0f, 0x3b, 0x0e, 0x33, 0xee, 0x32, 0x0f, 0x3b, 0x0e, 0x33,
    0xee, 0x32, 0x0f, 0x3b, 0xee, 0x32, 0x0e, 0x33, 0x0f, 0x3b, 0xee, 0x32,
    0xee, 0x32, 0x0f, 0x3b, 0xee, 0x32, 0x0e, 0x33, 0xef, 0x3a, 0xee, 0x32,
    0x0e, 0x33, 0x0f, 0x3b, 0xee, 0x32, 0xee, 0x32, 0x0f, 0x3b, 0xee, 0x32,
    0xee, 0x32, 0x0f, 0x3b, 0xee, 0x32, 0x0e, 0x33, 0x0f, 0x3b, 0xee, 0x32,
    0x0e, 0x33, 0xef, 0x3a, 0x0e, 0x33, 0x0e, 0x33, 0xef, 0x3a, 0x0e, 0x33,
    0xee, 0x32, 0x0f, 0x3b, 0x0e, 0x33, 0xee, 0x32, 0x0f, 0x3b, 0x0e, 0x33,
    0xee, 0x32, 0x0f, 0x3b, 0xee, 0x32, 0x0e, 0x33, 0x0f, 0x3b, 0xee, 0x32,
    0xee, 0x32, 0x0f, 0x3b, 0xee, 0x32, 0x0e, 0x33, 0xef, 0x3a, 0xee, 0x32,
    0x0e, 0x33, 0x0f, 0x3b, 0xee, 0x32, 0xee, 0x32, 0x0f, 0x3b, 0xee, 0x32,
    0xee, 0x32, 0x0f, 0x3b, 0xee, 0x32, 0x0e, 0x33, 0x0f, 0x3b, 0xee, 0x32,
    0x0e, 0x33, 0xef, 0x3a, 0x0e, 0x33, 0x0e, 0x33, 0xef, 0x3a, 0x0e, 0x33,
    0xee, 0x32, 0x0f, 0x3b, 0x0e, 0x33, 0xee, 0x32, 0x0f, 0x3b, 0x0e, 0x33,
    0xee, 0x32, 0x0f, 0x3b, 0xee, 0x32, 0x0e, 0x33, 0x0f, 0x3b, 0xee, 0x32,
    0xee, 0x32, 0x0f, 0x3b, 0xee, 0x32, 0x0e, 0x33, 0xef, 0x3a, 0xee, 0x32,
    0x0e, 0x33, 0x0f, 0x3b, 0xee, 0x32, 0xee, 0x32, 0x0f, 0x3b, 0xee, 0x32,
    0xee, 0x32, 0x0f, 0x3b, 0xee, 0x32, 0x0e, 0x33, 0x0f, 0x3b, 0xee, 0x32,
    0x0e, 0x33, 0xef, 0x3a, 0x0e, 0x33, 0x0e, 0x33, 0xef, 0x3a, 0x0e, 0x33,
    0xee, 0x32, 0x0f, 0x3b, 0x0e, 0x33, 0xee, 0x32, 0x0f, 0x3b, 0x0e, 0x33,
    0xee, 0x32, 0x0f, 0x3b, 0xee, 0x32, 0x0e, 0x33, 0x0f, 0x3b, 0xee, 0x32,
    0xee, 0x32, 0x0f, 0x3b, 0xee, 0x32, 0x0e, 0x33, 0xef, 0x3a, 0xee, 0x32,
    0x0e, 0x33, 0x0f, 0x3b, 0xee, 0x32, 0xee, 0x32, 0x0f, 0x3b, 0xee, 0x32,
    0xee, 0x32, 0x0f, 0x3b, 0xee, 0x32, 0x0e, 0x33, 0x0f, 0x3b, 0xee, 0x32,
    0x0e, 0x33, 0xef, 0x3a, 0x0e, 0x33, 0x0e, 0x33, 0xef, 0x3a, 0x0e, 0x33,
    0xee, 0x32, 0x0f, 0x3b, 0x0e, 0x33, 0xee, 0x32, 0x0f, 0x3b, 0x0e, 0x33,
    0xee, 0x32, 0x0f, 0x3b, 0xee, 0x32, 0x0e, 0x33, 0x0f, 0x3b, 0xee, 0x32,
    0xee, 0x32, 0x0f, 0x3b, 0xee, 0x32, 0x0e, 0x33, 0xef, 0x3a, 0xee, 0x32,
    0x0e, 0x33, 0x0f, 0x3b, 0xee, 0x32, 0xee, 0x32, 0x0f, 0x3b, 0xee, 0x32,
    0xee, 0x32, 0x0f, 0x3b, 0xee, 0x32, 0x0e, 0x33, 0x0f, 0x3b, 0xee, 0x32,
    0x0e, 0x33, 0xef, 0x3a, 0x0e, 0x33, 0x0e, 0x33, 0xef, 0x3a, 0x0e, 0x33,
    0xee, 0x32, 0x0f, 0x3b, 0x0e, 0x33, 0xee, 0x32, 0x0f, 0x3b, 0x0e, 0x33,
    0xee, 0x32, 0x0f, 0x3b, 0xee, 0x32, 0x0e, 0x33, 0x0f, 0x3b, 0xee, 0x32,
    0xee, 0x32, 0x0f, 0x3b, 0xee, 0x32, 0x0e, 0x33, 0xef, 0x3a, 0xee, 0x32,
    0x0e, 0x33, 0x0f, 0x3b, 0xee, 0x32, 0xee, 0x32, 0x0f, 0x3b, 0xee, 0x32,
    0xee, 0x32, 0x0f, 0x3b, 0xee, 0x32, 0x0e, 0x33, 0x0f, 0x3b, 0xee, 0x32,
    0x0e, 0x33, 0xef, 0x3a, 0x0e, 0x33, 0x0e, 0x33, 0xef, 0x3a, 0x0f, 0x3b,
    0xee, 0x32, 0x0f, 0x3b, 0x0f, 0x3b, 0xee, 0x32, 0x0e, 0x33, 0xef, 0x3a,
    0xee, 0x32, 0x0f, 0x3b, 0xee, 0x32, 0x0f, 0x3b, 0x0f, 0x3b, 0xef, 0x3a,
    0x0e, 0x33, 0xef, 0x3a, 0xee, 0x32, 0x0e, 0x33, 0xef, 0x3a, 0xee, 0x32,
    0x0f, 0x3b, 0xee, 0x32, 0x0e, 0x33, 0x0f, 0x3b, 0xef, 0x3a, 0x0e, 0x33,
    0x0f, 0x3b, 0xef, 0x3a, 0x0e, 0x33, 0x0f, 0x3b, 0xef, 0x3a, 0x0e, 0x33,
    0xef, 0x3a, 0x0f, 0x3b, 0xee, 0x32, 0x0e, 0x33, 0xef, 0x3a, 0x0f, 0x3b,
    0xee, 0x32, 0xee, 0x32, 0x0f, 0x3b, 0xee, 0x32, 0x0f, 0x3b, 0x0f, 0x3b,
    0xee, 0x32, 0xef, 0x3a, 0x0f, 0x3b, 0xee, 0x32, 0xef, 0x3a, 0x0f, 0x3b,
    0xee, 0x32, 0x0f, 0x3b, 0x0f, 0x3b, 0xee, 0x32, 0xef, 0x3a, 0xef, 0x3a,
    0x0e, 0x33, 0x0f, 0x3b, 0xef, 0x3a, 0x0e, 0x33, 0xef, 0x3a, 0x0f, 0x3b,
    0xee, 0x32, 0xef, 0x3a, 0x0f, 0x3b, 0xee, 0x32, 0x0f, 0x3b, 0x0f, 0x3b,
    0xee, 0x32, 0x0f, 0x3b, 0x0f, 0x3b, 0xee, 0x32, 0xef, 0x3a, 0x0f, 0x3b,
    0xee, 0x32, 0x0f, 0x3b, 0xef, 0x3a, 0x0e, 0x33, 0xef, 0x3a, 0xef, 0x3a,
    0x0e, 0x33, 0xef, 0x3a, 0xef, 0x3a, 0x0e, 0x33, 0xef, 0x3a, 0xef, 0x3a,
    0x0e, 0x33, 0xef, 0x3a, 0x0f, 0x3b, 0xee, 0x32, 0xef, 0x3a, 0x0f, 0x3b,
    0xee, 0x32, 0x0f, 0x3b, 0x0f, 0x3b, 0xee, 0x32, 0x0f, 0x3b, 0xef, 0x3a,
    0x0e, 0x33, 0xef, 0x3a, 0x0f, 0x3b, 0xee, 0x32, 0x0f, 0x3b, 0x0f, 0x3b,
    0xee, 0x32, 0x0f, 0x3b, 0x0f, 0x3b, 0xee, 0x32, 0xef, 0x3a, 0x0f, 0x3b,
    0xee, 0x32, 0x0f, 0x3b, 0xef, 0x3a, 0x0e, 0x33, 0xef, 0x3a, 0xef, 0x3a,
    0x0e, 0x33, 0xef, 0x3a, 0xef, 0x3a, 0x0e, 0x33, 0xef, 0x3a, 0xef, 0x3a,
    0x0e, 0x33, 0xef, 0x3a, 0x0f, 0x3b, 0xee, 0x32, 0xef, 0x3a, 0x0f, 0x3b,
    0xee, 0x32, 0x0f, 0x3b, 0x0f, 0x3b, 0xee, 0x32, 0x0f, 0x3b, 0xef, 0x3a,
    0x0e, 0x33, 0xef, 0x3a, 0x0f, 0x3b, 0xee, 0x32, 0x0f, 0x3b, 0x0f, 0x3b,
    0xee, 0x32, 0x0f, 0x3b, 0x0f, 0x3b, 0xee, 0x32, 0xef, 0x3a, 0x0f, 0x3b,
    0xee, 0x32, 0x0f, 0x3b, 0xef, 0x3a, 0x0e, 0x33, 0xef, 0x3a, 0xef, 0x3a,
    0x0e, 0x33, 0xef, 0x3a, 0xef, 0x3a, 0x0e, 0x33, 0xef, 0x3a, 0xef, 0x3a,
    0x0e, 0x33, 0xef, 0x3a, 0x0f, 0x3b, 0xee, 0x32, 0xef, 0x3a, 0x0f, 0x3b,
    0xee, 0x32, 0x0f, 0x3b, 0x0f, 0x3b, 0xee, 0x32, 0x0f, 0x3b, 0xef, 0x3a,
    0x0e, 0x33, 0xef, 0x3a, 0x0f, 0x3b, 0xee, 0x32, 0x0f, 0x3b, 0x0f, 0x3b,
    0xee, 0x32, 0x0f, 0x3b, 0x0f, 0x3b, 0xee, 0x32, 0xef, 0x3a, 0x0f, 0x3b,
    0xee, 0x32, 0x0f, 0x3b, 0xef, 0x3a, 0x0e, 0x33, 0xef, 0x3a, 0xef, 0x3a,
    0x0e, 0x33, 0xef, 0x3a, 0xef, 0x3a, 0x0e, 0x33, 0xef, 0x3a, 0xef, 0x3a,
    0x0e, 0x33, 0xef, 0x3a, 0x0f, 0x3b, 0xee, 0x32, 0xef, 0x3a, 0x0f, 0x3b,
    0xee, 0x32, 0x0f, 0x3b, 0x0f, 0x3b, 0xee, 0x32, 0x0f, 0x3b, 0xef, 0x3a,
    0x0e, 0x33, 0xef, 0x3a, 0x0f, 0x3b, 0xee, 0x32, 0x0f, 0x3b, 0x0f, 0x3b,
    0xee, 0x32, 0x0f, 0x3b, 0x0f, 0x3b, 0xee, 0x32, 0xef, 0x3a, 0x0f, 0x3b,
    0xee, 0x32, 0x0f, 0x3b, 0xef, 0x3a, 0x0e, 0x33, 0xef, 0x3a, 0xef, 0x3a,
    0x0e, 0x33, 0xef, 0x3a, 0xef, 0x3a, 0x0e, 0x33, 0xef, 0x3a, 0xef, 0x3a,
    0x0e, 0x33, 0xef, 0x3a, 0x0f, 0x3b, 0xee, 0x32, 0xef, 0x3a, 0x0f, 0x3b,
    0xee, 0x32, 0x0f, 0x3b, 0x0f, 0x3b, 0xee, 0x32, 0x0f, 0x3b, 0xef, 0x3a,
    0x0e, 0x33, 0xef, 0x3a, 0x0f, 0x3b, 0xee, 0x32, 0x0f, 0x3b, 0x0f, 0x3b,
    0xee, 0x32, 0x0f, 0x3b, 0x0f, 0x3b, 0xee, 0x32, 0xef, 0x3a, 0x0f, 0x3b,
    0xee, 0x32, 0x0f, 0x3b, 0xef, 0x3a, 0x0e, 0x33, 0xef, 0x3a, 0xef, 0x3a,
    0x0e, 0x33, 0xef, 0x3a, 0xef, 0x3a, 0x0e, 0x33, 0xef, 0x3a, 0xef, 0x3a,
    0x0e, 0x33, 0xef, 0x3a, 0x0f, 0x3b, 0xee, 0x32, 0xef, 0x3a, 0x0f, 0x3b,
    0xee, 0x32, 0x0f, 0x3b, 0x0f, 0x3b, 0xee, 0x32, 0x0f, 0x3b, 0xef, 0x3a,
    0x0e, 0x33, 0xef, 0x3a, 0x0f, 0x3b, 0xee, 0x32, 0x0f, 0x3b, 0x0f, 0x3b,
    0xee, 0x32, 0x0f, 0x3b, 0x0f, 0x3b, 0xee, 0x32, 0xef, 0x3a, 0x0f, 0x3b,
    0xee, 0x32, 0x0f, 0x3b, 0xef, 0x3a, 0x0e, 0x33, 0xef, 0x3a, 0xef, 0x3a,
    0x0e, 0x33, 0xef, 0x3a, 0xef, 0x3a, 0x0e, 0x33, 0xef, 0x3a, 0xef, 0x3a,
    0x0e, 0x33, 0xef, 0x3a, 0x0f, 0x3b, 0xee, 0x32, 0xef, 0x3a, 0x0f, 0x3b,
    0xee, 0x32, 0x0f, 0x3b, 0x0f, 0x3b, 0xee, 0x32, 0x0f, 0x3b, 0xef, 0x3a,
    0x0e, 0x33, 0xef, 0x3a, 0x0f, 0x3b, 0xee, 0x32, 0x0f, 0x3b, 0x0f, 0x3b,
    0xee, 0x32, 0x0f, 0x3b, 0x0f, 0x3b, 0xee, 0x32, 0xef, 0x3a, 0x0f, 0x3b,
    0xee, 0x32, 0x0f, 0x3b, 0xef, 0x3a, 0x0e, 0x33, 0xef, 0x3a, 0xef, 0x3a,
    0x0e, 0x33, 0xef, 0x3a, 0xef, 0x3a, 0x0e, 0x33, 0xef, 0x3a, 0xef, 0x3a,
    0x0e, 0x33, 0xef, 0x3a, 0x0f, 0x3b, 0xee, 0x32, 0xef, 0x3a, 0x0f, 0x3b,
    0xee, 0x32, 0x0f, 0x3b, 0x0f, 0x3b, 0xee, 0x32, 0x0f, 0x3b, 0xef, 0x3a,
    0x0e, 0x33, 0xef, 0x3a, 0x0f, 0x3b, 0xee, 0x32, 0x0f, 0x3b, 0x0f, 0x3b,
    0xee, 0x32, 0x0f, 0x3b, 0x0f, 0x3b, 0xee, 0x32, 0xef, 0x3a, 0x0f, 0x3b,
    0xee, 0x32, 0x0f, 0x3b, 0xef, 0x3a, 0x0e, 0x33, 0xef, 0x3a, 0xef, 0x3a,
    0x0e, 0x33, 0xef, 0x3a, 0xef, 0x3a, 0x0e, 0x33, 0xef, 0x3a, 0xef, 0x3a,
    0x0e, 0x33, 0xef, 0x3a, 0x0f, 0x3b, 0xee, 0x32, 0xef, 0x3a, 0x0f, 0x3b,
    0xee, 0x32, 0x0f, 0x3b, 0x0f, 0x3b, 0xee, 0x32, 0x0f, 0x3b, 0xef, 0x3a,
    0x0e, 0x33, 0xef, 0x3a, 0x0f, 0x3b, 0xee, 0x32, 0x0f, 0x3b, 0x0f, 0x3b,
    0xee, 0x32, 0x0f, 0x3b, 0x0f, 0x3b, 0xee, 0x32, 0xef, 0x3a, 0x0f, 0x3b,
    0xee, 0x32, 0x0f, 0x3b, 0xef, 0x3a, 0x0e, 0x33, 0xef, 0x3a, 0xef, 0x3a,
    0x0e, 0x33, 0xef, 0x3a, 0xef, 0x3a, 0x0e, 0x33, 0xef, 0x3a, 0xef, 0x3a,
    0x0e, 0x33, 0xef, 0x3a, 0x0f, 0x3b, 0xee, 0x32, 0xef, 0x3a, 0x0f, 0x3b,
    0xee, 0x32, 0x0f, 0x3b, 0x0f, 0x3b, 0xee, 0x32, 0x0f, 0x3b, 0xef, 0x3a,
    0x0e, 0x33, 0xef, 0x3a, 0x0f, 0x3b, 0xee, 0x32, 0x0f, 0x3b, 0x0f, 0x3b,
    0xee, 0x32, 0x0f, 0x3b, 0x0f, 0x3b, 0xee, 0x32, 0xef, 0x3a, 0x0f, 0x3b,
    0xee, 0x32, 0x0f, 0x3b, 0xef, 0x3a, 0x0e, 0x33, 0xef, 0x3a, 0xef, 0x3a,
    0x0e, 0x33, 0xef, 0x3a, 0xef, 0x3a, 0x0e, 0x33, 0xef, 0x3a, 0xef, 0x3a,
    0x0e, 0x33, 0xef, 0x3a, 0x0f, 0x3b, 0xee, 0x32, 0xef, 0x3a, 0x0f, 0x3b,
    0xee, 0x32, 0x0f, 0x3b, 0x0f, 0x3b, 0xee, 0x32, 0x0f, 0x3b, 0xef, 0x3a,
    0x0e, 0x33, 0xef, 0x3a, 0x0f, 0x3b, 0xee, 0x32, 0x0f, 0x3b, 0x0f, 0x3b,
    0xee, 0x32, 0x0f, 0x3b, 0x0f, 0x3b, 0xee, 0x32, 0xef, 0x3a, 0x0f, 0x3b,
    0xee, 0x32, 0x0f, 0x3b, 0xef, 0x3a, 0x0e, 0x33, 0xef, 0x3a, 0xef, 0x3a,
    0x0e, 0x33, 0xef, 0x3a, 0xef, 0x3a, 0x0e, 0x33, 0xef, 0x3a, 0xef, 0x3a,
    0x0e, 0x33, 0xef, 0x3a, 0x0f, 0x3b, 0xee, 0x32, 0xef, 0x3a, 0x0f, 0x3b,
    0xee, 0x32, 0x0f, 0x3b, 0x0f, 0x3b, 0xee, 0x32, 0x0f, 0x3b, 0xef, 0x3a,
    0x0e, 0x33, 0xef, 0x3a, 0x0f, 0x3b, 0xee, 0x32, 0x0f, 0x3b, 0x0f, 0x3b,
    0xee, 0x32, 0x0f, 0x3b, 0x0f, 0x3b, 0xee, 0x32, 0xef, 0x3a, 0x0f, 0x3b,
    0xee, 0x32, 0x0f, 0x3b, 0xef, 0x3a, 0x0e, 0x33, 0xef, 0x3a, 0xef, 0x3a,
    0x0e, 0x33, 0xef, 0x3a, 0xef, 0x3a, 0x0e, 0x33, 0xef, 0x3a, 0xef, 0x3a,
    0x0e, 0x33, 0xef, 0x3a, 0x0f, 0x3b, 0xee, 0x32, 0xef, 0x3a, 0x0f, 0x3b,
    0xee, 0x32, 0x0f, 0x3b, 0x0f, 0x3b, 0xee, 0x32, 0x0f, 0x3b, 0xef, 0x3a,
    0x0e, 0x33, 0xef, 0x3a, 0x0f, 0x3b, 0xee, 0x32, 0x0f, 0x3b, 0x0f, 0x3b,
    0xee, 0x32, 0x0f, 0x3b, 0x0f, 0x3b, 0xee, 0x32, 0xef, 0x3a, 0x0f, 0x3b,
    0xee, 0x32, 0x0f, 0x3b, 0xef, 0x3a, 0x0e, 0x33, 0xef, 0x3a, 0xef, 0x3a,
    0x0e, 0x33, 0xef, 0x3a, 0xef, 0x3a, 0x0e, 0x33, 0xef, 0x3a, 0xef, 0x3a,
    0x0e, 0x33, 0xef, 0x3a, 0x0f, 0x3b, 0xee, 0x32, 0xef, 0x3a, 0x0f, 0x3b,
    0xee, 0x32, 0x0f, 0x3b, 0x0f, 0x3b, 0xee, 0x32, 0x0f, 0x3b, 0xef, 0x3a,
    0x0e, 0x33, 0xef, 0x3a, 0x0f, 0x3b, 0xee, 0x32, 0x0f, 0x3b, 0x0f, 0x3b,
    0xee, 0x32, 0x0f, 0x3b, 0x0f, 0x3b, 0xee, 0x32, 0xef, 0x3a, 0x0f, 0x3b,
    0xee, 0x32, 0x0f, 0x3b, 0xef, 0x3a, 0x0e, 0x33, 0xef, 0x3a, 0xef, 0x3a,
    0x0e, 0x33, 0xef, 0x3a, 0xef, 0x3a, 0x0e, 0x33, 0xef, 0x3a, 0xef, 0x3a,
    0x0e, 0x33, 0xef, 0x3a, 0x0f, 0x3b, 0xee, 0x32, 0xef, 0x3a, 0x0f, 0x3b,
    0xee, 0x32, 0x0f, 0x3b, 0x0f, 0x3b, 0xee, 0x32, 0x0f, 0x3b, 0xef, 0x3a,
    0x0e, 0x33, 0xef, 0x3a, 0x0f, 0x3b, 0xee, 0x32, 0x0f, 0x3b, 0x0f, 0x3b,
    0xee, 0x32, 0x0f, 0x3b, 0x0f, 0x3b, 0xee, 0x32, 0xef, 0x3a, 0x0f, 0x3b,
    0xee, 0x32, 0x0f, 0x3b, 0xef, 0x3a, 0x0e, 0x33, 0xef, 0x3a, 0xef, 0x3a,
    0x0e, 0x33, 0xef, 0x3a, 0xef, 0x3a, 0x0e, 0x33, 0xef, 0x3a, 0xef, 0x3a,
    0x0e, 0x33, 0xef, 0x3a, 0x0f, 0x3b, 0xee, 0x32, 0xef, 0x3a, 0x0f, 0x3b,
    0xee, 0x32, 0x0f, 0x3b, 0x0f, 0x3b, 0xee, 0x32, 0x0f, 0x3b, 0xef, 0x3a,
    0x0e, 0x33, 0xef, 0x3a, 0x0f, 0x3b, 0xee, 0x32, 0x0f, 0x3b, 0x0f, 0x3b,
    0xee, 0x32, 0x0f, 0x3b, 0x0f, 0x3b, 0xee, 0x32, 0xef, 0x3a, 0x0f, 0x3b,
    0xee, 0x32, 0x0f, 0x3b, 0xef, 0x3a, 0x0e, 0x33, 0xef, 0x3a, 0xef, 0x3a,
    0x0e, 0x33, 0xef, 0x3a, 0xef, 0x3a, 0x0e, 0x33, 0xef, 0x3a, 0xef, 0x3a,
    0x0e, 0x33, 0xef, 0x3a, 0x0f, 0x3b, 0xee, 0x32, 0xef, 0x3a, 0x0f, 0x3b,
    0xee, 0x32, 0x0f, 0x3b, 0x0f, 0x3b, 0xee, 0x32, 0x0f, 0x3b, 0xef, 0x3a,
    0x0e, 0x33, 0xef, 0x3a, 0x0f, 0x3b, 0xee, 0x32, 0x0f, 0x3b, 0x0f, 0x3b,
    0xee, 0x32, 0x0f, 0x3b, 0x0f, 0x3b, 0xee, 0x32, 0xef, 0x3a, 0x0f, 0x3b,
    0xee, 0x32, 0x0f, 0x3b, 0xef, 0x3a, 0x0e, 0x33, 0xef, 0x3a, 0xef, 0x3a,
    0x0e, 0x33, 0xef, 0x3a, 0xef, 0x3a, 0x0e, 0x33, 0xef, 0x3a, 0xef, 0x3a,
    0x0e, 0x33, 0xef, 0x3a, 0x0f, 0x3b, 0xee, 0x32, 0xef, 0x3a, 0x0f, 0x3b,
    0xee, 0x32, 0x0f, 0x3b, 0x0f, 0x3b, 0xee, 0x32, 0x0f, 0x3b, 0xef, 0x3a,
    0x0e, 0x33, 0xef, 0x3a, 0x0f, 0x3b, 0xee, 0x32, 0x0f, 0x3b, 0x0f, 0x3b,
    0xee, 0x32, 0x0f, 0x3b, 0x0f, 0x3b, 0xee, 0x32, 0xef, 0x3a, 0x0f, 0x3b,
    0xee, 0x32, 0x0f, 0x3b, 0xef, 0x3a, 0x0e, 0x33, 0xef, 0x3a, 0xef, 0x3a,
    0x0e, 0x33, 0xef, 0x3a, 0xef, 0x3a, 0x0e, 0x33, 0xef, 0x3a, 0xef, 0x3a,
    0x0e, 0x33, 0xef, 0x3a, 0x0f, 0x3b, 0xee, 0x32, 0xef, 0x3a, 0x0f, 0x3b,
    0xee, 0x32, 0x0f, 0x3b, 0x0f, 0x3b, 0xee, 0x32, 0x0f, 0x3b, 0xef, 0x3a,
    0x0e, 0x33, 0xef, 0x3a, 0x0f, 0x3b, 0xee, 0x32, 0x0f, 0x3b, 0x0f, 0x3b,
    0xee, 0x32, 0x0f, 0x3b, 0x0f, 0x3b, 0xee, 0x32, 0xef, 0x3a, 0x0f, 0x3b,
    0xee, 0x32, 0x0f, 0x3b, 0xef, 0x3a, 0x0e, 0x33, 0xef, 0x3a, 0xef, 0x3a,
    0x0e, 0x33, 0xef, 0x3a, 0xef, 0x3a, 0x0e, 0x33, 0xef, 0x3a, 0xef, 0x3a,
    0x0e, 0x33, 0xef, 0x3a, 0x0f, 0x3b, 0xee, 0x32, 0xef, 0x3a, 0x0f, 0x3b,
    0xee, 0x32, 0x0f, 0x3b, 0x0f, 0x3b, 0xee, 0x32, 0x0f, 0x3b, 0xef, 0x3a,
    0x0e, 0x33, 0xef, 0x3a, 0x0f, 0x3b, 0xee, 0x32, 0x0f, 0x3b, 0x0f, 0x3b,
    0xee, 0x32, 0x0f, 0x3b, 0x0f, 0x3b, 0xee, 0x32, 0xef, 0x3a, 0x0f, 0x3b,
    0xee, 0x32, 0x0f, 0x3b, 0xef, 0x3a, 0x0e, 0x33, 0xef, 0x3a, 0xee, 0x32,
    0x0e, 0x33, 0xef, 0x3a, 0xee, 0x32, 0x0f, 0x3b, 0xef, 0x3a, 0x0e, 0x33,
    0x0f, 0x3b, 0xee, 0x32, 0x0f, 0x3b, 0xee, 0x32, 0xee, 0x32, 0x0f, 0x3b,
    0xee, 0x32, 0xee, 0x32, 0x0f, 0x3b, 0x0f, 0x3b, 0xee, 0x32, 0x0f, 0x3b,
    0xee, 0x32, 0x0f, 0x3b, 0xef, 0x3a, 0xee, 0x32, 0x0e, 0x33, 0xef, 0x3a,
    0xee, 0x32, 0x0f, 0x3b, 0xee, 0x32, 0xee, 0x32, 0x0f, 0x3b, 0xee, 0x32,
    0x0f, 0x3b, 0xee, 0x32, 0x0e, 0x33, 0xef, 0x3a, 0x0f, 0x3b, 0x0e, 0x33,
    0xef, 0x3a, 0x0f, 0x3b, 0xee, 0x32, 0x0f, 0x3b, 0xef, 0x3a, 0xee, 0x32,
    0x0e, 0x33, 0xef, 0x3a, 0x0e, 0x33, 0x0f, 0x3b, 0xee, 0x32, 0x0e, 0x33,
    0x0f, 0x3b, 0xee, 0x32, 0xee, 0x32, 0x0f, 0x3b, 0xee, 0x32, 0x0e, 0x33,
    0x0f, 0x3b, 0xee, 0x32, 0xee, 0x32, 0x0f, 0x3b, 0x0e, 0x33, 0xee, 0x32,
    0x0f, 0x3b, 0x0e, 0x33, 0xee, 0x32, 0x0f, 0x3b, 0xee, 0x32, 0xee, 0x32,
    0x0f, 0x3b, 0xee, 0x32, 0xee, 0x32, 0x0f, 0x3b, 0x0e, 0x33, 0xee, 0x32,
    0x0f, 0x3b, 0xee, 0x32, 0xee, 0x32, 0x0f, 0x3b, 0x0e, 0x33, 0xee, 0x32,
    0x0f, 0x3b, 0xee, 0x32, 0x0e, 0x33, 0x0f, 0x3b, 0xee, 0x32, 0x0e, 0x33,
    0x0f, 0x3b, 0xee, 0x32, 0x0e, 0x33, 0xef, 0x3a, 0x0e, 0x33, 0x0e, 0x33,
    0xef, 0x3a, 0xee, 0x32, 0x0e, 0x33, 0xef, 0x3a, 0xee, 0x32, 0x0e, 0x33,
    0xef, 0x3a, 0x0e, 0x33, 0x0e, 0x33, 0xef, 0x3a, 0xee, 0x32, 0x0e, 0x33,
    0xef, 0x3a, 0x0e, 0x33, 0xee, 0x32, 0xef, 0x3a, 0x0e, 0x33, 0xee, 0x32,
    0x0f, 0x3b, 0xee, 0x32, 0xee, 0x32, 0x0f, 0x3b, 0x0e, 0x33, 0xee, 0x32,
    0x0f, 0x3b, 0xee, 0x32, 0x0e, 0x33, 0x0f, 0x3b, 0xee, 0x32, 0x0e, 0x33,
    0x0f, 0x3b, 0xee, 0x32, 0x0e, 0x33, 0xef, 0x3a, 0x0e, 0x33, 0x0e, 0x33,
    0xef, 0x3a, 0xee, 0x32, 0x0e, 0x33, 0xef, 0x3a, 0xee, 0x32, 0x0e, 0x33,
    0xef, 0x3a, 0x0e, 0x33, 0x0e, 0x33, 0xef, 0x3a, 0xee, 0x32, 0x0e, 0x33,
    0xef, 0x3a, 0x0e, 0x33, 0xee, 0x32, 0xef, 0x3a, 0x0e, 0x33, 0xee, 0x32,
    0x0f, 0x3b, 0xee, 0x32, 0xee, 0x32, 0x0f, 0x3b, 0x0e, 0x33, 0xee, 0x32,
    0x0f, 0x3b, 0xee, 0x32, 0x0e, 0x33, 0x0f, 0x3b, 0xee, 0x32, 0x0e, 0x33,
    0x0f, 0x3b, 0xee, 0x32, 0x0e, 0x33, 0xef, 0x3a, 0x0e, 0x33, 0x0e, 0x33,
    0xef, 0x3a, 0xee, 0x32, 0x0e, 0x33, 0xef, 0x3a, 0xee, 0x32, 0x0e, 0x33,
    0xef, 0x3a, 0x0e, 0x33, 0x0e, 0x33, 0xef, 0x3a, 0xee, 0x32, 0x0e, 0x33,
    0xef, 0x3a, 0x0e, 0x33, 0xee, 0x32, 0xef, 0x3a, 0x0e, 0x33, 0xee, 0x32,
    0x0f, 0x3b, 0xee, 0x32, 0xee, 0x32, 0x0f, 0x3b, 0x0e, 0x33, 0xee, 0x32,
    0x0f, 0x3b, 0xee, 0x32, 0x0e, 0x33, 0x0f, 0x3b, 0xee, 0x32, 0x0e, 0x33,
    0x0f, 0x3b, 0xee, 0x32, 0x0e, 0x33, 0xef, 0x3a, 0x0e, 0x33, 0x0e, 0x33,
    0xef, 0x3a, 0xee, 0x32, 0x0e, 0x33, 0xef, 0x3a, 0xee, 0x32, 0x0e, 0x33,
    0xef, 0x3a, 0x0e, 0x33, 0x0e, 0x33, 0xef, 0x3a, 0xee, 0x32, 0x0e, 0x33,
    0xef, 0x3a, 0x0e, 0x33, 0xee, 0x32, 0xef, 0x3a, 0x0e, 0x33, 0xee, 0x32,
    0x0f, 0x3b, 0xee, 0x32, 0xee, 0x32, 0x0f, 0x3b, 0x0e, 0x33, 0xee, 0x32,
    0x0f, 0x3b, 0xee, 0x32, 0x0e, 0x33, 0x0f, 0x3b, 0xee, 0x32, 0x0e, 0x33,
    0x0f, 0x3b, 0xee, 0x32, 0x0e, 0x33, 0xef, 0x3a, 0x0e, 0x33, 0x0e, 0x33,
    0xef, 0x3a, 0xee, 0x32, 0x0e, 0x33, 0xef, 0x3a, 0xee, 0x32, 0x0e, 0x33,
    0xef, 0x3a, 0x0e, 0x33, 0x0e, 0x33, 0xef, 0x3a, 0xee, 0x32, 0x0e, 0x33,
    0xef, 0x3a, 0x0e, 0x33, 0xee, 0x32, 0xef, 0x3a, 0x0e, 0x33, 0xee, 0x32,
    0x0f, 0x3b, 0xee, 0x32, 0xee, 0x32, 0x0f, 0x3b, 0x0e, 0x33, 0xee, 0x32,
    0x0f, 0x3b, 0xee, 0x32, 0x0e, 0x33, 0x0f, 0x3b, 0xee, 0x32, 0x0e, 0x33,
    0x0f, 0x3b, 0xee, 0x32, 0x0e, 0x33, 0xef, 0x3a, 0x0e, 0x33, 0x0e, 0x33,
    0xef, 0x3a, 0xee, 0x32, 0x0e, 0x33, 0xef, 0x3a, 0xee, 0x32, 0x0e, 0x33,
    0xef, 0x3a, 0x0e, 0x33, 0x0e, 0x33, 0xef, 0x3a, 0xee, 0x32, 0x0e, 0x33,
    0xef, 0x3a, 0x0e, 0x33, 0xee, 0x32, 0xef, 0x3a, 0x0e, 0x33, 0xee, 0x32,
    0x0f, 0x3b, 0xee, 0x32, 0xee, 0x32, 0x0f, 0x3b, 0x0e, 0x33, 0xee, 0x32,
    0x0f, 0x3b, 0xee, 0x32, 0x0e, 0x33, 0x0f, 0x3b, 0xee, 0x32, 0x0e, 0x33,
    0x0f, 0x3b, 0xee, 0x32, 0x0e, 0x33, 0xef, 0x3a, 0x0e, 0x33, 0x0e, 0x33,
    0xef, 0x3a, 0xee, 0x32, 0x0e, 0x33, 0xef, 0x3a, 0xee, 0x32, 0x0e, 0x33,
    0xef, 0x3a, 0x0e, 0x33, 0x0e, 0x33, 0xef, 0x3a, 0xee, 0x32, 0x0e, 0x33,
    0xef, 0x3a, 0x0e, 0x33, 0xee, 0x32, 0xef, 0x3a, 0x0e, 0x33, 0xee, 0x32,
    0x0f, 0x3b, 0xee, 0x32, 0xee, 0x32, 0x0f, 0x3b, 0x0e, 0x33, 0xee, 0x32,
    0x0f, 0x3b, 0xee, 0x32, 0x0e, 0x33, 0x0f, 0x3b, 0xee, 0x32, 0x0e, 0x33,
    0x0f, 0x3b, 0xee, 0x32, 0x0e, 0x33, 0xef, 0x3a, 0x0e, 0x33, 0x0e, 0x33,
    0xef, 0x3a, 0xee, 0x32, 0x0e, 0x33, 0xef, 0x3a, 0xee, 0x32, 0x0e, 0x33,
    0xef, 0x3a, 0x0e, 0x33, 0x0e, 0x33, 0xef, 0x3a, 0xee, 0x32, 0x0e, 0x33,
    0xef, 0x3a, 0x0e, 0x33, 0xee, 0x32, 0xef, 0x3a, 0x0e, 0x33, 0xee, 0x32,
    0x0f, 0x3b, 0xee, 0x32, 0xee, 0x32, 0x0f, 0x3b, 0x0e, 0x33, 0xee, 0x32,
    0x0f, 0x3b, 0xee, 0x32, 0x0e, 0x33, 0x0f, 0x3b, 0xee, 0x32, 0x0e, 0x33,
    0x0f, 0x3b, 0xee, 0x32, 0x0e, 0x33, 0xef, 0x3a, 0x0e, 0x33, 0x0e, 0x33,
    0xef, 0x3a, 0xee, 0x32, 0x0e, 0x33, 0xef, 0x3a, 0xee, 0x32, 0x0e, 0x33,
    0xef, 0x3a, 0x0e, 0x33, 0x0e, 0x33, 0xef, 0x3a, 0xee, 0x32, 0x0e, 0x33,
    0xef, 0x3a, 0x0e, 0x33, 0xee, 0x32, 0xef, 0x3a, 0x0e, 0x33, 0xee, 0x32,
    0x0f, 0x3b, 0xee, 0x32, 0xee, 0x32, 0x0f, 0x3b, 0x0e, 0x33, 0xee, 0x32,
    0x0f, 0x3b, 0xee, 0x32, 0x0e, 0x33, 0x0f, 0x3b, 0xee, 0x32, 0x0e, 0x33,
    0x0f, 0x3b, 0xee, 0x32, 0x0e, 0x33, 0xef, 0x3a, 0x0e, 0x33, 0x0e, 0x33,
    0xef, 0x3a, 0xee, 0x32, 0x0e, 0x33, 0xef, 0x3a, 0xee, 0x32, 0x0e, 0x33,
    0xef, 0x3a, 0x0e, 0x33, 0x0e, 0x33, 0xef, 0x3a, 0xee, 0x32, 0x0e, 0x33,
    0xef, 0x3a, 0x0e, 0x33, 0xee, 0x32, 0xef, 0x3a, 0x0e, 0x33, 0xee, 0x32,
    0x0f, 0x3b, 0xee, 0x32, 0xee, 0x32, 0x0f, 0x3b, 0x0e, 0x33, 0xee, 0x32,
    0x0f, 0x3b, 0xee, 0x32, 0x0e, 0x33, 0x0f, 0x3b, 0xee, 0x32, 0x0e, 0x33,
    0x0f, 0x3b, 0xee, 0x32, 0x0e, 0x33, 0xef, 0x3a, 0x0e, 0x33, 0x0e, 0x33,
    0xef, 0x3a, 0xee, 0x32, 0x0e, 0x33, 0xef, 0x3a, 0xee, 0x32, 0x0e, 0x33,
    0xef, 0x3a, 0x0e, 0x33, 0x0e, 0x33, 0xef, 0x3a, 0xee, 0x32, 0x0e, 0x33,
    0xef, 0x3a, 0x0e, 0x33, 0xee, 0x32, 0xef, 0x3a, 0x0e, 0x33, 0xee, 0x32,
    0x0f, 0x3b, 0xee, 0x32, 0xee, 0x32, 0x0f, 0x3b, 0x0e, 0x33, 0xee, 0x32,
    0x0f, 0x3b, 0xee, 0x32, 0x0e, 0x33, 0x0f, 0x3b, 0xee, 0x32, 0x0e, 0x33,
    0x0f, 0x3b, 0xee, 0x32, 0x0e, 0x33, 0xef, 0x3a, 0x0e, 0x33, 0x0e, 0x33,
    0xef, 0x3a, 0xee, 0x32, 0x0e, 0x33, 0xef, 0x3a, 0xee, 0x32, 0x0e, 0x33,
    0xef, 0x3a, 0x0e, 0x33, 0x0e, 0x33, 0xef, 0x3a, 0xee, 0x32, 0x0e, 0x33,
    0xef, 0x3a, 0x0e, 0x33, 0xee, 0x32, 0xef, 0x3a, 0x0e, 0x33, 0xee, 0x32,
    0x0f, 0x3b, 0xee, 0x32, 0xee, 0x32, 0x0f, 0x3b, 0x0e, 0x33, 0xee, 0x32,
    0x0f, 0x3b, 0xee, 0x32, 0x0e, 0x33, 0x0f, 0x3b, 0xee, 0x32, 0x0e, 0x33,
    0x0f, 0x3b, 0xee, 0x32, 0x0e, 0x33, 0xef, 0x3a, 0x0e, 0x33, 0x0e, 0x33,
    0xef, 0x3a, 0xee, 0x32, 0x0e, 0x33, 0xef, 0x3a, 0xee, 0x32, 0x0e, 0x33,
    0xef, 0x3a, 0x0e, 0x33, 0x0e, 0x33, 0xef, 0x3a, 0xee, 0x32, 0x0e, 0x33,
    0xef, 0x3a, 0x0e, 0x33, 0xee, 0x32, 0xef, 0x3a, 0x0e, 0x33, 0xee, 0x32,
    0x0f, 0x3b, 0xee, 0x32, 0xee, 0x32, 0x0f, 0x3b, 0x0e, 0x33, 0xee, 0x32,
    0x0f, 0x3b, 0xee, 0x32, 0x0e, 0x33, 0x0f, 0x3b, 0xee, 0x32, 0x0e, 0x33,
    0x0f, 0x3b, 0xee, 0x32, 0x0e, 0x33, 0xef, 0x3a, 0x0e, 0x33, 0x0e, 0x33,
    0xef, 0x3a, 0xee, 0x32, 0x0e, 0x33, 0xef, 0x3a, 0xee, 0x32, 0x0e, 0x33,
    0xef, 0x3a, 0x0e, 0x33, 0x0e, 0x33, 0xef, 0x3a, 0xee, 0x32, 0x0e, 0x33,
    0xef, 0x3a, 0x0e, 0x33, 0xee, 0x32, 0xef, 0x3a, 0x0e, 0x33, 0xee, 0x32,
    0x0f, 0x3b, 0xee, 0x32, 0xee, 0x32, 0x0f, 0x3b, 0x0e, 0x33, 0xee, 0x32,
    0x0f, 0x3b, 0xee, 0x32, 0x0e, 0x33, 0x0f, 0x3b, 0xee, 0x32, 0x0e, 0x33,
    0x0f, 0x3b, 0xee, 0x32, 0x0e, 0x33, 0xef, 0x3a, 0x0e, 0x33, 0x0e, 0x33,
    0xef, 0x3a, 0xee, 0x32, 0x0e, 0x33, 0xef, 0x3a, 0xee, 0x32, 0x0e, 0x33,
    0xef, 0x3a, 0x0e, 0x33, 0x0e, 0x33, 0xef, 0x3a, 0xee, 0x32, 0x0e, 0x33,
    0xef, 0x3a, 0x0e, 0x33, 0xee, 0x32, 0xef, 0x3a, 0x0e, 0x33, 0xee, 0x32,
    0x0f, 0x3b, 0xee, 0x32, 0xee, 0x32, 0x0f, 0x3b, 0x0e, 0x33, 0xee, 0x32,
    0x0f, 0x3b, 0xee, 0x32, 0x0e, 0x33, 0x0f, 0x3b, 0xee, 0x32, 0x0e, 0x33,
    0x0f, 0x3b, 0xee, 0x32, 0x0e, 0x33, 0xef, 0x3a, 0x0e, 0x33, 0x0e, 0x33,
    0xef, 0x3a, 0xee, 0x32, 0x0e, 0x33, 0xef, 0x3a, 0xee, 0x32, 0x0e, 0x33,
    0xef, 0x3a, 0x0e, 0x33, 0x0e, 0x33, 0xef, 0x3a, 0xee, 0x32, 0x0e, 0x33,
    0xef, 0x3a, 0x0e, 0x33, 0xee, 0x32, 0xef, 0x3a, 0x0e, 0x33, 0xee, 0x32,
    0x0f, 0x3b, 0xee, 0x32, 0xee, 0x32, 0x0f, 0x3b, 0x0e, 0x33, 0xee, 0x32,
    0x0f, 0x3b, 0xee, 0x32, 0x0e, 0x33, 0x0f, 0x3b, 0xee, 0x32, 0x0e, 0x33,
    0x0f, 0x3b, 0xee, 0x32, 0x0e, 0x33, 0xef, 0x3a, 0x0e, 0x33, 0x0e, 0x33,
    0xef, 0x3a, 0xee, 0x32, 0x0e, 0x33, 0xef, 0x3a, 0xee, 0x32, 0x0e, 0x33,
    0xef, 0x3a, 0x0e, 0x33, 0x0e, 0x33, 0xef, 0x3a, 0xee, 0x32, 0x0e, 0x33,
    0xef, 0x3a, 0x0e, 0x33, 0xee, 0x32, 0xef, 0x3a, 0x0e, 0x33, 0xee, 0x32,
    0x0f, 0x3b, 0xee, 0x32, 0xee, 0x32, 0x0f, 0x3b, 0x0e, 0x33, 0xee, 0x32,
    0x0f, 0x3b, 0xee, 0x32, 0x0e, 0x33, 0x0f, 0x3b, 0xee, 0x32, 0x0e, 0x33,
    0x0f, 0x3b, 0xee, 0x32, 0x0e, 0x33, 0xef, 0x3a, 0x0e, 0x33, 0x0e, 0x33,
    0xef, 0x3a, 0xee, 0x32, 0x0e, 0x33, 0xef, 0x3a, 0xee, 0x32, 0x0e, 0x33,
    0xef, 0x3a, 0x0e, 0x33, 0x0e, 0x33, 0xef, 0x3a, 0xee, 0x32, 0x0e, 0x33,
    0xef, 0x3a, 0x0e, 0x33, 0xee, 0x32, 0xef, 0x3a, 0x0e, 0x33, 0xee, 0x32,
    0x0f, 0x3b, 0xee, 0x32, 0xee, 0x32, 0x0f, 0x3b, 0x0e, 0x33, 0xee, 0x32,
    0x0f, 0x3b, 0xee, 0x32, 0x0e, 0x33, 0x0f, 0x3b, 0xee, 0x32, 0x0e, 0x33,
    0x0f, 0x3b, 0xee, 0x32, 0x0e, 0x33, 0xef, 0x3a, 0x0e, 0x33, 0x0e, 0x33,
    0xef, 0x3a, 0xee, 0x32, 0x0e, 0x33, 0xef, 0x3a, 0xee, 0x32, 0x0e, 0x33,
    0xef, 0x3a, 0x0e, 0x33, 0x0e, 0x33, 0xef, 0x3a, 0xee, 0x32, 0x0e, 0x33,
    0xef, 0x3a, 0x0e, 0x33, 0xee, 0x32, 0xef, 0x3a, 0x0e, 0x33, 0xee, 0x32,
    0x0f, 0x3b, 0xee, 0x32, 0xee, 0x32, 0x0f, 0x3b, 0x0e, 0x33, 0xee, 0x32,
    0x0f, 0x3b, 0xee, 0x32, 0x0e, 0x33, 0x0f, 0x3b, 0xee, 0x32, 0x0e, 0x33,
    0x0f, 0x3b, 0xee, 0x32, 0x0e, 0x33, 0xef, 0x3a, 0x0e, 0x33, 0x0e, 0x33,
    0xef, 0x3a, 0xee, 0x32, 0x0e, 0x33, 0xef, 0x3a, 0xee, 0x32, 0x0e, 0x33,
    0xef, 0x3a, 0x0e, 0x33, 0x0e, 0x33, 0xef, 0x3a, 0xee, 0x32, 0x0e, 0x33,
    0xef, 0x3a, 0x0e, 0x33, 0xee, 0x32, 0xef, 0x3a, 0x0e, 0x33, 0xee, 0x32,
    0x0f, 0x3b, 0xee, 0x32, 0xee, 0x32, 0x0f, 0x3b, 0x0e, 0x33, 0xef, 0x3a,
    0x0f, 0x3b, 0xef, 0x3a, 0x0e, 0x33, 0x0e, 0x33, 0xef, 0x3a, 0xee, 0x32,
    0x0e, 0x33, 0xef, 0x3a, 0xee, 0x32, 0x0f, 0x3b, 0x0f, 0x3b, 0xee, 0x32,
    0x0f, 0x3b, 0x0e, 0x33, 0xef, 0x3a, 0x0e, 0x33, 0xef, 0x3a, 0x0e, 0x33,
    0xef, 0x3a, 0xee, 0x32, 0x0e, 0x33, 0x0f, 0x3b, 0xee, 0x32, 0x0f, 0x3b,
    0x0f, 0x3b, 0xee, 0x32, 0x0f, 0x3b, 0x0e, 0x33, 0xef, 0x3a, 0x0f, 0x3b,
    0xee, 0x32, 0x0e, 0x33, 0xef, 0x3a, 0x0f, 0x3b, 0xee, 0x32, 0xee, 0x32,
    0x0f, 0x3b, 0xee, 0x32, 0xee, 0x32, 0x0f, 0x3b, 0x0e, 0x33, 0xee, 0x32,
    0x0f, 0x3b, 0x0f, 0x3b, 0xee, 0x32, 0xee, 0x32, 0x0f, 0x3b, 0xee, 0x32,
    0xef, 0x3a, 0x0f, 0x3b, 0x0e, 0x33, 0xef, 0x3a, 0x0f, 0x3b, 0xee, 0x32,
    0xef, 0x3a, 0x0f, 0x3b, 0x0e, 0x33, 0xef, 0x3a, 0x0f, 0x3b, 0xee, 0x32,
    0xef, 0x3a, 0x0f, 0x3b, 0xee, 0x32, 0xef, 0x3a, 0x0f, 0x3b, 0x0e, 0x33,
    0xef, 0x3a, 0x0f, 0x3b, 0x0e, 0x33, 0xef, 0x3a, 0xef, 0x3a, 0x0e, 0x33,
    0xef, 0x3a, 0xef, 0x3a, 0x0e, 0x33, 0x0f, 0x3b, 0xef, 0x3a, 0xee, 0x32,
    0x0f, 0x3b, 0xef, 0x3a, 0x0e, 0x33, 0x0f, 0x3b, 0xef, 0x3a, 0xee, 0x32,
    0x0f, 0x3b, 0xef, 0x3a, 0xee, 0x32, 0x0f, 0x3b, 0xef, 0x3a, 0x0e, 0x33,
    0xef, 0x3a, 0x0f, 0x3b, 0x0e, 0x33, 0xef, 0x3a, 0x0f, 0x3b, 0x0e, 0x33,
    0xef, 0x3a, 0x0f, 0x3b, 0xee, 0x32, 0xef, 0x3a, 0x0f, 0x3b, 0x0e, 0x33,
    0xef, 0x3a, 0x0f, 0x3b, 0xee, 0x32, 0xef, 0x3a, 0x0f, 0x3b, 0x0e, 0x33,
    0xef, 0x3a, 0x0f, 0x3b, 0x0e, 0x33, 0xef, 0x3a, 0x0f, 0x3b, 0xee, 0x32,
    0xef, 0x3a, 0x0f, 0x3b, 0x0e, 0x33, 0xef, 0x3a, 0xef, 0x3a, 0x0e, 0x33,
    0xef, 0x3a, 0xef, 0x3a, 0x0e, 0x33, 0x0f, 0x3b, 0xef, 0x3a, 0xee, 0x32,
    0x0f, 0x3b, 0x0f, 0x3b, 0xee, 0x32, 0x0f, 0x3b, 0x0f, 0x3b, 0xee, 0x32,
    0x0f, 0x3b, 0x0f, 0x3b, 0xee, 0x32, 0xef, 0x3a, 0x0f, 0x3b, 0x0e, 0x33,
    0xef, 0x3a, 0x0f, 0x3b, 0xee, 0x32, 0xef, 0x3a, 0x0f, 0x3b, 0x0e, 0x33,
    0xef, 0x3a, 0x0f, 0x3b, 0x0e, 0x33, 0xef, 0x3a, 0x0f, 0x3b, 0xee, 0x32,
    0xef, 0x3a, 0x0f, 0x3b, 0x0e, 0x33, 0xef, 0x3a, 0xef, 0x3a, 0x0e, 0x33,
    0xef, 0x3a, 0xef, 0x3a, 0x0e, 0x33, 0x0f, 0x3b, 0xef, 0x3a, 0xee, 0x32,
    0x0f, 0x3b, 0x0f, 0x3b, 0xee, 0x32, 0x0f, 0x3b, 0x0f, 0x3b, 0xee, 0x32,
    0x0f, 0x3b, 0x0f, 0x3b, 0xee, 0x32, 0xef, 0x3a, 0x0f, 0x3b, 0x0e, 0x33,
    0xef, 0x3a, 0x0f, 0x3b, 0xee, 0x32, 0xef, 0x3a, 0x0f, 0x3b, 0x0e, 0x33,
    0xef, 0x3a, 0x0f, 0x3b, 0x0e, 0x33, 0xef, 0x3a, 0x0f, 0x3b, 0xee, 0x32,
    0xef, 0x3a, 0x0f, 0x3b, 0x0e, 0x33, 0xef, 0x3a, 0xef, 0x3a, 0x0e, 0x33,
    0xef, 0x3a, 0xef, 0x3a, 0x0e, 0x33, 0x0f, 0x3b, 0xef, 0x3a, 0xee, 0x32,
    0x0f, 0x3b, 0x0f, 0x3b, 0xee, 0x32, 0x0f, 0x3b, 0x0f, 0x3b, 0xee, 0x32,
    0x0f, 0x3b, 0x0f, 0x3b, 0xee, 0x32, 0xef, 0x3a, 0x0f, 0x3b, 0x0e, 0x33,
    0xef, 0x3a, 0x0f, 0x3b, 0xee, 0x32, 0xef, 0x3a, 0x0f, 0x3b, 0x0e, 0x33,
    0xef, 0x3a, 0x0f, 0x3b, 0x0e, 0x33, 0xef, 0x3a, 0x0f, 0x3b, 0xee, 0x32,
    0xef, 0x3a, 0x0f, 0x3b, 0x0e, 0x33, 0xef, 0x3a, 0xef, 0x3a, 0x0e, 0x33,
    0xef, 0x3a, 0xef, 0x3a, 0x0e, 0x33, 0x0f, 0x3b, 0xef, 0x3a, 0xee, 0x32,
    0x0f, 0x3b, 0x0f, 0x3b, 0xee, 0x32, 0x0f, 0x3b, 0x0f, 0x3b, 0xee, 0x32,
    0x0f, 0x3b, 0x0f, 0x3b, 0xee, 0x32, 0xef, 0x3a, 0x0f, 0x3b, 0x0e, 0x33,
    0xef, 0x3a, 0x0f, 0x3b, 0xee, 0x32, 0xef, 0x3a, 0x0f, 0x3b, 0x0e, 0x33,
    0xef, 0x3a, 0x0f, 0x3b, 0x0e, 0x33, 0xef, 0x3a, 0x0f, 0x3b, 0xee, 0x32,
    0xef, 0x3a, 0x0f, 0x3b, 0x0e, 0x33, 0xef, 0x3a, 0xef, 0x3a, 0x0e, 0x33,
    0xef, 0x3a, 0xef, 0x3a, 0x0e, 0x33, 0x0f, 0x3b, 0xef, 0x3a, 0xee, 0x32,
    0x0f, 0x3b, 0x0f, 0x3b, 0xee, 0x32, 0x0f, 0x3b, 0x0f, 0x3b, 0xee, 0x32,
    0x0f, 0x3b, 0x0f, 0x3b, 0xee, 0x32, 0xef, 0x3a, 0x0f, 0x3b, 0x0e, 0x33,
    0xef, 0x3a, 0x0f, 0x3b, 0xee, 0x32, 0xef, 0x3a, 0x0f, 0x3b, 0x0e, 0x33,
    0xef, 0x3a, 0x0f, 0x3b, 0x0e, 0x33, 0xef, 0x3a, 0x0f, 0x3b, 0xee, 0x32,
    0xef, 0x3a, 0x0f, 0x3b, 0x0e, 0x33, 0xef, 0x3a, 0xef, 0x3a, 0x0e, 0x33,
    0xef, 0x3a, 0xef, 0x3a, 0x0e, 0x33, 0x0f, 0x3b, 0xef, 0x3a, 0xee, 0x32,
    0x0f, 0x3b, 0x0f, 0x3b, 0xee, 0x32, 0x0f, 0x3b, 0x0f, 0x3b, 0xee, 0x32,
    0x0f, 0x3b, 0x0f, 0x3b, 0xee, 0x32, 0xef, 0x3a, 0x0f, 0x3b, 0x0e, 0x33,
    0xef, 0x3a, 0x0f, 0x3b, 0xee, 0x32, 0xef, 0x3a, 0x0f, 0x3b, 0x0e, 0x33,
    0xef, 0x3a, 0x0f, 0x3b, 0x0e, 0x33, 0xef, 0x3a, 0x0f, 0x3b, 0xee, 0x32,
    0xef, 0x3a, 0x0f, 0x3b, 0x0e, 0x33, 0xef, 0x3a, 0xef, 0x3a, 0x0e, 0x33,
    0xef, 0x3a, 0xef, 0x3a, 0x0e, 0x33, 0x0f, 0x3b, 0xef, 0x3a, 0xee, 0x32,
    0x0f, 0x3b, 0x0f, 0x3b, 0xee, 0x32, 0x0f, 0x3b, 0x0f, 0x3b, 0xee, 0x32,
    0x0f, 0x3b, 0x0f, 0x3b, 0xee, 0x32, 0xef, 0x3a, 0x0f, 0x3b, 0x0e, 0x33,
    0xef, 0x3a, 0x0f, 0x3b, 0xee, 0x32, 0xef, 0x3a, 0x0f, 0x3b, 0x0e, 0x33,
    0xef, 0x3a, 0x0f, 0x3b, 0x0e, 0x33, 0xef, 0x3a, 0x0f, 0x3b, 0xee, 0x32,
    0xef, 0x3a, 0x0f, 0x3b, 0x0e, 0x33, 0xef, 0x3a, 0xef, 0x3a, 0x0e, 0x33,
    0xef, 0x3a, 0xef, 0x3a, 0x0e, 0x33, 0x0f, 0x3b, 0xef, 0x3a, 0xee, 0x32,
    0x0f, 0x3b, 0x0f, 0x3b, 0xee, 0x32, 0x0f, 0x3b, 0x0f, 0x3b, 0xee, 0x32,
    0x0f, 0x3b, 0x0f, 0x3b, 0xee, 0x32, 0xef, 0x3a, 0x0f, 0x3b, 0x0e, 0x33,
    0xef, 0x3a, 0x0f, 0x3b, 0xee, 0x32, 0xef, 0x3a, 0x0f, 0x3b, 0x0e, 0x33,
    0xef, 0x3a, 0x0f, 0x3b, 0x0e, 0x33, 0xef, 0x3a, 0x0f, 0x3b, 0xee, 0x32,
    0xef, 0x3a, 0x0f, 0x3b, 0x0e, 0x33, 0xef, 0x3a, 0xef, 0x3a, 0x0e, 0x33,
    0xef, 0x3a, 0xef, 0x3a, 0x0e, 0x33, 0x0f, 0x3b, 0xef, 0x3a, 0xee, 0x32,
    0x0f, 0x3b, 0x0f, 0x3b, 0xee, 0x32, 0x0f, 0x3b, 0x0f, 0x3b, 0xee, 0x32,
    0x0f, 0x3b, 0x0f, 0x3b, 0xee, 0x32, 0xef, 0x3a, 0x0f, 0x3b, 0x0e, 0x33,
    0xef, 0x3a, 0x0f, 0x3b, 0xee, 0x32, 0xef, 0x3a, 0x0f, 0x3b, 0x0e, 0x33,
    0xef, 0x3a, 0x0f, 0x3b, 0x0e, 0x33, 0xef, 0x3a, 0x0f, 0x3b, 0xee, 0x32,
    0xef, 0x3a, 0x0f, 0x3b, 0x0e, 0x33, 0xef, 0x3a, 0xef, 0x3a, 0x0e, 0x33,
    0xef, 0x3a, 0xef, 0x3a, 0x0e, 0x33, 0x0f, 0x3b, 0xef, 0x3a, 0xee, 0x32,
    0x0f, 0x3b, 0x0f, 0x3b, 0xee, 0x32, 0x0f, 0x3b, 0x0f, 0x3b, 0xee, 0x32,
    0x0f, 0x3b, 0x0f, 0x3b, 0xee, 0x32, 0xef, 0x3a, 0x0f, 0x3b, 0x0e, 0x33,
    0xef, 0x3a, 0x0f, 0x3b, 0xee, 0x32, 0xef, 0x3a, 0x0f, 0x3b, 0x0e, 0x33,
    0xef, 0x3a, 0x0f, 0x3b, 0x0e, 0x33, 0xef, 0x3a, 0x0f, 0x3b, 0xee, 0x32,
    0xef, 0x3a, 0x0f, 0x3b, 0x0e, 0x33, 0xef, 0x3a, 0xef, 0x3a, 0x0e, 0x33,
    0xef, 0x3a, 0xef, 0x3a, 0x0e, 0x33, 0x0f, 0x3b, 0xef, 0x3a, 0xee, 0x32,
    0x0f, 0x3b, 0x0f, 0x3b, 0xee, 0x32, 0x0f, 0x3b, 0x0f, 0x3b, 0xee, 0x32,
    0x0f, 0x3b, 0x0f, 0x3b, 0xee, 0x32, 0xef, 0x3a, 0x0f, 0x3b, 0x0e, 0x33,
    0xef, 0x3a, 0x0f, 0x3b, 0xee, 0x32, 0xef, 0x3a, 0x0f, 0x3b, 0x0e, 0x33,
    0xef, 0x3a, 0x0f, 0x3b, 0x0e, 0x33, 0xef, 0x3a, 0x0f, 0x3b, 0xee, 0x32,
    0xef, 0x3a, 0x0f, 0x3b, 0x0e, 0x33, 0xef, 0x3a, 0xef, 0x3a, 0x0e, 0x33,
    0xef, 0x3a, 0xef, 0x3a, 0x0e, 0x33, 0x0f, 0x3b, 0xef, 0x3a, 0xee, 0x32,
    0x0f, 0x3b, 0x0f, 0x3b, 0xee, 0x32, 0x0f, 0x3b, 0x0f, 0x3b, 0xee, 0x32,
    0x0f, 0x3b, 0x0f, 0x3b, 0xee, 0x32, 0xef, 0x3a, 0x0f, 0x3b, 0x0e, 0x33,
    0xef, 0x3a, 0x0f, 0x3b, 0xee, 0x32, 0xef, 0x3a, 0x0f, 0x3b, 0x0e, 0x33,
    0xef, 0x3a, 0x0f, 0x3b, 0x0e, 0x33, 0xef, 0x3a, 0x0f, 0x3b, 0xee, 0x32,
    0xef, 0x3a, 0x0f, 0x3b, 0x0e, 0x33, 0xef, 0x3a, 0xef, 0x3a, 0x0e, 0x33,
    0xef, 0x3a, 0xef, 0x3a, 0x0e, 0x33, 0x0f, 0x3b, 0xef, 0x3a, 0xee, 0x32,
    0x0f, 0x3b, 0x0f, 0x3b, 0xee, 0x32, 0x0f, 0x3b, 0x0f, 0x3b, 0xee, 0x32,
    0x0f, 0x3b, 0x0f, 0x3b, 0xee, 0x32, 0xef, 0x3a, 0x0f, 0x3b, 0x0e, 0x33,
    0xef, 0x3a, 0x0f, 0x3b, 0xee, 0x32, 0xef, 0x3a, 0x0f, 0x3b, 0x0e, 0x33,
    0xef, 0x3a, 0x0f, 0x3b, 0x0e, 0x33, 0xef, 0x3a, 0x0f, 0x3b, 0xee, 0x32,
    0xef, 0x3a, 0x0f, 0x3b, 0x0e, 0x33, 0xef, 0x3a, 0xef, 0x3a, 0x0e, 0x33,
    0xef, 0x3a, 0xef, 0x3a, 0x0e, 0x33, 0x0f, 0x3b, 0xef, 0x3a, 0xee, 0x32,
    0x0f, 0x3b, 0x0f, 0x3b, 0xee, 0x32, 0x0f, 0x3b, 0x0f, 0x3b, 0xee, 0x32,
    0x0f, 0x3b, 0x0f, 0x3b, 0xee, 0x32, 0xef, 0x3a, 0x0f, 0x3b, 0x0e, 0x33,
    0xef, 0x3a, 0x0f, 0x3b, 0xee, 0x32, 0xef, 0x3a, 0x0f, 0x3b, 0x0e, 0x33,
    0xef, 0x3a, 0x0f, 0x3b, 0x0e, 0x33, 0xef, 0x3a, 0x0f, 0x3b, 0xee, 0x32,
    0xef, 0x3a, 0x0f, 0x3b, 0x0e, 0x33, 0xef, 0x3a, 0xef, 0x3a, 0x0e, 0x33,
    0xef, 0x3a, 0xef, 0x3a, 0x0e, 0x33, 0x0f, 0x3b, 0xef, 0x3a, 0xee, 0x32,
    0x0f, 0x3b, 0x0f, 0x3b, 0xee, 0x32, 0x0f, 0x3b, 0x0f, 0x3b, 0xee, 0x32,
    0x0f, 0x3b, 0x0f, 0x3b, 0xee, 0x32, 0xef, 0x3a, 0x0f, 0x3b, 0x0e, 0x33,
    0xef, 0x3a, 0x0f, 0x3b, 0xee, 0x32, 0xef, 0x3a, 0x0f, 0x3b, 0x0e, 0x33,
    0xef, 0x3a, 0x0f, 0x3b, 0x0e, 0x33, 0xef, 0x3a, 0x0f, 0x3b, 0xee, 0x32,
    0xef, 0x3a, 0x0f, 0x3b, 0x0e, 0x33, 0xef, 0x3a, 0xef, 0x3a, 0x0e, 0x33,
    0xef, 0x3a, 0xef, 0x3a, 0x0e, 0x33, 0x0f, 0x3b, 0xef, 0x3a, 0xee, 0x32,
    0x0f, 0x3b, 0x0f, 0x3b, 0xee, 0x32, 0x0f, 0x3b, 0x0f, 0x3b, 0xee, 0x32,
    0x0f, 0x3b, 0x0f, 0x3b, 0xee, 0x32, 0xef, 0x3a, 0x0f, 0x3b, 0x0e, 0x33,
    0xef, 0x3a, 0x0f, 0x3b, 0xee, 0x32, 0xef, 0x3a, 0x0f, 0x3b, 0x0e, 0x33,
    0xef, 0x3a, 0x0f, 0x3b, 0x0e, 0x33, 0xef, 0x3a, 0x0f, 0x3b, 0xee, 0x32,
    0xef, 0x3a, 0x0f, 0x3b, 0x0e, 0x33, 0xef, 0x3a, 0xef, 0x3a, 0x0e, 0x33,
    0xef, 0x3a, 0xef, 0x3a, 0x0e, 0x33, 0x0f, 0x3b, 0xef, 0x3a, 0xee, 0x32,
    0x0f, 0x3b, 0x0f, 0x3b, 0xee, 0x32, 0x0f, 0x3b, 0x0f, 0x3b, 0xee, 0x32,
    0x0f, 0x3b, 0x0f, 0x3b, 0xee, 0x32, 0xef, 0x3a, 0x0f, 0x3b, 0x0e, 0x33,
    0xef, 0x3a, 0x0f, 0x3b, 0xee, 0x32, 0xef, 0x3a, 0x0f, 0x3b, 0x0e, 0x33,
    0xef, 0x3a, 0x0f, 0x3b, 0x0e, 0x33, 0xef, 0x3a, 0x0f, 0x3b, 0xee, 0x32,
    0xef, 0x3a, 0x0f, 0x3b, 0x0e, 0x33, 0xef, 0x3a, 0xef, 0x3a, 0x0e, 0x33,
    0xef, 0x3a, 0xef, 0x3a, 0x0e, 0x33, 0x0f, 0x3b, 0xef, 0x3a, 0xee, 0x32,
    0x0f, 0x3b, 0x0f, 0x3b, 0xee, 0x32, 0x0f, 0x3b, 0x0f, 0x3b, 0xee, 0x32,
    0x0f, 0x3b, 0x0f, 0x3b, 0xee, 0x32, 0xef, 0x3a, 0x0f, 0x3b, 0x0e, 0x33,
    0xef, 0x3a, 0x0f, 0x3b, 0xee, 0x32, 0xef, 0x3a, 0x0f, 0x3b, 0x0e, 0x33,
    0xef, 0x3a, 0x0f, 0x3b, 0x0e, 0x33, 0xef, 0x3a, 0x0f, 0x3b, 0xee, 0x32,
    0xef, 0x3a, 0x0f, 0x3b, 0x0e, 0x33, 0xef, 0x3a, 0xef, 0x3a, 0x0e, 0x33,
    0xef, 0x3a, 0xef, 0x3a, 0x0e, 0x33, 0x0f, 0x3b, 0xef, 0x3a, 0xee, 0x32,
    0x0f, 0x3b, 0x0f, 0x3b, 0xee, 0x32, 0x0f, 0x3b, 0x0f, 0x3b, 0xee, 0x32,
    0x0f, 0x3b, 0x0f, 0x3b, 0xee, 0x32, 0xef, 0x3a, 0x0f, 0x3b, 0x0e, 0x33,
    0xef, 0x3a, 0x0f, 0x3b, 0xee, 0x32, 0xef, 0x3a, 0x0f, 0x3b, 0x0e, 0x33,
    0xef, 0x3a, 0x0f, 0x3b, 0x0e, 0x33, 0xef, 0x3a, 0x0f, 0x3b, 0xee, 0x32,
    0xee, 0x32, 0x0e, 0x33, 0x0f, 0x3b, 0xee, 0x32, 0xef, 0x3a, 0x0f, 0x3b,
    0x0e, 0x33, 0xef, 0x3a, 0x0e, 0x33, 0x0f, 0x3b, 0xee, 0x32, 0x0e, 0x33,
    0xef, 0x3a, 0x0e, 0x33, 0xef, 0x3a, 0xef, 0x3a, 0x0e, 0x33, 0x0f, 0x3b,
    0xee, 0x32, 0x0e, 0x33, 0x0f, 0x3b, 0xee, 0x32, 0xef, 0x3a, 0xee, 0x32,
    0x0e, 0x33, 0xef, 0x3a, 0xee, 0x32, 0x0f, 0x3b, 0xee, 0x32, 0xee, 0x32,
    0x0f, 0x3b, 0x0f, 0x3b, 0xee, 0x32, 0xef, 0x3a, 0x0e, 0x33, 0x0f, 0x3b,
    0xef, 0x3a, 0x0e, 0x33, 0x0f, 0x3b, 0xef, 0x3a, 0x0e, 0x33, 0xef, 0x3a,
    0xef, 0x3a, 0x0e, 0x33, 0xee, 0x32, 0x0f, 0x3b, 0xef, 0x3a, 0x0e, 0x33,
    0x0f, 0x3b, 0xee, 0x32, 0x0f, 0x3b, 0xee, 0x32, 0xee, 0x32, 0x0f, 0x3b,
    0x0e, 0x33, 0xee, 0x32, 0x0f, 0x3b, 0xee, 0x32, 0xee, 0x32, 0x0f, 0x3b,
    0x0e, 0x33, 0xee, 0x32, 0x0f, 0x3b, 0x0e, 0x33, 0xee, 0x32, 0xef, 0x3a,
    0x0e, 0x33, 0xee, 0x32, 0xef, 0x3a, 0x0e, 0x33, 0x0e, 0x33, 0xef, 0x3a,
    0x0e, 0x33, 0x0e, 0x33, 0xef, 0x3a, 0x0e, 0x33, 0xee, 0x32, 0x0f, 0x3b,
    0x0e, 0x33, 0xee, 0x32, 0xef, 0x3a, 0x0e, 0x33, 0xee, 0x32, 0xef, 0x3a,
    0x0e, 0x33, 0x0e, 0x33, 0xef, 0x3a, 0x0e, 0x33, 0x0e, 0x33, 0xef, 0x3a,
    0x0e, 0x33, 0xee, 0x32, 0xef, 0x3a, 0x0e, 0x33, 0xee, 0x32, 0xef, 0x3a,
    0x0e, 0x33, 0xee, 0x32, 0x0f, 0x3b, 0x0e, 0x33, 0xee, 0x32, 0xef, 0x3a,
    0x0e, 0x33, 0xee, 0x32, 0x0f, 0x3b, 0x0e, 0x33, 0xee, 0x32, 0x0f, 0x3b,
    0x0e, 0x33, 0xee, 0x32, 0xef, 0x3a, 0x0e, 0x33, 0xee, 0x32, 0x0f, 0x3b,
    0x0e, 0x33, 0xee, 0x32, 0xef, 0x3a, 0x0e, 0x33, 0xee, 0x32, 0x0f, 0x3b,
    0x0e, 0x33, 0xee, 0x32, 0x0f, 0x3b, 0xee, 0x32, 0xee, 0x32, 0x0f, 0x3b,
    0xee, 0x32, 0x0e, 0x33, 0xef, 0x3a, 0xee, 0x32, 0x0e, 0x33, 0xef, 0x3a,
    0xee, 0x32, 0x0e, 0x33, 0xef, 0x3a, 0x0e, 0x33, 0xee, 0x32, 0xef, 0x3a,
    0x0e, 0x33, 0xee, 0x32, 0x0f, 0x3b, 0x0e, 0x33, 0xee, 0x32, 0x0f, 0x3b,
    0x0e, 0x33, 0xee, 0x32, 0xef, 0x3a, 0x0e, 0x33, 0xee, 0x32, 0x0f, 0x3b,
    0x0e, 0x33, 0xee, 0x32, 0xef, 0x3a, 0x0e, 0x33, 0xee, 0x32, 0x0f, 0x3b,
    0x0e, 0x33, 0xee, 0x32, 0x0f, 0x3b, 0xee, 0x32, 0xee, 0x32, 0x0f, 0x3b,
    0xee, 0x32, 0x0e, 0x33, 0xef, 0x3a, 0xee, 0x32, 0x0e, 0x33, 0xef, 0x3a,
    0xee, 0x32, 0x0e, 0x33, 0xef, 0x3a, 0x0e, 0x33, 0xee, 0x32, 0xef, 0x3a,
    0x0e, 0x33, 0xee, 0x32, 0x0f, 0x3b, 0x0e, 0x33, 0xee, 0x32, 0x0f, 0x3b,
    0x0e, 0x33, 0xee, 0x32, 0xef, 0x3a, 0x0e, 0x33, 0xee, 0x32, 0x0f, 0x3b,
    0x0e, 0x33, 0xee, 0x32, 0xef, 0x3a, 0x0e, 0x33, 0xee, 0x32, 0x0f, 0x3b,
    0x0e, 0x33, 0xee, 0x32, 0x0f, 0x3b, 0xee, 0x32, 0xee, 0x32, 0x0f, 0x3b,
    0xee, 0x32, 0x0e, 0x33, 0xef, 0x3a, 0xee, 0x32, 0x0e, 0x33, 0xef, 0x3a,
    0xee, 0x32, 0x0e, 0x33, 0xef, 0x3a, 0x0e, 0x33, 0xee, 0x32, 0xef, 0x3a,
    0x0e, 0x33, 0xee, 0x32, 0x0f, 0x3b, 0x0e, 0x33, 0xee, 0x32, 0x0f, 0x3b,
    0x0e, 0x33, 0xee, 0x32, 0xef, 0x3a, 0x0e, 0x33, 0xee, 0x32, 0x0f, 0x3b,
    0x0e, 0x33, 0xee, 0x32, 0xef, 0x3a, 0x0e, 0x33, 0xee, 0x32, 0x0f, 0x3b,
    0x0e, 0x33, 0xee, 0x32, 0x0f, 0x3b, 0xee, 0x32, 0xee, 0x32, 0x0f, 0x3b,
    0xee, 0x32, 0x0e, 0x33, 0xef, 0x3a, 0xee, 0x32, 0x0e, 0x33, 0xef, 0x3a,
    0xee, 0x32, 0x0e, 0x33, 0xef, 0x3a, 0x0e, 0x33, 0xee, 0x32, 0xef, 0x3a,
    0x0e, 0x33, 0xee, 0x32, 0x0f, 0x3b, 0x0e, 0x33, 0xee, 0x32, 0x0f, 0x3b,
    0x0e, 0x33, 0xee, 0x32, 0xef, 0x3a, 0x0e, 0x33, 0xee, 0x32, 0x0f, 0x3b,
    0x0e, 0x33, 0xee, 0x32, 0xef, 0x3a, 0x0e, 0x33, 0xee, 0x32, 0x0f, 0x3b,
    0x0e, 0x33, 0xee, 0x32, 0x0f, 0x3b, 0xee, 0x32, 0xee, 0x32, 0x0f, 0x3b,
    0xee, 0x32, 0x0e, 0x33, 0xef, 0x3a, 0xee, 0x32, 0x0e, 0x33, 0xef, 0x3a,
    0xee, 0x32, 0x0e, 0x33, 0xef, 0x3a, 0x0e, 0x33, 0xee, 0x32, 0xef, 0x3a,
    0x0e, 0x33, 0xee, 0x32, 0x0f, 0x3b, 0x0e, 0x33, 0xee, 0x32, 0x0f, 0x3b,
    0x0e, 0x33, 0xee, 0x32, 0xef, 0x3a, 0x0e, 0x33, 0xee, 0x32, 0x0f, 0x3b,
    0x0e, 0x33, 0xee, 0x32, 0xef, 0x3a, 0x0e, 0x33, 0xee, 0x32, 0x0f, 0x3b,
    0x0e, 0x33, 0xee, 0x32, 0x0f, 0x3b, 0xee, 0x32, 0xee, 0x32, 0x0f, 0x3b,
    0xee, 0x32, 0x0e, 0x33, 0xef, 0x3a, 0xee, 0x32, 0x0e, 0x33, 0xef, 0x3a,
    0xee, 0x32, 0x0e, 0x33, 0xef, 0x3a, 0x0e, 0x33, 0xee, 0x32, 0xef, 0x3a,
    0x0e, 0x33, 0xee, 0x32, 0x0f, 0x3b, 0x0e, 0x33, 0xee, 0x32, 0x0f, 0x3b,
    0x0e, 0x33, 0xee, 0x32, 0xef, 0x3a, 0x0e, 0x33, 0xee, 0x32, 0x0f, 0x3b,
    0x0e, 0x33, 0xee, 0x32, 0xef, 0x3a, 0x0e, 0x33, 0xee, 0x32, 0x0f, 0x3b,
    0x0e, 0x33, 0xee, 0x32, 0x0f, 0x3b, 0xee, 0x32, 0xee, 0x32, 0x0f, 0x3b,
    0xee, 0x32, 0x0e, 0x33, 0xef, 0x3a, 0xee, 0x32, 0x0e, 0x33, 0xef, 0x3a,
    0xee, 0x32, 0x0e, 0x33, 0xef, 0x3a, 0x0e, 0x33, 0xee, 0x32, 0xef, 0x3a,
    0x0e, 0x33, 0xee, 0x32, 0x0f, 0x3b, 0x0e, 0x33, 0xee, 0x32, 0x0f, 0x3b,
    0x0e, 0x33, 0xee, 0x32, 0xef, 0x3a, 0x0e, 0x33, 0xee, 0x32, 0x0f, 0x3b,
    0x0e, 0x33, 0xee, 0x32, 0xef, 0x3a, 0x0e, 0x33, 0xee, 0x32, 0x0f, 0x3b,
    0x0e, 0x33, 0xee, 0x32, 0x0f, 0x3b, 0xee, 0x32, 0xee, 0x32, 0x0f, 0x3b,
    0xee, 0x32, 0x0e, 0x33, 0xef, 0x3a, 0xee, 0x32, 0x0e, 0x33, 0xef, 0x3a,
    0xee, 0x32, 0x0e, 0x33, 0xef, 0x3a, 0x0e, 0x33, 0xee, 0x32, 0xef, 0x3a,
    0x0e, 0x33, 0xee, 0x32, 0x0f, 0x3b, 0x0e, 0x33, 0xee, 0x32, 0x0f, 0x3b,
    0x0e, 0x33, 0xee, 0x32, 0xef, 0x3a, 0x0e, 0x33, 0xee, 0x32, 0x0f, 0x3b,
    0x0e, 0x33, 0xee, 0x32, 0xef, 0x3a, 0x0e, 0x33, 0xee, 0x32, 0x0f, 0x3b,
    0x0e, 0x33, 0xee, 0x32, 0x0f, 0x3b, 0xee, 0x32, 0xee, 0x32, 0x0f, 0x3b,
    0xee, 0x32, 0x0e, 0x33, 0xef, 0x3a, 0xee, 0x32, 0x0e, 0x33, 0xef, 0x3a,
    0xee, 0x32, 0x0e, 0x33, 0xef, 0x3a, 0x0e, 0x33, 0xee, 0x32, 0xef, 0x3a,
    0x0e, 0x33, 0xee, 0x32, 0x0f, 0x3b, 0x0e, 0x33, 0xee, 0x32, 0x0f, 0x3b,
    0x0e, 0x33, 0xee, 0x32, 0xef, 0x3a, 0x0e, 0x33, 0xee, 0x32, 0x0f, 0x3b,
    0x0e, 0x33, 0xee, 0x32, 0xef, 0x3a, 0x0e, 0x33, 0xee, 0x32, 0x0f, 0x3b,
    0x0e, 0x33, 0xee, 0x32, 0x0f, 0x3b, 0xee, 0x32, 0xee, 0x32, 0x0f, 0x3b,
    0xee, 0x32, 0x0e, 0x33, 0xef, 0x3a, 0xee, 0x32, 0x0e, 0x33, 0xef, 0x3a,
    0xee, 0x32, 0x0e, 0x33, 0xef, 0x3a, 0x0e, 0x33, 0xee, 0x32, 0xef, 0x3a,
    0x0e, 0x33, 0xee, 0x32, 0x0f, 0x3b, 0x0e, 0x33, 0xee, 0x32, 0x0f, 0x3b,
    0x0e, 0x33, 0xee, 0x32, 0xef, 0x3a, 0x0e, 0x33, 0xee, 0x32, 0x0f, 0x3b,
    0x0e, 0x33, 0xee, 0x32, 0xef, 0x3a, 0x0e, 0x33, 0xee, 0x32, 0x0f, 0x3b,
    0x0e, 0x33, 0xee, 0x32, 0x0f, 0x3b, 0xee, 0x32, 0xee, 0x32, 0x0f, 0x3b,
    0xee, 0x32, 0x0e, 0x33, 0xef, 0x3a, 0xee, 0x32, 0x0e, 0x33, 0xef, 0x3a,
    0xee, 0x32, 0x0e, 0x33, 0xef, 0x3a, 0x0e, 0x33, 0xee, 0x32, 0xef, 0x3a,
    0x0e, 0x33, 0xee, 0x32, 0x0f, 0x3b, 0x0e, 0x33, 0xee, 0x32, 0x0f, 0x3b,
    0x0e, 0x33, 0xee, 0x32, 0xef, 0x3a, 0x0e, 0x33, 0xee, 0x32, 0x0f, 0x3b,
    0x0e, 0x33, 0xee, 0x32, 0xef, 0x3a, 0x0e, 0x33, 0xee, 0x32, 0x0f, 0x3b,
    0x0e, 0x33, 0xee, 0x32, 0x0f, 0x3b, 0xee, 0x32, 0xee, 0x32, 0x0f, 0x3b,
    0xee, 0x32, 0x0e, 0x33, 0xef, 0x3a, 0xee, 0x32, 0x0e, 0x33, 0xef, 0x3a,
    0xee, 0x32, 0x0e, 0x33, 0xef, 0x3a, 0x0e, 0x33, 0xee, 0x32, 0xef, 0x3a,
    0x0e, 0x33, 0xee, 0x32, 0x0f, 0x3b, 0x0e, 0x33, 0xee, 0x32, 0x0f, 0x3b,
    0x0e, 0x33, 0xee, 0x32, 0xef, 0x3a, 0x0e, 0x33, 0xee, 0x32, 0x0f, 0x3b,
    0x0e, 0x33, 0xee, 0x32, 0xef, 0x3a, 0x0e, 0x33, 0xee, 0x32, 0x0f, 0x3b,
    0x0e, 0x33, 0xee, 0x32, 0x0f, 0x3b, 0xee, 0x32, 0xee, 0x32, 0x0f, 0x3b,
    0xee, 0x32, 0x0e, 0x33, 0xef, 0x3a, 0xee, 0x32, 0x0e, 0x33, 0xef, 0x3a,
    0xee, 0x32, 0x0e, 0x33, 0xef, 0x3a, 0x0e, 0x33, 0xee, 0x32, 0xef, 0x3a,
    0x0e, 0x33, 0xee, 0x32, 0x0f, 0x3b, 0x0e, 0x33, 0xee, 0x32, 0x0f, 0x3b,
    0x0e, 0x33, 0xee, 0x32, 0xef, 0x3a, 0x0e, 0x33, 0xee, 0x32, 0x0f, 0x3b,
    0x0e, 0x33, 0xee, 0x32, 0xef, 0x3a, 0x0e, 0x33, 0xee, 0x32, 0x0f, 0x3b,
    0x0e, 0x33, 0xee, 0x32, 0x0f, 0x3b, 0xee, 0x32, 0xee, 0x32, 0x0f, 0x3b,
    0xee, 0x32, 0x0e, 0x33, 0xef, 0x3a, 0xee, 0x32, 0x0e, 0x33, 0xef, 0x3a,
    0xee, 0x32, 0x0e, 0x33, 0xef, 0x3a, 0x0e, 0x33, 0xee, 0x32, 0xef, 0x3a,
    0x0e, 0x33, 0xee, 0x32, 0x0f, 0x3b, 0x0e, 0x33, 0xee, 0x32, 0x0f, 0x3b,
    0x0e, 0x33, 0xee, 0x32, 0xef, 0x3a, 0x0e, 0x33, 0xee, 0x32, 0x0f, 0x3b,
    0x0e, 0x33, 0xee, 0x32, 0xef, 0x3a, 0x0e, 0x33, 0xee, 0x32, 0x0f, 0x3b,
    0x0e, 0x33, 0xee, 0x32, 0x0f, 0x3b, 0xee, 0x32, 0xee, 0x32, 0x0f, 0x3b,
    0xee, 0x32, 0x0e, 0x33, 0xef, 0x3a, 0xee, 0x32, 0x0e, 0x33, 0xef, 0x3a,
    0xee, 0x32, 0x0e, 0x33, 0xef, 0x3a, 0x0e, 0x33, 0xee, 0x32, 0xef, 0x3a,
    0x0e, 0x33, 0xee, 0x32, 0x0f, 0x3b, 0x0e, 0x33, 0xee, 0x32, 0x0f, 0x3b,
    0x0e, 0x33, 0xee, 0x32, 0xef, 0x3a, 0x0e, 0x33, 0xee, 0x32, 0x0f, 0x3b,
    0x0e, 0x33, 0xee, 0x32, 0xef, 0x3a, 0x0e, 0x33, 0xee, 0x32, 0x0f, 0x3b,
    0x0e, 0x33, 0xee, 0x32, 0x0f, 0x3b, 0xee, 0x32, 0xee, 0x32, 0x0f, 0x3b,
    0xee, 0x32, 0x0e, 0x33, 0xef, 0x3a, 0xee, 0x32, 0x0e, 0x33, 0xef, 0x3a,
    0xee, 0x32, 0x0e, 0x33, 0xef, 0x3a, 0x0e, 0x33, 0xee, 0x32, 0xef, 0x3a,
    0x0e, 0x33, 0xee, 0x32, 0x0f, 0x3b, 0x0e, 0x33, 0xee, 0x32, 0x0f, 0x3b,
    0x0e, 0x33, 0xee, 0x32, 0xef, 0x3a, 0x0e, 0x33, 0xee, 0x32, 0x0f, 0x3b,
    0x0e, 0x33, 0xee, 0x32, 0xef, 0x3a, 0x0e, 0x33, 0xee, 0x32, 0x0f, 0x3b,
    0x0e, 0x33, 0xee, 0x32, 0x0f, 0x3b, 0xee, 0x32, 0xee, 0x32, 0x0f, 0x3b,
    0xee, 0x32, 0x0e, 0x33, 0xef, 0x3a, 0xee, 0x32, 0x0e, 0x33, 0xef, 0x3a,
    0xee, 0x32, 0x0e, 0x33, 0xef, 0x3a, 0x0e, 0x33, 0xee, 0x32, 0xef, 0x3a,
    0x0e, 0x33, 0xee, 0x32, 0x0f, 0x3b, 0x0e, 0x33, 0xee, 0x32, 0x0f, 0x3b,
    0x0e, 0x33, 0xee, 0x32, 0xef, 0x3a, 0x0e, 0x33, 0xee, 0x32, 0x0f, 0x3b,
    0x0e, 0x33, 0xee, 0x32, 0xef, 0x3a, 0x0e, 0x33, 0xee, 0x32, 0x0f, 0x3b,
    0x0e, 0x33, 0xee, 0x32, 0x0f, 0x3b, 0xee, 0x32, 0xee, 0x32, 0x0f, 0x3b,
    0xee, 0x32, 0x0e, 0x33, 0xef, 0x3a, 0xee, 0x32, 0x0e, 0x33, 0xef, 0x3a,
    0xee, 0x32, 0x0e, 0x33, 0xef, 0x3a, 0x0e, 0x33, 0xee, 0x32, 0xef, 0x3a,
    0x0e, 0x33, 0xee, 0x32, 0x0f, 0x3b, 0x0e, 0x33, 0xee, 0x32, 0x0f, 0x3b,
    0x0e, 0x33, 0xee, 0x32, 0xef, 0x3a, 0x0e, 0x33, 0xee, 0x32, 0x0f, 0x3b,
    0x0e, 0x33, 0xee, 0x32, 0xef, 0x3a, 0x0e, 0x33, 0xee, 0x32, 0x0f, 0x3b,
    0x0e, 0x33, 0xee, 0x32, 0x0f, 0x3b, 0xee, 0x32, 0xee, 0x32, 0x0f, 0x3b,
    0xee, 0x32, 0x0e, 0x33, 0xef, 0x3a, 0xee, 0x32, 0x0e, 0x33, 0xef, 0x3a,
    0xee, 0x32, 0x0e, 0x33, 0xef, 0x3a, 0x0e, 0x33, 0xee, 0x32, 0xef, 0x3a,
    0x0e, 0x33, 0xee, 0x32, 0x0f, 0x3b, 0x0e, 0x33, 0xee, 0x32, 0x0f, 0x3b,
    0x0e, 0x33, 0xee, 0x32, 0xef, 0x3a, 0x0e, 0x33, 0xee, 0x32, 0x0f, 0x3b,
    0x0f, 0x3b, 0xee, 0x32, 0xef, 0x3a, 0x0f, 0x3b, 0xee, 0x32, 0x0e, 0x33,
    0xef, 0x3a, 0x0e, 0x33, 0xef, 0x3a, 0xee, 0x32, 0x0f, 0x3b, 0xef, 0x3a,
    0x0e, 0x33, 0xef, 0x3a, 0xee, 0x32, 0x0e, 0x33, 0x0f, 0x3b, 0xee, 0x32,
    0xee, 0x32, 0x0f, 0x3b, 0xef, 0x3a, 0xee, 0x32, 0x0f, 0x3b, 0x0f, 0x3b,
    0xee, 0x32, 0x0f, 0x3b, 0x0f, 0x3b, 0xee, 0x32, 0x0e, 0x33, 0x0f, 0x3b,
    0xef, 0x3a, 0xee, 0x32, 0x0e, 0x33, 0xef, 0x3a, 0x0e, 0x33, 0xef, 0x3a,
    0x0e, 0x33, 0xee, 0x32, 0xef, 0x3a, 0x0e, 0x33, 0xee, 0x32, 0x0f, 0x3b,
    0x0e, 0x33, 0xee, 0x32, 0x0f, 0x3b, 0xef, 0x3a, 0x0e, 0x33, 0xee, 0x32,
    0x0f, 0x3b, 0xef, 0x3a, 0xee, 0x32, 0x0f, 0x3b, 0x0e, 0x33, 0xef, 0x3a,
    0xef, 0x3a, 0x0e, 0x33, 0xef, 0x3a, 0x0f, 0x3b, 0x0e, 0x33, 0xef, 0x3a,
    0xef, 0x3a, 0x0e, 0x33, 0xef, 0x3a, 0xef, 0x3a, 0x0e, 0x33, 0xef, 0x3a,
    0x0f, 0x3b, 0x0e, 0x33, 0xef, 0x3a, 0x0f, 0x3b, 0xee, 0x32, 0xef, 0x3a,
    0x0f, 0x3b, 0xee, 0x32, 0xef, 0x3a, 0x0f, 0x3b, 0xee, 0x32, 0x0f, 0x3b,
    0xef, 0x3a, 0xee, 0x32, 0x0f, 0x3b, 0x0f, 0x3b, 0xee, 0x32, 0x0f, 0x3b,
    0x0f, 0x3b, 0xee, 0x32, 0x0f, 0x3b, 0xef, 0x3a, 0xee, 0x32, 0x0f, 0x3b,
    0xef, 0x3a, 0x0e, 0x33, 0x0f, 0x3b, 0xef, 0x3a, 0x0e, 0x33, 0x0f, 0x3b,
    0xef, 0x3a, 0x0e, 0x33, 0xef, 0x3a, 0xef, 0x3a, 0x0e, 0x33, 0xef, 0x3a,
    0x0f, 0x3b, 0x0e, 0x33, 0xef, 0x3a, 0xef, 0x3a, 0x0e, 0x33, 0xef, 0x3a,
    0xef, 0x3a, 0x0e, 0x33, 0xef, 0x3a, 0xef, 0x3a, 0x0e, 0x33, 0xef, 0x3a,
    0xef, 0x3a, 0x0e, 0x33, 0xef, 0x3a, 0x0f, 0x3b, 0x0e, 0x33, 0xef, 0x3a,
    0xef, 0x3a, 0x0e, 0x33, 0xef, 0x3a, 0x0f, 0x3b, 0x0e, 0x33, 0xef, 0x3a,
    0x0f, 0x3b, 0xee, 0x32, 0x0f, 0x3b, 0x0f, 0x3b, 0xee, 0x32, 0x0f, 0x3b,
    0x0f, 0x3b, 0xee, 0x32, 0x0f, 0x3b, 0xef, 0x3a, 0x0e, 0x33, 0xef, 0x3a,
    0x0f, 0x3b, 0x0e, 0x33, 0xef, 0x3a, 0xef, 0x3a, 0x0e, 0x33, 0xef, 0x3a,
    0xef, 0x3a, 0x0e, 0x33, 0xef, 0x3a, 0xef, 0x3a, 0x0e, 0x33, 0xef, 0x3a,
    0xef, 0x3a, 0x0e, 0x33, 0xef, 0x3a, 0x0f, 0x3b, 0x0e, 0x33, 0xef, 0x3a,
    0xef, 0x3a, 0x0e, 0x33, 0xef, 0x3a, 0x0f, 0x3b, 0x0e, 0x33, 0xef, 0x3a,
    0x0f, 0x3b, 0xee, 0x32, 0x0f, 0x3b, 0x0f, 0x3b, 0xee, 0x32, 0x0f, 0x3b,
    0x0f, 0x3b, 0xee, 0x32, 0x0f, 0x3b, 0xef, 0x3a, 0x0e, 0x33, 0xef, 0x3a,
    0x0f, 0x3b, 0x0e, 0x33, 0xef, 0x3a, 0xef, 0x3a, 0x0e, 0x33, 0xef, 0x3a,
    0xef, 0x3a, 0x0e, 0x33, 0xef, 0x3a, 0xef, 0x3a, 0x0e, 0x33, 0xef, 0x3a,
    0xef, 0x3a, 0x0e, 0x33, 0xef, 0x3a, 0x0f, 0x3b, 0x0e, 0x33, 0xef, 0x3a,
    0xef, 0x3a, 0x0e, 0x33, 0xef, 0x3a, 0x0f, 0x3b, 0x0e, 0x33, 0xef, 0x3a,
    0x0f, 0x3b, 0xee, 0x32, 0x0f, 0x3b, 0x0f, 0x3b, 0xee, 0x32, 0x0f, 0x3b,
    0x0f, 0x3b, 0xee, 0x32, 0x0f, 0x3b, 0xef, 0x3a, 0x0e, 0x33, 0xef, 0x3a,
    0x0f, 0x3b, 0x0e, 0x33, 0xef, 0x3a, 0xef, 0x3a, 0x0e, 0x33, 0xef, 0x3a,
    0xef, 0x3a, 0x0e, 0x33, 0xef, 0x3a, 0xef, 0x3a, 0x0e, 0x33, 0xef, 0x3a,
    0xef, 0x3a, 0x0e, 0x33, 0xef, 0x3a, 0x0f, 0x3b, 0x0e, 0x33, 0xef, 0x3a,
    0xef, 0x3a, 0x0e, 0x33, 0xef, 0x3a, 0x0f, 0x3b, 0x0e, 0x33, 0xef, 0x3a,
    0x0f, 0x3b, 0xee, 0x32, 0x0f, 0x3b, 0x0f, 0x3b, 0xee, 0x32, 0x0f, 0x3b,
    0x0f, 0x3b, 0xee, 0x32, 0x0f, 0x3b, 0xef, 0x3a, 0x0e, 0x33, 0xef, 0x3a,
    0x0f, 0x3b, 0x0e, 0x33, 0xef, 0x3a, 0xef, 0x3a, 0x0e, 0x33, 0xef, 0x3a,
    0xef, 0x3a, 0x0e, 0x33, 0xef, 0x3a, 0xef, 0x3a, 0x0e, 0x33, 0xef, 0x3a,
    0xef, 0x3a, 0x0e, 0x33, 0xef, 0x3a, 0x0f, 0x3b, 0x0e, 0x33, 0xef, 0x3a,
    0xef, 0x3a, 0x0e, 0x33, 0xef, 0x3a, 0x0f, 0x3b, 0x0e, 0x33, 0xef, 0x3a,
    0x0f, 0x3b, 0xee, 0x32, 0x0f, 0x3b, 0x0f, 0x3b, 0xee, 0x32, 0x0f, 0x3b,
    0x0f, 0x3b, 0xee, 0x32, 0x0f, 0x3b, 0xef, 0x3a, 0x0e, 0x33, 0xef, 0x3a,
    0x0f, 0x3b, 0x0e, 0x33, 0xef, 0x3a, 0xef, 0x3a, 0x0e, 0x33, 0xef, 0x3a,
    0xef, 0x3a, 0x0e, 0x33, 0xef, 0x3a, 0xef, 0x3a, 0x0e, 0x33, 0xef, 0x3a,
    0xef, 0x3a, 0x0e, 0x33, 0xef, 0x3a, 0x0f, 0x3b, 0x0e, 0x33, 0xef, 0x3a,
    0xef, 0x3a, 0x0e, 0x33, 0xef, 0x3a, 0x0f, 0x3b, 0x0e, 0x33, 0xef, 0x3a,
    0x0f, 0x3b, 0xee, 0x32, 0x0f, 0x3b, 0x0f, 0x3b, 0xee, 0x32, 0x0f, 0x3b,
    0x0f, 0x3b, 0xee, 0x32, 0x0f, 0x3b, 0xef, 0x3a, 0x0e, 0x33, 0xef, 0x3a,
    0x0f, 0x3b, 0x0e, 0x33, 0xef, 0x3a, 0xef, 0x3a, 0x0e, 0x33, 0xef, 0x3a,
    0xef, 0x3a, 0x0e, 0x33, 0xef, 0x3a, 0xef, 0x3a, 0x0e, 0x33, 0xef, 0x3a,
    0xef, 0x3a, 0x0e, 0x33, 0xef, 0x3a, 0x0f, 0x3b, 0x0e, 0x33, 0xef, 0x3a,
    0xef, 0x3a, 0x0e, 0x33, 0xef, 0x3a, 0x0f, 0x3b, 0x0e, 0x33, 0xef, 0x3a,
    0x0f, 0x3b, 0xee, 0x32, 0x0f, 0x3b, 0x0f, 0x3b, 0xee, 0x32, 0x0f, 0x3b,
    0x0f, 0x3b, 0xee, 0x32, 0x0f, 0x3b, 0xef, 0x3a, 0x0e, 0x33, 0xef, 0x3a,
    0x0f, 0x3b, 0x0e, 0x33, 0xef, 0x3a, 0xef, 0x3a, 0x0e, 0x33, 0xef, 0x3a,
    0xef, 0x3a, 0x0e, 0x33, 0xef, 0x3a, 0xef, 0x3a, 0x0e, 0x33, 0xef, 0x3a,
    0xef, 0x3a, 0x0e, 0x33, 0xef, 0x3a, 0x0f, 0x3b, 0x0e, 0x33, 0xef, 0x3a,
    0xef, 0x3a, 0x0e, 0x33, 0xef, 0x3a, 0x0f, 0x3b, 0x0e, 0x33, 0xef, 0x3a,
    0x0f, 0x3b, 0xee, 0x32, 0x0f, 0x3b, 0x0f, 0x3b, 0xee, 0x32, 0x0f, 0x3b,
    0x0f, 0x3b, 0xee, 0x32, 0x0f, 0x3b, 0xef, 0x3a, 0x0e, 0x33, 0xef, 0x3a,
    0x0f, 0x3b, 0x0e, 0x33, 0xef, 0x3a, 0xef, 0x3a, 0x0e, 0x33, 0xef, 0x3a,
    0xef, 0x3a, 0x0e, 0x33, 0xef, 0x3a, 0xef, 0x3a, 0x0e, 0x33, 0xef, 0x3a,
    0xef, 0x3a, 0x0e, 0x33, 0xef, 0x3a, 0x0f, 0x3b, 0x0e, 0x33, 0xef, 0x3a,
    0xef, 0x3a, 0x0e, 0x33, 0xef, 0x3a, 0x0f, 0x3b, 0x0e, 0x33, 0xef, 0x3a,
    0x0f, 0x3b, 0xee, 0x32, 0x0f, 0x3b, 0x0f, 0x3b, 0xee, 0x32, 0x0f, 0x3b,
    0x0f, 0x3b, 0xee, 0x32, 0x0f, 0x3b, 0xef, 0x3a, 0x0e, 0x33, 0xef, 0x3a,
    0x0f, 0x3b, 0x0e, 0x33, 0xef, 0x3a, 0xef, 0x3a, 0x0e, 0x33, 0xef, 0x3a,
    0xef, 0x3a, 0x0e, 0x33, 0xef, 0x3a, 0xef, 0x3a, 0x0e, 0x33, 0xef, 0x3a,
    0xef, 0x3a, 0x0e, 0x33, 0xef, 0x3a, 0x0f, 0x3b, 0x0e, 0x33, 0xef, 0x3a,
    0xef, 0x3a, 0x0e, 0x33, 0xef, 0x3a, 0x0f, 0x3b, 0x0e, 0x33, 0xef, 0x3a,
    0x0f, 0x3b, 0xee, 0x32, 0x0f, 0x3b, 0x0f, 0x3b, 0xee, 0x32, 0x0f, 0x3b,
    0x0f, 0x3b, 0xee, 0x32, 0x0f, 0x3b, 0xef, 0x3a, 0x0e, 0x33, 0xef, 0x3a,
    0x0f, 0x3b, 0x0e, 0x33, 0xef, 0x3a, 0xef, 0x3a, 0x0e, 0x33, 0xef, 0x3a,
    0xef, 0x3a, 0x0e, 0x33, 0xef, 0x3a, 0xef, 0x3a, 0x0e, 0x33, 0xef, 0x3a,
    0xef, 0x3a, 0x0e, 0x33, 0xef, 0x3a, 0x0f, 0x3b, 0x0e, 0x33, 0xef, 0x3a,
    0xef, 0x3a, 0x0e, 0x33, 0xef, 0x3a, 0x0f, 0x3b, 0x0e, 0x33, 0xef, 0x3a,
    0x0f, 0x3b, 0xee, 0x32, 0x0f, 0x3b, 0x0f, 0x3b, 0xee, 0x32, 0x0f, 0x3b,
    0x0f, 0x3b, 0xee, 0x32, 0x0f, 0x3b, 0xef, 0x3a, 0x0e, 0x33, 0xef, 0x3a,
    0x0f, 0x3b, 0x0e, 0x33, 0xef, 0x3a, 0xef, 0x3a, 0x0e, 0x33, 0xef, 0x3a,
    0xef, 0x3a, 0x0e, 0x33, 0xef, 0x3a, 0xef, 0x3a, 0x0e, 0x33, 0xef, 0x3a,
    0xef, 0x3a, 0x0e, 0x33, 0xef, 0x3a, 0x0f, 0x3b, 0x0e, 0x33, 0xef, 0x3a,
    0xef, 0x3a, 0x0e, 0x33, 0xef, 0x3a, 0x0f, 0x3b, 0x0e, 0x33, 0xef, 0x3a,
    0x0f, 0x3b, 0xee, 0x32, 0x0f, 0x3b, 0x0f, 0x3b, 0xee, 0x32, 0x0f, 0x3b,
    0x0f, 0x3b, 0xee, 0x32, 0x0f, 0x3b, 0xef, 0x3a, 0x0e, 0x33, 0xef, 0x3a,
    0x0f, 0x3b, 0x0e, 0x33, 0xef, 0x3a, 0xef, 0x3a, 0x0e, 0x33, 0xef, 0x3a,
    0xef, 0x3a, 0x0e, 0x33, 0xef, 0x3a, 0xef, 0x3a, 0x0e, 0x33, 0xef, 0x3a,
    0xef, 0x3a, 0x0e, 0x33, 0xef, 0x3a, 0x0f, 0x3b, 0x0e, 0x33, 0xef, 0x3a,
    0xef, 0x3a, 0x0e, 0x33, 0xef, 0x3a, 0x0f, 0x3b, 0x0e, 0x33, 0xef, 0x3a,
    0x0f, 0x3b, 0xee, 0x32, 0x0f, 0x3b, 0x0f, 0x3b, 0xee, 0x32, 0x0f, 0x3b,
    0x0f, 0x3b, 0xee, 0x32, 0x0f, 0x3b, 0xef, 0x3a, 0x0e, 0x33, 0xef, 0x3a,
    0x0f, 0x3b, 0x0e, 0x33, 0xef, 0x3a, 0xef, 0x3a, 0x0e, 0x33, 0xef, 0x3a,
    0xef, 0x3a, 0x0e, 0x33, 0xef, 0x3a, 0xef, 0x3a, 0x0e, 0x33, 0xef, 0x3a,
    0xef, 0x3a, 0x0e, 0x33, 0xef, 0x3a, 0x0f, 0x3b, 0x0e, 0x33, 0xef, 0x3a,
    0xef, 0x3a, 0x0e, 0x33, 0xef, 0x3a, 0x0f, 0x3b, 0x0e, 0x33, 0xef, 0x3a,
    0x0f, 0x3b, 0xee, 0x32, 0x0f, 0x3b, 0x0f, 0x3b, 0xee, 0x32, 0x0f, 0x3b,
    0x0f, 0x3b, 0xee, 0x32, 0x0f, 0x3b, 0xef, 0x3a, 0x0e, 0x33, 0xef, 0x3a,
    0x0f, 0x3b, 0x0e, 0x33, 0xef, 0x3a, 0xef, 0x3a, 0x0e, 0x33, 0xef, 0x3a,
    0xef, 0x3a, 0x0e, 0x33, 0xef, 0x3a, 0xef, 0x3a, 0x0e, 0x33, 0xef, 0x3a,
    0xef, 0x3a, 0x0e, 0x33, 0xef, 0x3a, 0x0f, 0x3b, 0x0e, 0x33, 0xef, 0x3a,
    0xef, 0x3a, 0x0e, 0x33, 0xef, 0x3a, 0x0f, 0x3b, 0x0e, 0x33, 0xef, 0x3a,
    0x0f, 0x3b, 0xee, 0x32, 0x0f, 0x3b, 0x0f, 0x3b, 0xee, 0x32, 0x0f, 0x3b,
    0x0f, 0x3b, 0xee, 0x32, 0x0f, 0x3b, 0xef, 0x3a, 0x0e, 0x33, 0xef, 0x3a,
    0x0f, 0x3b, 0x0e, 0x33, 0xef, 0x3a, 0xef, 0x3a, 0x0e, 0x33, 0xef, 0x3a,
    0xef, 0x3a, 0x0e, 0x33, 0xef, 0x3a, 0xef, 0x3a, 0x0e, 0x33, 0xef, 0x3a,
    0xef, 0x3a, 0x0e, 0x33, 0xef, 0x3a, 0x0f, 0x3b, 0x0e, 0x33, 0xef, 0x3a,
    0xef, 0x3a, 0x0e, 0x33, 0xef, 0x3a, 0x0f, 0x3b, 0x0e, 0x33, 0xef, 0x3a,
    0x0f, 0x3b, 0xee, 0x32, 0x0f, 0x3b, 0x0f, 0x3b, 0xee, 0x32, 0x0f, 0x3b,
    0x0f, 0x3b, 0xee, 0x32, 0x0f, 0x3b, 0xef, 0x3a, 0x0e, 0x33, 0xef, 0x3a,
    0x0f, 0x3b, 0x0e, 0x33, 0xef, 0x3a, 0xef, 0x3a, 0x0e, 0x33, 0xef, 0x3a,
    0xef, 0x3a, 0x0e, 0x33, 0xef, 0x3a, 0xef, 0x3a, 0x0e, 0x33, 0xef, 0x3a,
    0xef, 0x3a, 0x0e, 0x33, 0xef, 0x3a, 0x0f, 0x3b, 0x0e, 0x33, 0xef, 0x3a,
    0xef, 0x3a, 0x0e, 0x33, 0xef, 0x3a, 0x0f, 0x3b, 0x0e, 0x33, 0xef, 0x3a,
    0x0f, 0x3b, 0xee, 0x32, 0x0f, 0x3b, 0x0f, 0x3b, 0xee, 0x32, 0x0f, 0x3b,
    0x0f, 0x3b, 0xee, 0x32, 0x0f, 0x3b, 0xef, 0x3a, 0x0e, 0x33, 0xef, 0x3a,
    0x0f, 0x3b, 0x0e, 0x33, 0xef, 0x3a, 0xef, 0x3a, 0x0e, 0x33, 0xef, 0x3a,
    0xef, 0x3a, 0x0e, 0x33, 0xef, 0x3a, 0xef, 0x3a, 0x0e, 0x33, 0xef, 0x3a,
    0xef, 0x3a, 0x0e, 0x33, 0xef, 0x3a, 0x0f, 0x3b, 0x0e, 0x33, 0xef, 0x3a,
    0xef, 0x3a, 0x0e, 0x33, 0xef, 0x3a, 0x0f, 0x3b, 0x0e, 0x33, 0xef, 0x3a,
    0x0f, 0x3b, 0xee, 0x32, 0x0f, 0x3b, 0x0f, 0x3b, 0xee, 0x32, 0x0f, 0x3b,
    0x0f, 0x3b, 0xee, 0x32, 0x0f, 0x3b, 0xef, 0x3a, 0x0e, 0x33, 0xef, 0x3a,
    0x0f, 0x3b, 0x0e, 0x33, 0xef, 0x3a, 0xef, 0x3a, 0x0e, 0x33, 0xef, 0x3a,
    0xef, 0x3a, 0x0e, 0x33, 0xef, 0x3a, 0xef, 0x3a, 0x0e, 0x33, 0xef, 0x3a,
    0xef, 0x3a, 0x0e, 0x33, 0xef, 0x3a, 0x0f, 0x3b, 0x0e, 0x33, 0xef, 0x3a,
    0xef, 0x3a, 0x0e, 0x33, 0xef, 0x3a, 0x0f, 0x3b, 0x0e, 0x33, 0xef, 0x3a,
    0x0f, 0x3b, 0xee, 0x32, 0x0f, 0x3b, 0x0f, 0x3b, 0xee, 0x32, 0x0f, 0x3b,
    0x0f, 0x3b, 0xee, 0x32, 0x0f, 0x3b, 0xef, 0x3a, 0x0e, 0x33, 0xef, 0x3a,
    0x0f, 0x3b, 0x0e, 0x33, 0xef, 0x3a, 0xef, 0x3a, 0x0e, 0x33, 0xef, 0x3a,
    0xef, 0x3a, 0x0e, 0x33, 0xef, 0x3a, 0xef, 0x3a, 0x0e, 0x33, 0xef, 0x3a,
    0xee, 0x32, 0x0e, 0x33, 0xef, 0x3a, 0x0e, 0x33, 0x0f, 0x3b, 0xef, 0x3a,
    0x0e, 0x33, 0xef, 0x3a, 0x0e, 0x33, 0xef, 0x3a, 0x0e, 0x33, 0x0e, 0x33,
    0xef, 0x3a, 0xee, 0x32, 0x0f, 0x3b, 0x0f, 0x3b, 0xee, 0x32, 0x0f, 0x3b,
    0x0f, 0x3b, 0xee, 0x32, 0x0f, 0x3b, 0xee, 0x32, 0x0f, 0x3b, 0xee, 0x32,
    0xee, 0x32, 0xef, 0x3a, 0xee, 0x32, 0x0f, 0x3b, 0xef, 0x3a, 0xee, 0x32,
    0x0f, 0x3b, 0x0e, 0x33, 0xef, 0x3a, 0x0f, 0x3b, 0x0e, 0x33, 0xee, 0x32,
    0x0f, 0x3b, 0x0e, 0x33, 0xef, 0x3a, 0x0e, 0x33, 0x0f, 0x3b, 0xef, 0x3a,
    0xee, 0x32, 0x0f, 0x3b, 0xef, 0x3a, 0x0e, 0x33, 0xee, 0x32, 0x0f, 0x3b,
    0xef, 0x3a, 0x0e, 0x33, 0x0e, 0x33, 0xef, 0x3a, 0xee, 0x32, 0x0e, 0x33,
    0xef, 0x3a, 0x0e, 0x33, 0x0f, 0x3b, 0xee, 0x32, 0xee, 0x32, 0x0f, 0x3b,
    0xee, 0x32, 0x0f, 0x3b, 0x0e, 0x33, 0xee, 0x32, 0x0f, 0x3b, 0x0e, 0x33,
    0xee, 0x32, 0xef, 0x3a, 0x0e, 0x33, 0xee, 0x32, 0x0f, 0x3b, 0x0e, 0x33,
    0x0e, 0x33, 0xef, 0x3a, 0x0e, 0x33, 0x0e, 0x33, 0xef, 0x3a, 0x0e, 0x33,
    0xee, 0x32, 0x0f, 0x3b, 0x0e, 0x33, 0xee, 0x32, 0xef, 0x3a, 0x0e, 0x33,
    0xee, 0x32, 0xef, 0x3a, 0x0e, 0x33, 0xee, 0x32, 0x0f, 0x3b, 0xee, 0x32,
    0x0e, 0x33, 0xef, 0x3a, 0xee, 0x32, 0x0e, 0x33, 0xef, 0x3a, 0xee, 0x32,
    0x0e, 0x33, 0xef, 0x3a, 0x0e, 0x33, 0x0e, 0x33, 0xef, 0x3a, 0x0e, 0x33,
    0xee, 0x32, 0xef, 0x3a, 0x0e, 0x33, 0x0e, 0x33, 0xef, 0x3a, 0x0e, 0x33,
    0x0e, 0x33, 0xef, 0x3a, 0x0e, 0x33, 0x0e, 0x33, 0xef, 0x3a, 0x0e, 0x33,
    0x0e, 0x33, 0xef, 0x3a, 0x0e, 0x33, 0xee, 0x32, 0xef, 0x3a, 0x0e, 0x33,
    0x0e, 0x33, 0xef, 0x3a, 0x0e, 0x33, 0xee, 0x32, 0xef, 0x3a, 0x0e, 0x33,
    0xee, 0x32, 0x0f, 0x3b, 0x0e, 0x33, 0xee, 0x32, 0xef, 0x3a, 0x0e, 0x33,
    0xee, 0x32, 0xef, 0x3a, 0x0e, 0x33, 0x0e, 0x33, 0xef, 0x3a, 0x0e, 0x33,
    0xee, 0x32, 0x0f, 0x3b, 0xee, 0x32, 0x0e, 0x33, 0x0f, 0x3b, 0xee, 0x32,
    0x0e, 0x33, 0xef, 0x3a, 0x0e, 0x33, 0x0e, 0x33, 0xef, 0x3a, 0x0e, 0x33,
    0x0e, 0x33, 0xef, 0x3a, 0x0e, 0x33, 0xee, 0x32, 0xef, 0x3a, 0x0e, 0x33,
    0x0e, 0x33, 0xef, 0x3a, 0x0e, 0x33, 0xee, 0x32, 0xef, 0x3a, 0x0e, 0x33,
    0xee, 0x32, 0x0f, 0x3b, 0x0e, 0x33, 0xee, 0x32, 0xef, 0x3a, 0x0e, 0x33,
    0xee, 0x32, 0xef, 0x3a, 0x0e, 0x33, 0x0e, 0x33, 0xef, 0x3a, 0x0e, 0x33,
    0xee, 0x32, 0x0f, 0x3b, 0xee, 0x32, 0x0e, 0x33, 0x0f, 0x3b, 0xee, 0x32,
    0x0e, 0x33, 0xef, 0x3a, 0x0e, 0x33, 0x0e, 0x33, 0xef, 0x3a, 0x0e, 0x33,
    0x0e, 0x33, 0xef, 0x3a, 0x0e, 0x33, 0xee, 0x32, 0xef, 0x3a, 0x0e, 0x33,
    0x0e, 0x33, 0xef, 0x3a, 0x0e, 0x33, 0xee, 0x32, 0xef, 0x3a, 0x0e, 0x33,
    0xee, 0x32, 0x0f, 0x3b, 0x0e, 0x33, 0xee, 0x32, 0xef, 0x3a, 0x0e, 0x33,
    0xee, 0x32, 0xef, 0x3a, 0x0e, 0x33, 0x0e, 0x33, 0xef, 0x3a, 0x0e, 0x33,
    0xee, 0x32, 0x0f, 0x3b, 0xee, 0x32, 0x0e, 0x33, 0x0f, 0x3b, 0xee, 0x32,
    0x0e, 0x33, 0xef, 0x3a, 0x0e, 0x33, 0x0e, 0x33, 0xef, 0x3a, 0x0e, 0x33,
    0x0e, 0x33, 0xef, 0x3a, 0x0e, 0x33, 0xee, 0x32, 0xef, 0x3a, 0x0e, 0x33,
    0x0e, 0x33, 0xef, 0x3a, 0x0e, 0x33, 0xee, 0x32, 0xef, 0x3a, 0x0e, 0x33,
    0xee, 0x32, 0x0f, 0x3b, 0x0e, 0x33, 0xee, 0x32, 0xef, 0x3a, 0x0e, 0x33,
    0xee, 0x32, 0xef, 0x3a, 0x0e, 0x33, 0x0e, 0x33, 0xef, 0x3a, 0x0e, 0x33,
    0xee, 0x32, 0x0f, 0x3b, 0xee, 0x32, 0x0e, 0x33, 0x0f, 0x3b, 0xee, 0x32,
    0x0e, 0x33, 0xef, 0x3a, 0x0e, 0x33, 0x0e, 0x33, 0xef, 0x3a, 0x0e, 0x33,
    0x0e, 0x33, 0xef, 0x3a, 0x0e, 0x33, 0xee, 0x32, 0xef, 0x3a, 0x0e, 0x33,
    0x0e, 0x33, 0xef, 0x3a, 0x0e, 0x33, 0xee, 0x32, 0xef, 0x3a, 0x0e, 0x33,
    0xee, 0x32, 0x0f, 0x3b, 0x0e, 0x33, 0xee, 0x32, 0xef, 0x3a, 0x0e, 0x33,
    0xee, 0x32, 0xef, 0x3a, 0x0e, 0x33, 0x0e, 0x33, 0xef, 0x3a, 0x0e, 0x33,
    0xee, 0x32, 0x0f, 0x3b, 0xee, 0x32, 0x0e, 0x33, 0x0f, 0x3b, 0xee, 0x32,
    0x0e, 0x33, 0xef, 0x3a, 0x0e, 0x33, 0x0e, 0x33, 0xef, 0x3a, 0x0e, 0x33,
    0x0e, 0x33, 0xef, 0x3a, 0x0e, 0x33, 0xee, 0x32, 0xef, 0x3a, 0x0e, 0x33,
    0x0e, 0x33, 0xef, 0x3a, 0x0e, 0x33, 0xee, 0x32, 0xef, 0x3a, 0x0e, 0x33,
    0xee, 0x32, 0x0f, 0x3b, 0x0e, 0x33, 0xee, 0x32, 0xef, 0x3a, 0x0e, 0x33,
    0xee, 0x32, 0xef, 0x3a, 0x0e, 0x33, 0x0e, 0x33, 0xef, 0x3a, 0x0e, 0x33,
    0xee, 0x32, 0x0f, 0x3b, 0xee, 0x32, 0x0e, 0x33, 0x0f, 0x3b, 0xee, 0x32,
    0x0e, 0x33, 0xef, 0x3a, 0x0e, 0x33, 0x0e, 0x33, 0xef, 0x3a, 0x0e, 0x33,
    0x0e, 0x33, 0xef, 0x3a, 0x0e, 0x33, 0xee, 0x32, 0xef, 0x3a, 0x0e, 0x33,
    0x0e, 0x33, 0xef, 0x3a, 0x0e, 0x33, 0xee, 0x32, 0xef, 0x3a, 0x0e, 0x33,
    0xee, 0x32, 0x0f, 0x3b, 0x0e, 0x33, 0xee, 0x32, 0xef, 0x3a, 0x0e, 0x33,
    0xee, 0x32, 0xef, 0x3a, 0x0e, 0x33, 0x0e, 0x33, 0xef, 0x3a, 0x0e, 0x33,
    0xee, 0x32, 0x0f, 0x3b, 0xee, 0x32, 0x0e, 0x33, 0x0f, 0x3b, 0xee, 0x32,
    0x0e, 0x33, 0xef, 0x3a, 0x0e, 0x33, 0x0e, 0x33, 0xef, 0x3a, 0x0e, 0x33,
    0x0e, 0x33, 0xef, 0x3a, 0x0e, 0x33, 0xee, 0x32, 0xef, 0x3a, 0x0e, 0x33,
    0x0e, 0x33, 0xef, 0x3a, 0x0e, 0x33, 0xee, 0x32, 0xef, 0x3a, 0x0e, 0x33,
    0xee, 0x32, 0x0f, 0x3b, 0x0e, 0x33, 0xee, 0x32, 0xef, 0x3a, 0x0e, 0x33,
    0xee, 0x32, 0xef, 0x3a, 0x0e, 0x33, 0x0e, 0x33, 0xef, 0x3a, 0x0e, 0x33,
    0xee, 0x32, 0x0f, 0x3b, 0xee, 0x32, 0x0e, 0x33, 0x0f, 0x3b, 0xee, 0x32,
    0x0e, 0x33, 0xef, 0x3a, 0x0e, 0x33, 0x0e, 0x33, 0xef, 0x3a, 0x0e, 0x33,
    0x0e, 0x33, 0xef, 0x3a, 0x0e, 0x33, 0xee, 0x32, 0xef, 0x3a, 0x0e, 0x33,
    0x0e, 0x33, 0xef, 0x3a, 0x0e, 0x33, 0xee, 0x32, 0xef, 0x3a, 0x0e, 0x33,
    0xee, 0x32, 0x0f, 0x3b, 0x0e, 0x33, 0xee, 0x32, 0xef, 0x3a, 0x0e, 0x33,
    0xee, 0x32, 0xef, 0x3a, 0x0e, 0x33, 0x0e, 0x33, 0xef, 0x3a, 0x0e, 0x33,
    0xee, 0x32, 0x0f, 0x3b, 0xee, 0x32, 0x0e, 0x33, 0x0f, 0x3b, 0xee, 0x32,
    0x0e, 0x33, 0xef, 0x3a, 0x0e, 0x33, 0x0e, 0x33, 0xef, 0x3a, 0x0e, 0x33,
    0x0e, 0x33, 0xef, 0x3a, 0x0e, 0x33, 0xee, 0x32, 0xef, 0x3a, 0x0e, 0x33,
    0x0e, 0x33, 0xef, 0x3a, 0x0e, 0x33, 0xee, 0x32, 0xef, 0x3a, 0x0e, 0x33,
    0xee, 0x32, 0x0f, 0x3b, 0x0e, 0x33, 0xee, 0x32, 0xef, 0x3a, 0x0e, 0x33,
    0xee, 0x32, 0xef, 0x3a, 0x0e, 0x33, 0x0e, 0x33, 0xef, 0x3a, 0x0e, 0x33,
    0xee, 0x32, 0x0f, 0x3b, 0xee, 0x32, 0x0e, 0x33, 0x0f, 0x3b, 0xee, 0x32,
    0x0e, 0x33, 0xef, 0x3a, 0x0e, 0x33, 0x0e, 0x33, 0xef, 0x3a, 0x0e, 0x33,
    0x0e, 0x33, 0xef, 0x3a, 0x0e, 0x33, 0xee, 0x32, 0xef, 0x3a, 0x0e, 0x33,
    0x0e, 0x33, 0xef, 0x3a, 0x0e, 0x33, 0xee, 0x32, 0xef, 0x3a, 0x0e, 0x33,
    0xee, 0x32, 0x0f, 0x3b, 0x0e, 0x33, 0xee, 0x32, 0xef, 0x3a, 0x0e, 0x33,
    0xee, 0x32, 0xef, 0x3a, 0x0e, 0x33, 0x0e, 0x33, 0xef, 0x3a, 0x0e, 0x33,
    0xee, 0x32, 0x0f, 0x3b, 0xee, 0x32, 0x0e, 0x33, 0x0f, 0x3b, 0xee, 0x32,
    0x0e, 0x33, 0xef, 0x3a, 0x0e, 0x33, 0x0e, 0x33, 0xef, 0x3a, 0x0e, 0x33,
    0x0e, 0x33, 0xef, 0x3a, 0x0e, 0x33, 0xee, 0x32, 0xef, 0x3a, 0x0e, 0x33,
    0x0e, 0x33, 0xef, 0x3a, 0x0e, 0x33, 0xee, 0x32, 0xef, 0x3a, 0x0e, 0x33,
    0xee, 0x32, 0x0f, 0x3b, 0x0e, 0x33, 0xee, 0x32, 0xef, 0x3a, 0x0e, 0x33,
    0xee, 0x32, 0xef, 0x3a, 0x0e, 0x33, 0x0e, 0x33, 0xef, 0x3a, 0x0e, 0x33,
    0xee, 0x32, 0x0f, 0x3b, 0xee, 0x32, 0x0e, 0x33, 0x0f, 0x3b, 0xee, 0x32,
    0x0e, 0x33, 0xef, 0x3a, 0x0e, 0x33, 0x0e, 0x33, 0xef, 0x3a, 0x0e, 0x33,
    0x0e, 0x33, 0xef, 0x3a, 0x0e, 0x33, 0xee, 0x32, 0xef, 0x3a, 0x0e, 0x33,
    0x0e, 0x33, 0xef, 0x3a, 0x0e, 0x33, 0xee, 0x32, 0xef, 0x3a, 0x0e, 0x33,
    0xee, 0x32, 0x0f, 0x3b, 0x0e, 0x33, 0xee, 0x32, 0xef, 0x3a, 0x0e, 0x33,
    0xee, 0x32, 0xef, 0x3a, 0x0e, 0x33, 0x0e, 0x33, 0xef, 0x3a, 0x0e, 0x33,
    0xee, 0x32, 0x0f, 0x3b, 0xee, 0x32, 0x0e, 0x33, 0x0f, 0x3b, 0xee, 0x32,
    0x0e, 0x33, 0xef, 0x3a, 0x0e, 0x33, 0x0e, 0x33, 0xef, 0x3a, 0x0e, 0x33,
    0x0e, 0x33, 0xef, 0x3a, 0x0e, 0x33, 0xee, 0x32, 0xef, 0x3a, 0x0e, 0x33,
    0x0e, 0x33, 0xef, 0x3a, 0x0e, 0x33, 0xee, 0x32, 0xef, 0x3a, 0x0e, 0x33,
    0xee, 0x32, 0x0f, 0x3b, 0x0e, 0x33, 0xee, 0x32, 0xef, 0x3a, 0x0e, 0x33,
    0xee, 0x32, 0xef, 0x3a, 0x0e, 0x33, 0x0e, 0x33, 0xef, 0x3a, 0x0e, 0x33,
    0xee, 0x32, 0x0f, 0x3b, 0xee, 0x32, 0x0e, 0x33, 0x0f, 0x3b, 0xee, 0x32,
    0x0e, 0x33, 0xef, 0x3a, 0x0e, 0x33, 0x0e, 0x33, 0xef, 0x3a, 0x0e, 0x33,
    0x0e, 0x33, 0xef, 0x3a, 0x0e, 0x33, 0xee, 0x32, 0xef, 0x3a, 0x0e, 0x33,
    0x0e, 0x33, 0xef, 0x3a, 0x0e, 0x33, 0xee, 0x32, 0xef, 0x3a, 0x0e, 0x33,
    0xee, 0x32, 0x0f, 0x3b, 0x0e, 0x33, 0xee, 0x32, 0xef, 0x3a, 0x0e, 0x33,
    0xee, 0x32, 0xef, 0x3a, 0x0e, 0x33, 0x0e, 0x33, 0xef, 0x3a, 0x0e, 0x33,
    0xee, 0x32, 0x0f, 0x3b, 0xee, 0x32, 0x0e, 0x33, 0x0f, 0x3b, 0xee, 0x32,
    0x0e, 0x33, 0xef, 0x3a, 0x0e, 0x33, 0x0e, 0x33, 0xef, 0x3a, 0x0e, 0x33,
    0x0e, 0x33, 0xef, 0x3a, 0x0e, 0x33, 0xee, 0x32, 0xef, 0x3a, 0x0e, 0x33,
    0x0e, 0x33, 0xef, 0x3a, 0x0e, 0x33, 0xee, 0x32, 0xef, 0x3a, 0x0e, 0x33,
    0xee, 0x32, 0x0f, 0x3b, 0x0e, 0x33, 0xee, 0x32, 0xef, 0x3a, 0x0e, 0x33,
    0xee, 0x32, 0xef, 0x3a, 0x0e, 0x33, 0x0e, 0x33, 0xef, 0x3a, 0x0e, 0x33,
    0xee, 0x32, 0x0f, 0x3b, 0xee, 0x32, 0x0e, 0x33, 0x0f, 0x3b, 0xee, 0x32,
    0x0e, 0x33, 0xef, 0x3a, 0x0e, 0x33, 0x0e, 0x33, 0xef, 0x3a, 0x0e, 0x33,
    0x0e, 0x33, 0xef, 0x3a, 0x0e, 0x33, 0xee, 0x32, 0xef, 0x3a, 0x0e, 0x33,
    0x0e, 0x33, 0xef, 0x3a, 0x0e, 0x33, 0xee, 0x32, 0xef, 0x3a, 0x0e, 0x33,
    0xee, 0x32, 0x0f, 0x3b, 0x0e, 0x33, 0xee, 0x32, 0xef, 0x3a, 0x0e, 0x33,
    0xee, 0x32, 0xef, 0x3a, 0x0e, 0x33, 0x0e, 0x33, 0xef, 0x3a, 0x0e, 0x33,
    0xee, 0x32, 0x0f, 0x3b, 0xee, 0x32, 0x0e, 0x33, 0x0f, 0x3b, 0xee, 0x32,
    0x0e, 0x33, 0xef, 0x3a, 0x0e, 0x33, 0x0e, 0x33, 0xef, 0x3a, 0x0e, 0x33,
    0x0e, 0x33, 0xef, 0x3a, 0x0e, 0x33, 0xee, 0x32, 0xef, 0x3a, 0x0e, 0x33,
    0x0e, 0x33, 0xef, 0x3a, 0x0e, 0x33, 0xee, 0x32, 0xef, 0x3a, 0x0e, 0x33,
    0xee, 0x32, 0x0f, 0x3b, 0x0e, 0x33, 0xee, 0x32, 0xef, 0x3a, 0x0e, 0x33,
    0xee, 0x32, 0xef, 0x3a, 0x0e, 0x33, 0x0e, 0x33, 0xef, 0x3a, 0x0e, 0x33,
    0xee, 0x32, 0x0f, 0x3b, 0xee, 0x32, 0x0e, 0x33, 0x0f, 0x3b, 0xee, 0x32,
    0x0e, 0x33, 0xef, 0x3a, 0x0e, 0x33, 0x0e, 0x33, 0xef, 0x3a, 0x0e, 0x33,
    0x0e, 0x33, 0xef, 0x3a, 0x0e, 0x33, 0xee, 0x32, 0xef, 0x3a, 0x0e, 0x33,
    0x0e, 0x33, 0xef, 0x3a, 0x0e, 0x33, 0xee, 0x32, 0xef, 0x3a, 0x0e, 0x33,
    0xee, 0x32, 0x0f, 0x3b, 0x0e, 0x33, 0xee, 0x32, 0xef, 0x3a, 0x0e, 0x33,
    0xee, 0x32, 0xef, 0x3a, 0x0e, 0x33, 0x0e, 0x33, 0xef, 0x3a, 0x0e, 0x33,
    0xee, 0x32, 0x0f, 0x3b, 0xee, 0x32, 0x0e, 0x33, 0x0f, 0x3b, 0xee, 0x32,
    0x0e, 0x33, 0xef, 0x3a, 0x0e, 0x33, 0x0e, 0x33, 0xef, 0x3a, 0x0e, 0x33,
    0x0f, 0x3b, 0xef, 0x3a, 0x0f, 0x3b, 0xee, 0x32, 0xee, 0x32, 0x0f, 0x3b,
    0xee, 0x32, 0x0e, 0x33, 0xef, 0x3a, 0x0e, 0x33, 0xef, 0x3a, 0x0f, 0x3b,
    0xee, 0x32, 0x0f, 0x3b, 0x0e, 0x33, 0xee, 0x32, 0x0f, 0x3b, 0xee, 0x32,
    0xee, 0x32, 0x0f, 0x3b, 0xee, 0x32, 0xef, 0x3a, 0x0e, 0x33, 0x0f, 0x3b,
    0xee, 0x32, 0x0f, 0x3b, 0x0e, 0x33, 0xee, 0x32, 0x0e, 0x33, 0xee, 0x32,
    0x0f, 0x3b, 0xee, 0x32, 0xef, 0x3a, 0x0e, 0x33, 0xee, 0x32, 0xef, 0x3a,
    0x0f, 0x3b, 0xee, 0x32, 0xef, 0x3a, 0x0f, 0x3b, 0xee, 0x32, 0xef, 0x3a,
    0x0e, 0x33, 0x0e, 0x33, 0xef, 0x3a, 0xee, 0x32, 0x0f, 0x3b, 0xee, 0x32,
    0x0e, 0x33, 0xef, 0x3a, 0xee, 0x32, 0x0f, 0x3b, 0xef, 0x3a, 0x0e, 0x33,
    0x0f, 0x3b, 0xef, 0x3a, 0xee, 0x32, 0x0e, 0x33, 0x0f, 0x3b, 0xef, 0x3a,
    0x0e, 0x33, 0xee, 0x32, 0xef, 0x3a, 0x0e, 0x33, 0xef, 0x3a, 0xef, 0x3a,
    0x0e, 0x33, 0x0f, 0x3b, 0xef, 0x3a, 0x0e, 0x33, 0xef, 0x3a, 0xef, 0x3a,
    0xee, 0x32, 0x0f, 0x3b, 0xef, 0x3a, 0xee, 0x32, 0x0f, 0x3b, 0xef, 0x3a,
    0x0e, 0x33, 0xef, 0x3a, 0x0f, 0x3b, 0xee, 0x32, 0x0f, 0x3b, 0x0f, 0x3b,
    0xee, 0x32, 0x0f, 0x3b, 0x0f, 0x3b, 0xee, 0x32, 0xef, 0x3a, 0x0f, 0x3b,
    0xee, 0x32, 0x0f, 0x3b, 0x0f, 0x3b, 0xee, 0x32, 0x0f, 0x3b, 0x0f, 0x3b,
    0xee, 0x32, 0x0f, 0x3b, 0xef, 0x3a, 0xee, 0x32, 0x0f, 0x3b, 0xef, 0x3a,
    0x0e, 0x33, 0x0f, 0x3b, 0xef, 0x3a, 0x0e, 0x33, 0xef, 0x3a, 0xef, 0x3a,
    0x0e, 0x33, 0xef, 0x3a, 0xef, 0x3a, 0x0e, 0x33, 0xef, 0x3a, 0xef, 0x3a,
    0x0e, 0x33, 0xef, 0x3a, 0x0f, 0x3b, 0x0e, 0x33, 0xef, 0x3a, 0x0f, 0x3b,
    0x0e, 0x33, 0xef, 0x3a, 0xef, 0x3a, 0x0e, 0x33, 0x0f, 0x3b, 0xef, 0x3a,
    0x0e, 0x33, 0xef, 0x3a, 0xef, 0x3a, 0x0e, 0x33, 0xef, 0x3a, 0x0f, 0x3b,
    0xee, 0x32, 0x0f, 0x3b, 0x0f, 0x3b, 0xee, 0x32, 0xef, 0x3a, 0x0f, 0x3b,
    0xee, 0x32, 0xef, 0x3a, 0x0f, 0x3b, 0xee, 0x32, 0xef, 0x3a, 0x0f, 0x3b,
    0xee, 0x32, 0x0f, 0x3b, 0xef, 0x3a, 0x0e, 0x33, 0xef, 0x3a, 0xef, 0x3a,
    0x0e, 0x33, 0xef, 0x3a, 0x0f, 0x3b, 0x0e, 0x33, 0xef, 0x3a, 0x0f, 0x3b,
    0x0e, 0x33, 0xef, 0x3a, 0xef, 0x3a, 0x0e, 0x33, 0x0f, 0x3b, 0xef, 0x3a,
    0x0e, 0x33, 0xef, 0x3a, 0xef, 0x3a, 0x0e, 0x33, 0xef, 0x3a, 0x0f, 0x3b,
    0xee, 0x32, 0x0f, 0x3b, 0x0f, 0x3b, 0xee, 0x32, 0xef, 0x3a, 0x0f, 0x3b,
    0xee, 0x32, 0xef, 0x3a, 0x0f, 0x3b, 0xee, 0x32, 0xef, 0x3a, 0x0f, 0x3b,
    0xee, 0x32, 0x0f, 0x3b, 0xef, 0x3a, 0x0e, 0x33, 0xef, 0x3a, 0xef, 0x3a,
    0x0e, 0x33, 0xef, 0x3a, 0x0f, 0x3b, 0x0e, 0x33, 0xef, 0x3a, 0x0f, 0x3b,
    0x0e, 0x33, 0xef, 0x3a, 0xef, 0x3a, 0x0e, 0x33, 0x0f, 0x3b, 0xef, 0x3a,
    0x0e, 0x33, 0xef, 0x3a, 0xef, 0x3a, 0x0e, 0x33, 0xef, 0x3a, 0x0f, 0x3b,
    0xee, 0x32, 0x0f, 0x3b, 0x0f, 0x3b, 0xee, 0x32, 0xef, 0x3a, 0x0f, 0x3b,
    0xee, 0x32, 0xef, 0x3a, 0x0f, 0x3b, 0xee, 0x32, 0xef, 0x3a, 0x0f, 0x3b,
    0xee, 0x32, 0x0f, 0x3b, 0xef, 0x3a, 0x0e, 0x33, 0xef, 0x3a, 0xef, 0x3a,
    0x0e, 0x33, 0xef, 0x3a, 0x0f, 0x3b, 0x0e, 0x33, 0xef, 0x3a, 0x0f, 0x3b,
    0x0e, 0x33, 0xef, 0x3a, 0xef, 0x3a, 0x0e, 0x33, 0x0f, 0x3b, 0xef, 0x3a,
    0x0e, 0x33, 0xef, 0x3a, 0xef, 0x3a, 0x0e, 0x33, 0xef, 0x3a, 0x0f, 0x3b,
    0xee, 0x32, 0x0f, 0x3b, 0x0f, 0x3b, 0xee, 0x32, 0xef, 0x3a, 0x0f, 0x3b,
    0xee, 0x32, 0xef, 0x3a, 0x0f, 0x3b, 0xee, 0x32, 0xef, 0x3a, 0x0f, 0x3b,
    0xee, 0x32, 0x0f, 0x3b, 0xef, 0x3a, 0x0e, 0x33, 0xef, 0x3a, 0xef, 0x3a,
    0x0e, 0x33, 0xef, 0x3a, 0x0f, 0x3b, 0x0e, 0x33, 0xef, 0x3a, 0x0f, 0x3b,
    0x0e, 0x33, 0xef, 0x3a, 0xef, 0x3a, 0x0e, 0x33, 0x0f, 0x3b, 0xef, 0x3a,
    0x0e, 0x33, 0xef, 0x3a, 0xef, 0x3a, 0x0e, 0x33, 0xef, 0x3a, 0x0f, 0x3b,
    0xee, 0x32, 0x0f, 0x3b, 0x0f, 0x3b, 0xee, 0x32, 0xef, 0x3a, 0x0f, 0x3b,
    0xee, 0x32, 0xef, 0x3a, 0x0f, 0x3b, 0xee, 0x32, 0xef, 0x3a, 0x0f, 0x3b,
    0xee, 0x32, 0x0f, 0x3b, 0xef, 0x3a, 0x0e, 0x33, 0xef, 0x3a, 0xef, 0x3a,
    0x0e, 0x33, 0xef, 0x3a, 0x0f, 0x3b, 0x0e, 0x33, 0xef, 0x3a, 0x0f, 0x3b,
    0x0e, 0x33, 0xef, 0x3a, 0xef, 0x3a, 0x0e, 0x33, 0x0f, 0x3b, 0xef, 0x3a,
    0x0e, 0x33, 0xef, 0x3a, 0xef, 0x3a, 0x0e, 0x33, 0xef, 0x3a, 0x0f, 0x3b,
    0xee, 0x32, 0x0f, 0x3b, 0x0f, 0x3b, 0xee, 0x32, 0xef, 0x3a, 0x0f, 0x3b,
    0xee, 0x32, 0xef, 0x3a, 0x0f, 0x3b, 0xee, 0x32, 0xef, 0x3a, 0x0f, 0x3b,
    0xee, 0x32, 0x0f, 0x3b, 0xef, 0x3a, 0x0e, 0x33, 0xef, 0x3a, 0xef, 0x3a,
    0x0e, 0x33, 0xef, 0x3a, 0x0f, 0x3b, 0x0e, 0x33, 0xef, 0x3a, 0x0f, 0x3b,
    0x0e, 0x33, 0xef, 0x3a, 0xef, 0x3a, 0x0e, 0x33, 0x0f, 0x3b, 0xef, 0x3a,
    0x0e, 0x33, 0xef, 0x3a, 0xef, 0x3a, 0x0e, 0x33, 0xef, 0x3a, 0x0f, 0x3b,
    0xee, 0x32, 0x0f, 0x3b, 0x0f, 0x3b, 0xee, 0x32, 0xef, 0x3a, 0x0f, 0x3b,
    0xee, 0x32, 0xef, 0x3a, 0x0f, 0x3b, 0xee, 0x32, 0xef, 0x3a, 0x0f, 0x3b,
    0xee, 0x32, 0x0f, 0x3b, 0xef, 0x3a, 0x0e, 0x33, 0xef, 0x3a, 0xef, 0x3a,
    0x0e, 0x33, 0xef, 0x3a, 0x0f, 0x3b, 0x0e, 0x33, 0xef, 0x3a, 0x0f, 0x3b,
    0x0e, 0x33, 0xef, 0x3a, 0xef, 0x3a, 0x0e, 0x33, 0x0f, 0x3b, 0xef, 0x3a,
    0x0e, 0x33, 0xef, 0x3a, 0xef, 0x3a, 0x0e, 0x33, 0xef, 0x3a, 0x0f, 0x3b,
    0xee, 0x32, 0x0f, 0x3b, 0x0f, 0x3b, 0xee, 0x32, 0xef, 0x3a, 0x0f, 0x3b,
    0xee, 0x32, 0xef, 0x3a, 0x0f, 0x3b, 0xee, 0x32, 0xef, 0x3a, 0x0f, 0x3b,
    0xee, 0x32, 0x0f, 0x3b, 0xef, 0x3a, 0x0e, 0x33, 0xef, 0x3a, 0xef, 0x3a,
    0x0e, 0x33, 0xef, 0x3a, 0x0f, 0x3b, 0x0e, 0x33, 0xef, 0x3a, 0x0f, 0x3b,
    0x0e, 0x33, 0xef, 0x3a, 0xef, 0x3a, 0x0e, 0x33, 0x0f, 0x3b, 0xef, 0x3a,
    0x0e, 0x33, 0xef, 0x3a, 0xef, 0x3a, 0x0e, 0x33, 0xef, 0x3a, 0x0f, 0x3b,
    0xee, 0x32, 0x0f, 0x3b, 0x0f, 0x3b, 0xee, 0x32, 0xef, 0x3a, 0x0f, 0x3b,
    0xee, 0x32, 0xef, 0x3a, 0x0f, 0x3b, 0xee, 0x32, 0xef, 0x3a, 0x0f, 0x3b,
    0xee, 0x32, 0x0f, 0x3b, 0xef, 0x3a, 0x0e, 0x33, 0xef, 0x3a, 0xef, 0x3a,
    0x0e, 0x33, 0xef, 0x3a, 0x0f, 0x3b, 0x0e, 0x33, 0xef, 0x3a, 0x0f, 0x3b,
    0x0e, 0x33, 0xef, 0x3a, 0xef, 0x3a, 0x0e, 0x33, 0x0f, 0x3b, 0xef, 0x3a,
    0x0e, 0x33, 0xef, 0x3a, 0xef, 0x3a, 0x0e, 0x33, 0xef, 0x3a, 0x0f, 0x3b,
    0xee, 0x32, 0x0f, 0x3b, 0x0f, 0x3b, 0xee, 0x32, 0xef, 0x3a, 0x0f, 0x3b,
    0xee, 0x32, 0xef, 0x3a, 0x0f, 0x3b, 0xee, 0x32, 0xef, 0x3a, 0x0f, 0x3b,
    0xee, 0x32, 0x0f, 0x3b, 0xef, 0x3a, 0x0e, 0x33, 0xef, 0x3a, 0xef, 0x3a,
    0x0e, 0x33, 0xef, 0x3a, 0x0f, 0x3b, 0x0e, 0x33, 0xef, 0x3a, 0x0f, 0x3b,
    0x0e, 0x33, 0xef, 0x3a, 0xef, 0x3a, 0x0e, 0x33, 0x0f, 0x3b, 0xef, 0x3a,
    0x0e, 0x33, 0xef, 0x3a, 0xef, 0x3a, 0x0e, 0x33, 0xef, 0x3a, 0x0f, 0x3b,
    0xee, 0x32, 0x0f, 0x3b, 0x0f, 0x3b, 0xee, 0x32, 0xef, 0x3a, 0x0f, 0x3b,
    0xee, 0x32, 0xef, 0x3a, 0x0f, 0x3b, 0xee, 0x32, 0xef, 0x3a, 0x0f, 0x3b,
    0xee, 0x32, 0x0f, 0x3b, 0xef, 0x3a, 0x0e, 0x33, 0xef, 0x3a, 0xef, 0x3a,
    0x0e, 0x33, 0xef, 0x3a, 0x0f, 0x3b, 0x0e, 0x33, 0xef, 0x3a, 0x0f, 0x3b,
    0x0e, 0x33, 0xef, 0x3a, 0xef, 0x3a, 0x0e, 0x33, 0x0f, 0x3b, 0xef, 0x3a,
    0x0e, 0x33, 0xef, 0x3a, 0xef, 0x3a, 0x0e, 0x33, 0xef, 0x3a, 0x0f, 0x3b,
    0xee, 0x32, 0x0f, 0x3b, 0x0f, 0x3b, 0xee, 0x32, 0xef, 0x3a, 0x0f, 0x3b,
    0xee, 0x32, 0xef, 0x3a, 0x0f, 0x3b, 0xee, 0x32, 0xef, 0x3a, 0x0f, 0x3b,
    0xee, 0x32, 0x0f, 0x3b, 0xef, 0x3a, 0x0e, 0x33, 0xef, 0x3a, 0xef, 0x3a,
    0x0e, 0x33, 0xef, 0x3a, 0x0f, 0x3b, 0x0e, 0x33, 0xef, 0x3a, 0x0f, 0x3b,
    0x0e, 0x33, 0xef, 0x3a, 0xef, 0x3a, 0x0e, 0x33, 0x0f, 0x3b, 0xef, 0x3a,
    0x0e, 0x33, 0xef, 0x3a, 0xef, 0x3a, 0x0e, 0x33, 0xef, 0x3a, 0x0f, 0x3b,
    0xee, 0x32, 0x0f, 0x3b, 0x0f, 0x3b, 0xee, 0x32, 0xef, 0x3a, 0x0f, 0x3b,
    0xee, 0x32, 0xef, 0x3a, 0x0f, 0x3b, 0xee, 0x32, 0xef, 0x3a, 0x0f, 0x3b,
    0xee, 0x32, 0x0f, 0x3b, 0xef, 0x3a, 0x0e, 0x33, 0xef, 0x3a, 0xef, 0x3a,
    0x0e, 0x33, 0xef, 0x3a, 0x0f, 0x3b, 0x0e, 0x33, 0xef, 0x3a, 0x0f, 0x3b,
    0x0e, 0x33, 0xef, 0x3a, 0xef, 0x3a, 0x0e, 0x33, 0x0f, 0x3b, 0xef, 0x3a,
    0x0e, 0x33, 0xef, 0x3a, 0xef, 0x3a, 0x0e, 0x33, 0xef, 0x3a, 0x0f, 0x3b,
    0xee, 0x32, 0x0f, 0x3b, 0x0f, 0x3b, 0xee, 0x32, 0xef, 0x3a, 0x0f, 0x3b,
    0xee, 0x32, 0xef, 0x3a, 0x0f, 0x3b, 0xee, 0x32, 0xef, 0x3a, 0x0f, 0x3b,
    0xee, 0x32, 0x0f, 0x3b, 0xef, 0x3a, 0x0e, 0x33, 0xef, 0x3a, 0xef, 0x3a,
    0x0e, 0x33, 0xef, 0x3a, 0x0f, 0x3b, 0x0e, 0x33, 0xef, 0x3a, 0x0f, 0x3b,
    0x0e, 0x33, 0xef, 0x3a, 0xef, 0x3a, 0x0e, 0x33, 0x0f, 0x3b, 0xef, 0x3a,
    0x0e, 0x33, 0xef, 0x3a, 0xef, 0x3a, 0x0e, 0x33, 0xef, 0x3a, 0x0f, 0x3b,
    0xee, 0x32, 0x0f, 0x3b, 0x0f, 0x3b, 0xee, 0x32, 0xef, 0x3a, 0x0f, 0x3b,
    0xee, 0x32, 0xef, 0x3a, 0x0f, 0x3b, 0xee, 0x32, 0xef, 0x3a, 0x0f, 0x3b,
    0xee, 0x32, 0x0f, 0x3b, 0xef, 0x3a, 0x0e, 0x33, 0xef, 0x3a, 0xef, 0x3a,
    0x0e, 0x33, 0xef, 0x3a, 0x0f, 0x3b, 0x0e, 0x33, 0xef, 0x3a, 0x0f, 0x3b,
    0x0e, 0x33, 0xef, 0x3a, 0xef, 0x3a, 0x0e, 0x33, 0x0f, 0x3b, 0xef, 0x3a,
    0x0e, 0x33, 0xef, 0x3a, 0xef, 0x3a, 0x0e, 0x33, 0xef, 0x3a, 0x0f, 0x3b,
    0xee, 0x32, 0x0f, 0x3b, 0x0f, 0x3b, 0xee, 0x32, 0xef, 0x3a, 0x0f, 0x3b,
    0xee, 0x32, 0xef, 0x3a, 0x0f, 0x3b, 0xee, 0x32, 0xef, 0x3a, 0x0f, 0x3b,
    0xee, 0x32, 0x0f, 0x3b, 0xef, 0x3a, 0x0e, 0x33, 0xef, 0x3a, 0xef, 0x3a,
    0x0e, 0x33, 0xef, 0x3a, 0x0f, 0x3b, 0x0e, 0x33, 0xef, 0x3a, 0x0f, 0x3b,
    0x0e, 0x33, 0xef, 0x3a, 0xef, 0x3a, 0x0e, 0x33, 0x0f, 0x3b, 0xef, 0x3a,
    0x0e, 0x33, 0xef, 0x3a, 0xef, 0x3a, 0x0e, 0x33, 0xef, 0x3a, 0x0f, 0x3b,
    0xee, 0x32, 0x0f, 0x3b, 0x0f, 0x3b, 0xee, 0x32, 0xef, 0x3a, 0x0f, 0x3b,
    0xee, 0x32, 0xef, 0x3a, 0x0f, 0x3b, 0xee, 0x32, 0xef, 0x3a, 0x0f, 0x3b,
    0xee, 0x32, 0x0f, 0x3b, 0xef, 0x3a, 0x0e, 0x33, 0xef, 0x3a, 0xef, 0x3a,
    0x0e, 0x33, 0xef, 0x3a, 0x0f, 0x3b, 0x0e, 0x33, 0xef, 0x3a, 0x0f, 0x3b,
    0x0e, 0x33, 0xef, 0x3a, 0xef, 0x3a, 0x0e, 0x33, 0x0f, 0x3b, 0xef, 0x3a,
    0x0e, 0x33, 0xef, 0x3a, 0xef, 0x3a, 0x0e, 0x33, 0xef, 0x3a, 0x0f, 0x3b,
    0xee, 0x32, 0x0f, 0x3b, 0x0f, 0x3b, 0xee, 0x32, 0xef, 0x3a, 0x0f, 0x3b,
    0xee, 0x32, 0xef, 0x3a, 0x0f, 0x3b, 0xee, 0x32, 0xef, 0x3a, 0x0f, 0x3b,
    0xee, 0x32, 0x0f, 0x3b, 0xef, 0x3a, 0x0e, 0x33, 0xef, 0x3a, 0xef, 0x3a,
    0x0e, 0x33, 0xef, 0x3a, 0x0f, 0x3b, 0x0e, 0x33, 0xef, 0x3a, 0x0f, 0x3b,
    0x0e, 0x33, 0xef, 0x3a, 0xef, 0x3a, 0x0e, 0x33, 0x0f, 0x3b, 0xef, 0x3a,
    0x0e, 0x33, 0xef, 0x3a, 0xef, 0x3a, 0x0e, 0x33, 0xef, 0x3a, 0x0f, 0x3b,
    0xee, 0x32, 0x0f, 0x3b, 0x0f, 0x3b, 0xee, 0x32, 0xef, 0x3a, 0x0f, 0x3b,
    0xee, 0x32, 0xef, 0x3a, 0x0f, 0x3b, 0xee, 0x32, 0xef, 0x3a, 0x0f, 0x3b,
    0xee, 0x32, 0x0f, 0x3b, 0xef, 0x3a, 0x0e, 0x33, 0xef, 0x3a, 0xef, 0x3a,
    0x0e, 0x33, 0xee, 0x32, 0x0e, 0x33, 0x0f, 0x3b, 0xee, 0x32, 0x0f, 0x3b,
    0x0f, 0x3b, 0xee, 0x32, 0x0f, 0x3b, 0xee, 0x32, 0x0f, 0x3b, 0xee, 0x32,
    0x0e, 0x33, 0xef, 0x3a, 0xef, 0x3a, 0x0e, 0x33, 0xef, 0x3a, 0x0f, 0x3b,
    0xee, 0x32, 0x0f, 0x3b, 0x0f, 0x3b, 0xee, 0x32, 0x0e, 0x33, 0xef, 0x3a,
    0x0e, 0x33, 0xef, 0x3a, 0xef, 0x3a, 0x0e, 0x33, 0x0f, 0x3b, 0xef, 0x3a,
    0xef, 0x3a, 0x0e, 0x33, 0x0e, 0x33, 0xef, 0x3a, 0x0f, 0x3b, 0x0e, 0x33,
    0xee, 0x32, 0x0f, 0x3b, 0x0e, 0x33, 0xef, 0x3a, 0x0e, 0x33, 0xee, 0x32,
    0x0f, 0x3b, 0xef, 0x3a, 0xee, 0x32, 0x0f, 0x3b, 0x0e, 0x33, 0xee, 0x32,
    0x0f, 0x3b, 0x0f, 0x3b, 0xef, 0x3a, 0x0e, 0x33, 0x0e, 0x33, 0xef, 0x3a,
    0xee, 0x32, 0x0e, 0x33, 0x0f, 0x3b, 0xef, 0x3a, 0x0e, 0x33, 0xef, 0x3a,
    0xee, 0x32, 0x0f, 0x3b, 0x0f, 0x3b, 0xee, 0x32, 0x0f, 0x3b, 0x0e, 0x33,
    0xef, 0x3a, 0x0e, 0x33, 0xee, 0x32, 0xef, 0x3a, 0x0e, 0x33, 0x0e, 0x33,
    0x0f, 0x3b, 0xee, 0x32, 0x0e, 0x33, 0xef, 0x3a, 0x0e, 0x33, 0x0e, 0x33,
    0xef, 0x3a, 0xee, 0x32, 0x0e, 0x33, 0xef, 0x3a, 0xee, 0x32, 0x0e, 0x33,
    0xef, 0x3a, 0xee, 0x32, 0x0e, 0x33, 0xef, 0x3a, 0x0e, 0x33, 0x0e, 0x33,
    0xef, 0x3a, 0x0e, 0x33, 0xee, 0x32, 0xef, 0x3a, 0x0e, 0x33, 0xee, 0x32,
    0x0f, 0x3b, 0xee, 0x32, 0x0e, 0x33, 0x0f, 0x3b, 0xee, 0x32, 0x0e, 0x33,
    0xef, 0x3a, 0xee, 0x32, 0x0e, 0x33, 0xef, 0x3a, 0x0e, 0x33, 0x0e, 0x33,
    0xef, 0x3a, 0x0e, 0x33, 0x0e, 0x33, 0xef, 0x3a, 0x0e, 0x33, 0x0e, 0x33,
    0xef, 0x3a, 0x0e, 0x33, 0xee, 0x32, 0xef, 0x3a, 0x0e, 0x33, 0xee, 0x32,
    0xef, 0x3a, 0x0e, 0x33, 0x0e, 0x33, 0xef, 0x3a, 0xee, 0x32, 0x0e, 0x33,
    0xef, 0x3a, 0x0e, 0x33, 0x0e, 0x33, 0xef, 0x3a, 0x0e, 0x33, 0xee, 0x32,
    0x0f, 0x3b, 0xee, 0x32, 0x0e, 0x33, 0xef, 0x3a, 0x0e, 0x33, 0xee, 0x32,
    0x0f, 0x3b, 0xee, 0x32, 0x0e, 0x33, 0x0f, 0x3b, 0xee, 0x32, 0x0e, 0x33,
    0x0f, 0x3b, 0xee, 0x32, 0xee, 0x32, 0x0f, 0x3b, 0xee, 0x32, 0x0e, 0x33,
    0x0f, 0x3b, 0xee, 0x32, 0x0e, 0x33, 0xef, 0x3a, 0xee, 0x32, 0x0e, 0x33,
    0xef, 0x3a, 0x0e, 0x33, 0xee, 0x32, 0xef, 0x3a, 0x0e, 0x33, 0xee, 0x32,
    0xef, 0x3a, 0x0e, 0x33, 0x0e, 0x33, 0xef, 0x3a, 0x0e, 0x33, 0xee, 0x32,
    0x0f, 0x3b, 0xee, 0x32, 0x0e, 0x33, 0xef, 0x3a, 0x0e, 0x33, 0xee, 0x32,
    0x0f, 0x3b, 0xee, 0x32, 0x0e, 0x33, 0x0f, 0x3b, 0xee, 0x32, 0x0e, 0x33,
    0x0f, 0x3b, 0xee, 0x32, 0xee, 0x32, 0x0f, 0x3b, 0xee, 0x32, 0x0e, 0x33,
    0x0f, 0x3b, 0xee, 0x32, 0x0e, 0x33, 0xef, 0x3a, 0xee, 0x32, 0x0e, 0x33,
    0xef, 0x3a, 0x0e, 0x33, 0xee, 0x32, 0xef, 0x3a, 0x0e, 0x33, 0xee, 0x32,
    0xef, 0x3a, 0x0e, 0x33, 0x0e, 0x33, 0xef, 0x3a, 0x0e, 0x33, 0xee, 0x32,
    0x0f, 0x3b, 0xee, 0x32, 0x0e, 0x33, 0xef, 0x3a, 0x0e, 0x33, 0xee, 0x32,
    0x0f, 0x3b, 0xee, 0x32, 0x0e, 0x33, 0x0f, 0x3b, 0xee, 0x32, 0x0e, 0x33,
    0x0f, 0x3b, 0xee, 0x32, 0xee, 0x32, 0x0f, 0x3b, 0xee, 0x32, 0x0e, 0x33,
    0x0f, 0x3b, 0xee, 0x32, 0x0e, 0x33, 0xef, 0x3a, 0xee, 0x32, 0x0e, 0x33,
    0xef, 0x3a, 0x0e, 0x33, 0xee, 0x32, 0xef, 0x3a, 0x0e, 0x33, 0xee, 0x32,
    0xef, 0x3a, 0x0e, 0x33, 0x0e, 0x33, 0xef, 0x3a, 0x0e, 0x33, 0xee, 0x32,
    0x0f, 0x3b, 0xee, 0x32, 0x0e, 0x33, 0xef, 0x3a, 0x0e, 0x33, 0xee, 0x32,
    0x0f, 0x3b, 0xee, 0x32, 0x0e, 0x33, 0x0f, 0x3b, 0xee, 0x32, 0x0e, 0x33,
    0x0f, 0x3b, 0xee, 0x32, 0xee, 0x32, 0x0f, 0x3b, 0xee, 0x32, 0x0e, 0x33,
    0x0f, 0x3b, 0xee, 0x32, 0x0e, 0x33, 0xef, 0x3a, 0xee, 0x32, 0x0e, 0x33,
    0xef, 0x3a, 0x0e, 0x33, 0xee, 0x32, 0xef, 0x3a, 0x0e, 0x33, 0xee, 0x32,
    0xef, 0x3a, 0x0e, 0x33, 0x0e, 0x33, 0xef, 0x3a, 0x0e, 0x33, 0xee, 0x32,
    0x0f, 0x3b, 0xee, 0x32, 0x0e, 0x33, 0xef, 0x3a, 0x0e, 0x33, 0xee, 0x32,
    0x0f, 0x3b, 0xee, 0x32, 0x0e, 0x33, 0x0f, 0x3b, 0xee, 0x32, 0x0e, 0x33,
    0x0f, 0x3b, 0xee, 0x32, 0xee, 0x32, 0x0f, 0x3b, 0xee, 0x32, 0x0e, 0x33,
    0x0f, 0x3b, 0xee, 0x32, 0x0e, 0x33, 0xef, 0x3a, 0xee, 0x32, 0x0e, 0x33,
    0xef, 0x3a, 0x0e, 0x33, 0xee, 0x32, 0xef, 0x3a, 0x0e, 0x33, 0xee, 0x32,
    0xef, 0x3a, 0x0e, 0x33, 0x0e, 0x33, 0xef, 0x3a, 0x0e, 0x33, 0xee, 0x32,
    0x0f, 0x3b, 0xee, 0x32, 0x0e, 0x33, 0xef, 0x3a, 0x0e, 0x33, 0xee, 0x32,
    0x0f, 0x3b, 0xee, 0x32, 0x0e, 0x33, 0x0f, 0x3b, 0xee, 0x32, 0x0e, 0x33,
    0x0f, 0x3b, 0xee, 0x32, 0xee, 0x32, 0x0f, 0x3b, 0xee, 0x32, 0x0e, 0x33,
    0x0f, 0x3b, 0xee, 0x32, 0x0e, 0x33, 0xef, 0x3a, 0xee, 0x32, 0x0e, 0x33,
    0xef, 0x3a, 0x0e, 0x33, 0xee, 0x32, 0xef, 0x3a, 0x0e, 0x33, 0xee, 0x32,
    0xef, 0x3a, 0x0e, 0x33, 0x0e, 0x33, 0xef, 0x3a, 0x0e, 0x33, 0xee, 0x32,
    0x0f, 0x3b, 0xee, 0x32, 0x0e, 0x33, 0xef, 0x3a, 0x0e, 0x33, 0xee, 0x32,
    0x0f, 0x3b, 0xee, 0x32, 0x0e, 0x33, 0x0f, 0x3b, 0xee, 0x32, 0x0e, 0x33,
    0x0f, 0x3b, 0xee, 0x32, 0xee, 0x32, 0x0f, 0x3b, 0xee, 0x32, 0x0e, 0x33,
    0x0f, 0x3b, 0xee, 0x32, 0x0e, 0x33, 0xef, 0x3a, 0xee, 0x32, 0x0e, 0x33,
    0xef, 0x3a, 0x0e, 0x33, 0xee, 0x32, 0xef, 0x3a, 0x0e, 0x33, 0xee, 0x32,
    0xef, 0x3a, 0x0e, 0x33, 0x0e, 0x33, 0xef, 0x3a, 0x0e, 0x33, 0xee, 0x32,
    0x0f, 0x3b, 0xee, 0x32, 0x0e, 0x33, 0xef, 0x3a, 0x0e, 0x33, 0xee, 0x32,
    0x0f, 0x3b, 0xee, 0x32, 0x0e, 0x33, 0x0f, 0x3b, 0xee, 0x32, 0x0e, 0x33,
    0x0f, 0x3b, 0xee, 0x32, 0xee, 0x32, 0x0f, 0x3b, 0xee, 0x32, 0x0e, 0x33,
    0x0f, 0x3b, 0xee, 0x32, 0x0e, 0x33, 0xef, 0x3a, 0xee, 0x32, 0x0e, 0x33,
    0xef, 0x3a, 0x0e, 0x33, 0xee, 0x32, 0xef, 0x3a, 0x0e, 0x33, 0xee, 0x32,
    0xef, 0x3a, 0x0e, 0x33, 0x0e, 0x33, 0xef, 0x3a, 0x0e, 0x33, 0xee, 0x32,
    0x0f, 0x3b, 0xee, 0x32, 0x0e, 0x33, 0xef, 0x3a, 0x0e, 0x33, 0xee, 0x32,
    0x0f, 0x3b, 0xee, 0x32, 0x0e, 0x33, 0x0f, 0x3b, 0xee, 0x32, 0x0e, 0x33,
    0x0f, 0x3b, 0xee, 0x32, 0xee, 0x32, 0x0f, 0x3b, 0xee, 0x32, 0x0e, 0x33,
    0x0f, 0x3b, 0xee, 0x32, 0x0e, 0x33, 0xef, 0x3a, 0xee, 0x32, 0x0e, 0x33,
    0xef, 0x3a, 0x0e, 0x33, 0xee, 0x32, 0xef, 0x3a, 0x0e, 0x33, 0xee, 0x32,
    0xef, 0x3a, 0x0e, 0x33, 0x0e, 0x33, 0xef, 0x3a, 0x0e, 0x33, 0xee, 0x32,
    0x0f, 0x3b, 0xee, 0x32, 0x0e, 0x33, 0xef, 0x3a, 0x0e, 0x33, 0xee, 0x32,
    0x0f, 0x3b, 0xee, 0x32, 0x0e, 0x33, 0x0f, 0x3b, 0xee, 0x32, 0x0e, 0x33,
    0x0f, 0x3b, 0xee, 0x32, 0xee, 0x32, 0x0f, 0x3b, 0xee, 0x32, 0x0e, 0x33,
    0x0f, 0x3b, 0xee, 0x32, 0x0e, 0x33, 0xef, 0x3a, 0xee, 0x32, 0x0e, 0x33,
    0xef, 0x3a, 0x0e, 0x33, 0xee, 0x32, 0xef, 0x3a, 0x0e, 0x33, 0xee, 0x32,
    0xef, 0x3a, 0x0e, 0x33, 0x0e, 0x33, 0xef, 0x3a, 0x0e, 0x33, 0xee, 0x32,
    0x0f, 0x3b, 0xee, 0x32, 0x0e, 0x33, 0xef, 0x3a, 0x0e, 0x33, 0xee, 0x32,
    0x0f, 0x3b, 0xee, 0x32, 0x0e, 0x33, 0x0f, 0x3b, 0xee, 0x32, 0x0e, 0x33,
    0x0f, 0x3b, 0xee, 0x32, 0xee, 0x32, 0x0f, 0x3b, 0xee, 0x32, 0x0e, 0x33,
    0x0f, 0x3b, 0xee, 0x32, 0x0e, 0x33, 0xef, 0x3a, 0xee, 0x32, 0x0e, 0x33,
    0xef, 0x3a, 0x0e, 0x33, 0xee, 0x32, 0xef, 0x3a, 0x0e, 0x33, 0xee, 0x32,
    0xef, 0x3a, 0x0e, 0x33, 0x0e, 0x33, 0xef, 0x3a, 0x0e, 0x33, 0xee, 0x32,
    0x0f, 0x3b, 0xee, 0x32, 0x0e, 0x33, 0xef, 0x3a, 0x0e, 0x33, 0xee, 0x32,
    0x0f, 0x3b, 0xee, 0x32, 0x0e, 0x33, 0x0f, 0x3b, 0xee, 0x32, 0x0e, 0x33,
    0x0f, 0x3b, 0xee, 0x32, 0xee, 0x32, 0x0f, 0x3b, 0xee, 0x32, 0x0e, 0x33,
    0x0f, 0x3b, 0xee, 0x32, 0x0e, 0x33, 0xef, 0x3a, 0xee, 0x32, 0x0e, 0x33,
    0xef, 0x3a, 0x0e, 0x33, 0xee, 0x32, 0xef, 0x3a, 0x0e, 0x33, 0xee, 0x32,
    0xef, 0x3a, 0x0e, 0x33, 0x0e, 0x33, 0xef, 0x3a, 0x0e, 0x33, 0xee, 0x32,
    0x0f, 0x3b, 0xee, 0x32, 0x0e, 0x33, 0xef, 0x3a, 0x0e, 0x33, 0xee, 0x32,
    0x0f, 0x3b, 0xee, 0x32, 0x0e, 0x33, 0x0f, 0x3b, 0xee, 0x32, 0x0e, 0x33,
    0x0f, 0x3b, 0xee, 0x32, 0xee, 0x32, 0x0f, 0x3b, 0xee, 0x32, 0x0e, 0x33,
    0x0f, 0x3b, 0xee, 0x32, 0x0e, 0x33, 0xef, 0x3a, 0xee, 0x32, 0x0e, 0x33,
    0xef, 0x3a, 0x0e, 0x33, 0xee, 0x32, 0xef, 0x3a, 0x0e, 0x33, 0xee, 0x32,
    0xef, 0x3a, 0x0e, 0x33, 0x0e, 0x33, 0xef, 0x3a, 0x0e, 0x33, 0xee, 0x32,
    0x0f, 0x3b, 0xee, 0x32, 0x0e, 0x33, 0xef, 0x3a, 0x0e, 0x33, 0xee, 0x32,
    0x0f, 0x3b, 0xee, 0x32, 0x0e, 0x33, 0x0f, 0x3b, 0xee, 0x32, 0x0e, 0x33,
    0x0f, 0x3b, 0xee, 0x32, 0xee, 0x32, 0x0f, 0x3b, 0xee, 0x32, 0x0e, 0x33,
    0x0f, 0x3b, 0xee, 0x32, 0x0e, 0x33, 0xef, 0x3a, 0xee, 0x32, 0x0e, 0x33,
    0xef, 0x3a, 0x0e, 0x33, 0xee, 0x32, 0xef, 0x3a, 0x0e, 0x33, 0xee, 0x32,
    0xef, 0x3a, 0x0e, 0x33, 0x0e, 0x33, 0xef, 0x3a, 0x0e, 0x33, 0xee, 0x32,
    0x0f, 0x3b, 0xee, 0x32, 0x0e, 0x33, 0xef, 0x3a, 0x0e, 0x33, 0xee, 0x32,
    0x0f, 0x3b, 0xee, 0x32, 0x0e, 0x33, 0x0f, 0x3b, 0xee, 0x32, 0x0e, 0x33,
    0x0f, 0x3b, 0xee, 0x32, 0xee, 0x32, 0x0f, 0x3b, 0xee, 0x32, 0x0e, 0x33,
    0x0f, 0x3b, 0xee, 0x32, 0x0e, 0x33, 0xef, 0x3a, 0xee, 0x32, 0x0e, 0x33,
    0xef, 0x3a, 0x0e, 0x33, 0xee, 0x32, 0xef, 0x3a, 0x0e, 0x33, 0xee, 0x32,
    0xef, 0x3a, 0x0e, 0x33, 0x0e, 0x33, 0xef, 0x3a, 0x0e, 0x33, 0xee, 0x32,
    0x0f, 0x3b, 0xee, 0x32, 0x0e, 0x33, 0xef, 0x3a, 0x0e, 0x33, 0xee, 0x32,
    0x0f, 0x3b, 0xee, 0x32, 0x0e, 0x33, 0x0f, 0x3b, 0xee, 0x32, 0x0e, 0x33,
    0x0f, 0x3b, 0xee, 0x32, 0xee, 0x32, 0x0f, 0x3b, 0xee, 0x32, 0x0e, 0x33,
    0x0f, 0x3b, 0xee, 0x32, 0x0e, 0x33, 0xef, 0x3a, 0xee, 0x32, 0x0e, 0x33,
    0xef, 0x3a, 0x0e, 0x33, 0xee, 0x32, 0xef, 0x3a, 0x0e, 0x33, 0xee, 0x32,
    0xef, 0x3a, 0x0e, 0x33, 0x0e, 0x33, 0xef, 0x3a, 0x0e, 0x33, 0xee, 0x32,
    0x0f, 0x3b, 0xee, 0x32, 0x0e, 0x33, 0xef, 0x3a, 0x0e, 0x33, 0xee, 0x32,
    0x0f, 0x3b, 0xee, 0x32, 0x0e, 0x33, 0x0f, 0x3b, 0xee, 0x32, 0x0e, 0x33,
    0x0f, 0x3b, 0xee, 0x32, 0xee, 0x32, 0x0f, 0x3b, 0xee, 0x32, 0x0e, 0x33,
    0x0f, 0x3b, 0xee, 0x32, 0x0e, 0x33, 0xef, 0x3a, 0xee, 0x32, 0x0e, 0x33,
    0xef, 0x3a, 0x0e, 0x33, 0xee, 0x32, 0xef, 0x3a, 0x0e, 0x33, 0xee, 0x32,
    0xef, 0x3a, 0x0e, 0x33, 0x0e, 0x33, 0xef, 0x3a, 0x0e, 0x33, 0xee, 0x32,
    0x0f, 0x3b, 0xee, 0x32, 0x0e, 0x33, 0xef, 0x3a, 0x0e, 0x33, 0xee, 0x32,
    0x0f, 0x3b, 0xee, 0x32, 0x0e, 0x33, 0x0f, 0x3b, 0xee, 0x32, 0x0e, 0x33,
    0x0f, 0x3b, 0xee, 0x32, 0xee, 0x32, 0x0f, 0x3b, 0xee, 0x32, 0x0e, 0x33,
    0x0f, 0x3b, 0xee, 0x32, 0x0e, 0x33, 0xef, 0x3a, 0xee, 0x32, 0x0e, 0x33,
    0xef, 0x3a, 0x0e, 0x33, 0xee, 0x32, 0xef, 0x3a, 0x0e, 0x33, 0xee, 0x32,
    0xef, 0x3a, 0x0e, 0x33, 0x0e, 0x33, 0xef, 0x3a, 0x0e, 0x33, 0xee, 0x32,
    0x0f, 0x3b, 0xee, 0x32, 0x0e, 0x33, 0xef, 0x3a, 0x0e, 0x33, 0xee, 0x32,
    0x0f, 0x3b, 0xee, 0x32, 0x0e, 0x33, 0x0f, 0x3b, 0xee, 0x32, 0x0e, 0x33,
    0x0f, 0x3b, 0xee, 0x32, 0xee, 0x32, 0x0f, 0x3b, 0xee, 0x32, 0x0e, 0x33,
    0x0f, 0x3b, 0xef, 0x3a, 0x0e, 0x33, 0xef, 0x3a, 0xef, 0x3a, 0x0e, 0x33,
    0xee, 0x32, 0x0f, 0x3b, 0xee, 0x32, 0x0f, 0x3b, 0xee, 0x32, 0x0f, 0x3b,
    0xef, 0x3a, 0x0e, 0x33, 0x0e, 0x33, 0xef, 0x3a, 0x0e, 0x33, 0xee, 0x32,
    0xef, 0x3a, 0x0e, 0x33, 0xee, 0x32, 0xef, 0x3a, 0x0f, 0x3b, 0xee, 0x32,
    0x0f, 0x3b, 0x0f, 0x3b, 0xee, 0x32, 0x0e, 0x33, 0xef, 0x3a, 0xee, 0x32,
    0x0e, 0x33, 0xef, 0x3a, 0xef, 0x3a, 0xef, 0x3a, 0x0e, 0x33, 0xef, 0x3a,
    0x0e, 0x33, 0xef, 0x3a, 0xef, 0x3a, 0x0e, 0x33, 0xef, 0x3a, 0x0e, 0x33,
    0xef, 0x3a, 0x0e, 0x33, 0x0e, 0x33, 0xef, 0x3a, 0x0e, 0x33, 0xef, 0x3a,
    0xef, 0x3a, 0x0e, 0x33, 0xee, 0x32, 0xef, 0x3a, 0x0e, 0x33, 0xef, 0x3a,
    0x0f, 0x3b, 0x0e, 0x33, 0xef, 0x3a, 0xee, 0x32, 0x0e, 0x33, 0xef, 0x3a,
    0x0e, 0x33, 0x0f, 0x3b, 0xee, 0x32, 0xee, 0x32, 0x0f, 0x3b, 0xef, 0x3a,
    0x0e, 0x33, 0xef, 0x3a, 0x0e, 0x33, 0x0f, 0x3b, 0xef, 0x3a, 0xee, 0x32,
    0x0f, 0x3b, 0xef, 0x3a, 0xee, 0x32, 0x0f, 0x3b, 0x0f, 0x3b, 0xee, 0x32,
    0xef, 0x3a, 0x0f, 0x3b, 0x0e, 0x33, 0xef, 0x3a, 0x0f, 0x3b, 0x0e, 0x33,
    0xef, 0x3a, 0x0f, 0x3b, 0xee, 0x32, 0x0f, 0x3b, 0xef, 0x3a, 0xee, 0x32,
    0x0f, 0x3b, 0xef, 0x3a, 0x0e, 0x33, 0x0f, 0x3b, 0xef, 0x3a, 0x0e, 0x33,
    0xef, 0x3a, 0x0f, 0x3b, 0xee, 0x32, 0xef, 0x3a, 0x0f, 0x3b, 0xee, 0x32,
    0x0f, 0x3b, 0x0f, 0x3b, 0xee, 0x32, 0x0f, 0x3b, 0xef, 0x3a, 0xee, 0x32,
    0x0f, 0x3b, 0xef, 0x3a, 0xee, 0x32, 0x0f, 0x3b, 0xef, 0x3a, 0xee, 0x32,
    0x0f, 0x3b, 0xef, 0x3a, 0x0e, 0x33, 0x0f, 0x3b, 0xef, 0x3a, 0x0e, 0x33,
    0x0f, 0x3b, 0xef, 0x3a, 0xee, 0x32, 0x0f, 0x3b, 0xef, 0x3a, 0x0e, 0x33,
    0x0f, 0x3b, 0xef, 0x3a, 0xee, 0x32, 0x0f, 0x3b, 0xef, 0x3a, 0x0e, 0x33,
    0x0f, 0x3b, 0xef, 0x3a, 0xee, 0x32, 0x0f, 0x3b, 0xef, 0x3a, 0x0e, 0x33,
    0xef, 0x3a, 0x0f, 0x3b, 0xee, 0x32, 0x0f, 0x3b, 0xef, 0x3a, 0x0e, 0x33,
    0xef, 0x3a, 0x0f, 0x3b, 0x0e, 0x33, 0xef, 0x3a, 0x0f, 0x3b, 0xee, 0x32,
    0x0f, 0x3b, 0xef, 0x3a, 0xee, 0x32, 0x0f, 0x3b, 0x0f, 0x3b, 0xee, 0x32,
    0x0f, 0x3b, 0xef, 0x3a, 0x0e, 0x33, 0xef, 0x3a, 0x0f, 0x3b, 0x0e, 0x33,
    0x0f, 0x3b, 0xef, 0x3a, 0x0e, 0x33, 0xef, 0x3a, 0xef, 0x3a, 0x0e, 0x33,
    0x0f, 0x3b, 0xef, 0x3a, 0xee, 0x32, 0x0f, 0x3b, 0xef, 0x3a, 0x0e, 0x33,
    0xef, 0x3a, 0x0f, 0x3b, 0xee, 0x32, 0x0f, 0x3b, 0xef, 0x3a, 0x0e, 0x33,
    0xef, 0x3a, 0x0f, 0x3b, 0x0e, 0x33, 0xef, 0x3a, 0x0f, 0x3b, 0xee, 0x32,
    0x0f, 0x3b, 0xef, 0x3a, 0xee, 0x32, 0x0f, 0x3b, 0x0f, 0x3b, 0xee, 0x32,
    0x0f, 0x3b, 0xef, 0x3a, 0x0e, 0x33, 0xef, 0x3a, 0x0f, 0x3b, 0x0e, 0x33,
    0x0f, 0x3b, 0xef, 0x3a, 0x0e, 0x33, 0xef, 0x3a, 0xef, 0x3a, 0x0e, 0x33,
    0x0f, 0x3b, 0xef, 0x3a, 0xee, 0x32, 0x0f, 0x3b, 0xef, 0x3a, 0x0e, 0x33,
    0xef, 0x3a, 0x0f, 0x3b, 0xee, 0x32, 0x0f, 0x3b, 0xef, 0x3a, 0x0e, 0x33,
    0xef, 0x3a, 0x0f, 0x3b, 0x0e, 0x33, 0xef, 0x3a, 0x0f, 0x3b, 0xee, 0x32,
    0x0f, 0x3b, 0xef, 0x3a, 0xee, 0x32, 0x0f, 0x3b, 0x0f, 0x3b, 0xee, 0x32,
    0x0f, 0x3b, 0xef, 0x3a, 0x0e, 0x33, 0xef, 0x3a, 0x0f, 0x3b, 0x0e, 0x33,
    0x0f, 0x3b, 0xef, 0x3a, 0x0e, 0x33, 0xef, 0x3a, 0xef, 0x3a, 0x0e, 0x33,
    0x0f, 0x3b, 0xef, 0x3a, 0xee, 0x32, 0x0f, 0x3b, 0xef, 0x3a, 0x0e, 0x33,
    0xef, 0x3a, 0x0f, 0x3b, 0xee, 0x32, 0x0f, 0x3b, 0xef, 0x3a, 0x0e, 0x33,
    0xef, 0x3a, 0x0f, 0x3b, 0x0e, 0x33, 0xef, 0x3a, 0x0f, 0x3b, 0xee, 0x32,
    0x0f, 0x3b, 0xef, 0x3a, 0xee, 0x32, 0x0f, 0x3b, 0x0f, 0x3b, 0xee, 0x32,
    0x0f, 0x3b, 0xef, 0x3a, 0x0e, 0x33, 0xef, 0x3a, 0x0f, 0x3b, 0x0e, 0x33,
    0x0f, 0x3b, 0xef, 0x3a, 0x0e, 0x33, 0xef, 0x3a, 0xef, 0x3a, 0x0e, 0x33,
    0x0f, 0x3b, 0xef, 0x3a, 0xee, 0x32, 0x0f, 0x3b, 0xef, 0x3a, 0x0e, 0x33,
    0xef, 0x3a, 0x0f, 0x3b, 0xee, 0x32, 0x0f, 0x3b, 0xef, 0x3a, 0x0e, 0x33,
    0xef, 0x3a, 0x0f, 0x3b, 0x0e, 0x33, 0xef, 0x3a, 0x0f, 0x3b, 0xee, 0x32,
    0x0f, 0x3b, 0xef, 0x3a, 0xee, 0x32, 0x0f, 0x3b, 0x0f, 0x3b, 0xee, 0x32,
    0x0f, 0x3b, 0xef, 0x3a, 0x0e, 0x33, 0xef, 0x3a, 0x0f, 0x3b, 0x0e, 0x33,
    0x0f, 0x3b, 0xef, 0x3a, 0x0e, 0x33, 0xef, 0x3a, 0xef, 0x3a, 0x0e, 0x33,
    0x0f, 0x3b, 0xef, 0x3a, 0xee, 0x32, 0x0f, 0x3b, 0xef, 0x3a, 0x0e, 0x33,
    0xef, 0x3a, 0x0f, 0x3b, 0xee, 0x32, 0x0f, 0x3b, 0xef, 0x3a, 0x0e, 0x33,
    0xef, 0x3a, 0x0f, 0x3b, 0x0e, 0x33, 0xef, 0x3a, 0x0f, 0x3b, 0xee, 0x32,
    0x0f, 0x3b, 0xef, 0x3a, 0xee, 0x32, 0x0f, 0x3b, 0x0f, 0x3b, 0xee, 0x32,
    0x0f, 0x3b, 0xef, 0x3a, 0x0e, 0x33, 0xef, 0x3a, 0x0f, 0x3b, 0x0e, 0x33,
    0x0f, 0x3b, 0xef, 0x3a, 0x0e, 0x33, 0xef, 0x3a, 0xef, 0x3a, 0x0e, 0x33,
    0x0f, 0x3b, 0xef, 0x3a, 0xee, 0x32, 0x0f, 0x3b, 0xef, 0x3a, 0x0e, 0x33,
    0xef, 0x3a, 0x0f, 0x3b, 0xee, 0x32, 0x0f, 0x3b, 0xef, 0x3a, 0x0e, 0x33,
    0xef, 0x3a, 0x0f, 0x3b, 0x0e, 0x33, 0xef, 0x3a, 0x0f, 0x3b, 0xee, 0x32,
    0x0f, 0x3b, 0xef, 0x3a, 0xee, 0x32, 0x0f, 0x3b, 0x0f, 0x3b, 0xee, 0x32,
    0x0f, 0x3b, 0xef, 0x3a, 0x0e, 0x33, 0xef, 0x3a, 0x0f, 0x3b, 0x0e, 0x33,
    0x0f, 0x3b, 0xef, 0x3a, 0x0e, 0x33, 0xef, 0x3a, 0xef, 0x3a, 0x0e, 0x33,
    0x0f, 0x3b, 0xef, 0x3a, 0xee, 0x32, 0x0f, 0x3b, 0xef, 0x3a, 0x0e, 0x33,
    0xef, 0x3a, 0x0f, 0x3b, 0xee, 0x32, 0x0f, 0x3b, 0xef, 0x3a, 0x0e, 0x33,
    0xef, 0x3a, 0x0f, 0x3b, 0x0e, 0x33, 0xef, 0x3a, 0x0f, 0x3b, 0xee, 0x32,
    0x0f, 0x3b, 0xef, 0x3a, 0xee, 0x32, 0x0f, 0x3b, 0x0f, 0x3b, 0xee, 0x32,
    0x0f, 0x3b, 0xef, 0x3a, 0x0e, 0x33, 0xef, 0x3a, 0x0f, 0x3b, 0x0e, 0x33,
    0x0f, 0x3b, 0xef, 0x3a, 0x0e, 0x33, 0xef, 0x3a, 0xef, 0x3a, 0x0e, 0x33,
    0x0f, 0x3b, 0xef, 0x3a, 0xee, 0x32, 0x0f, 0x3b, 0xef, 0x3a, 0x0e, 0x33,
    0xef, 0x3a, 0x0f, 0x3b, 0xee, 0x32, 0x0f, 0x3b, 0xef, 0x3a, 0x0e, 0x33,
    0xef, 0x3a, 0x0f, 0x3b, 0x0e, 0x33, 0xef, 0x3a, 0x0f, 0x3b, 0xee, 0x32,
    0x0f, 0x3b, 0xef, 0x3a, 0xee, 0x32, 0x0f, 0x3b, 0x0f, 0x3b, 0xee, 0x32,
    0x0f, 0x3b, 0xef, 0x3a, 0x0e, 0x33, 0xef, 0x3a, 0x0f, 0x3b, 0x0e, 0x33,
    0x0f, 0x3b, 0xef, 0x3a, 0x0e, 0x33, 0xef, 0x3a, 0xef, 0x3a, 0x0e, 0x33,
    0x0f, 0x3b, 0xef, 0x3a, 0xee, 0x32, 0x0f, 0x3b, 0xef, 0x3a, 0x0e, 0x33,
    0xef, 0x3a, 0x0f, 0x3b, 0xee, 0x32, 0x0f, 0x3b, 0xef, 0x3a, 0x0e, 0x33,
    0xef, 0x3a, 0x0f, 0x3b, 0x0e, 0x33, 0xef, 0x3a, 0x0f, 0x3b, 0xee, 0x32,
    0x0f, 0x3b, 0xef, 0x3a, 0xee, 0x32, 0x0f, 0x3b, 0x0f, 0x3b, 0xee, 0x32,
    0x0f, 0x3b, 0xef, 0x3a, 0x0e, 0x33, 0xef, 0x3a, 0x0f, 0x3b, 0x0e, 0x33,
    0x0f, 0x3b, 0xef, 0x3a, 0x0e, 0x33, 0xef, 0x3a, 0xef, 0x3a, 0x0e, 0x33,
    0x0f, 0x3b, 0xef, 0x3a, 0xee, 0x32, 0x0f, 0x3b, 0xef, 0x3a, 0x0e, 0x33,
    0xef, 0x3a, 0x0f, 0x3b, 0xee, 0x32, 0x0f, 0x3b, 0xef, 0x3a, 0x0e, 0x33,
    0xef, 0x3a, 0x0f, 0x3b, 0x0e, 0x33, 0xef, 0x3a, 0x0f, 0x3b, 0xee, 0x32,
    0x0f, 0x3b, 0xef, 0x3a, 0xee, 0x32, 0x0f, 0x3b, 0x0f, 0x3b, 0xee, 0x32,
    0x0f, 0x3b, 0xef, 0x3a, 0x0e, 0x33, 0xef, 0x3a, 0x0f, 0x3b, 0x0e, 0x33,
    0x0f, 0x3b, 0xef, 0x3a, 0x0e, 0x33, 0xef, 0x3a, 0xef, 0x3a, 0x0e, 0x33,
    0x0f, 0x3b, 0xef, 0x3a, 0xee, 0x32, 0x0f, 0x3b, 0xef, 0x3a, 0x0e, 0x33,
    0xef, 0x3a, 0x0f, 0x3b, 0xee, 0x32, 0x0f, 0x3b, 0xef, 0x3a, 0x0e, 0x33,
    0xef, 0x3a, 0x0f, 0x3b, 0x0e, 0x33, 0xef, 0x3a, 0x0f, 0x3b, 0xee, 0x32,
    0x0f, 0x3b, 0xef, 0x3a, 0xee, 0x32, 0x0f, 0x3b, 0x0f, 0x3b, 0xee, 0x32,
    0x0f, 0x3b, 0xef, 0x3a, 0x0e, 0x33, 0xef, 0x3a, 0x0f, 0x3b, 0x0e, 0x33,
    0x0f, 0x3b, 0xef, 0x3a, 0x0e, 0x33, 0xef, 0x3a, 0xef, 0x3a, 0x0e, 0x33,
    0x0f, 0x3b, 0xef, 0x3a, 0xee, 0x32, 0x0f, 0x3b, 0xef, 0x3a, 0x0e, 0x33,
    0xef, 0x3a, 0x0f, 0x3b, 0xee, 0x32, 0x0f, 0x3b, 0xef, 0x3a, 0x0e, 0x33,
    0xef, 0x3a, 0x0f, 0x3b, 0x0e, 0x33, 0xef, 0x3a, 0x0f, 0x3b, 0xee, 0x32,
    0x0f, 0x3b, 0xef, 0x3a, 0xee, 0x32, 0x0f, 0x3b, 0x0f, 0x3b, 0xee, 0x32,
    0x0f, 0x3b, 0xef, 0x3a, 0x0e, 0x33, 0xef, 0x3a, 0x0f, 0x3b, 0x0e, 0x33,
    0x0f, 0x3b, 0xef, 0x3a, 0x0e, 0x33, 0xef, 0x3a, 0xef, 0x3a, 0x0e, 0x33,
    0x0f, 0x3b, 0xef, 0x3a, 0xee, 0x32, 0x0f, 0x3b, 0xef, 0x3a, 0x0e, 0x33,
    0xef, 0x3a, 0x0f, 0x3b, 0xee, 0x32, 0x0f, 0x3b, 0xef, 0x3a, 0x0e, 0x33,
    0xef, 0x3a, 0x0f, 0x3b, 0x0e, 0x33, 0xef, 0x3a, 0x0f, 0x3b, 0xee, 0x32,
    0x0f, 0x3b, 0xef, 0x3a, 0xee, 0x32, 0x0f, 0x3b, 0x0f, 0x3b, 0xee, 0x32,
    0x0f, 0x3b, 0xef, 0x3a, 0x0e, 0x33, 0xef, 0x3a, 0x0f, 0x3b, 0x0e, 0x33,
    0x0f, 0x3b, 0xef, 0x3a, 0x0e, 0x33, 0xef, 0x3a, 0xef, 0x3a, 0x0e, 0x33,
    0x0f, 0x3b, 0xef, 0x3a, 0xee, 0x32, 0x0f, 0x3b, 0xef, 0x3a, 0x0e, 0x33,
    0xef, 0x3a, 0x0f, 0x3b, 0xee, 0x32, 0x0f, 0x3b, 0xef, 0x3a, 0x0e, 0x33,
    0xef, 0x3a, 0x0f, 0x3b, 0x0e, 0x33, 0xef, 0x3a, 0x0f, 0x3b, 0xee, 0x32,
    0x0f, 0x3b, 0xef, 0x3a, 0xee, 0x32, 0x0f, 0x3b, 0x0f, 0x3b, 0xee, 0x32,
    0x0f, 0x3b, 0xef, 0x3a, 0x0e, 0x33, 0xef, 0x3a, 0x0f, 0x3b, 0x0e, 0x33,
    0x0f, 0x3b, 0xef, 0x3a, 0x0e, 0x33, 0xef, 0x3a, 0xef, 0x3a, 0x0e, 0x33,
    0x0f, 0x3b, 0xef, 0x3a, 0xee, 0x32, 0x0f, 0x3b, 0xef, 0x3a, 0x0e, 0x33,
    0xef, 0x3a, 0x0f, 0x3b, 0xee, 0x32, 0x0f, 0x3b, 0xef, 0x3a, 0x0e, 0x33,
    0xef, 0x3a, 0x0f, 0x3b, 0x0e, 0x33, 0xef, 0x3a, 0x0f, 0x3b, 0xee, 0x32,
    0x0f, 0x3b, 0xef, 0x3a, 0xee, 0x32, 0x0f, 0x3b, 0x0f, 0x3b, 0xee, 0x32,
    0x0f, 0x3b, 0xef, 0x3a, 0x0e, 0x33, 0xef, 0x3a, 0x0f, 0x3b, 0x0e, 0x33,
    0x0f, 0x3b, 0xef, 0x3a, 0x0e, 0x33, 0xef, 0x3a, 0xef, 0x3a, 0x0e, 0x33,
    0x0f, 0x3b, 0xef, 0x3a, 0xee, 0x32, 0x0f, 0x3b, 0xef, 0x3a, 0x0e, 0x33,
    0xef, 0x3a, 0x0f, 0x3b, 0xee, 0x32, 0x0f, 0x3b, 0xef, 0x3a, 0x0e, 0x33,
    0xef, 0x3a, 0x0f, 0x3b, 0x0e, 0x33, 0xef, 0x3a, 0x0f, 0x3b, 0xee, 0x32,
    0x0f, 0x3b, 0xef, 0x3a, 0xee, 0x32, 0x0f, 0x3b, 0x0f, 0x3b, 0xee, 0x32,
    0x0f, 0x3b, 0xef, 0x3a, 0x0e, 0x33, 0xef, 0x3a, 0x0f, 0x3b, 0x0e, 0x33,
    0x0f, 0x3b, 0xef, 0x3a, 0x0e, 0x33, 0xef, 0x3a, 0xef, 0x3a, 0x0e, 0x33,
    0x0f, 0x3b, 0xef, 0x3a, 0xee, 0x32, 0x0f, 0x3b, 0xef, 0x3a, 0x0e, 0x33,
    0xef, 0x3a, 0x0f, 0x3b, 0xee, 0x32, 0x0f, 0x3b, 0xef, 0x3a, 0x0e, 0x33,
    0xef, 0x3a, 0x0f, 0x3b, 0x0e, 0x33, 0xef, 0x3a, 0x0f, 0x3b, 0xee, 0x32,
    0x0f, 0x3b, 0xef, 0x3a, 0xee, 0x32, 0x0f, 0x3b, 0x0f, 0x3b, 0xee, 0x32,
    0x0f, 0x3b, 0xef, 0x3a, 0x0e, 0x33, 0xef, 0x3a, 0x0f, 0x3b, 0x0e, 0x33,
    0x0f, 0x3b, 0xef, 0x3a, 0x0e, 0x33, 0xef, 0x3a, 0xef, 0x3a, 0x0e, 0x33,
    0x0f, 0x3b, 0xef, 0x3a, 0xee, 0x32, 0x0f, 0x3b, 0xef, 0x3a, 0x0e, 0x33,
    0xef, 0x3a, 0x0f, 0x3b, 0xee, 0x32, 0x0f, 0x3b, 0xef, 0x3a, 0x0e, 0x33,
    0xef, 0x3a, 0x0f, 0x3b, 0x0e, 0x33, 0xef, 0x3a, 0x0f, 0x3b, 0xee, 0x32,
    0x0f, 0x3b, 0xee, 0x32, 0xee, 0x32, 0x0f, 0x3b, 0x0e, 0x33, 0xef, 0x3a,
    0x0f, 0x3b, 0xee, 0x32, 0x0f, 0x3b, 0xee, 0x32, 0xef, 0x3a, 0x0e, 0x33,
    0xee, 0x32, 0xef, 0x3a, 0x0e, 0x33, 0xef, 0x3a, 0xef, 0x3a, 0x0e, 0x33,
    0x0f, 0x3b, 0xef, 0x3a, 0x0e, 0x33, 0x0f, 0x3b, 0xee, 0x32, 0x0e, 0x33,
    0xef, 0x3a, 0xee, 0x32, 0x0e, 0x33, 0xef, 0x3a, 0xee, 0x32, 0x0f, 0x3b,
    0x0f, 0x3b, 0xee, 0x32, 0x0f, 0x3b, 0x0e, 0x33, 0x0e, 0x33, 0xee, 0x32,
    0x0f, 0x3b, 0xee, 0x32, 0xee, 0x32, 0x0f, 0x3b, 0x0e, 0x33, 0xef, 0x3a,
    0xee, 0x32, 0x0f, 0x3b, 0xef, 0x3a, 0xee, 0x32, 0x0f, 0x3b, 0x0e, 0x33,
    0xee, 0x32, 0x0f, 0x3b, 0x0f, 0x3b, 0xee, 0x32, 0x0f, 0x3b, 0xee, 0x32,
    0x0e, 0x33, 0xef, 0x3a, 0xee, 0x32, 0x0f, 0x3b, 0x0f, 0x3b, 0xee, 0x32,
    0xef, 0x3a, 0x0e, 0x33, 0xef, 0x3a, 0x0e, 0x33, 0xef, 0x3a, 0x0e, 0x33,
    0xee, 0x32, 0x0f, 0x3b, 0xee, 0x32, 0xee, 0x32, 0x0f, 0x3b, 0xee, 0x32,
    0x0f, 0x3b, 0x0e, 0x33, 0xee, 0x32, 0xef, 0x3a, 0x0e, 0x33, 0xef, 0x3a,
    0x0e, 0x33, 0xee, 0x32, 0xef, 0x3a, 0x0e, 0x33, 0xee, 0x32, 0xef, 0x3a,
    0x0e, 0x33, 0xee, 0x32, 0x0f, 0x3b, 0xee, 0x32, 0x0e, 0x33, 0x0f, 0x3b,
    0xee, 0x32, 0x0e, 0x33, 0xef, 0x3a, 0xee, 0x32, 0x0e, 0x33, 0xef, 0x3a,
    0x0e, 0x33, 0x0e, 0x33, 0xef, 0x3a, 0x0e, 0x33, 0x0e, 0x33, 0xef, 0x3a,
    0xee, 0x32, 0x0e, 0x33, 0xef, 0x3a, 0xee, 0x32, 0x0e, 0x33, 0x0f, 0x3b,
    0xee, 0x32, 0x0e, 0x33, 0x0f, 0x3b, 0xee, 0x32, 0x0e, 0x33, 0x0f, 0x3b,
    0xee, 0x32, 0x0e, 0x33, 0xef, 0x3a, 0xee, 0x32, 0x0e, 0x33, 0xef, 0x3a,
    0xee, 0x32, 0x0e, 0x33, 0x0f, 0x3b, 0xee, 0x32, 0x0e, 0x33, 0xef, 0x3a,
    0xee, 0x32, 0x0e, 0x33, 0x0f, 0x3b, 0xee, 0x32, 0x0e, 0x33, 0xef, 0x3a,
    0xee, 0x32, 0x0e, 0x33, 0xef, 0x3a, 0x0e, 0x33, 0x0e, 0x33, 0xef, 0x3a,
    0x0e, 0x33, 0xee, 0x32, 0x0f, 0x3b, 0xee, 0x32, 0x0e, 0x33, 0xef, 0x3a,
    0x0e, 0x33, 0xee, 0x32, 0xef, 0x3a, 0xee, 0x32, 0x0e, 0x33, 0xef, 0x3a,
    0x0e, 0x33, 0x0e, 0x33, 0xef, 0x3a, 0x0e, 0x33, 0xee, 0x32, 0xef, 0x3a,
    0x0e, 0x33, 0xee, 0x32, 0x0f, 0x3b, 0x0e, 0x33, 0xee, 0x32, 0xef, 0x3a,
    0x0e, 0x33, 0xee, 0x32, 0xef, 0x3a, 0x0e, 0x33, 0x0e, 0x33, 0xef, 0x3a,
    0x0e, 0x33, 0xee, 0x32, 0x0f, 0x3b, 0x0e, 0x33, 0xee, 0x32, 0x0f, 0x3b,
    0x0e, 0x33, 0xee, 0x32, 0x0f, 0x3b, 0xee, 0x32, 0x0e, 0x33, 0xef, 0x3a,
    0x0e, 0x33, 0xee, 0x32, 0xef, 0x3a, 0xee, 0x32, 0x0e, 0x33, 0xef, 0x3a,
    0x0e, 0x33, 0x0e, 0x33, 0xef, 0x3a, 0x0e, 0x33, 0xee, 0x32, 0xef, 0x3a,
    0x0e, 0x33, 0xee, 0x32, 0x0f, 0x3b, 0x0e, 0x33, 0xee, 0x32, 0xef, 0x3a,
    0x0e, 0x33, 0xee, 0x32, 0xef, 0x3a, 0x0e, 0x33, 0x0e, 0x33, 0xef, 0x3a,
    0x0e, 0x33, 0xee, 0x32, 0x0f, 0x3b, 0x0e, 0x33, 0xee, 0x32, 0x0f, 0x3b,
    0x0e, 0x33, 0xee, 0x32, 0x0f, 0x3b, 0xee, 0x32, 0x0e, 0x33, 0xef, 0x3a,
    0x0e, 0x33, 0xee, 0x32, 0xef, 0x3a, 0xee, 0x32, 0x0e, 0x33, 0xef, 0x3a,
    0x0e, 0x33, 0x0e, 0x33, 0xef, 0x3a, 0x0e, 0x33, 0xee, 0x32, 0xef, 0x3a,
    0x0e, 0x33, 0xee, 0x32, 0x0f, 0x3b, 0x0e, 0x33, 0xee, 0x32, 0xef, 0x3a,
    0x0e, 0x33, 0xee, 0x32, 0xef, 0x3a, 0x0e, 0x33, 0x0e, 0x33, 0xef, 0x3a,
    0x0e, 0x33, 0xee, 0x32, 0x0f, 0x3b, 0x0e, 0x33, 0xee, 0x32, 0x0f, 0x3b,
    0x0e, 0x33, 0xee, 0x32, 0x0f, 0x3b, 0xee, 0x32, 0x0e, 0x33, 0xef, 0x3a,
    0x0e, 0x33, 0xee, 0x32, 0xef, 0x3a, 0xee, 0x32, 0x0e, 0x33, 0xef, 0x3a,
    0x0e, 0x33, 0x0e, 0x33, 0xef, 0x3a, 0x0e, 0x33, 0xee, 0x32, 0xef, 0x3a,
    0x0e, 0x33, 0xee, 0x32, 0x0f, 0x3b, 0x0e, 0x33, 0xee, 0x32, 0xef, 0x3a,
    0x0e, 0x33, 0xee, 0x32, 0xef, 0x3a, 0x0e, 0x33, 0x0e, 0x33, 0xef, 0x3a,
    0x0e, 0x33, 0xee, 0x32, 0x0f, 0x3b, 0x0e, 0x33, 0xee, 0x32, 0x0f, 0x3b,
    0x0e, 0x33, 0xee, 0x32, 0x0f, 0x3b, 0xee, 0x32, 0x0e, 0x33, 0xef, 0x3a,
    0x0e, 0x33, 0xee, 0x32, 0xef, 0x3a, 0xee, 0x32, 0x0e, 0x33, 0xef, 0x3a,
    0x0e, 0x33, 0x0e, 0x33, 0xef, 0x3a, 0x0e, 0x33, 0xee, 0x32, 0xef, 0x3a,
    0x0e, 0x33, 0xee, 0x32, 0x0f, 0x3b, 0x0e, 0x33, 0xee, 0x32, 0xef, 0x3a,
    0x0e, 0x33, 0xee, 0x32, 0xef, 0x3a, 0x0e, 0x33, 0x0e, 0x33, 0xef, 0x3a,
    0x0e, 0x33, 0xee, 0x32, 0x0f, 0x3b, 0x0e, 0x33, 0xee, 0x32, 0x0f, 0x3b,
    0x0e, 0x33, 0xee, 0x32, 0x0f, 0x3b, 0xee, 0x32, 0x0e, 0x33, 0xef, 0x3a,
    0x0e, 0x33, 0xee, 0x32, 0xef, 0x3a, 0xee, 0x32, 0x0e, 0x33, 0xef, 0x3a,
    0x0e, 0x33, 0x0e, 0x33, 0xef, 0x3a, 0x0e, 0x33, 0xee, 0x32, 0xef, 0x3a,
    0x0e, 0x33, 0xee, 0x32, 0x0f, 0x3b, 0x0e, 0x33, 0xee, 0x32, 0xef, 0x3a,
    0x0e, 0x33, 0xee, 0x32, 0xef, 0x3a, 0x0e, 0x33, 0x0e, 0x33, 0xef, 0x3a,
    0x0e, 0x33, 0xee, 0x32, 0x0f, 0x3b, 0x0e, 0x33, 0xee, 0x32, 0x0f, 0x3b,
    0x0e, 0x33, 0xee, 0x32, 0x0f, 0x3b, 0xee, 0x32, 0x0e, 0x33, 0xef, 0x3a,
    0x0e, 0x33, 0xee, 0x32, 0xef, 0x3a, 0xee, 0x32, 0x0e, 0x33, 0xef, 0x3a,
    0x0e, 0x33, 0x0e, 0x33, 0xef, 0x3a, 0x0e, 0x33, 0xee, 0x32, 0xef, 0x3a,
    0x0e, 0x33, 0xee, 0x32, 0x0f, 0x3b, 0x0e, 0x33, 0xee, 0x32, 0xef, 0x3a,
    0x0e, 0x33, 0xee, 0x32, 0xef, 0x3a, 0x0e, 0x33, 0x0e, 0x33, 0xef, 0x3a,
    0x0e, 0x33, 0xee, 0x32, 0x0f, 0x3b, 0x0e, 0x33, 0xee, 0x32, 0x0f, 0x3b,
    0x0e, 0x33, 0xee, 0x32, 0x0f, 0x3b, 0xee, 0x32, 0x0e, 0x33, 0xef, 0x3a,
    0x0e, 0x33, 0xee, 0x32, 0xef, 0x3a, 0xee, 0x32, 0x0e, 0x33, 0xef, 0x3a,
    0x0e, 0x33, 0x0e, 0x33, 0xef, 0x3a, 0x0e, 0x33, 0xee, 0x32, 0xef, 0x3a,
    0x0e, 0x33, 0xee, 0x32, 0x0f, 0x3b, 0x0e, 0x33, 0xee, 0x32, 0xef, 0x3a,
    0x0e, 0x33, 0xee, 0x32, 0xef, 0x3a, 0x0e, 0x33, 0x0e, 0x33, 0xef, 0x3a,
    0x0e, 0x33, 0xee, 0x32, 0x0f, 0x3b, 0x0e, 0x33, 0xee, 0x32, 0x0f, 0x3b,
    0x0e, 0x33, 0xee, 0x32, 0x0f, 0x3b, 0xee, 0x32, 0x0e, 0x33, 0xef, 0x3a,
    0x0e, 0x33, 0xee, 0x32, 0xef, 0x3a, 0xee, 0x32, 0x0e, 0x33, 0xef, 0x3a,
    0x0e, 0x33, 0x0e, 0x33, 0xef, 0x3a, 0x0e, 0x33, 0xee, 0x32, 0xef, 0x3a,
    0x0e, 0x33, 0xee, 0x32, 0x0f, 0x3b, 0x0e, 0x33, 0xee, 0x32, 0xef, 0x3a,
    0x0e, 0x33, 0xee, 0x32, 0xef, 0x3a, 0x0e, 0x33, 0x0e, 0x33, 0xef, 0x3a,
    0x0e, 0x33, 0xee, 0x32, 0x0f, 0x3b, 0x0e, 0x33, 0xee, 0x32, 0x0f, 0x3b,
    0x0e, 0x33, 0xee, 0x32, 0x0f, 0x3b, 0xee, 0x32, 0x0e, 0x33, 0xef, 0x3a,
    0x0e, 0x33, 0xee, 0x32, 0xef, 0x3a, 0xee, 0x32, 0x0e, 0x33, 0xef, 0x3a,
    0x0e, 0x33, 0x0e, 0x33, 0xef, 0x3a, 0x0e, 0x33, 0xee, 0x32, 0xef, 0x3a,
    0x0e, 0x33, 0xee, 0x32, 0x0f, 0x3b, 0x0e, 0x33, 0xee, 0x32, 0xef, 0x3a,
    0x0e, 0x33, 0xee, 0x32, 0xef, 0x3a, 0x0e, 0x33, 0x0e, 0x33, 0xef, 0x3a,
    0x0e, 0x33, 0xee, 0x32, 0x0f, 0x3b, 0x0e, 0x33, 0xee, 0x32, 0x0f, 0x3b,
    0x0e, 0x33, 0xee, 0x32, 0x0f, 0x3b, 0xee, 0x32, 0x0e, 0x33, 0xef, 0x3a,
    0x0e, 0x33, 0xee, 0x32, 0xef, 0x3a, 0xee, 0x32, 0x0e, 0x33, 0xef, 0x3a,
    0x0e, 0x33, 0x0e, 0x33, 0xef, 0x3a, 0x0e, 0x33, 0xee, 0x32, 0xef, 0x3a,
    0x0e, 0x33, 0xee, 0x32, 0x0f, 0x3b, 0x0e, 0x33, 0xee, 0x32, 0xef, 0x3a,
    0x0e, 0x33, 0xee, 0x32, 0xef, 0x3a, 0x0e, 0x33, 0x0e, 0x33, 0xef, 0x3a,
    0x0e, 0x33, 0xee, 0x32, 0x0f, 0x3b, 0x0e, 0x33, 0xee, 0x32, 0x0f, 0x3b,
    0x0e, 0x33, 0xee, 0x32, 0x0f, 0x3b, 0xee, 0x32, 0x0e, 0x33, 0xef, 0x3a,
    0x0e, 0x33, 0xee, 0x32, 0xef, 0x3a, 0xee, 0x32, 0x0e, 0x33, 0xef, 0x3a,
    0x0e, 0x33, 0x0e, 0x33, 0xef, 0x3a, 0x0e, 0x33, 0xee, 0x32, 0xef, 0x3a,
    0x0e, 0x33, 0xee, 0x32, 0x0f, 0x3b, 0x0e, 0x33, 0xee, 0x32, 0xef, 0x3a,
    0x0e, 0x33, 0xee, 0x32, 0xef, 0x3a, 0x0e, 0x33, 0x0e, 0x33, 0xef, 0x3a,
    0x0e, 0x33, 0xee, 0x32, 0x0f, 0x3b, 0x0e, 0x33, 0xee, 0x32, 0x0f, 0x3b,
    0x0e, 0x33, 0xee, 0x32, 0x0f, 0x3b, 0xee, 0x32, 0x0e, 0x33, 0xef, 0x3a,
    0x0e, 0x33, 0xee, 0x32, 0xef, 0x3a, 0xee, 0x32, 0x0e, 0x33, 0xef, 0x3a,
    0x0e, 0x33, 0x0e, 0x33, 0xef, 0x3a, 0x0e, 0x33, 0xee, 0x32, 0xef, 0x3a,
    0x0e, 0x33, 0xee, 0x32, 0x0f, 0x3b, 0x0e, 0x33, 0xee, 0x32, 0xef, 0x3a,
    0x0e, 0x33, 0xee, 0x32, 0xef, 0x3a, 0x0e, 0x33, 0x0e, 0x33, 0xef, 0x3a,
    0x0e, 0x33, 0xee, 0x32, 0x0f, 0x3b, 0x0e, 0x33, 0xee, 0x32, 0x0f, 0x3b,
    0x0e, 0x33, 0xee, 0x32, 0x0f, 0x3b, 0xee, 0x32, 0x0e, 0x33, 0xef, 0x3a,
    0x0e, 0x33, 0xee, 0x32, 0xef, 0x3a, 0xee, 0x32, 0x0e, 0x33, 0xef, 0x3a,
    0x0e, 0x33, 0x0e, 0x33, 0xef, 0x3a, 0x0e, 0x33, 0xee, 0x32, 0xef, 0x3a,
    0x0e, 0x33, 0xee, 0x32, 0x0f, 0x3b, 0x0e, 0x33, 0xee, 0x32, 0xef, 0x3a,
    0x0e, 0x33, 0xee, 0x32, 0xef, 0x3a, 0x0e, 0x33, 0x0e, 0x33, 0xef, 0x3a,
    0x0e, 0x33, 0xee, 0x32, 0x0f, 0x3b, 0x0e, 0x33, 0xee, 0x32, 0x0f, 0x3b,
    0x0e, 0x33, 0xee, 0x32, 0x0f, 0x3b, 0xee, 0x32, 0x0e, 0x33, 0xef, 0x3a,
    0x0e, 0x33, 0xee, 0x32, 0xef, 0x3a, 0xee, 0x32, 0x0e, 0x33, 0xef, 0x3a,
    0x0e, 0x33, 0x0e, 0x33, 0xef, 0x3a, 0x0e, 0x33, 0xee, 0x32, 0xef, 0x3a,
    0x0e, 0x33, 0xee, 0x32, 0x0f, 0x3b, 0x0e, 0x33, 0xee, 0x32, 0xef, 0x3a,
    0x0e, 0x33, 0xee, 0x32, 0xef, 0x3a, 0x0e, 0x33, 0x0e, 0x33, 0xef, 0x3a,
    0x0e, 0x33, 0xee, 0x32, 0x0f, 0x3b, 0x0e, 0x33, 0xee, 0x32, 0x0f, 0x3b,
    0x0e, 0x33, 0xee, 0x32, 0x0f, 0x3b, 0xee, 0x32, 0x0e, 0x33, 0xef, 0x3a,
    0x0e, 0x33, 0xee, 0x32, 0xef, 0x3a, 0xee, 0x32, 0x0e, 0x33, 0xef, 0x3a,
    0x0e, 0x33, 0x0e, 0x33, 0xef, 0x3a, 0x0e, 0x33, 0xee, 0x32, 0xef, 0x3a,
    0x0e, 0x33, 0xee, 0x32, 0x0f, 0x3b, 0x0e, 0x33, 0xee, 0x32, 0xef, 0x3a,
    0x0e, 0x33, 0xee, 0x32, 0xef, 0x3a, 0x0e, 0x33, 0x0e, 0x33, 0xef, 0x3a,
    0x0e, 0x33, 0xee, 0x32, 0x0f, 0x3b, 0x0e, 0x33, 0xee, 0x32, 0x0f, 0x3b,
    0x0e, 0x33, 0xee, 0x32, 0x0f, 0x3b, 0xee, 0x32, 0x0e, 0x33, 0xef, 0x3a,
    0x0e, 0x33, 0xee, 0x32, 0xef, 0x3a, 0xee, 0x32, 0x0e, 0x33, 0xef, 0x3a,
    0x0e, 0x33, 0x0e, 0x33, 0xef, 0x3a, 0x0e, 0x33, 0xee, 0x32, 0xef, 0x3a,
    0x0e, 0x33, 0xee, 0x32, 0x0f, 0x3b, 0x0e, 0x33, 0xee, 0x32, 0xef, 0x3a,
    0x0e, 0x33, 0xee, 0x32, 0xef, 0x3a, 0x0e, 0x33, 0x0e, 0x33, 0xef, 0x3a,
    0x0e, 0x33, 0xee, 0x32, 0x0f, 0x3b, 0x0e, 0x33, 0xee, 0x32, 0x0f, 0x3b,
    0x0e, 0x33, 0xee, 0x32, 0x0f, 0x3b, 0xee, 0x32, 0x0e, 0x33, 0xef, 0x3a,
    0x0e, 0x33, 0xee, 0x32, 0xef, 0x3a, 0xee, 0x32, 0x0e, 0x33, 0xef, 0x3a,
    0x0e, 0x33, 0x0e, 0x33, 0xef, 0x3a, 0x0e, 0x33, 0xee, 0x32, 0xef, 0x3a,
    0x0e, 0x33, 0xee, 0x32, 0x0f, 0x3b, 0x0e, 0x33, 0xee, 0x32, 0xef, 0x3a,
    0x0e, 0x33, 0xee, 0x32, 0xef, 0x3a, 0x0e, 0x33, 0x0e, 0x33, 0xef, 0x3a,
    0x0e, 0x33, 0xee, 0x32, 0x0f, 0x3b, 0x0e, 0x33, 0xee, 0x32, 0x0f, 0x3b,
    0x0e, 0x33, 0xee, 0x32, 0x0f, 0x3b, 0xee, 0x32, 0x0e, 0x33, 0xef, 0x3a,
    0x0e, 0x33, 0xee, 0x32, 0xef, 0x3a, 0xee, 0x32, 0x0e, 0x33, 0xef, 0x3a,
    0x0e, 0x33, 0x0f, 0x3b, 0xef, 0x3a, 0x0f, 0x3b, 0xee, 0x32, 0xee, 0x32,
    0x0f, 0x3b, 0xee, 0x32, 0x0e, 0x33, 0x0f, 0x3b, 0xee, 0x32, 0x0f, 0x3b,
    0x0f, 0x3b, 0xee, 0x32, 0x0f, 0x3b, 0x0e, 0x33, 0xee, 0x32, 0x0f, 0x3b,
    0xee, 0x32, 0x0e, 0x33, 0xef, 0x3a, 0xee, 0x32, 0x0f, 0x3b, 0xef, 0x3a,
    0x0e, 0x33, 0x0f, 0x3b, 0xef, 0x3a, 0x0e, 0x33, 0x0f, 0x3b, 0xee, 0x32,
    0x0f, 0x3b, 0xee, 0x32, 0x0e, 0x33, 0xef, 0x3a, 0xef, 0x3a, 0x0e, 0x33,
    0xee, 0x32, 0x0f, 0x3b, 0x0f, 0x3b, 0xee, 0x32, 0x0f, 0x3b, 0x0e, 0x33,
    0xef, 0x3a, 0x0e, 0x33, 0x0e, 0x33, 0xef, 0x3a, 0x0e, 0x33, 0xef, 0x3a,
    0xef, 0x3a, 0x0e, 0x33, 0xef, 0x3a, 0xee, 0x32, 0x0e, 0x33, 0xef, 0x3a,
    0x0f, 0x3b, 0x0e, 0x33, 0xef, 0x3a, 0x0e, 0x33, 0xee, 0x32, 0xef, 0x3a,
    0x0e, 0x33, 0x0f, 0x3b, 0xee, 0x32, 0x0f, 0x3b, 0xee, 0x32, 0xef, 0x3a,
    0x0f, 0x3b, 0x0e, 0x33, 0xef, 0x3a, 0x0f, 0x3b, 0x0e, 0x33, 0xef, 0x3a,
    0xef, 0x3a, 0x0e, 0x33, 0xee, 0x32, 0x0f, 0x3b, 0x0f, 0x3b, 0xee, 0x32,
    0x0f, 0x3b, 0x0e, 0x33, 0xef, 0x3a, 0x0f, 0x3b, 0x0e, 0x33, 0xef, 0x3a,
    0x0f, 0x3b, 0x0e, 0x33, 0xef, 0x3a, 0x0f, 0x3b, 0xee, 0x32, 0xef, 0x3a,
    0x0f, 0x3b, 0xee, 0x32, 0x0f, 0x3b, 0x0f, 0x3b, 0xee, 0x32, 0x0f, 0x3b,
    0xef, 0x3a, 0xee, 0x32, 0x0f, 0x3b, 0xef, 0x3a, 0xee, 0x32, 0x0f, 0x3b,
    0xef, 0x3a, 0x0e, 0x33, 0x0f, 0x3b, 0xef, 0x3a, 0x0e, 0x33, 0xef, 0x3a,
    0x0f, 0x3b, 0xee, 0x32, 0xef, 0x3a, 0x0f, 0x3b, 0xee, 0x32, 0xef, 0x3a,
    0x0f, 0x3b, 0xee, 0x32, 0x0f, 0x3b, 0x0f, 0x3b, 0xee, 0x32, 0x0f, 0x3b,
    0x0f, 0x3b, 0xee, 0x32, 0xef, 0x3a, 0x0f, 0x3b, 0xee, 0x32, 0x0f, 0x3b,
    0x0f, 0x3b, 0xee, 0x32, 0x0f, 0x3b, 0xef, 0x3a, 0xee, 0x32, 0x0f, 0x3b,
    0x0f, 0x3b, 0xee, 0x32, 0x0f, 0x3b, 0xef, 0x3a, 0xee, 0x32, 0x0f, 0x3b,
    0xef, 0x3a, 0x0e, 0x33, 0xef, 0x3a, 0x0f, 0x3b, 0xee, 0x32, 0x0f, 0x3b,
    0xef, 0x3a, 0x0e, 0x33, 0x0f, 0x3b, 0xef, 0x3a, 0x0e, 0x33, 0x0f, 0x3b,
    0xef, 0x3a, 0xee, 0x32, 0x0f, 0x3b, 0xef, 0x3a, 0xee, 0x32, 0x0f, 0x3b,
    0x0f, 0x3b, 0xee, 0x32, 0x0f, 0x3b, 0xef, 0x3a, 0xee, 0x32, 0x0f, 0x3b,
    0xef, 0x3a, 0x0e, 0x33, 0xef, 0x3a, 0x0f, 0x3b, 0xee, 0x32, 0xef, 0x3a,
    0x0f, 0x3b, 0x0e, 0x33, 0xef, 0x3a, 0xef, 0x3a, 0x0e, 0x33, 0xef, 0x3a,
    0xef, 0x3a, 0x0e, 0x33, 0xef, 0x3a, 0xef, 0x3a, 0x0e, 0x33, 0xef, 0x3a,
    0x0f, 0x3b, 0xee, 0x32, 0x0f, 0x3b, 0x0f, 0x3b, 0xee, 0x32, 0x0f, 0x3b,
    0xef, 0x3a, 0xee, 0x32, 0x0f, 0x3b, 0xef, 0x3a, 0xee, 0x32, 0x0f, 0x3b,
    0x0f, 0x3b, 0xee, 0x32, 0x0f, 0x3b, 0xef, 0x3a, 0xee, 0x32, 0x0f, 0x3b,
    0xef, 0x3a, 0x0e, 0x33, 0xef, 0x3a, 0x0f, 0x3b, 0xee, 0x32, 0xef, 0x3a,
    0x0f, 0x3b, 0x0e, 0x33, 0xef, 0x3a, 0xef, 0x3a, 0x0e, 0x33, 0xef, 0x3a,
    0xef, 0x3a, 0x0e, 0x33, 0xef, 0x3a, 0xef, 0x3a, 0x0e, 0x33, 0xef, 0x3a,
    0x0f, 0x3b, 0xee, 0x32, 0x0f, 0x3b, 0x0f, 0x3b, 0xee, 0x32, 0x0f, 0x3b,
    0xef, 0x3a, 0xee, 0x32, 0x0f, 0x3b, 0xef, 0x3a, 0xee, 0x32, 0x0f, 0x3b,
    0x0f, 0x3b, 0xee, 0x32, 0x0f, 0x3b, 0xef, 0x3a, 0xee, 0x32, 0x0f, 0x3b,
    0xef, 0x3a, 0x0e, 0x33, 0xef, 0x3a, 0x0f, 0x3b, 0xee, 0x32, 0xef, 0x3a,
    0x0f, 0x3b, 0x0e, 0x33, 0xef, 0x3a, 0xef, 0x3a, 0x0e, 0x33, 0xef, 0x3a,
    0xef, 0x3a, 0x0e, 0x33, 0xef, 0x3a, 0xef, 0x3a, 0x0e, 0x33, 0xef, 0x3a,
    0x0f, 0x3b, 0xee, 0x32, 0x0f, 0x3b, 0x0f, 0x3b, 0xee, 0x32, 0x0f, 0x3b,
    0xef, 0x3a, 0xee, 0x32, 0x0f, 0x3b, 0xef, 0x3a, 0xee, 0x32, 0x0f, 0x3b,
    0x0f, 0x3b, 0xee, 0x32, 0x0f, 0x3b, 0xef, 0x3a, 0xee, 0x32, 0x0f, 0x3b,
    0xef, 0x3a, 0x0e, 0x33, 0xef, 0x3a, 0x0f, 0x3b, 0xee, 0x32, 0xef, 0x3a,
    0x0f, 0x3b, 0x0e, 0x33, 0xef, 0x3a, 0xef, 0x3a, 0x0e, 0x33, 0xef, 0x3a,
    0xef, 0x3a, 0x0e, 0x33, 0xef, 0x3a, 0xef, 0x3a, 0x0e, 0x33, 0xef, 0x3a,
    0x0f, 0x3b, 0xee, 0x32, 0x0f, 0x3b, 0x0f, 0x3b, 0xee, 0x32, 0x0f, 0x3b,
    0xef, 0x3a, 0xee, 0x32, 0x0f, 0x3b, 0xef, 0x3a, 0xee, 0x32, 0x0f, 0x3b,
    0x0f, 0x3b, 0xee, 0x32, 0x0f, 0x3b, 0xef, 0x3a, 0xee, 0x32, 0x0f, 0x3b,
    0xef, 0x3a, 0x0e, 0x33, 0xef, 0x3a, 0x0f, 0x3b, 0xee, 0x32, 0xef, 0x3a,
    0x0f, 0x3b, 0x0e, 0x33, 0xef, 0x3a, 0xef, 0x3a, 0x0e, 0x33, 0xef, 0x3a,
    0xef, 0x3a, 0x0e, 0x33, 0xef, 0x3a, 0xef, 0x3a, 0x0e, 0x33, 0xef, 0x3a,
    0x0f, 0x3b, 0xee, 0x32, 0x0f, 0x3b, 0x0f, 0x3b, 0xee, 0x32, 0x0f, 0x3b,
    0xef, 0x3a, 0xee, 0x32, 0x0f, 0x3b, 0xef, 0x3a, 0xee, 0x32, 0x0f, 0x3b,
    0x0f, 0x3b, 0xee, 0x32, 0x0f, 0x3b, 0xef, 0x3a, 0xee, 0x32, 0x0f, 0x3b,
    0xef, 0x3a, 0x0e, 0x33, 0xef, 0x3a, 0x0f, 0x3b, 0xee, 0x32, 0xef, 0x3a,
    0x0f, 0x3b, 0x0e, 0x33, 0xef, 0x3a, 0xef, 0x3a, 0x0e, 0x33, 0xef, 0x3a,
    0xef, 0x3a, 0x0e, 0x33, 0xef, 0x3a, 0xef, 0x3a, 0x0e, 0x33, 0xef, 0x3a,
    0x0f, 0x3b, 0xee, 0x32, 0x0f, 0x3b, 0x0f, 0x3b, 0xee, 0x32, 0x0f, 0x3b,
    0xef, 0x3a, 0xee, 0x32, 0x0f, 0x3b, 0xef, 0x3a, 0xee, 0x32, 0x0f, 0x3b,
    0x0f, 0x3b, 0xee, 0x32, 0x0f, 0x3b, 0xef, 0x3a, 0xee, 0x32, 0x0f, 0x3b,
    0xef, 0x3a, 0x0e, 0x33, 0xef, 0x3a, 0x0f, 0x3b, 0xee, 0x32, 0xef, 0x3a,
    0x0f, 0x3b, 0x0e, 0x33, 0xef, 0x3a, 0xef, 0x3a, 0x0e, 0x33, 0xef, 0x3a,
    0xef, 0x3a, 0x0e, 0x33, 0xef, 0x3a, 0xef, 0x3a, 0x0e, 0x33, 0xef, 0x3a,
    0x0f, 0x3b, 0xee, 0x32, 0x0f, 0x3b, 0x0f, 0x3b, 0xee, 0x32, 0x0f, 0x3b,
    0xef, 0x3a, 0xee, 0x32, 0x0f, 0x3b, 0xef, 0x3a, 0xee, 0x32, 0x0f, 0x3b,
    0x0f, 0x3b, 0xee, 0x32, 0x0f, 0x3b, 0xef, 0x3a, 0xee, 0x32, 0x0f, 0x3b,
    0xef, 0x3a, 0x0e, 0x33, 0xef, 0x3a, 0x0f, 0x3b, 0xee, 0x32, 0xef, 0x3a,
    0x0f, 0x3b, 0x0e, 0x33, 0xef, 0x3a, 0xef, 0x3a, 0x0e, 0x33, 0xef, 0x3a,
    0xef, 0x3a, 0x0e, 0x33, 0xef, 0x3a, 0xef, 0x3a, 0x0e, 0x33, 0xef, 0x3a,
    0x0f, 0x3b, 0xee, 0x32, 0x0f, 0x3b, 0x0f, 0x3b, 0xee, 0x32, 0x0f, 0x3b,
    0xef, 0x3a, 0xee, 0x32, 0x0f, 0x3b, 0xef, 0x3a, 0xee, 0x32, 0x0f, 0x3b,
    0x0f, 0x3b, 0xee, 0x32, 0x0f, 0x3b, 0xef, 0x3a, 0xee, 0x32, 0x0f, 0x3b,
    0xef, 0x3a, 0x0e, 0x33, 0xef, 0x3a, 0x0f, 0x3b, 0xee, 0x32, 0xef, 0x3a,
    0x0f, 0x3b, 0x0e, 0x33, 0xef, 0x3a, 0xef, 0x3a, 0x0e, 0x33, 0xef, 0x3a,
    0xef, 0x3a, 0x0e, 0x33, 0xef, 0x3a, 0xef, 0x3a, 0x0e, 0x33, 0xef, 0x3a,
    0x0f, 0x3b, 0xee, 0x32, 0x0f, 0x3b, 0x0f, 0x3b, 0xee, 0x32, 0x0f, 0x3b,
    0xef, 0x3a, 0xee, 0x32, 0x0f, 0x3b, 0xef, 0x3a, 0xee, 0x32, 0x0f, 0x3b,
    0x0f, 0x3b, 0xee, 0x32, 0x0f, 0x3b, 0xef, 0x3a, 0xee, 0x32, 0x0f, 0x3b,
    0xef, 0x3a, 0x0e, 0x33, 0xef, 0x3a, 0x0f, 0x3b, 0xee, 0x32, 0xef, 0x3a,
    0x0f, 0x3b, 0x0e, 0x33, 0xef, 0x3a, 0xef, 0x3a, 0x0e, 0x33, 0xef, 0x3a,
    0xef, 0x3a, 0x0e, 0x33, 0xef, 0x3a, 0xef, 0x3a, 0x0e, 0x33, 0xef, 0x3a,
    0x0f, 0x3b, 0xee, 0x32, 0x0f, 0x3b, 0x0f, 0x3b, 0xee, 0x32, 0x0f, 0x3b,
    0xef, 0x3a, 0xee, 0x32, 0x0f, 0x3b, 0xef, 0x3a, 0xee, 0x32, 0x0f, 0x3b,
    0x0f, 0x3b, 0xee, 0x32, 0x0f, 0x3b, 0xef, 0x3a, 0xee, 0x32, 0x0f, 0x3b,
    0xef, 0x3a, 0x0e, 0x33, 0xef, 0x3a, 0x0f, 0x3b, 0xee, 0x32, 0xef, 0x3a,
    0x0f, 0x3b, 0x0e, 0x33, 0xef, 0x3a, 0xef, 0x3a, 0x0e, 0x33, 0xef, 0x3a,
    0xef, 0x3a, 0x0e, 0x33, 0xef, 0x3a, 0xef, 0x3a, 0x0e, 0x33, 0xef, 0x3a,
    0x0f, 0x3b, 0xee, 0x32, 0x0f, 0x3b, 0x0f, 0x3b, 0xee, 0x32, 0x0f, 0x3b,
    0xef, 0x3a, 0xee, 0x32, 0x0f, 0x3b, 0xef, 0x3a, 0xee, 0x32, 0x0f, 0x3b,
    0x0f, 0x3b, 0xee, 0x32, 0x0f, 0x3b, 0xef, 0x3a, 0xee, 0x32, 0x0f, 0x3b,
    0xef, 0x3a, 0x0e, 0x33, 0xef, 0x3a, 0x0f, 0x3b, 0xee, 0x32, 0xef, 0x3a,
    0x0f, 0x3b, 0x0e, 0x33, 0xef, 0x3a, 0xef, 0x3a, 0x0e, 0x33, 0xef, 0x3a,
    0xef, 0x3a, 0x0e, 0x33, 0xef, 0x3a, 0xef, 0x3a, 0x0e, 0x33, 0xef, 0x3a,
    0x0f, 0x3b, 0xee, 0x32, 0x0f, 0x3b, 0x0f, 0x3b, 0xee, 0x32, 0x0f, 0x3b,
    0xef, 0x3a, 0xee, 0x32, 0x0f, 0x3b, 0xef, 0x3a, 0xee, 0x32, 0x0f, 0x3b,
    0x0f, 0x3b, 0xee, 0x32, 0x0f, 0x3b, 0xef, 0x3a, 0xee, 0x32, 0x0f, 0x3b,
    0xef, 0x3a, 0x0e, 0x33, 0xef, 0x3a, 0x0f, 0x3b, 0xee, 0x32, 0xef, 0x3a,
    0x0f, 0x3b, 0x0e, 0x33, 0xef, 0x3a, 0xef, 0x3a, 0x0e, 0x33, 0xef, 0x3a,
    0xef, 0x3a, 0x0e, 0x33, 0xef, 0x3a, 0xef, 0x3a, 0x0e, 0x33, 0xef, 0x3a,
    0x0f, 0x3b, 0xee, 0x32, 0x0f, 0x3b, 0x0f, 0x3b, 0xee, 0x32, 0x0f, 0x3b,
    0xef, 0x3a, 0xee, 0x32, 0x0f, 0x3b, 0xef, 0x3a, 0xee, 0x32, 0x0f, 0x3b,
    0x0f, 0x3b, 0xee, 0x32, 0x0f, 0x3b, 0xef, 0x3a, 0xee, 0x32, 0x0f, 0x3b,
    0xef, 0x3a, 0x0e, 0x33, 0xef, 0x3a, 0x0f, 0x3b, 0xee, 0x32, 0xef, 0x3a,
    0x0f, 0x3b, 0x0e, 0x33, 0xef, 0x3a, 0xef, 0x3a, 0x0e, 0x33, 0xef, 0x3a,
    0xef, 0x3a, 0x0e, 0x33, 0xef, 0x3a, 0xef, 0x3a, 0x0e, 0x33, 0xef, 0x3a,
    0x0f, 0x3b, 0xee, 0x32, 0x0f, 0x3b, 0x0f, 0x3b, 0xee, 0x32, 0x0f, 0x3b,
    0xef, 0x3a, 0xee, 0x32, 0x0f, 0x3b, 0xef, 0x3a, 0xee, 0x32, 0x0f, 0x3b,
    0x0f, 0x3b, 0xee, 0x32, 0x0f, 0x3b, 0xef, 0x3a, 0xee, 0x32, 0x0f, 0x3b,
    0xef, 0x3a, 0x0e, 0x33, 0xef, 0x3a, 0x0f, 0x3b, 0xee, 0x32, 0xef, 0x3a,
    0x0f, 0x3b, 0x0e, 0x33, 0xef, 0x3a, 0xef, 0x3a, 0x0e, 0x33, 0xef, 0x3a,
    0xef, 0x3a, 0x0e, 0x33, 0xef, 0x3a, 0xef, 0x3a, 0x0e, 0x33, 0xef, 0x3a,
    0x0f, 0x3b, 0xee, 0x32, 0x0f, 0x3b, 0x0f, 0x3b, 0xee, 0x32, 0x0f, 0x3b,
    0xef, 0x3a, 0xee, 0x32, 0x0f, 0x3b, 0xef, 0x3a, 0xee, 0x32, 0x0f, 0x3b,
    0x0f, 0x3b, 0xee, 0x32, 0x0f, 0x3b, 0xef, 0x3a, 0xee, 0x32, 0x0f, 0x3b,
    0xef, 0x3a, 0x0e, 0x33, 0xef, 0x3a, 0x0f, 0x3b, 0xee, 0x32, 0xef, 0x3a,
    0x0f, 0x3b, 0x0e, 0x33, 0xef, 0x3a, 0xef, 0x3a, 0x0e, 0x33, 0xef, 0x3a,
    0xef, 0x3a, 0x0e, 0x33, 0xef, 0x3a, 0xef, 0x3a, 0x0e, 0x33, 0xef, 0x3a,
    0x0f, 0x3b, 0xee, 0x32, 0x0f, 0x3b, 0x0f, 0x3b, 0xee, 0x32, 0x0f, 0x3b,
    0xef, 0x3a, 0xee, 0x32, 0x0f, 0x3b, 0xef, 0x3a, 0xee, 0x32, 0x0f, 0x3b,
    0x0f, 0x3b, 0xee, 0x32, 0x0f, 0x3b, 0xef, 0x3a, 0xee, 0x32, 0x0f, 0x3b,
    0xef, 0x3a, 0x0e, 0x33, 0xef, 0x3a, 0x0f, 0x3b, 0xee, 0x32, 0xef, 0x3a,
    0x0f, 0x3b, 0x0e, 0x33, 0xef, 0x3a, 0xef, 0x3a, 0x0e, 0x33, 0xef, 0x3a,
    0xef, 0x3a, 0x0e, 0x33, 0xef, 0x3a, 0xef, 0x3a, 0x0e, 0x33, 0xef, 0x3a,
    0x0f, 0x3b, 0xee, 0x32, 0x0f, 0x3b, 0x0f, 0x3b, 0xee, 0x32, 0x0f, 0x3b,
    0xef, 0x3a, 0xee, 0x32, 0x0f, 0x3b, 0xef, 0x3a, 0xee, 0x32, 0x0f, 0x3b,
    0x0f, 0x3b, 0xee, 0x32, 0x0f, 0x3b, 0xef, 0x3a, 0xee, 0x32, 0x0f, 0x3b,
    0xef, 0x3a, 0x0e, 0x33, 0xef, 0x3a, 0x0f, 0x3b, 0xee, 0x32, 0xef, 0x3a,
    0x0f, 0x3b, 0x0e, 0x33, 0xef, 0x3a, 0xef, 0x3a, 0x0e, 0x33, 0xef, 0x3a,
    0xef, 0x3a, 0x0e, 0x33, 0xef, 0x3a, 0xef, 0x3a, 0x0e, 0x33, 0xef, 0x3a,
    0x0f, 0x3b, 0xee, 0x32, 0x0f, 0x3b, 0x0f, 0x3b, 0xee, 0x32, 0x0f, 0x3b,
    0xef, 0x3a, 0xee, 0x32, 0x0e, 0x33, 0xee, 0x32, 0xef, 0x3a, 0x0e, 0x33,
    0x0f, 0x3b, 0xef, 0x3a, 0x0e, 0x33, 0xef, 0x3a, 0xee, 0x32, 0x0f, 0x3b,
    0xee, 0x32, 0xee, 0x32, 0x0f, 0x3b, 0xef, 0x3a, 0x0e, 0x33, 0xef, 0x3a,
    0x0f, 0x3b, 0xee, 0x32, 0x0f, 0x3b, 0xef, 0x3a, 0x0e, 0x33, 0x0e, 0x33,
    0xef, 0x3a, 0xee, 0x32, 0x0e, 0x33, 0xef, 0x3a, 0xee, 0x32, 0x0f, 0x3b,
    0xee, 0x32, 0x0f, 0x3b, 0xef, 0x3a, 0x0e, 0x33, 0xee, 0x32, 0x0f, 0x3b,
    0xee, 0x32, 0xef, 0x3a, 0xef, 0x3a, 0x0e, 0x33, 0xef, 0x3a, 0xef, 0x3a,
    0x0e, 0x33, 0xef, 0x3a, 0xef, 0x3a, 0x0e, 0x33, 0xef, 0x3a, 0x0e, 0x33,
    0x0e, 0x33, 0xef, 0x3a, 0x0e, 0x33, 0x0f, 0x3b, 0xef, 0x3a, 0x0e, 0x33,
    0xee, 0x32, 0xef, 0x3a, 0x0e, 0x33, 0xef, 0x3a, 0xef, 0x3a, 0x0e, 0x33,
    0x0f, 0x3b, 0xee, 0x32, 0xee, 0x32, 0x0f, 0x3b, 0x0f, 0x3b, 0xee, 0x32,
    0x0e, 0x33, 0xef, 0x3a, 0x0e, 0x33, 0xee, 0x32, 0xef, 0x3a, 0x0e, 0x33,
    0xee, 0x32, 0x0f, 0x3b, 0x0e, 0x33, 0xef, 0x3a, 0xef, 0x3a, 0x0e, 0x33,
    0xee, 0x32, 0xef, 0x3a, 0x0e, 0x33, 0xee, 0x32, 0xef, 0x3a, 0x0e, 0x33,
    0xee, 0x32, 0xef, 0x3a, 0x0e, 0x33, 0xee, 0x32, 0x0f, 0x3b, 0x0e, 0x33,
    0xee, 0x32, 0x0f, 0x3b, 0xee, 0x32, 0xee, 0x32, 0x0f, 0x3b, 0xee, 0x32,
    0x0e, 0x33, 0x0f, 0x3b, 0xee, 0x32, 0x0e, 0x33, 0x0f, 0x3b, 0xee, 0x32,
    0x0e, 0x33, 0xef, 0x3a, 0xee, 0x32, 0x0e, 0x33, 0xef, 0x3a, 0x0e, 0x33,
    0xee, 0x32, 0x0f, 0x3b, 0xee, 0x32, 0x0e, 0x33, 0x0f, 0x3b, 0xee, 0x32,
    0x0e, 0x33, 0x0f, 0x3b, 0xee, 0x32, 0xee, 0x32, 0x0f, 0x3b, 0xee, 0x32,
    0xee, 0x32, 0x0f, 0x3b, 0xee, 0x32, 0x0e, 0x33, 0x0f, 0x3b, 0xee, 0x32,
    0xee, 0x32, 0x0f, 0x3b, 0xee, 0x32, 0x0e, 0x33, 0x0f, 0x3b, 0xee, 0x32,
    0xee, 0x32, 0x0f, 0x3b, 0xee, 0x32, 0x0e, 0x33, 0x0f, 0x3b, 0xee, 0x32,
    0x0e, 0x33, 0xef, 0x3a, 0x0e, 0x33, 0xee, 0x32, 0x0f, 0x3b, 0xee, 0x32,
    0x0e, 0x33, 0xef, 0x3a, 0xee, 0x32, 0x0e, 0x33, 0xef, 0x3a, 0xee, 0x32,
    0x0e, 0x33, 0x0f, 0x3b, 0xee, 0x32, 0x0e, 0x33, 0xef, 0x3a, 0x0e, 0x33,
    0xee, 0x32, 0x0f, 0x3b, 0xee, 0x32, 0x0e, 0x33, 0x0f, 0x3b, 0xee, 0x32,
    0x0e, 0x33, 0xef, 0x3a, 0x0e, 0x33, 0x0e, 0x33, 0xef, 0x3a, 0x0e, 0x33,
    0x0e, 0x33, 0xef, 0x3a, 0xee, 0x32, 0x0e, 0x33, 0xef, 0x3a, 0x0e, 0x33,
    0x0e, 0x33, 0xef, 0x3a, 0x0e, 0x33, 0x0e, 0x33, 0xef, 0x3a, 0x0e, 0x33,
    0xee, 0x32, 0x0f, 0x3b, 0xee, 0x32, 0x0e, 0x33, 0xef, 0x3a, 0x0e, 0x33,
    0x0e, 0x33, 0xef, 0x3a, 0x0e, 0x33, 0x0e, 0x33, 0xef, 0x3a, 0x0e, 0x33,
    0xee, 0x32, 0x0f, 0x3b, 0xee, 0x32, 0x0e, 0x33, 0x0f, 0x3b, 0xee, 0x32,
    0x0e, 0x33, 0xef, 0x3a, 0x0e, 0x33, 0x0e, 0x33, 0xef, 0x3a, 0x0e, 0x33,
    0x0e, 0x33, 0xef, 0x3a, 0xee, 0x32, 0x0e, 0x33, 0xef, 0x3a, 0x0e, 0x33,
    0x0e, 0x33, 0xef, 0x3a, 0x0e, 0x33, 0x0e, 0x33, 0xef, 0x3a, 0x0e, 0x33,
    0xee, 0x32, 0x0f, 0x3b, 0xee, 0x32, 0x0e, 0x33, 0xef, 0x3a, 0x0e, 0x33,
    0x0e, 0x33, 0xef, 0x3a, 0x0e, 0x33, 0x0e, 0x33, 0xef, 0x3a, 0x0e, 0x33,
    0xee, 0x32, 0x0f, 0x3b, 0xee, 0x32, 0x0e, 0x33, 0x0f, 0x3b, 0xee, 0x32,
    0x0e, 0x33, 0xef, 0x3a, 0x0e, 0x33, 0x0e, 0x33, 0xef, 0x3a, 0x0e, 0x33,
    0x0e, 0x33, 0xef, 0x3a, 0xee, 0x32, 0x0e, 0x33, 0xef, 0x3a, 0x0e, 0x33,
    0x0e, 0x33, 0xef, 0x3a, 0x0e, 0x33, 0x0e, 0x33, 0xef, 0x3a, 0x0e, 0x33,
    0xee, 0x32, 0x0f, 0x3b, 0xee, 0x32, 0x0e, 0x33, 0xef, 0x3a, 0x0e, 0x33,
    0x0e, 0x33, 0xef, 0x3a, 0x0e, 0x33, 0x0e, 0x33, 0xef, 0x3a, 0x0e, 0x33,
    0xee, 0x32, 0x0f, 0x3b, 0xee, 0x32, 0x0e, 0x33, 0x0f, 0x3b, 0xee, 0x32,
    0x0e, 0x33, 0xef, 0x3a, 0x0e, 0x33, 0x0e, 0x33, 0xef, 0x3a, 0x0e, 0x33,
    0x0e, 0x33, 0xef, 0x3a, 0xee, 0x32, 0x0e, 0x33, 0xef, 0x3a, 0x0e, 0x33,
    0x0e, 0x33, 0xef, 0x3a, 0x0e, 0x33, 0x0e, 0x33, 0xef, 0x3a, 0x0e, 0x33,
    0xee, 0x32, 0x0f, 0x3b, 0xee, 0x32, 0x0e, 0x33, 0xef, 0x3a, 0x0e, 0x33,
    0x0e, 0x33, 0xef, 0x3a, 0x0e, 0x33, 0x0e, 0x33, 0xef, 0x3a, 0x0e, 0x33,
    0xee, 0x32, 0x0f, 0x3b, 0xee, 0x32, 0x0e, 0x33, 0x0f, 0x3b, 0xee, 0x32,
    0x0e, 0x33, 0xef, 0x3a, 0x0e, 0x33, 0x0e, 0x33, 0xef, 0x3a, 0x0e, 0x33,
    0x0e, 0x33, 0xef, 0x3a, 0xee, 0x32, 0x0e, 0x33, 0xef, 0x3a, 0x0e, 0x33,
    0x0e, 0x33, 0xef, 0x3a, 0x0e, 0x33, 0x0e, 0x33, 0xef, 0x3a, 0x0e, 0x33,
    0xee, 0x32, 0x0f, 0x3b, 0xee, 0x32, 0x0e, 0x33, 0xef, 0x3a, 0x0e, 0x33,
    0x0e, 0x33, 0xef, 0x3a, 0x0e, 0x33, 0x0e, 0x33, 0xef, 0x3a, 0x0e, 0x33,
    0xee, 0x32, 0x0f, 0x3b, 0xee, 0x32, 0x0e, 0x33, 0x0f, 0x3b, 0xee, 0x32,
    0x0e, 0x33, 0xef, 0x3a, 0x0e, 0x33, 0x0e, 0x33, 0xef, 0x3a, 0x0e, 0x33,
    0x0e, 0x33, 0xef, 0x3a, 0xee, 0x32, 0x0e, 0x33, 0xef, 0x3a, 0x0e, 0x33,
    0x0e, 0x33, 0xef, 0x3a, 0x0e, 0x33, 0x0e, 0x33, 0xef, 0x3a, 0x0e, 0x33,
    0xee, 0x32, 0x0f, 0x3b, 0xee, 0x32, 0x0e, 0x33, 0xef, 0x3a, 0x0e, 0x33,
    0x0e, 0x33, 0xef, 0x3a, 0x0e, 0x33, 0x0e, 0x33, 0xef, 0x3a, 0x0e, 0x33,
    0xee, 0x32, 0x0f, 0x3b, 0xee, 0x32, 0x0e, 0x33, 0x0f, 0x3b, 0xee, 0x32,
    0x0e, 0x33, 0xef, 0x3a, 0x0e, 0x33, 0x0e, 0x33, 0xef, 0x3a, 0x0e, 0x33,
    0x0e, 0x33, 0xef, 0x3a, 0xee, 0x32, 0x0e, 0x33, 0xef, 0x3a, 0x0e, 0x33,
    0x0e, 0x33, 0xef, 0x3a, 0x0e, 0x33, 0x0e, 0x33, 0xef, 0x3a, 0x0e, 0x33,
    0xee, 0x32, 0x0f, 0x3b, 0xee, 0x32, 0x0e, 0x33, 0xef, 0x3a, 0x0e, 0x33,
    0x0e, 0x33, 0xef, 0x3a, 0x0e, 0x33, 0x0e, 0x33, 0xef, 0x3a, 0x0e, 0x33,
    0xee, 0x32, 0x0f, 0x3b, 0xee, 0x32, 0x0e, 0x33, 0x0f, 0x3b, 0xee, 0x32,
    0x0e, 0x33, 0xef, 0x3a, 0x0e, 0x33, 0x0e, 0x33, 0xef, 0x3a, 0x0e, 0x33,
    0x0e, 0x33, 0xef, 0x3a, 0xee, 0x32, 0x0e, 0x33, 0xef, 0x3a, 0x0e, 0x33,
    0x0e, 0x33, 0xef, 0x3a, 0x0e, 0x33, 0x0e, 0x33, 0xef, 0x3a, 0x0e, 0x33,
    0xee, 0x32, 0x0f, 0x3b, 0xee, 0x32, 0x0e, 0x33, 0xef, 0x3a, 0x0e, 0x33,
    0x0e, 0x33, 0xef, 0x3a, 0x0e, 0x33, 0x0e, 0x33, 0xef, 0x3a, 0x0e, 0x33,
    0xee, 0x32, 0x0f, 0x3b, 0xee, 0x32, 0x0e, 0x33, 0x0f, 0x3b, 0xee, 0x32,
    0x0e, 0x33, 0xef, 0x3a, 0x0e, 0x33, 0x0e, 0x33, 0xef, 0x3a, 0x0e, 0x33,
    0x0e, 0x33, 0xef, 0x3a, 0xee, 0x32, 0x0e, 0x33, 0xef, 0x3a, 0x0e, 0x33,
    0x0e, 0x33, 0xef, 0x3a, 0x0e, 0x33, 0x0e, 0x33, 0xef, 0x3a, 0x0e, 0x33,
    0xee, 0x32, 0x0f, 0x3b, 0xee, 0x32, 0x0e, 0x33, 0xef, 0x3a, 0x0e, 0x33,
    0x0e, 0x33, 0xef, 0x3a, 0x0e, 0x33, 0x0e, 0x33, 0xef, 0x3a, 0x0e, 0x33,
    0xee, 0x32, 0x0f, 0x3b, 0xee, 0x32, 0x0e, 0x33, 0x0f, 0x3b, 0xee, 0x32,
    0x0e, 0x33, 0xef, 0x3a, 0x0e, 0x33, 0x0e, 0x33, 0xef, 0x3a, 0x0e, 0x33,
    0x0e, 0x33, 0xef, 0x3a, 0xee, 0x32, 0x0e, 0x33, 0xef, 0x3a, 0x0e, 0x33,
    0x0e, 0x33, 0xef, 0x3a, 0x0e, 0x33, 0x0e, 0x33, 0xef, 0x3a, 0x0e, 0x33,
    0xee, 0x32, 0x0f, 0x3b, 0xee, 0x32, 0x0e, 0x33, 0xef, 0x3a, 0x0e, 0x33,
    0x0e, 0x33, 0xef, 0x3a, 0x0e, 0x33, 0x0e, 0x33, 0xef, 0x3a, 0x0e, 0x33,
    0xee, 0x32, 0x0f, 0x3b, 0xee, 0x32, 0x0e, 0x33, 0x0f, 0x3b, 0xee, 0x32,
    0x0e, 0x33, 0xef, 0x3a, 0x0e, 0x33, 0x0e, 0x33, 0xef, 0x3a, 0x0e, 0x33,
    0x0e, 0x33, 0xef, 0x3a, 0xee, 0x32, 0x0e, 0x33, 0xef, 0x3a, 0x0e, 0x33,
    0x0e, 0x33, 0xef, 0x3a, 0x0e, 0x33, 0x0e, 0x33, 0xef, 0x3a, 0x0e, 0x33,
    0xee, 0x32, 0x0f, 0x3b, 0xee, 0x32, 0x0e, 0x33, 0xef, 0x3a, 0x0e, 0x33,
    0x0e, 0x33, 0xef, 0x3a, 0x0e, 0x33, 0x0e, 0x33, 0xef, 0x3a, 0x0e, 0x33,
    0xee, 0x32, 0x0f, 0x3b, 0xee, 0x32, 0x0e, 0x33, 0x0f, 0x3b, 0xee, 0x32,
    0x0e, 0x33, 0xef, 0x3a, 0x0e, 0x33, 0x0e, 0x33, 0xef, 0x3a, 0x0e, 0x33,
    0x0e, 0x33, 0xef, 0x3a, 0xee, 0x32, 0x0e, 0x33, 0xef, 0x3a, 0x0e, 0x33,
    0x0e, 0x33, 0xef, 0x3a, 0x0e, 0x33, 0x0e, 0x33, 0xef, 0x3a, 0x0e, 0x33,
    0xee, 0x32, 0x0f, 0x3b, 0xee, 0x32, 0x0e, 0x33, 0xef, 0x3a, 0x0e, 0x33,
    0x0e, 0x33, 0xef, 0x3a, 0x0e, 0x33, 0x0e, 0x33, 0xef, 0x3a, 0x0e, 0x33,
    0xee, 0x32, 0x0f, 0x3b, 0xee, 0x32, 0x0e, 0x33, 0x0f, 0x3b, 0xee, 0x32,
    0x0e, 0x33, 0xef, 0x3a, 0x0e, 0x33, 0x0e, 0x33, 0xef, 0x3a, 0x0e, 0x33,
    0x0e, 0x33, 0xef, 0x3a, 0xee, 0x32, 0x0e, 0x33, 0xef, 0x3a, 0x0e, 0x33,
    0x0e, 0x33, 0xef, 0x3a, 0x0e, 0x33, 0x0e, 0x33, 0xef, 0x3a, 0x0e, 0x33,
    0xee, 0x32, 0x0f, 0x3b, 0xee, 0x32, 0x0e, 0x33, 0xef, 0x3a, 0x0e, 0x33,
    0x0e, 0x33, 0xef, 0x3a, 0x0e, 0x33, 0x0e, 0x33, 0xef, 0x3a, 0x0e, 0x33,
    0xee, 0x32, 0x0f, 0x3b, 0xee, 0x32, 0x0e, 0x33, 0x0f, 0x3b, 0xee, 0x32,
    0x0e, 0x33, 0xef, 0x3a, 0x0e, 0x33, 0x0e, 0x33, 0xef, 0x3a, 0x0e, 0x33,
    0x0e, 0x33, 0xef, 0x3a, 0xee, 0x32, 0x0e, 0x33, 0xef, 0x3a, 0x0e, 0x33,
    0x0e, 0x33, 0xef, 0x3a, 0x0e, 0x33, 0x0e, 0x33, 0xef, 0x3a, 0x0e, 0x33,
    0xee, 0x32, 0x0f, 0x3b, 0xee, 0x32, 0x0e, 0x33, 0xef, 0x3a, 0x0e, 0x33,
    0x0e, 0x33, 0xef, 0x3a, 0x0e, 0x33, 0x0e, 0x33, 0xef, 0x3a, 0x0e, 0x33,
    0xee, 0x32, 0x0f, 0x3b, 0xee, 0x32, 0x0e, 0x33, 0x0f, 0x3b, 0xee, 0x32,
    0x0e, 0x33, 0xef, 0x3a, 0x0e, 0x33, 0x0e, 0x33, 0xef, 0x3a, 0x0e, 0x33,
    0x0e, 0x33, 0xef, 0x3a, 0xee, 0x32, 0x0e, 0x33, 0xef, 0x3a, 0x0e, 0x33,
    0x0e, 0x33, 0xef, 0x3a, 0x0e, 0x33, 0x0e, 0x33, 0xef, 0x3a, 0x0e, 0x33,
    0xee, 0x32, 0x0f, 0x3b, 0xee, 0x32, 0x0e, 0x33, 0xef, 0x3a, 0x0e, 0x33,
    0x0e, 0x33, 0xef, 0x3a, 0x0e, 0x33, 0x0e, 0x33, 0xef, 0x3a, 0x0e, 0x33,
    0xee, 0x32, 0x0f, 0x3b, 0xee, 0x32, 0x0e, 0x33, 0x0f, 0x3b, 0xee, 0x32,
    0x0e, 0x33, 0xef, 0x3a, 0x0e, 0x33, 0x0e, 0x33, 0xef, 0x3a, 0x0e, 0x33,
    0x0e, 0x33, 0xef, 0x3a, 0xee, 0x32, 0x0e, 0x33, 0xef, 0x3a, 0x0e, 0x33,
    0x0e, 0x33, 0xef, 0x3a, 0x0e, 0x33, 0x0e, 0x33, 0xef, 0x3a, 0x0e, 0x33,
    0xee, 0x32, 0x0f, 0x3b, 0xee, 0x32, 0x0e, 0x33, 0xef, 0x3a, 0x0e, 0x33,
    0x0e, 0x33, 0xef, 0x3a, 0x0e, 0x33, 0x0e, 0x33, 0xef, 0x3a, 0x0e, 0x33,
    0xee, 0x32, 0x0f, 0x3b, 0xee, 0x32, 0x0e, 0x33, 0x0f, 0x3b, 0xee, 0x32,
    0x0e, 0x33, 0xef, 0x3a, 0x0e, 0x33, 0x0e, 0x33, 0xef, 0x3a, 0x0e, 0x33,
    0x0e, 0x33, 0xef, 0x3a, 0xee, 0x32, 0x0e, 0x33, 0xef, 0x3a, 0x0e, 0x33,
    0x0e, 0x33, 0xef, 0x3a, 0x0e, 0x33, 0x0e, 0x33, 0xef, 0x3a, 0x0e, 0x33,
    0xee, 0x32, 0x0f, 0x3b, 0xee, 0x32, 0x0e, 0x33, 0xef, 0x3a, 0x0e, 0x33,
    0x0e, 0x33, 0xef, 0x3a, 0x0e, 0x33, 0x0e, 0x33, 0xef, 0x3a, 0x0e, 0x33,
    0xee, 0x32, 0x0f, 0x3b, 0xee, 0x32, 0x0e, 0x33, 0x0f, 0x3b, 0xee, 0x32,
    0x0e, 0x33, 0xef, 0x3a, 0x0e, 0x33, 0x0e, 0x33, 0xef, 0x3a, 0x0e, 0x33,
    0x0e, 0x33, 0xef, 0x3a, 0xee, 0x32, 0x0e, 0x33, 0xef, 0x3a, 0x0e, 0x33,
    0x0e, 0x33, 0xef, 0x3a, 0x0e, 0x33, 0x0e, 0x33, 0xef, 0x3a, 0x0e, 0x33,
    0xee, 0x32, 0x0f, 0x3b, 0xee, 0x32, 0x0e, 0x33, 0xef, 0x3a, 0x0e, 0x33,
    0x0e, 0x33, 0xef, 0x3a, 0x0f, 0x3b, 0x0e, 0x33, 0xef, 0x3a, 0x0f, 0x3b,
    0xee, 0x32, 0x0e, 0x33, 0xef, 0x3a, 0x0e, 0x33, 0x0f, 0x3b, 0xee, 0x32,
    0x0f, 0x3b, 0xef, 0x3a, 0x0e, 0x33, 0x0e, 0x33, 0xef, 0x3a, 0x0e, 0x33,
    0xee, 0x32, 0xef, 0x3a, 0x0e, 0x33, 0x0e, 0x33, 0xef, 0x3a, 0xef, 0x3a,
    0x0e, 0x33, 0x0f, 0x3b, 0xef, 0x3a, 0x0e, 0x33, 0x0f, 0x3b, 0xee, 0x32,
    0x0f, 0x3b, 0xee, 0x32, 0x0e, 0x33, 0xef, 0x3a, 0x0e, 0x33, 0xef, 0x3a,
    0x0f, 0x3b, 0x0e, 0x33, 0x0e, 0x33, 0xef, 0x3a, 0xee, 0x32, 0x0e, 0x33,
    0xee, 0x32, 0x0f, 0x3b, 0x0e, 0x33, 0xee, 0x32, 0x0f, 0x3b, 0xee, 0x32,
    0xef, 0x3a, 0x0f, 0x3b, 0xee, 0x32, 0xef, 0x3a, 0x0e, 0x33, 0xee, 0x32,
    0x0f, 0x3b, 0x0f, 0x3b, 0xee, 0x32, 0x0f, 0x3b, 0x0e, 0x33, 0xee, 0x32,
    0x0f, 0x3b, 0xef, 0x3a, 0x0e, 0x33, 0x0f, 0x3b, 0xef, 0x3a, 0xee, 0x32,
    0x0f, 0x3b, 0xee, 0x32, 0x0f, 0x3b, 0x0f, 0x3b, 0xee, 0x32, 0x0f, 0x3b,
    0x0f, 0x3b, 0xee, 0x32, 0xef, 0x3a, 0x0e, 0x33, 0x0e, 0x33, 0xef, 0x3a,
    0x0f, 0x3b, 0xee, 0x32, 0x0f, 0x3b, 0x0f, 0x3b, 0xee, 0x32, 0x0f, 0x3b,
    0x0f, 0x3b, 0xee, 0x32, 0x0f, 0x3b, 0x0f, 0x3b, 0xee, 0x32, 0xef, 0x3a,
    0x0f, 0x3b, 0xee, 0x32, 0x0f, 0x3b, 0x0f, 0x3b, 0xee, 0x32, 0x0f, 0x3b,
    0xef, 0x3a, 0xee, 0x32, 0x0f, 0x3b, 0xef, 0x3a, 0xee, 0x32, 0x0f, 0x3b,
    0xef, 0x3a, 0x0e, 0x33, 0x0f, 0x3b, 0xef, 0x3a, 0x0e, 0x33, 0xef, 0x3a,
    0x0f, 0x3b, 0xee, 0x32, 0x0f, 0x3b, 0xef, 0x3a, 0xee, 0x32, 0x0f, 0x3b,
    0xef, 0x3a, 0xee, 0x32, 0x0f, 0x3b, 0x0f, 0x3b, 0xee, 0x32, 0x0f, 0x3b,
    0xef, 0x3a, 0x0e, 0x33, 0x0f, 0x3b, 0xef, 0x3a, 0xee, 0x32, 0x0f, 0x3b,
    0x0f, 0x3b, 0xee, 0x32, 0x0f, 0x3b, 0xef, 0x3a, 0xee, 0x32, 0x0f, 0x3b,
    0xef, 0x3a, 0x0e, 0x33, 0x0f, 0x3b, 0xef, 0x3a, 0xee, 0x32, 0x0f, 0x3b,
    0xef, 0x3a, 0x0e, 0x33, 0x0f, 0x3b, 0xef, 0x3a, 0xee, 0x32, 0x0f, 0x3b,
    0xef, 0x3a, 0x0e, 0x33, 0x0f, 0x3b, 0xef, 0x3a, 0x0e, 0x33, 0x0f, 0x3b,
    0xef, 0x3a, 0x0e, 0x33, 0xef, 0x3a, 0xef, 0x3a, 0x0e, 0x33, 0xef, 0x3a,
    0x0f, 0x3b, 0x0e, 0x33, 0xef, 0x3a, 0xef, 0x3a, 0x0e, 0x33, 0xef, 0x3a,
    0xef, 0x3a, 0x0e, 0x33, 0x0f, 0x3b, 0xef, 0x3a, 0xee, 0x32, 0x0f, 0x3b,
    0xef, 0x3a, 0xee, 0x32, 0x0f, 0x3b, 0x0f, 0x3b, 0xee, 0x32, 0x0f, 0x3b,
    0xef, 0x3a, 0xee, 0x32, 0x0f, 0x3b, 0xef, 0x3a, 0xee, 0x32, 0x0f, 0x3b,
    0xef, 0x3a, 0x0e, 0x33, 0x0f, 0x3b, 0xef, 0x3a, 0x0e, 0x33, 0xef, 0x3a,
    0xef, 0x3a, 0xee, 0x32, 0x0f, 0x3b, 0xef, 0x3a, 0x0e, 0x33, 0xef, 0x3a,
    0x0f, 0x3b, 0xee, 0x32, 0x0f, 0x3b, 0xef, 0x3a, 0xee, 0x32, 0x0f, 0x3b,
    0xef, 0x3a, 0x0e, 0x33, 0xef, 0x3a, 0x0f, 0x3b, 0xee, 0x32, 0xef, 0x3a,
    0x0f, 0x3b, 0xee, 0x32, 0x0f, 0x3b, 0x0f, 0x3b, 0xee, 0x32, 0x0f, 0x3b,
    0xef, 0x3a, 0xee, 0x32, 0x0f, 0x3b, 0xef, 0x3a, 0xee, 0x32, 0x0f, 0x3b,
    0xef, 0x3a, 0x0e, 0x33, 0x0f, 0x3b, 0xef, 0x3a, 0x0e, 0x33, 0xef, 0x3a,
    0xef, 0x3a, 0xee, 0x32, 0x0f, 0x3b, 0xef, 0x3a, 0x0e, 0x33, 0xef, 0x3a,
    0x0f, 0x3b, 0xee, 0x32, 0x0f, 0x3b, 0xef, 0x3a, 0xee, 0x32, 0x0f, 0x3b,
    0xef, 0x3a, 0x0e, 0x33, 0xef, 0x3a, 0x0f, 0x3b, 0xee, 0x32, 0xef, 0x3a,
    0x0f, 0x3b, 0xee, 0x32, 0x0f, 0x3b, 0x0f, 0x3b, 0xee, 0x32, 0x0f, 0x3b,
    0xef, 0x3a, 0xee, 0x32, 0x0f, 0x3b, 0xef, 0x3a, 0xee, 0x32, 0x0f, 0x3b,
    0xef, 0x3a, 0x0e, 0x33, 0x0f, 0x3b, 0xef, 0x3a, 0x0e, 0x33, 0xef, 0x3a,
    0xef, 0x3a, 0xee, 0x32, 0x0f, 0x3b, 0xef, 0x3a, 0x0e, 0x33, 0xef, 0x3a,
    0x0f, 0x3b, 0xee, 0x32, 0x0f, 0x3b, 0xef, 0x3a, 0xee, 0x32, 0x0f, 0x3b,
    0xef, 0x3a, 0x0e, 0x33, 0xef, 0x3a, 0x0f, 0x3b, 0xee, 0x32, 0xef, 0x3a,
    0x0f, 0x3b, 0xee, 0x32, 0x0f, 0x3b, 0x0f, 0x3b, 0xee, 0x32, 0x0f, 0x3b,
    0xef, 0x3a, 0xee, 0x32, 0x0f, 0x3b, 0xef, 0x3a, 0xee, 0x32, 0x0f, 0x3b,
    0xef, 0x3a, 0x0e, 0x33, 0x0f, 0x3b, 0xef, 0x3a, 0x0e, 0x33, 0xef, 0x3a,
    0xef, 0x3a, 0xee, 0x32, 0x0f, 0x3b, 0xef, 0x3a, 0x0e, 0x33, 0xef, 0x3a,
    0x0f, 0x3b, 0xee, 0x32, 0x0f, 0x3b, 0xef, 0x3a, 0xee, 0x32, 0x0f, 0x3b,
    0xef, 0x3a, 0x0e, 0x33, 0xef, 0x3a, 0x0f, 0x3b, 0xee, 0x32, 0xef, 0x3a,
    0x0f, 0x3b, 0xee, 0x32, 0x0f, 0x3b, 0x0f, 0x3b, 0xee, 0x32, 0x0f, 0x3b,
    0xef, 0x3a, 0xee, 0x32, 0x0f, 0x3b, 0xef, 0x3a, 0xee, 0x32, 0x0f, 0x3b,
    0xef, 0x3a, 0x0e, 0x33, 0x0f, 0x3b, 0xef, 0x3a, 0x0e, 0x33, 0xef, 0x3a,
    0xef, 0x3a, 0xee, 0x32, 0x0f, 0x3b, 0xef, 0x3a, 0x0e, 0x33, 0xef, 0x3a,
    0x0f, 0x3b, 0xee, 0x32, 0x0f, 0x3b, 0xef, 0x3a, 0xee, 0x32, 0x0f, 0x3b,
    0xef, 0x3a, 0x0e, 0x33, 0xef, 0x3a, 0x0f, 0x3b, 0xee, 0x32, 0xef, 0x3a,
    0x0f, 0x3b, 0xee, 0x32, 0x0f, 0x3b, 0x0f, 0x3b, 0xee, 0x32, 0x0f, 0x3b,
    0xef, 0x3a, 0xee, 0x32, 0x0f, 0x3b, 0xef, 0x3a, 0xee, 0x32, 0x0f, 0x3b,
    0xef, 0x3a, 0x0e, 0x33, 0x0f, 0x3b, 0xef, 0x3a, 0x0e, 0x33, 0xef, 0x3a,
    0xef, 0x3a, 0xee, 0x32, 0x0f, 0x3b, 0xef, 0x3a, 0x0e, 0x33, 0xef, 0x3a,
    0x0f, 0x3b, 0xee, 0x32, 0x0f, 0x3b, 0xef, 0x3a, 0xee, 0x32, 0x0f, 0x3b,
    0xef, 0x3a, 0x0e, 0x33, 0xef, 0x3a, 0x0f, 0x3b, 0xee, 0x32, 0xef, 0x3a,
    0x0f, 0x3b, 0xee, 0x32, 0x0f, 0x3b, 0x0f, 0x3b, 0xee, 0x32, 0x0f, 0x3b,
    0xef, 0x3a, 0xee, 0x32, 0x0f, 0x3b, 0xef, 0x3a, 0xee, 0x32, 0x0f, 0x3b,
    0xef, 0x3a, 0x0e, 0x33, 0x0f, 0x3b, 0xef, 0x3a, 0x0e, 0x33, 0xef, 0x3a,
    0xef, 0x3a, 0xee, 0x32, 0x0f, 0x3b, 0xef, 0x3a, 0x0e, 0x33, 0xef, 0x3a,
    0x0f, 0x3b, 0xee, 0x32, 0x0f, 0x3b, 0xef, 0x3a, 0xee, 0x32, 0x0f, 0x3b,
    0xef, 0x3a, 0x0e, 0x33, 0xef, 0x3a, 0x0f, 0x3b, 0xee, 0x32, 0xef, 0x3a,
    0x0f, 0x3b, 0xee, 0x32, 0x0f, 0x3b, 0x0f, 0x3b, 0xee, 0x32, 0x0f, 0x3b,
    0xef, 0x3a, 0xee, 0x32, 0x0f, 0x3b, 0xef, 0x3a, 0xee, 0x32, 0x0f, 0x3b,
    0xef, 0x3a, 0x0e, 0x33, 0x0f, 0x3b, 0xef, 0x3a, 0x0e, 0x33, 0xef, 0x3a,
    0xef, 0x3a, 0xee, 0x32, 0x0f, 0x3b, 0xef, 0x3a, 0x0e, 0x33, 0xef, 0x3a,
    0x0f, 0x3b, 0xee, 0x32, 0x0f, 0x3b, 0xef, 0x3a, 0xee, 0x32, 0x0f, 0x3b,
    0xef, 0x3a, 0x0e, 0x33, 0xef, 0x3a, 0x0f, 0x3b, 0xee, 0x32, 0xef, 0x3a,
    0x0f, 0x3b, 0xee, 0x32, 0x0f, 0x3b, 0x0f, 0x3b, 0xee, 0x32, 0x0f, 0x3b,
    0xef, 0x3a, 0xee, 0x32, 0x0f, 0x3b, 0xef, 0x3a, 0xee, 0x32, 0x0f, 0x3b,
    0xef, 0x3a, 0x0e, 0x33, 0x0f, 0x3b, 0xef, 0x3a, 0x0e, 0x33, 0xef, 0x3a,
    0xef, 0x3a, 0xee, 0x32, 0x0f, 0x3b, 0xef, 0x3a, 0x0e, 0x33, 0xef, 0x3a,
    0x0f, 0x3b, 0xee, 0x32, 0x0f, 0x3b, 0xef, 0x3a, 0xee, 0x32, 0x0f, 0x3b,
    0xef, 0x3a, 0x0e, 0x33, 0xef, 0x3a, 0x0f, 0x3b, 0xee, 0x32, 0xef, 0x3a,
    0x0f, 0x3b, 0xee, 0x32, 0x0f, 0x3b, 0x0f, 0x3b, 0xee, 0x32, 0x0f, 0x3b,
    0xef, 0x3a, 0xee, 0x32, 0x0f, 0x3b, 0xef, 0x3a, 0xee, 0x32, 0x0f, 0x3b,
    0xef, 0x3a, 0x0e, 0x33, 0x0f, 0x3b, 0xef, 0x3a, 0x0e, 0x33, 0xef, 0x3a,
    0xef, 0x3a, 0xee, 0x32, 0x0f, 0x3b, 0xef, 0x3a, 0x0e, 0x33, 0xef, 0x3a,
    0x0f, 0x3b, 0xee, 0x32, 0x0f, 0x3b, 0xef, 0x3a, 0xee, 0x32, 0x0f, 0x3b,
    0xef, 0x3a, 0x0e, 0x33, 0xef, 0x3a, 0x0f, 0x3b, 0xee, 0x32, 0xef, 0x3a,
    0x0f, 0x3b, 0xee, 0x32, 0x0f, 0x3b, 0x0f, 0x3b, 0xee, 0x32, 0x0f, 0x3b,
    0xef, 0x3a, 0xee, 0x32, 0x0f, 0x3b, 0xef, 0x3a, 0xee, 0x32, 0x0f, 0x3b,
    0xef, 0x3a, 0x0e, 0x33, 0x0f, 0x3b, 0xef, 0x3a, 0x0e, 0x33, 0xef, 0x3a,
    0xef, 0x3a, 0xee, 0x32, 0x0f, 0x3b, 0xef, 0x3a, 0x0e, 0x33, 0xef, 0x3a,
    0x0f, 0x3b, 0xee, 0x32, 0x0f, 0x3b, 0xef, 0x3a, 0xee, 0x32, 0x0f, 0x3b,
    0xef, 0x3a, 0x0e, 0x33, 0xef, 0x3a, 0x0f, 0x3b, 0xee, 0x32, 0xef, 0x3a,
    0x0f, 0x3b, 0xee, 0x32, 0x0f, 0x3b, 0x0f, 0x3b, 0xee, 0x32, 0x0f, 0x3b,
    0xef, 0x3a, 0xee, 0x32, 0x0f, 0x3b, 0xef, 0x3a, 0xee, 0x32, 0x0f, 0x3b,
    0xef, 0x3a, 0x0e, 0x33, 0x0f, 0x3b, 0xef, 0x3a, 0x0e, 0x33, 0xef, 0x3a,
    0xef, 0x3a, 0xee, 0x32, 0x0f, 0x3b, 0xef, 0x3a, 0x0e, 0x33, 0xef, 0x3a,
    0x0f, 0x3b, 0xee, 0x32, 0x0f, 0x3b, 0xef, 0x3a, 0xee, 0x32, 0x0f, 0x3b,
    0xef, 0x3a, 0x0e, 0x33, 0xef, 0x3a, 0x0f, 0x3b, 0xee, 0x32, 0xef, 0x3a,
    0x0f, 0x3b, 0xee, 0x32, 0x0f, 0x3b, 0x0f, 0x3b, 0xee, 0x32, 0x0f, 0x3b,
    0xef, 0x3a, 0xee, 0x32, 0x0f, 0x3b, 0xef, 0x3a, 0xee, 0x32, 0x0f, 0x3b,
    0xef, 0x3a, 0x0e, 0x33, 0x0f, 0x3b, 0xef, 0x3a, 0x0e, 0x33, 0xef, 0x3a,
    0xef, 0x3a, 0xee, 0x32, 0x0f, 0x3b, 0xef, 0x3a, 0x0e, 0x33, 0xef, 0x3a,
    0x0f, 0x3b, 0xee, 0x32, 0x0f, 0x3b, 0xef, 0x3a, 0xee, 0x32, 0x0f, 0x3b,
    0xef, 0x3a, 0x0e, 0x33, 0xef, 0x3a, 0x0f, 0x3b, 0xee, 0x32, 0xef, 0x3a,
    0x0f, 0x3b, 0xee, 0x32, 0x0f, 0x3b, 0x0f, 0x3b, 0xee, 0x32, 0x0f, 0x3b,
    0xef, 0x3a, 0xee, 0x32, 0x0f, 0x3b, 0xef, 0x3a, 0xee, 0x32, 0x0f, 0x3b,
    0xef, 0x3a, 0x0e, 0x33, 0x0f, 0x3b, 0xef, 0x3a, 0x0e, 0x33, 0xef, 0x3a,
    0xef, 0x3a, 0xee, 0x32, 0x0f, 0x3b, 0xef, 0x3a, 0x0e, 0x33, 0xef, 0x3a,
    0x0f, 0x3b, 0xee, 0x32, 0x0f, 0x3b, 0xef, 0x3a, 0xee, 0x32, 0x0f, 0x3b,
    0xef, 0x3a, 0x0e, 0x33, 0xef, 0x3a, 0x0f, 0x3b, 0xee, 0x32, 0xef, 0x3a,
    0x0f, 0x3b, 0xee, 0x32, 0x0f, 0x3b, 0x0f, 0x3b, 0xee, 0x32, 0x0f, 0x3b,
    0xef, 0x3a, 0xee, 0x32, 0x0f, 0x3b, 0xef, 0x3a, 0xee, 0x32, 0x0f, 0x3b,
    0xef, 0x3a, 0x0e, 0x33, 0x0f, 0x3b, 0xef, 0x3a, 0x0e, 0x33, 0xef, 0x3a,
    0xef, 0x3a, 0xee, 0x32, 0x0f, 0x3b, 0xef, 0x3a, 0x0e, 0x33, 0xef, 0x3a,
    0x0f, 0x3b, 0xee, 0x32, 0x0f, 0x3b, 0xef, 0x3a, 0xee, 0x32, 0x0f, 0x3b,
    0xef, 0x3a, 0x0e, 0x33, 0xef, 0x3a, 0x0f, 0x3b, 0xee, 0x32, 0xef, 0x3a,
    0x0f, 0x3b, 0xee, 0x32, 0x0f, 0x3b, 0x0f, 0x3b, 0xee, 0x32, 0x0f, 0x3b,
    0xef, 0x3a, 0xee, 0x32, 0x0f, 0x3b, 0xef, 0x3a, 0xee, 0x32, 0x0f, 0x3b,
    0xef, 0x3a, 0x0e, 0x33, 0x0f, 0x3b, 0xef, 0x3a, 0x0e, 0x33, 0xef, 0x3a,
    0xef, 0x3a, 0xee, 0x32, 0x0f, 0x3b, 0xef, 0x3a, 0x0e, 0x33, 0xef, 0x3a,
    0x0f, 0x3b, 0xee, 0x32, 0x0f, 0x3b, 0xef, 0x3a, 0xee, 0x32, 0x0f, 0x3b,
    0xef, 0x3a, 0x0e, 0x33, 0xef, 0x3a, 0x0f, 0x3b, 0xee, 0x32, 0xef, 0x3a,
    0x0f, 0x3b, 0xee, 0x32, 0x0f, 0x3b, 0x0f, 0x3b, 0xee, 0x32, 0x0f, 0x3b,
    0xef, 0x3a, 0xee, 0x32, 0x0f, 0x3b, 0xef, 0x3a, 0xee, 0x32, 0x0f, 0x3b,
    0xef, 0x3a, 0x0e, 0x33, 0x0f, 0x3b, 0xef, 0x3a, 0x0e, 0x33, 0xef, 0x3a,
    0xef, 0x3a, 0xee, 0x32, 0x0f, 0x3b, 0xef, 0x3a, 0x0e, 0x33, 0xef, 0x3a,
    0x0f, 0x3b, 0xee, 0x32, 0x0f, 0x3b, 0xef, 0x3a, 0xee, 0x32, 0x0f, 0x3b,
    0xef, 0x3a, 0x0e, 0x33, 0xef, 0x3a, 0x0f, 0x3b, 0xee, 0x32, 0xef, 0x3a,
    0x0f, 0x3b, 0xee, 0x32, 0x0f, 0x3b, 0x0f, 0x3b, 0xee, 0x32, 0x0f, 0x3b,
    0xef, 0x3a, 0xee, 0x32, 0x0f, 0x3b, 0xef, 0x3a, 0xee, 0x32, 0x0f, 0x3b,
    0xef, 0x3a, 0x0e, 0x33, 0x0f, 0x3b, 0xef, 0x3a, 0x0e, 0x33, 0xef, 0x3a,
    0xef, 0x3a, 0xee, 0x32, 0x0f, 0x3b, 0xee, 0x32, 0x0e, 0x33, 0xef, 0x3a,
    0x0f, 0x3b, 0xee, 0x32, 0x0f, 0x3b, 0xef, 0x3a, 0xee, 0x32, 0x0e, 0x33,
    0xef, 0x3a, 0x0e, 0x33, 0xee, 0x32, 0x0f, 0x3b, 0xef, 0x3a, 0xee, 0x32,
    0x0f, 0x3b, 0x0f, 0x3b, 0xee, 0x32, 0x0f, 0x3b, 0xef, 0x3a, 0x0e, 0x33,
    0xee, 0x32, 0x0f, 0x3b, 0xee, 0x32, 0xee, 0x32, 0x0f, 0x3b, 0xee, 0x32,
    0xef, 0x3a, 0x0f, 0x3b, 0x0e, 0x33, 0xef, 0x3a, 0xef, 0x3a, 0x0e, 0x33,
    0xee, 0x32, 0xef, 0x3a, 0x0f, 0x3b, 0xee, 0x32, 0xef, 0x3a, 0x0e, 0x33,
    0x0f, 0x3b, 0xef, 0x3a, 0x0e, 0x33, 0xef, 0x3a, 0xef, 0x3a, 0x0e, 0x33,
    0x0e, 0x33, 0xef, 0x3a, 0x0e, 0x33, 0x0f, 0x3b, 0xee, 0x32, 0x0f, 0x3b,
    0xef, 0x3a, 0xee, 0x32, 0x0e, 0x33, 0xef, 0x3a, 0xef, 0x3a, 0x0e, 0x33,
    0xef, 0x3a, 0x0e, 0x33, 0xee, 0x32, 0xef, 0x3a, 0x0e, 0x33, 0x0f, 0x3b,
    0xee, 0x32, 0x0e, 0x33, 0xef, 0x3a, 0xee, 0x32, 0x0e, 0x33, 0xef, 0x3a,
    0xee, 0x32, 0x0f, 0x3b, 0xee, 0x32, 0x0f, 0x3b, 0xef, 0x3a, 0xee, 0x32,
    0x0f, 0x3b, 0xee, 0x32, 0x0e, 0x33, 0xef, 0x3a, 0xee, 0x32, 0x0e, 0x33,
    0xef, 0x3a, 0xee, 0x32, 0x0e, 0x33, 0xef, 0x3a, 0x0e, 0x33, 0x0e, 0x33,
    0xef, 0x3a, 0x0e, 0x33, 0xee, 0x32, 0xef, 0x3a, 0x0e, 0x33, 0xef, 0x3a,
    0x0e, 0x33, 0x0f, 0x3b, 0xee, 0x32, 0x0e, 0x33, 0x0f, 0x3b, 0xee, 0x32,
    0x0e, 0x33, 0xef, 0x3a, 0xee, 0x32, 0x0e, 0x33, 0xef, 0x3a, 0x0e, 0x33,
    0xee, 0x32, 0x0f, 0x3b, 0xee, 0x32, 0x0e, 0x33, 0x0f, 0x3b, 0xee, 0x32,
    0x0e, 0x33, 0x0f, 0x3b, 0xee, 0x32, 0xee, 0x32, 0x0f, 0x3b, 0xee, 0x32,
    0xee, 0x32, 0x0f, 0x3b, 0xee, 0x32, 0xee, 0x32, 0x0f, 0x3b, 0x0e, 0x33,
    0xee, 0x32, 0xef, 0x3a, 0x0e, 0x33, 0xee, 0x32, 0x0f, 0x3b, 0x0e, 0x33,
    0xee, 0x32, 0xef, 0x3a, 0x0e, 0x33, 0xee, 0x32, 0x0f, 0x3b, 0xee, 0x32,
    0x0e, 0x33, 0xef, 0x3a, 0xee, 0x32, 0x0e, 0x33, 0xef, 0x3a, 0x0e, 0x33,
    0x0e, 0x33, 0xef, 0x3a, 0xee, 0x32, 0x0e, 0x33, 0xef, 0x3a, 0xee, 0x32,
    0x0e, 0x33, 0xef, 0x3a, 0x0e, 0x33, 0x0e, 0x33, 0xef, 0x3a, 0x0e, 0x33,
    0x0e, 0x33, 0xef, 0x3a, 0xee, 0x32, 0x0e, 0x33, 0x0f, 0x3b, 0xee, 0x32,
    0x0e, 0x33, 0x0f, 0x3b, 0xee, 0x32, 0xee, 0x32, 0x0f, 0x3b, 0xee, 0x32,
    0x0e, 0x33, 0x0f, 0x3b, 0xee, 0x32, 0xee, 0x32, 0x0f, 0x3b, 0xee, 0x32,
    0x0e, 0x33, 0x0f, 0x3b, 0xee, 0x32, 0x0e, 0x33, 0x0f, 0x3b, 0xee, 0x32,
    0x0e, 0x33, 0xef, 0x3a, 0xee, 0x32, 0x0e, 0x33, 0xef, 0x3a, 0xee, 0x32,
    0x0e, 0x33, 0x0f, 0x3b, 0xee, 0x32, 0x0e, 0x33, 0xef, 0x3a, 0x0e, 0x33,
    0xee, 0x32, 0xef, 0x3a, 0x0e, 0x33, 0x0e, 0x33, 0xef, 0x3a, 0x0e, 0x33,
    0x0e, 0x33, 0xef, 0x3a, 0xee, 0x32, 0x0e, 0x33, 0x0f, 0x3b, 0xee, 0x32,
    0x0e, 0x33, 0xef, 0x3a, 0x0e, 0x33, 0xee, 0x32, 0xef, 0x3a, 0x0e, 0x33,
    0xee, 0x32, 0x0f, 0x3b, 0x0e, 0x33, 0xee, 0x32, 0x0f, 0x3b, 0x0e, 0x33,
    0xee, 0x32, 0xef, 0x3a, 0x0e, 0x33, 0xee, 0x32, 0xef, 0x3a, 0x0e, 0x33,
    0xee, 0x32, 0x0f, 0x3b, 0x0e, 0x33, 0xee, 0x32, 0x0f, 0x3b, 0xee, 0x32,
    0xee, 0x32, 0x0f, 0x3b, 0xee, 0x32, 0x0e, 0x33, 0x0f, 0x3b, 0xee, 0x32,
    0x0e, 0x33, 0xef, 0x3a, 0x0e, 0x33, 0xee, 0x32, 0x0f, 0x3b, 0xee, 0x32,
    0x0e, 0x33, 0xef, 0x3a, 0x0e, 0x33, 0xee, 0x32, 0xef, 0x3a, 0x0e, 0x33,
    0xee, 0x32, 0x0f, 0x3b, 0x0e, 0x33, 0xee, 0x32, 0x0f, 0x3b, 0x0e, 0x33,
    0xee, 0x32, 0xef, 0x3a, 0x0e, 0x33, 0xee, 0x32, 0xef, 0x3a, 0x0e, 0x33,
    0xee, 0x32, 0x0f, 0x3b, 0x0e, 0x33, 0xee, 0x32, 0x0f, 0x3b, 0xee, 0x32,
    0xee, 0x32, 0x0f, 0x3b, 0xee, 0x32, 0x0e, 0x33, 0x0f, 0x3b, 0xee, 0x32,
    0x0e, 0x33, 0xef, 0x3a, 0x0e, 0x33, 0xee, 0x32, 0x0f, 0x3b, 0xee, 0x32,
    0x0e, 0x33, 0xef, 0x3a, 0x0e, 0x33, 0xee, 0x32, 0xef, 0x3a, 0x0e, 0x33,
    0xee, 0x32, 0x0f, 0x3b, 0x0e, 0x33, 0xee, 0x32, 0x0f, 0x3b, 0x0e, 0x33,
    0xee, 0x32, 0xef, 0x3a, 0x0e, 0x33, 0xee, 0x32, 0xef, 0x3a, 0x0e, 0x33,
    0xee, 0x32, 0x0f, 0x3b, 0x0e, 0x33, 0xee, 0x32, 0x0f, 0x3b, 0xee, 0x32,
    0xee, 0x32, 0x0f, 0x3b, 0xee, 0x32, 0x0e, 0x33, 0x0f, 0x3b, 0xee, 0x32,
    0x0e, 0x33, 0xef, 0x3a, 0x0e, 0x33, 0xee, 0x32, 0x0f, 0x3b, 0xee, 0x32,
    0x0e, 0x33, 0xef, 0x3a, 0x0e, 0x33, 0xee, 0x32, 0xef, 0x3a, 0x0e, 0x33,
    0xee, 0x32, 0x0f, 0x3b, 0x0e, 0x33, 0xee, 0x32, 0x0f, 0x3b, 0x0e, 0x33,
    0xee, 0x32, 0xef, 0x3a, 0x0e, 0x33, 0xee, 0x32, 0xef, 0x3a, 0x0e, 0x33,
    0xee, 0x32, 0x0f, 0x3b, 0x0e, 0x33, 0xee, 0x32, 0x0f, 0x3b, 0xee, 0x32,
    0xee, 0x32, 0x0f, 0x3b, 0xee, 0x32, 0x0e, 0x33, 0x0f, 0x3b, 0xee, 0x32,
    0x0e, 0x33, 0xef, 0x3a, 0x0e, 0x33, 0xee, 0x32, 0x0f, 0x3b, 0xee, 0x32,
    0x0e, 0x33, 0xef, 0x3a, 0x0e, 0x33, 0xee, 0x32, 0xef, 0x3a, 0x0e, 0x33,
    0xee, 0x32, 0x0f, 0x3b, 0x0e, 0x33, 0xee, 0x32, 0x0f, 0x3b, 0x0e, 0x33,
    0xee, 0x32, 0xef, 0x3a, 0x0e, 0x33, 0xee, 0x32, 0xef, 0x3a, 0x0e, 0x33,
    0xee, 0x32, 0x0f, 0x3b, 0x0e, 0x33, 0xee, 0x32, 0x0f, 0x3b, 0xee, 0x32,
    0xee, 0x32, 0x0f, 0x3b, 0xee, 0x32, 0x0e, 0x33, 0x0f, 0x3b, 0xee, 0x32,
    0x0e, 0x33, 0xef, 0x3a, 0x0e, 0x33, 0xee, 0x32, 0x0f, 0x3b, 0xee, 0x32,
    0x0e, 0x33, 0xef, 0x3a, 0x0e, 0x33, 0xee, 0x32, 0xef, 0x3a, 0x0e, 0x33,
    0xee, 0x32, 0x0f, 0x3b, 0x0e, 0x33, 0xee, 0x32, 0x0f, 0x3b, 0x0e, 0x33,
    0xee, 0x32, 0xef, 0x3a, 0x0e, 0x33, 0xee, 0x32, 0xef, 0x3a, 0x0e, 0x33,
    0xee, 0x32, 0x0f, 0x3b, 0x0e, 0x33, 0xee, 0x32, 0x0f, 0x3b, 0xee, 0x32,
    0xee, 0x32, 0x0f, 0x3b, 0xee, 0x32, 0x0e, 0x33, 0x0f, 0x3b, 0xee, 0x32,
    0x0e, 0x33, 0xef, 0x3a, 0x0e, 0x33, 0xee, 0x32, 0x0f, 0x3b, 0xee, 0x32,
    0x0e, 0x33, 0xef, 0x3a, 0x0e, 0x33, 0xee, 0x32, 0xef, 0x3a, 0x0e, 0x33,
    0xee, 0x32, 0x0f, 0x3b, 0x0e, 0x33, 0xee, 0x32, 0x0f, 0x3b, 0x0e, 0x33,
    0xee, 0x32, 0xef, 0x3a, 0x0e, 0x33, 0xee, 0x32, 0xef, 0x3a, 0x0e, 0x33,
    0xee, 0x32, 0x0f, 0x3b, 0x0e, 0x33, 0xee, 0x32, 0x0f, 0x3b, 0xee, 0x32,
    0xee, 0x32, 0x0f, 0x3b, 0xee, 0x32, 0x0e, 0x33, 0x0f, 0x3b, 0xee, 0x32,
    0x0e, 0x33, 0xef, 0x3a, 0x0e, 0x33, 0xee, 0x32, 0x0f, 0x3b, 0xee, 0x32,
    0x0e, 0x33, 0xef, 0x3a, 0x0e, 0x33, 0xee, 0x32, 0xef, 0x3a, 0x0e, 0x33,
    0xee, 0x32, 0x0f, 0x3b, 0x0e, 0x33, 0xee, 0x32, 0x0f, 0x3b, 0x0e, 0x33,
    0xee, 0x32, 0xef, 0x3a, 0x0e, 0x33, 0xee, 0x32, 0xef, 0x3a, 0x0e, 0x33,
    0xee, 0x32, 0x0f, 0x3b, 0x0e, 0x33, 0xee, 0x32, 0x0f, 0x3b, 0xee, 0x32,
    0xee, 0x32, 0x0f, 0x3b, 0xee, 0x32, 0x0e, 0x33, 0x0f, 0x3b, 0xee, 0x32,
    0x0e, 0x33, 0xef, 0x3a, 0x0e, 0x33, 0xee, 0x32, 0x0f, 0x3b, 0xee, 0x32,
    0x0e, 0x33, 0xef, 0x3a, 0x0e, 0x33, 0xee, 0x32, 0xef, 0x3a, 0x0e, 0x33,
    0xee, 0x32, 0x0f, 0x3b, 0x0e, 0x33, 0xee, 0x32, 0x0f, 0x3b, 0x0e, 0x33,
    0xee, 0x32, 0xef, 0x3a, 0x0e, 0x33, 0xee, 0x32, 0xef, 0x3a, 0x0e, 0x33,
    0xee, 0x32, 0x0f, 0x3b, 0x0e, 0x33, 0xee, 0x32, 0x0f, 0x3b, 0xee, 0x32,
    0xee, 0x32, 0x0f, 0x3b, 0xee, 0x32, 0x0e, 0x33, 0x0f, 0x3b, 0xee, 0x32,
    0x0e, 0x33, 0xef, 0x3a, 0x0e, 0x33, 0xee, 0x32, 0x0f, 0x3b, 0xee, 0x32,
    0x0e, 0x33, 0xef, 0x3a, 0x0e, 0x33, 0xee, 0x32, 0xef, 0x3a, 0x0e, 0x33,
    0xee, 0x32, 0x0f, 0x3b, 0x0e, 0x33, 0xee, 0x32, 0x0f, 0x3b, 0x0e, 0x33,
    0xee, 0x32, 0xef, 0x3a, 0x0e, 0x33, 0xee, 0x32, 0xef, 0x3a, 0x0e, 0x33,
    0xee, 0x32, 0x0f, 0x3b, 0x0e, 0x33, 0xee, 0x32, 0x0f, 0x3b, 0xee, 0x32,
    0xee, 0x32, 0x0f, 0x3b, 0xee, 0x32, 0x0e, 0x33, 0x0f, 0x3b, 0xee, 0x32,
    0x0e, 0x33, 0xef, 0x3a, 0x0e, 0x33, 0xee, 0x32, 0x0f, 0x3b, 0xee, 0x32,
    0x0e, 0x33, 0xef, 0x3a, 0x0e, 0x33, 0xee, 0x32, 0xef, 0x3a, 0x0e, 0x33,
    0xee, 0x32, 0x0f, 0x3b, 0x0e, 0x33, 0xee, 0x32, 0x0f, 0x3b, 0x0e, 0x33,
    0xee, 0x32, 0xef, 0x3a, 0x0e, 0x33, 0xee, 0x32, 0xef, 0x3a, 0x0e, 0x33,
    0xee, 0x32, 0x0f, 0x3b, 0x0e, 0x33, 0xee, 0x32, 0x0f, 0x3b, 0xee, 0x32,
    0xee, 0x32, 0x0f, 0x3b, 0xee, 0x32, 0x0e, 0x33, 0x0f, 0x3b, 0xee, 0x32,
    0x0e, 0x33, 0xef, 0x3a, 0x0e, 0x33, 0xee, 0x32, 0x0f, 0x3b, 0xee, 0x32,
    0x0e, 0x33, 0xef, 0x3a, 0x0e, 0x33, 0xee, 0x32, 0xef, 0x3a, 0x0e, 0x33,
    0xee, 0x32, 0x0f, 0x3b, 0x0e, 0x33, 0xee, 0x32, 0x0f, 0x3b, 0x0e, 0x33,
    0xee, 0x32, 0xef, 0x3a, 0x0e, 0x33, 0xee, 0x32, 0xef, 0x3a, 0x0e, 0x33,
    0xee, 0x32, 0x0f, 0x3b, 0x0e, 0x33, 0xee, 0x32, 0x0f, 0x3b, 0xee, 0x32,
    0xee, 0x32, 0x0f, 0x3b, 0xee, 0x32, 0x0e, 0x33, 0x0f, 0x3b, 0xee, 0x32,
    0x0e, 0x33, 0xef, 0x3a, 0x0e, 0x33, 0xee, 0x32, 0x0f, 0x3b, 0xee, 0x32,
    0x0e, 0x33, 0xef, 0x3a, 0x0e, 0x33, 0xee, 0x32, 0xef, 0x3a, 0x0e, 0x33,
    0xee, 0x32, 0x0f, 0x3b, 0x0e, 0x33, 0xee, 0x32, 0x0f, 0x3b, 0x0e, 0x33,
    0xee, 0x32, 0xef, 0x3a, 0x0e, 0x33, 0xee, 0x32, 0xef, 0x3a, 0x0e, 0x33,
    0xee, 0x32, 0x0f, 0x3b, 0x0e, 0x33, 0xee, 0x32, 0x0f, 0x3b, 0xee, 0x32,
    0xee, 0x32, 0x0f, 0x3b, 0xee, 0x32, 0x0e, 0x33, 0x0f, 0x3b, 0xee, 0x32,
    0x0e, 0x33, 0xef, 0x3a, 0x0e, 0x33, 0xee, 0x32, 0x0f, 0x3b, 0xee, 0x32,
    0x0e, 0x33, 0xef, 0x3a, 0x0e, 0x33, 0xee, 0x32, 0xef, 0x3a, 0x0e, 0x33,
    0xee, 0x32, 0x0f, 0x3b, 0x0e, 0x33, 0xee, 0x32, 0x0f, 0x3b, 0x0e, 0x33,
    0xee, 0x32, 0xef, 0x3a, 0x0e, 0x33, 0xee, 0x32, 0xef, 0x3a, 0x0e, 0x33,
    0xee, 0x32, 0x0f, 0x3b, 0x0e, 0x33, 0xee, 0x32, 0x0f, 0x3b, 0xee, 0x32,
    0xee, 0x32, 0x0f, 0x3b, 0xee, 0x32, 0x0e, 0x33, 0x0f, 0x3b, 0xee, 0x32,
    0x0e, 0x33, 0xef, 0x3a, 0x0e, 0x33, 0xee, 0x32, 0x0f, 0x3b, 0xee, 0x32,
    0x0e, 0x33, 0xef, 0x3a, 0x0e, 0x33, 0xee, 0x32, 0xef, 0x3a, 0x0e, 0x33,
    0xee, 0x32, 0x0f, 0x3b, 0x0e, 0x33, 0xee, 0x32, 0x0f, 0x3b, 0x0e, 0x33,
    0xee, 0x32, 0xef, 0x3a, 0x0e, 0x33, 0xee, 0x32, 0xef, 0x3a, 0x0e, 0x33,
    0xee, 0x32, 0x0f, 0x3b, 0x0e, 0x33, 0xee, 0x32, 0x0f, 0x3b, 0xee, 0x32,
    0xee, 0x32, 0x0f, 0x3b, 0xee, 0x32, 0x0e, 0x33, 0x0f, 0x3b, 0xee, 0x32,
    0x0e, 0x33, 0xef, 0x3a, 0x0e, 0x33, 0xee, 0x32, 0x0f, 0x3b, 0xee, 0x32,
    0x0e, 0x33, 0xef, 0x3a, 0x0e, 0x33, 0xee, 0x32, 0xef, 0x3a, 0x0e, 0x33,
    0xee, 0x32, 0x0f, 0x3b, 0x0e, 0x33, 0xee, 0x32, 0x0f, 0x3b, 0x0e, 0x33,
    0xee, 0x32, 0xef, 0x3a, 0x0e, 0x33, 0xee, 0x32, 0xef, 0x3a, 0x0e, 0x33,
    0xee, 0x32, 0x0f, 0x3b, 0x0e, 0x33, 0xee, 0x32, 0x0f, 0x3b, 0xee, 0x32,
    0xee, 0x32, 0x0f, 0x3b, 0xee, 0x32, 0x0e, 0x33, 0x0f, 0x3b, 0xee, 0x32,
    0x0e, 0x33, 0xef, 0x3a, 0x0e, 0x33, 0xee, 0x32, 0x0f, 0x3b, 0xee, 0x32,
    0x0e, 0x33, 0xef, 0x3a, 0x0e, 0x33, 0xee, 0x32, 0xef, 0x3a, 0x0e, 0x33,
    0xee, 0x32, 0x0f, 0x3b, 0x0e, 0x33, 0xee, 0x32, 0x0f, 0x3b, 0x0e, 0x33,
    0xee, 0x32, 0xef, 0x3a, 0x0e, 0x33, 0xee, 0x32, 0xef, 0x3a, 0x0e, 0x33,
    0xee, 0x32, 0x0f, 0x3b, 0x0e, 0x33, 0xef, 0x3a, 0x0f, 0x3b, 0xee, 0x32,
    0xee, 0x32, 0x0f, 0x3b, 0xee, 0x32, 0x0e, 0x33, 0x0f, 0x3b, 0xee, 0x32,
    0x0f, 0x3b, 0xef, 0x3a, 0x0e, 0x33, 0xef, 0x3a, 0x0e, 0x33, 0xef, 0x3a,
    0x0e, 0x33, 0xee, 0x32, 0xef, 0x3a, 0x0e, 0x33, 0xee, 0x32, 0x0f, 0x3b,
    0xef, 0x3a, 0xee, 0x32, 0x0f, 0x3b, 0x0f, 0x3b, 0xee, 0x32, 0x0f, 0x3b,
    0x0e, 0x33, 0xee, 0x32, 0xef, 0x3a, 0x0e, 0x33, 0xee, 0x32, 0x0f, 0x3b,
    0x0f, 0x3b, 0xee, 0x32, 0x0f, 0x3b, 0x0e, 0x33, 0xee, 0x32, 0xef, 0x3a,
    0x0f, 0x3b, 0xee, 0x32, 0xee, 0x32, 0x0f, 0x3b, 0xee, 0x32, 0x0e, 0x33,
    0xef, 0x3a, 0x0f, 0x3b, 0xee, 0x32, 0xef, 0x3a, 0x0e, 0x33, 0xee, 0x32,
    0x0f, 0x3b, 0x0e, 0x33, 0xef, 0x3a, 0x0e, 0x33, 0x0f, 0x3b, 0xee, 0x32,
    0x0e, 0x33, 0xef, 0x3a, 0x0f, 0x3b, 0x0e, 0x33, 0xef, 0x3a, 0x0e, 0x33,
    0xef, 0x3a, 0xee, 0x32, 0x0f, 0x3b, 0x0f, 0x3b, 0xee, 0x32, 0x0f, 0x3b,
    0x0f, 0x3b, 0xee, 0x32, 0x0f, 0x3b, 0xee, 0x32, 0x0e, 0x33, 0x0f, 0x3b,
    0xee, 0x32, 0x0f, 0x3b, 0xef, 0x3a, 0x0e, 0x33, 0xef, 0x3a, 0x0f, 0x3b,
    0x0e, 0x33, 0xef, 0x3a, 0x0f, 0x3b, 0x0e, 0x33, 0xef, 0x3a, 0xef, 0x3a,
    0xee, 0x32, 0x0f, 0x3b, 0xef, 0x3a, 0x0e, 0x33, 0x0f, 0x3b, 0xee, 0x32,
    0xef, 0x3a, 0x0e, 0x33, 0xee, 0x32, 0xef, 0x3a, 0x0f, 0x3b, 0xee, 0x32,
    0xef, 0x3a, 0x0f, 0x3b, 0x0e, 0x33, 0xef, 0x3a, 0x0f, 0x3b, 0xee, 0x32,
    0xef, 0x3a, 0x0f, 0x3b, 0x0e, 0x33, 0xef, 0x3a, 0xef, 0x3a, 0x0e, 0x33,
    0xef, 0x3a, 0xef, 0x3a, 0x0e, 0x33, 0x0f, 0x3b, 0xef, 0x3a, 0x0e, 0x33,
    0x0f, 0x3b, 0xef, 0x3a, 0x0e, 0x33, 0x0f, 0x3b, 0xef, 0x3a, 0x0e, 0x33,
    0xef, 0x3a, 0x0f, 0x3b, 0x0e, 0x33, 0xef, 0x3a, 0xef, 0x3a, 0x0e, 0x33,
    0xef, 0x3a, 0x0f, 0x3b, 0x0e, 0x33, 0xef, 0x3a, 0x0f, 0x3b, 0xee, 0x32,
    0xef, 0x3a, 0x0f, 0x3b, 0x0e, 0x33, 0xef, 0x3a, 0x0f, 0x3b, 0xee, 0x32,
    0xef, 0x3a, 0x0f, 0x3b, 0x0e, 0x33, 0xef, 0x3a, 0x0f, 0x3b, 0x0e, 0x33,
    0xef, 0x3a, 0x0f, 0x3b, 0xee, 0x32, 0xef, 0x3a, 0x0f, 0x3b, 0xee, 0x32,
    0xef, 0x3a, 0x0f, 0x3b, 0xee, 0x32, 0x0f, 0x3b, 0xef, 0x3a, 0xee, 0x32,
    0x0f, 0x3b, 0xef, 0x3a, 0xee, 0x32, 0x0f, 0x3b, 0x0f, 0x3b, 0xee, 0x32,
    0x0f, 0x3b, 0xef, 0x3a, 0xee, 0x32, 0x0f, 0x3b, 0x0f, 0x3b, 0xee, 0x32,
    0x0f, 0x3b, 0xef, 0x3a, 0xee, 0x32, 0x0f, 0x3b, 0xef, 0x3a, 0xee, 0x32,
    0x0f, 0x3b, 0xef, 0x3a, 0x0e, 0x33, 0x0f, 0x3b, 0xef, 0x3a, 0x0e, 0x33,
    0xef, 0x3a, 0x0f, 0x3b, 0xee, 0x32, 0x0f, 0x3b, 0x0f, 0x3b, 0xee, 0x32,
    0x0f, 0x3b, 0x0f, 0x3b, 0xee, 0x32, 0x0f, 0x3b, 0xef, 0x3a, 0xee, 0x32,
    0x0f, 0x3b, 0xef, 0x3a, 0x0e, 0x33, 0xef, 0x3a, 0x0f, 0x3b, 0xee, 0x32,
    0xef, 0x3a, 0x0f, 0x3b, 0xee, 0x32, 0x0f, 0x3b, 0x0f, 0x3b, 0xee, 0x32,
    0x0f, 0x3b, 0xef, 0x3a, 0xee, 0x32, 0x0f, 0x3b, 0xef, 0x3a, 0xee, 0x32,
    0x0f, 0x3b, 0x0f, 0x3b, 0xee, 0x32, 0x0f, 0x3b, 0x0f, 0x3b, 0xee, 0x32,
    0x0f, 0x3b, 0xef, 0x3a, 0x0e, 0x33, 0xef, 0x3a, 0x0f, 0x3b, 0x0e, 0x33,
    0xef, 0x3a, 0x0f, 0x3b, 0x0e, 0x33, 0xef, 0x3a, 0xef, 0x3a, 0x0e, 0x33,
    0xef, 0x3a, 0x0f, 0x3b, 0x0e, 0x33, 0xef, 0x3a, 0xef, 0x3a, 0x0e, 0x33,
    0xef, 0x3a, 0x0f, 0x3b, 0x0e, 0x33, 0xef, 0x3a, 0x0f, 0x3b, 0x0e, 0x33,
    0xef, 0x3a, 0xef, 0x3a, 0x0e, 0x33, 0xef, 0x3a, 0x0f, 0x3b, 0xee, 0x32,
    0xef, 0x3a, 0x0f, 0x3b, 0x0e, 0x33, 0xef, 0x3a, 0x0f, 0x3b, 0x0e, 0x33,
    0xef, 0x3a, 0x0f, 0x3b, 0xee, 0x32, 0x0f, 0x3b, 0x0f, 0x3b, 0xee, 0x32,
    0x0f, 0x3b, 0x0f, 0x3b, 0xee, 0x32, 0x0f, 0x3b, 0xef, 0x3a, 0xee, 0x32,
    0x0f, 0x3b, 0x0f, 0x3b, 0xee, 0x32, 0x0f, 0x3b, 0xef, 0x3a, 0x0e, 0x33,
    0xef, 0x3a, 0x0f, 0x3b, 0x0e, 0x33, 0xef, 0x3a, 0x0f, 0x3b, 0x0e, 0x33,
    0xef, 0x3a, 0xef, 0x3a, 0x0e, 0x33, 0xef, 0x3a, 0x0f, 0x3b, 0xee, 0x32,
    0xef, 0x3a, 0x0f, 0x3b, 0x0e, 0x33, 0xef, 0x3a, 0x0f, 0x3b, 0x0e, 0x33,
    0xef, 0x3a, 0x0f, 0x3b, 0xee, 0x32, 0x0f, 0x3b, 0x0f, 0x3b, 0xee, 0x32,
    0x0f, 0x3b, 0x0f, 0x3b, 0xee, 0x32, 0x0f, 0x3b, 0xef, 0x3a, 0xee, 0x32,
    0x0f, 0x3b, 0x0f, 0x3b, 0xee, 0x32, 0x0f, 0x3b, 0xef, 0x3a, 0x0e, 0x33,
    0xef, 0x3a, 0x0f, 0x3b, 0x0e, 0x33, 0xef, 0x3a, 0x0f, 0x3b, 0x0e, 0x33,
    0xef, 0x3a, 0xef, 0x3a, 0x0e, 0x33, 0xef, 0x3a, 0x0f, 0x3b, 0xee, 0x32,
    0xef, 0x3a, 0x0f, 0x3b, 0x0e, 0x33, 0xef, 0x3a, 0x0f, 0x3b, 0x0e, 0x33,
    0xef, 0x3a, 0x0f, 0x3b, 0xee, 0x32, 0x0f, 0x3b, 0x0f, 0x3b, 0xee, 0x32,
    0x0f, 0x3b, 0x0f, 0x3b, 0xee, 0x32, 0x0f, 0x3b, 0xef, 0x3a, 0xee, 0x32,
    0x0f, 0x3b, 0x0f, 0x3b, 0xee, 0x32, 0x0f, 0x3b, 0xef, 0x3a, 0x0e, 0x33,
    0xef, 0x3a, 0x0f, 0x3b, 0x0e, 0x33, 0xef, 0x3a, 0x0f, 0x3b, 0x0e, 0x33,
    0xef, 0x3a, 0xef, 0x3a, 0x0e, 0x33, 0xef, 0x3a, 0x0f, 0x3b, 0xee, 0x32,
    0xef, 0x3a, 0x0f, 0x3b, 0x0e, 0x33, 0xef, 0x3a, 0x0f, 0x3b, 0x0e, 0x33,
    0xef, 0x3a, 0x0f, 0x3b, 0xee, 0x32, 0x0f, 0x3b, 0x0f, 0x3b, 0xee, 0x32,
    0x0f, 0x3b, 0x0f, 0x3b, 0xee, 0x32, 0x0f, 0x3b, 0xef, 0x3a, 0xee, 0x32,
    0x0f, 0x3b, 0x0f, 0x3b, 0xee, 0x32, 0x0f, 0x3b, 0xef, 0x3a, 0x0e, 0x33,
    0xef, 0x3a, 0x0f, 0x3b, 0x0e, 0x33, 0xef, 0x3a, 0x0f, 0x3b, 0x0e, 0x33,
    0xef, 0x3a, 0xef, 0x3a, 0x0e, 0x33, 0xef, 0x3a, 0x0f, 0x3b, 0xee, 0x32,
    0xef, 0x3a, 0x0f, 0x3b, 0x0e, 0x33, 0xef, 0x3a, 0x0f, 0x3b, 0x0e, 0x33,
    0xef, 0x3a, 0x0f, 0x3b, 0xee, 0x32, 0x0f, 0x3b, 0x0f, 0x3b, 0xee, 0x32,
    0x0f, 0x3b, 0x0f, 0x3b, 0xee, 0x32, 0x0f, 0x3b, 0xef, 0x3a, 0xee, 0x32,
    0x0f, 0x3b, 0x0f, 0x3b, 0xee, 0x32, 0x0f, 0x3b, 0xef, 0x3a, 0x0e, 0x33,
    0xef, 0x3a, 0x0f, 0x3b, 0x0e, 0x33, 0xef, 0x3a, 0x0f, 0x3b, 0x0e, 0x33,
    0xef, 0x3a, 0xef, 0x3a, 0x0e, 0x33, 0xef, 0x3a, 0x0f, 0x3b, 0xee, 0x32,
    0xef, 0x3a, 0x0f, 0x3b, 0x0e, 0x33, 0xef, 0x3a, 0x0f, 0x3b, 0x0e, 0x33,
    0xef, 0x3a, 0x0f, 0x3b, 0xee, 0x32, 0x0f, 0x3b, 0x0f, 0x3b, 0xee, 0x32,
    0x0f, 0x3b, 0x0f, 0x3b, 0xee, 0x32, 0x0f, 0x3b, 0xef, 0x3a, 0xee, 0x32,
    0x0f, 0x3b, 0x0f, 0x3b, 0xee, 0x32, 0x0f, 0x3b, 0xef, 0x3a, 0x0e, 0x33,
    0xef, 0x3a, 0x0f, 0x3b, 0x0e, 0x33, 0xef, 0x3a, 0x0f, 0x3b, 0x0e, 0x33,
    0xef, 0x3a, 0xef, 0x3a, 0x0e, 0x33, 0xef, 0x3a, 0x0f, 0x3b, 0xee, 0x32,
    0xef, 0x3a, 0x0f, 0x3b, 0x0e, 0x33, 0xef, 0x3a, 0x0f, 0x3b, 0x0e, 0x33,
    0xef, 0x3a, 0x0f, 0x3b, 0xee, 0x32, 0x0f, 0x3b, 0x0f, 0x3b, 0xee, 0x32,
    0x0f, 0x3b, 0x0f, 0x3b, 0xee, 0x32, 0x0f, 0x3b, 0xef, 0x3a, 0xee, 0x32,
    0x0f, 0x3b, 0x0f, 0x3b, 0xee, 0x32, 0x0f, 0x3b, 0xef, 0x3a, 0x0e, 0x33,
    0xef, 0x3a, 0x0f, 0x3b, 0x0e, 0x33, 0xef, 0x3a, 0x0f, 0x3b, 0x0e, 0x33,
    0xef, 0x3a, 0xef, 0x3a, 0x0e, 0x33, 0xef, 0x3a, 0x0f, 0x3b, 0xee, 0x32,
    0xef, 0x3a, 0x0f, 0x3b, 0x0e, 0x33, 0xef, 0x3a, 0x0f, 0x3b, 0x0e, 0x33,
    0xef, 0x3a, 0x0f, 0x3b, 0xee, 0x32, 0x0f, 0x3b, 0x0f, 0x3b, 0xee, 0x32,
    0x0f, 0x3b, 0x0f, 0x3b, 0xee, 0x32, 0x0f, 0x3b, 0xef, 0x3a, 0xee, 0x32,
    0x0f, 0x3b, 0x0f, 0x3b, 0xee, 0x32, 0x0f, 0x3b, 0xef, 0x3a, 0x0e, 0x33,
    0xef, 0x3a, 0x0f, 0x3b, 0x0e, 0x33, 0xef, 0x3a, 0x0f, 0x3b, 0x0e, 0x33,
    0xef, 0x3a, 0xef, 0x3a, 0x0e, 0x33, 0xef, 0x3a, 0x0f, 0x3b, 0xee, 0x32,
    0xef, 0x3a, 0x0f, 0x3b, 0x0e, 0x33, 0xef, 0x3a, 0x0f, 0x3b, 0x0e, 0x33,
    0xef, 0x3a, 0x0f, 0x3b, 0xee, 0x32, 0x0f, 0x3b, 0x0f, 0x3b, 0xee, 0x32,
    0x0f, 0x3b, 0x0f, 0x3b, 0xee, 0x32, 0x0f, 0x3b, 0xef, 0x3a, 0xee, 0x32,
    0x0f, 0x3b, 0x0f, 0x3b, 0xee, 0x32, 0x0f, 0x3b, 0xef, 0x3a, 0x0e, 0x33,
    0xef, 0x3a, 0x0f, 0x3b, 0x0e, 0x33, 0xef, 0x3a, 0x0f, 0x3b, 0x0e, 0x33,
    0xef, 0x3a, 0xef, 0x3a, 0x0e, 0x33, 0xef, 0x3a, 0x0f, 0x3b, 0xee, 0x32,
    0xef, 0x3a, 0x0f, 0x3b, 0x0e, 0x33, 0xef, 0x3a, 0x0f, 0x3b, 0x0e, 0x33,
    0xef, 0x3a, 0x0f, 0x3b, 0xee, 0x32, 0x0f, 0x3b, 0x0f, 0x3b, 0xee, 0x32,
    0x0f, 0x3b, 0x0f, 0x3b, 0xee, 0x32, 0x0f, 0x3b, 0xef, 0x3a, 0xee, 0x32,
    0x0f, 0x3b, 0x0f, 0x3b, 0xee, 0x32, 0x0f, 0x3b, 0xef, 0x3a, 0x0e, 0x33,
    0xef, 0x3a, 0x0f, 0x3b, 0x0e, 0x33, 0xef, 0x3a, 0x0f, 0x3b, 0x0e, 0x33,
    0xef, 0x3a, 0xef, 0x3a, 0x0e, 0x33, 0xef, 0x3a, 0x0f, 0x3b, 0xee, 0x32,
    0xef, 0x3a, 0x0f, 0x3b, 0x0e, 0x33, 0xef, 0x3a, 0x0f, 0x3b, 0x0e, 0x33,
    0xef, 0x3a, 0x0f, 0x3b, 0xee, 0x32, 0x0f, 0x3b, 0x0f, 0x3b, 0xee, 0x32,
    0x0f, 0x3b, 0x0f, 0x3b, 0xee, 0x32, 0x0f, 0x3b, 0xef, 0x3a, 0xee, 0x32,
    0x0f, 0x3b, 0x0f, 0x3b, 0xee, 0x32, 0x0f, 0x3b, 0xef, 0x3a, 0x0e, 0x33,
    0xef, 0x3a, 0x0f, 0x3b, 0x0e, 0x33, 0xef, 0x3a, 0x0f, 0x3b, 0x0e, 0x33,
    0xef, 0x3a, 0xef, 0x3a, 0x0e, 0x33, 0xef, 0x3a, 0x0f, 0x3b, 0xee, 0x32,
    0xef, 0x3a, 0x0f, 0x3b, 0x0e, 0x33, 0xef, 0x3a, 0x0f, 0x3b, 0x0e, 0x33,
    0xef, 0x3a, 0x0f, 0x3b, 0xee, 0x32, 0x0f, 0x3b, 0x0f, 0x3b, 0xee, 0x32,
    0x0f, 0x3b, 0x0f, 0x3b, 0xee, 0x32, 0x0f, 0x3b, 0xef, 0x3a, 0xee, 0x32,
    0x0f, 0x3b, 0x0f, 0x3b, 0xee, 0x32, 0x0f, 0x3b, 0xef, 0x3a, 0x0e, 0x33,
    0xef, 0x3a, 0x0f, 0x3b, 0x0e, 0x33, 0xef, 0x3a, 0x0f, 0x3b, 0x0e, 0x33,
    0xef, 0x3a, 0xef, 0x3a, 0x0e, 0x33, 0xef, 0x3a, 0x0f, 0x3b, 0xee, 0x32,
    0xef, 0x3a, 0x0f, 0x3b, 0x0e, 0x33, 0xef, 0x3a, 0x0f, 0x3b, 0x0e, 0x33,
    0xef, 0x3a, 0x0f, 0x3b, 0xee, 0x32, 0x0f, 0x3b, 0x0f, 0x3b, 0xee, 0x32,
    0x0f, 0x3b, 0x0f, 0x3b, 0xee, 0x32, 0x0f, 0x3b, 0xef, 0x3a, 0xee, 0x32,
    0x0f, 0x3b, 0x0f, 0x3b, 0xee, 0x32, 0x0f, 0x3b, 0xef, 0x3a, 0x0e, 0x33,
    0xef, 0x3a, 0x0f, 0x3b, 0x0e, 0x33, 0xef, 0x3a, 0x0f, 0x3b, 0x0e, 0x33,
    0xef, 0x3a, 0xef, 0x3a, 0x0e, 0x33, 0xef, 0x3a, 0x0f, 0x3b, 0xee, 0x32,
    0xef, 0x3a, 0x0f, 0x3b, 0x0e, 0x33, 0xef, 0x3a, 0x0f, 0x3b, 0x0e, 0x33,
    0xef, 0x3a, 0x0f, 0x3b, 0xee, 0x32, 0x0f, 0x3b, 0x0f, 0x3b, 0xee, 0x32,
    0x0f, 0x3b, 0x0f, 0x3b, 0xee, 0x32, 0x0f, 0x3b, 0xef, 0x3a, 0xee, 0x32,
    0x0f, 0x3b, 0x0f, 0x3b, 0xee, 0x32, 0x0f, 0x3b, 0xef, 0x3a, 0x0e, 0x33,
    0xef, 0x3a, 0x0f, 0x3b, 0x0e, 0x33, 0xef, 0x3a, 0x0f, 0x3b, 0x0e, 0x33,
    0xef, 0x3a, 0xef, 0x3a, 0x0e, 0x33, 0xef, 0x3a, 0x0f, 0x3b, 0xee, 0x32,
    0xef, 0x3a, 0x0f, 0x3b, 0x0e, 0x33, 0xef, 0x3a, 0x0f, 0x3b, 0x0e, 0x33,
    0xef, 0x3a, 0x0f, 0x3b, 0xee, 0x32, 0x0f, 0x3b, 0x0f, 0x3b, 0xee, 0x32,
    0x0f, 0x3b, 0x0f, 0x3b, 0xee, 0x32, 0x0f, 0x3b, 0xef, 0x3a, 0xee, 0x32,
    0x0f, 0x3b, 0x0f, 0x3b, 0xee, 0x32, 0x0f, 0x3b, 0xef, 0x3a, 0x0e, 0x33,
    0xef, 0x3a, 0x0f, 0x3b, 0x0e, 0x33, 0xef, 0x3a, 0x0f, 0x3b, 0x0e, 0x33,
    0xef, 0x3a, 0xef, 0x3a, 0x0e, 0x33, 0xef, 0x3a, 0x0f, 0x3b, 0xee, 0x32,
    0xef, 0x3a, 0x0f, 0x3b, 0x0e, 0x33, 0xef, 0x3a, 0x0f, 0x3b, 0x0e, 0x33,
    0xef, 0x3a, 0x0f, 0x3b, 0xee, 0x32, 0x0f, 0x3b, 0x0e, 0x33, 0xee, 0x32,
    0x0f, 0x3b, 0x0f, 0x3b, 0xee, 0x32, 0x0f, 0x3b, 0xee, 0x32, 0xef, 0x3a,
    0x0e, 0x33, 0x0e, 0x33, 0xef, 0x3a, 0x0e, 0x33, 0xef, 0x3a, 0x0f, 0x3b,
    0xee, 0x32, 0x0f, 0x3b, 0x0f, 0x3b, 0xee, 0x32, 0x0f, 0x3b, 0xef, 0x3a,
    0x0e, 0x33, 0x0e, 0x33, 0xef, 0x3a, 0x0e, 0x33, 0xee, 0x32, 0xef, 0x3a,
    0x0e, 0x33, 0xef, 0x3a, 0x0f, 0x3b, 0x0e, 0x33, 0xef, 0x3a, 0x0e, 0x33,
    0xee, 0x32, 0xef, 0x3a, 0x0e, 0x33, 0xee, 0x32, 0x0f, 0x3b, 0x0f, 0x3b,
    0xee, 0x32, 0x0e, 0x33, 0x0f, 0x3b, 0xee, 0x32, 0xee, 0x32, 0x0f, 0x3b,
    0x0f, 0x3b, 0xee, 0x32, 0x0e, 0x33, 0xef, 0x3a, 0x0f, 0x3b, 0x0e, 0x33,
    0xef, 0x3a, 0xef, 0x3a, 0x0e, 0x33, 0xee, 0x32, 0xef, 0x3a, 0x0f, 0x3b,
    0xee, 0x32, 0x0f, 0x3b, 0x0e, 0x33, 0xef, 0x3a, 0xee, 0x32, 0x0f, 0x3b,
    0xef, 0x3a, 0x0e, 0x33, 0x0e, 0x33, 0xef, 0x3a, 0xee, 0x32, 0x0e, 0x33,
    0xef, 0x3a, 0x0e, 0x33, 0xee, 0x32, 0x0f, 0x3b, 0xef, 0x3a, 0xee, 0x32,
    0x0f, 0x3b, 0xee, 0x32, 0x0e, 0x33, 0xef, 0x3a, 0x0e, 0x33, 0xee, 0x32,
    0x0f, 0x3b, 0xee, 0x32, 0x0e, 0x33, 0xef, 0x3a, 0xee, 0x32, 0x0e, 0x33,
    0x0f, 0x3b, 0xee, 0x32, 0x0e, 0x33, 0xef, 0x3a, 0xee, 0x32, 0x0f, 0x3b,
    0x0f, 0x3b, 0xee, 0x32, 0x0f, 0x3b, 0x0f, 0x3b, 0xee, 0x32, 0x0f, 0x3b,
    0x0e, 0x33, 0xee, 0x32, 0xef, 0x3a, 0x0e, 0x33, 0xee, 0x32, 0x0f, 0x3b,
    0x0e, 0x33, 0xee, 0x32, 0x0f, 0x3b, 0xee, 0x32, 0x0f, 0x3b, 0xee, 0x32,
    0x0f, 0x3b, 0x0e, 0x33, 0xee, 0x32, 0xef, 0x3a, 0x0e, 0x33, 0xee, 0x32,
    0xef, 0x3a, 0x0e, 0x33, 0xee, 0x32, 0xef, 0x3a, 0x0e, 0x33, 0xee, 0x32,
    0x0f, 0x3b, 0xee, 0x32, 0xee, 0x32, 0x0f, 0x3b, 0xee, 0x32, 0x0e, 0x33,
    0x0f, 0x3b, 0xee, 0x32, 0xee, 0x32, 0x0f, 0x3b, 0xee, 0x32, 0x0e, 0x33,
    0x0f, 0x3b, 0xee, 0x32, 0x0e, 0x33, 0x0f, 0x3b, 0xee, 0x32, 0x0e, 0x33,
    0x0f, 0x3b, 0xee, 0x32, 0x0e, 0x33, 0xef, 0x3a, 0xee, 0x32, 0x0e, 0x33,
    0xef, 0x3a, 0xee, 0x32, 0x0e, 0x33, 0x0f, 0x3b, 0xee, 0x32, 0x0e, 0x33,
    0x0f, 0x3b, 0xee, 0x32, 0x0e, 0x33, 0xef, 0x3a, 0x0e, 0x33, 0x0e, 0x33,
    0xef, 0x3a, 0x0e, 0x33, 0x0e, 0x33, 0xef, 0x3a, 0xee, 0x32, 0x0e, 0x33,
    0xef, 0x3a, 0x0e, 0x33, 0x0e, 0x33, 0xef, 0x3a, 0xee, 0x32, 0x0e, 0x33,
    0xef, 0x3a, 0x0e, 0x33, 0x0e, 0x33, 0xef, 0x3a, 0x0e, 0x33, 0x0e, 0x33,
    0xef, 0x3a, 0x0e, 0x33, 0xee, 0x32, 0xef, 0x3a, 0x0e, 0x33, 0xee, 0x32,
    0x0f, 0x3b, 0xee, 0x32, 0x0e, 0x33, 0xef, 0x3a, 0xee, 0x32, 0x0e, 0x33,
    0xef, 0x3a, 0xee, 0x32, 0x0e, 0x33, 0xef, 0x3a, 0x0e, 0x33, 0x0e, 0x33,
    0xef, 0x3a, 0x0e, 0x33, 0xee, 0x32, 0x0f, 0x3b, 0xee, 0x32, 0x0e, 0x33,
    0x0f, 0x3b, 0xee, 0x32, 0x0e, 0x33, 0xef, 0x3a, 0xee, 0x32, 0x0e, 0x33,
    0xef, 0x3a, 0x0e, 0x33, 0x0e, 0x33, 0xef, 0x3a, 0x0e, 0x33, 0x0e, 0x33,
    0xef, 0x3a, 0xee, 0x32, 0x0e, 0x33, 0xef, 0x3a, 0xee, 0x32, 0x0e, 0x33,
    0xef, 0x3a, 0x0e, 0x33, 0xee, 0x32, 0x0f, 0x3b, 0xee, 0x32, 0xee, 0x32,
    0x0f, 0x3b, 0xee, 0x32, 0xee, 0x32, 0x0f, 0x3b, 0x0e, 0x33, 0xee, 0x32,
    0x0f, 0x3b, 0xee, 0x32, 0xee, 0x32, 0x0f, 0x3b, 0xee, 0x32, 0x0e, 0x33,
    0x0f, 0x3b, 0xee, 0x32, 0xee, 0x32, 0x0f, 0x3b, 0xee, 0x32, 0xee, 0x32,
    0x0f, 0x3b, 0xee, 0x32, 0x0e, 0x33, 0x0f, 0x3b, 0xee, 0x32, 0xee, 0x32,
    0x0f, 0x3b, 0x0e, 0x33, 0xee, 0x32, 0xef, 0x3a, 0x0e, 0x33, 0xee, 0x32,
    0xef, 0x3a, 0x0e, 0x33, 0xee, 0x32, 0xef, 0x3a, 0x0e, 0x33, 0xee, 0x32,
    0xef, 0x3a, 0xee, 0x32, 0x0e, 0x33, 0xef, 0x3a, 0x0e, 0x33, 0x0e, 0x33,
    0xef, 0x3a, 0xee, 0x32, 0x0e, 0x33, 0xef, 0x3a, 0xee, 0x32, 0x0e, 0x33,
    0xef, 0x3a, 0x0e, 0x33, 0xee, 0x32, 0xef, 0x3a, 0x0e, 0x33, 0xee, 0x32,
    0xef, 0x3a, 0x0e, 0x33, 0x0e, 0x33, 0xef, 0x3a, 0x0e, 0x33, 0xee, 0x32,
    0xef, 0x3a, 0x0e, 0x33, 0xee, 0x32, 0x0f, 0x3b, 0xee, 0x32, 0xee, 0x32,
    0x0f, 0x3b, 0xee, 0x32, 0x0e, 0x33, 0xef, 0x3a, 0xee, 0x32, 0x0e, 0x33,
    0xef, 0x3a, 0xee, 0x32, 0x0e, 0x33, 0xef, 0x3a, 0x0e, 0x33, 0x0e, 0x33,
    0xef, 0x3a, 0xee, 0x32, 0x0e, 0x33, 0xef, 0x3a, 0xee, 0x32, 0x0e, 0x33,
    0xef, 0x3a, 0x0e, 0x33, 0xee, 0x32, 0xef, 0x3a, 0x0e, 0x33, 0xee, 0x32,
    0xef, 0x3a, 0x0e, 0x33, 0x0e, 0x33, 0xef, 0x3a, 0x0e, 0x33, 0xee, 0x32,
    0xef, 0x3a, 0x0e, 0x33, 0xee, 0x32, 0x0f, 0x3b, 0xee, 0x32, 0xee, 0x32,
    0x0f, 0x3b, 0xee, 0x32, 0x0e, 0x33, 0xef, 0x3a, 0xee, 0x32, 0x0e, 0x33,
    0xef, 0x3a, 0xee, 0x32, 0x0e, 0x33, 0xef, 0x3a, 0x0e, 0x33, 0x0e, 0x33,
    0xef, 0x3a, 0xee, 0x32, 0x0e, 0x33, 0xef, 0x3a, 0xee, 0x32, 0x0e, 0x33,
    0xef, 0x3a, 0x0e, 0x33, 0xee, 0x32, 0xef, 0x3a, 0x0e, 0x33, 0xee, 0x32,
    0xef, 0x3a, 0x0e, 0x33, 0x0e, 0x33, 0xef, 0x3a, 0x0e, 0x33, 0xee, 0x32,
    0xef, 0x3a, 0x0e, 0x33, 0xee, 0x32, 0x0f, 0x3b, 0xee, 0x32, 0xee, 0x32,
    0x0f, 0x3b, 0xee, 0x32, 0x0e, 0x33, 0xef, 0x3a, 0xee, 0x32, 0x0e, 0x33,
    0xef, 0x3a, 0xee, 0x32, 0x0e, 0x33, 0xef, 0x3a, 0x0e, 0x33, 0x0e, 0x33,
    0xef, 0x3a, 0xee, 0x32, 0x0e, 0x33, 0xef, 0x3a, 0xee, 0x32, 0x0e, 0x33,
    0xef, 0x3a, 0x0e, 0x33, 0xee, 0x32, 0xef, 0x3a, 0x0e, 0x33, 0xee, 0x32,
    0xef, 0x3a, 0x0e, 0x33, 0x0e, 0x33, 0xef, 0x3a, 0x0e, 0x33, 0xee, 0x32,
    0xef, 0x3a, 0x0e, 0x33, 0xee, 0x32, 0x0f, 0x3b, 0xee, 0x32, 0xee, 0x32,
    0x0f, 0x3b, 0xee, 0x32, 0x0e, 0x33, 0xef, 0x3a, 0xee, 0x32, 0x0e, 0x33,
    0xef, 0x3a, 0xee, 0x32, 0x0e, 0x33, 0xef, 0x3a, 0x0e, 0x33, 0x0e, 0x33,
    0xef, 0x3a, 0xee, 0x32, 0x0e, 0x33, 0xef, 0x3a, 0xee, 0x32, 0x0e, 0x33,
    0xef, 0x3a, 0x0e, 0x33, 0xee, 0x32, 0xef, 0x3a, 0x0e, 0x33, 0xee, 0x32,
    0xef, 0x3a, 0x0e, 0x33, 0x0e, 0x33, 0xef, 0x3a, 0x0e, 0x33, 0xee, 0x32,
    0xef, 0x3a, 0x0e, 0x33, 0xee, 0x32, 0x0f, 0x3b, 0xee, 0x32, 0xee, 0x32,
    0x0f, 0x3b, 0xee, 0x32, 0x0e, 0x33, 0xef, 0x3a, 0xee, 0x32, 0x0e, 0x33,
    0xef, 0x3a, 0xee, 0x32, 0x0e, 0x33, 0xef, 0x3a, 0x0e, 0x33, 0x0e, 0x33,
    0xef, 0x3a, 0xee, 0x32, 0x0e, 0x33, 0xef, 0x3a, 0xee, 0x32, 0x0e, 0x33,
    0xef, 0x3a, 0x0e, 0x33, 0xee, 0x32, 0xef, 0x3a, 0x0e, 0x33, 0xee, 0x32,
    0xef, 0x3a, 0x0e, 0x33, 0x0e, 0x33, 0xef, 0x3a, 0x0e, 0x33, 0xee, 0x32,
    0xef, 0x3a, 0x0e, 0x33, 0xee, 0x32, 0x0f, 0x3b, 0xee, 0x32, 0xee, 0x32,
    0x0f, 0x3b, 0xee, 0x32, 0x0e, 0x33, 0xef, 0x3a, 0xee, 0x32, 0x0e, 0x33,
    0xef, 0x3a, 0xee, 0x32, 0x0e, 0x33, 0xef, 0x3a, 0x0e, 0x33, 0x0e, 0x33,
    0xef, 0x3a, 0xee, 0x32, 0x0e, 0x33, 0xef, 0x3a, 0xee, 0x32, 0x0e, 0x33,
    0xef, 0x3a, 0x0e, 0x33, 0xee, 0x32, 0xef, 0x3a, 0x0e, 0x33, 0xee, 0x32,
    0xef, 0x3a, 0x0e, 0x33, 0x0e, 0x33, 0xef, 0x3a, 0x0e, 0x33, 0xee, 0x32,
    0xef, 0x3a, 0x0e, 0x33, 0xee, 0x32, 0x0f, 0x3b, 0xee, 0x32, 0xee, 0x32,
    0x0f, 0x3b, 0xee, 0x32, 0x0e, 0x33, 0xef, 0x3a, 0xee, 0x32, 0x0e, 0x33,
    0xef, 0x3a, 0xee, 0x32, 0x0e, 0x33, 0xef, 0x3a, 0x0e, 0x33, 0x0e, 0x33,
    0xef, 0x3a, 0xee, 0x32, 0x0e, 0x33, 0xef, 0x3a, 0xee, 0x32, 0x0e, 0x33,
    0xef, 0x3a, 0x0e, 0x33, 0xee, 0x32, 0xef, 0x3a, 0x0e, 0x33, 0xee, 0x32,
    0xef, 0x3a, 0x0e, 0x33, 0x0e, 0x33, 0xef, 0x3a, 0x0e, 0x33, 0xee, 0x32,
    0xef, 0x3a, 0x0e, 0x33, 0xee, 0x32, 0x0f, 0x3b, 0xee, 0x32, 0xee, 0x32,
    0x0f, 0x3b, 0xee, 0x32, 0x0e, 0x33, 0xef, 0x3a, 0xee, 0x32, 0x0e, 0x33,
    0xef, 0x3a, 0xee, 0x32, 0x0e, 0x33, 0xef, 0x3a, 0x0e, 0x33, 0x0e, 0x33,
    0xef, 0x3a, 0xee, 0x32, 0x0e, 0x33, 0xef, 0x3a, 0xee, 0x32, 0x0e, 0x33,
    0xef, 0x3a, 0x0e, 0x33, 0xee, 0x32, 0xef, 0x3a, 0x0e, 0x33, 0xee, 0x32,
    0xef, 0x3a, 0x0e, 0x33, 0x0e, 0x33, 0xef, 0x3a, 0x0e, 0x33, 0xee, 0x32,
    0xef, 0x3a, 0x0e, 0x33, 0xee, 0x32, 0x0f, 0x3b, 0xee, 0x32, 0xee, 0x32,
    0x0f, 0x3b, 0xee, 0x32, 0x0e, 0x33, 0xef, 0x3a, 0xee, 0x32, 0x0e, 0x33,
    0xef, 0x3a, 0xee, 0x32, 0x0e, 0x33, 0xef, 0x3a, 0x0e, 0x33, 0x0e, 0x33,
    0xef, 0x3a, 0xee, 0x32, 0x0e, 0x33, 0xef, 0x3a, 0xee, 0x32, 0x0e, 0x33,
    0xef, 0x3a, 0x0e, 0x33, 0xee, 0x32, 0xef, 0x3a, 0x0e, 0x33, 0xee, 0x32,
    0xef, 0x3a, 0x0e, 0x33, 0x0e, 0x33, 0xef, 0x3a, 0x0e, 0x33, 0xee, 0x32,
    0xef, 0x3a, 0x0e, 0x33, 0xee, 0x32, 0x0f, 0x3b, 0xee, 0x32, 0xee, 0x32,
    0x0f, 0x3b, 0xee, 0x32, 0x0e, 0x33, 0xef, 0x3a, 0xee, 0x32, 0x0e, 0x33,
    0xef, 0x3a, 0xee, 0x32, 0x0e, 0x33, 0xef, 0x3a, 0x0e, 0x33, 0x0e, 0x33,
    0xef, 0x3a, 0xee, 0x32, 0x0e, 0x33, 0xef, 0x3a, 0xee, 0x32, 0x0e, 0x33,
    0xef, 0x3a, 0x0e, 0x33, 0xee, 0x32, 0xef, 0x3a, 0x0e, 0x33, 0xee, 0x32,
    0xef, 0x3a, 0x0e, 0x33, 0x0e, 0x33, 0xef, 0x3a, 0x0e, 0x33, 0xee, 0x32,
    0xef, 0x3a, 0x0e, 0x33, 0xee, 0x32, 0x0f, 0x3b, 0xee, 0x32, 0xee, 0x32,
    0x0f, 0x3b, 0xee, 0x32, 0x0e, 0x33, 0xef, 0x3a, 0xee, 0x32, 0x0e, 0x33,
    0xef, 0x3a, 0xee, 0x32, 0x0e, 0x33, 0xef, 0x3a, 0x0e, 0x33, 0x0e, 0x33,
    0xef, 0x3a, 0xee, 0x32, 0x0e, 0x33, 0xef, 0x3a, 0xee, 0x32, 0x0e, 0x33,
    0xef, 0x3a, 0x0e, 0x33, 0xee, 0x32, 0xef, 0x3a, 0x0e, 0x33, 0xee, 0x32,
    0xef, 0x3a, 0x0e, 0x33, 0x0e, 0x33, 0xef, 0x3a, 0x0e, 0x33, 0xee, 0x32,
    0xef, 0x3a, 0x0e, 0x33, 0xee, 0x32, 0x0f, 0x3b, 0xee, 0x32, 0xee, 0x32,
    0x0f, 0x3b, 0xee, 0x32, 0x0e, 0x33, 0xef, 0x3a, 0xee, 0x32, 0x0e, 0x33,
    0xef, 0x3a, 0xee, 0x32, 0x0e, 0x33, 0xef, 0x3a, 0x0e, 0x33, 0x0e, 0x33,
    0xef, 0x3a, 0xee, 0x32, 0x0e, 0x33, 0xef, 0x3a, 0xee, 0x32, 0x0e, 0x33,
    0xef, 0x3a, 0x0e, 0x33, 0xee, 0x32, 0xef, 0x3a, 0x0e, 0x33, 0xee, 0x32,
    0xef, 0x3a, 0x0e, 0x33, 0x0e, 0x33, 0xef, 0x3a, 0x0e, 0x33, 0xee, 0x32,
    0xef, 0x3a, 0x0e, 0x33, 0xee, 0x32, 0x0f, 0x3b, 0xee, 0x32, 0xee, 0x32,
    0x0f, 0x3b, 0xee, 0x32, 0x0e, 0x33, 0xef, 0x3a, 0xee, 0x32, 0x0e, 0x33,
    0xef, 0x3a, 0xee, 0x32, 0x0e, 0x33, 0xef, 0x3a, 0x0e, 0x33, 0x0e, 0x33,
    0xef, 0x3a, 0xee, 0x32, 0x0e, 0x33, 0xef, 0x3a, 0xee, 0x32, 0x0e, 0x33,
    0xef, 0x3a, 0x0e, 0x33, 0xee, 0x32, 0xef, 0x3a, 0x0e, 0x33, 0xee, 0x32,
    0xef, 0x3a, 0x0e, 0x33, 0x0e, 0x33, 0xef, 0x3a, 0x0e, 0x33, 0xee, 0x32,
    0xef, 0x3a, 0x0e, 0x33, 0xee, 0x32, 0x0f, 0x3b, 0xee, 0x32, 0xee, 0x32,
    0x0f, 0x3b, 0xee, 0x32, 0x0e, 0x33, 0xef, 0x3a, 0xee, 0x32, 0x0e, 0x33,
    0xef, 0x3a, 0xee, 0x32, 0x0e, 0x33, 0xef, 0x3a, 0x0e, 0x33, 0x0e, 0x33,
    0xef, 0x3a, 0xee, 0x32, 0x0e, 0x33, 0xef, 0x3a, 0xee, 0x32, 0x0e, 0x33,
    0xef, 0x3a, 0x0e, 0x33, 0xee, 0x32, 0xef, 0x3a, 0x0e, 0x33, 0xee, 0x32,
    0xef, 0x3a, 0x0e, 0x33, 0x0e, 0x33, 0xef, 0x3a, 0x0e, 0x33, 0xee, 0x32,
    0xef, 0x3a, 0x0e, 0x33, 0xee, 0x32, 0x0f, 0x3b, 0xee, 0x32, 0xee, 0x32,
    0x0f, 0x3b, 0xee, 0x32, 0x0e, 0x33, 0xef, 0x3a, 0xef, 0x3a, 0x0e, 0x33,
    0xef, 0x3a, 0xee, 0x32, 0x0e, 0x33, 0xef, 0x3a, 0x0f, 0x3b, 0x0e, 0x33,
    0xef, 0x3a, 0xef, 0x3a, 0x0e, 0x33, 0xef, 0x3a, 0xee, 0x32, 0x0e, 0x33,
    0xef, 0x3a, 0x0e, 0x33, 0xee, 0x32, 0xef, 0x3a, 0x0e, 0x33, 0x0e, 0x33,
    0xef, 0x3a, 0xef, 0x3a, 0x0e, 0x33, 0xef, 0x3a, 0x0e, 0x33, 0x0f, 0x3b,
    0xee, 0x32, 0x0f, 0x3b, 0xee, 0x32, 0xee, 0x32, 0x0f, 0x3b, 0xef, 0x3a,
    0x0e, 0x33, 0x0f, 0x3b, 0xef, 0x3a, 0x0e, 0x33, 0xef, 0x3a, 0xee, 0x32,
    0x0f, 0x3b, 0xef, 0x3a, 0xee, 0x32, 0x0f, 0x3b, 0xee, 0x32, 0x0f, 0x3b,
    0xee, 0x32, 0xef, 0x3a, 0x0f, 0x3b, 0xee, 0x32, 0xee, 0x32, 0x0f, 0x3b,
    0xee, 0x32, 0x0e, 0x33, 0xef, 0x3a, 0x0f, 0x3b, 0x0e, 0x33, 0xef, 0x3a,
    0x0e, 0x33, 0xee, 0x32, 0xef, 0x3a, 0x0e, 0x33, 0xef, 0x3a, 0xee, 0x32,
    0x0e, 0x33, 0xef, 0x3a, 0xee, 0x32, 0x0f, 0x3b, 0x0f, 0x3b, 0xee, 0x32,
    0x0f, 0x3b, 0xef, 0x3a, 0x0e, 0x33, 0xef, 0x3a, 0xee, 0x32, 0x0e, 0x33,
    0x0f, 0x3b, 0xee, 0x32, 0xef, 0x3a, 0x0f, 0x3b, 0xee, 0x32, 0x0f, 0x3b,
    0xee, 0x32, 0x0f, 0x3b, 0xef, 0x3a, 0xee, 0x32, 0x0f, 0x3b, 0x0f, 0x3b,
    0xee, 0x32, 0xef, 0x3a, 0x0f, 0x3b, 0x0e, 0x33, 0xef, 0x3a, 0x0e, 0x33,
    0xee, 0x32, 0xef, 0x3a, 0x0e, 0x33, 0xee, 0x32, 0xef, 0x3a, 0x0e, 0x33,
    0xef, 0x3a, 0xee, 0x32, 0x0f, 0x3b, 0x0f, 0x3b, 0x0e, 0x33, 0xef, 0x3a,
    0xef, 0x3a, 0x0e, 0x33, 0xef, 0x3a, 0x0f, 0x3b, 0xee, 0x32, 0x0e, 0x33,
    0xef, 0x3a, 0x0e, 0x33, 0xee, 0x32, 0x0f, 0x3b, 0x0f, 0x3b, 0xee, 0x32,
    0x0f, 0x3b, 0x0f, 0x3b, 0xee, 0x32, 0x0f, 0x3b, 0x0f, 0x3b, 0xee, 0x32,
    0x0f, 0x3b, 0xef, 0x3a, 0x0e, 0x33, 0x0f, 0x3b, 0xef, 0x3a, 0xee, 0x32,
    0x0f, 0x3b, 0xef, 0x3a, 0x0e, 0x33, 0xef, 0x3a, 0x0f, 0x3b, 0xee, 0x32,
    0xef, 0x3a, 0x0f, 0x3b, 0xee, 0x32, 0xef, 0x3a, 0x0f, 0x3b, 0xee, 0x32,
    0xef, 0x3a, 0x0f, 0x3b, 0xee, 0x32, 0x0f, 0x3b, 0x0f, 0x3b, 0xee, 0x32,
    0x0f, 0x3b, 0x0f, 0x3b, 0xee, 0x32, 0xef, 0x3a, 0x0f, 0x3b, 0xee, 0x32,
    0xef, 0x3a, 0x0f, 0x3b, 0xee, 0x32, 0x0f, 0x3b, 0xef, 0x3a, 0xee, 0x32,
    0x0f, 0x3b, 0xef, 0x3a, 0xee, 0x32, 0x0f, 0x3b, 0x0f, 0x3b, 0xee, 0x32,
    0x0f, 0x3b, 0x0f, 0x3b, 0xee, 0x32, 0xef, 0x3a, 0x0f, 0x3b, 0x0e, 0x33,
    0x0f, 0x3b, 0xef, 0x3a, 0xee, 0x32, 0x0f, 0x3b, 0xef, 0x3a, 0xee, 0x32,
    0x0f, 0x3b, 0xef, 0x3a, 0x0e, 0x33, 0x0f, 0x3b, 0xef, 0x3a, 0x0e, 0x33,
    0xef, 0x3a, 0x0f, 0x3b, 0xee, 0x32, 0x0f, 0x3b, 0x0f, 0x3b, 0xee, 0x32,
    0x0f, 0x3b, 0x0f, 0x3b, 0xee, 0x32, 0x0f, 0x3b, 0xef, 0x3a, 0xee, 0x32,
    0x0f, 0x3b, 0xef, 0x3a, 0x0e, 0x33, 0xef, 0x3a, 0x0f, 0x3b, 0xee, 0x32,
    0xef, 0x3a, 0x0f, 0x3b, 0xee, 0x32, 0x0f, 0x3b, 0x0f, 0x3b, 0xee, 0x32,
    0x0f, 0x3b, 0xef, 0x3a, 0xee, 0x32, 0x0f, 0x3b, 0xef, 0x3a, 0xee, 0x32,
    0x0f, 0x3b, 0x0f, 0x3b, 0xee, 0x32, 0x0f, 0x3b, 0x0f, 0x3b, 0xee, 0x32,
    0x0f, 0x3b, 0xef, 0x3a, 0x0e, 0x33, 0xef, 0x3a, 0x0f, 0x3b, 0x0e, 0x33,
    0xef, 0x3a, 0x0f, 0x3b, 0x0e, 0x33, 0xef, 0x3a, 0xef, 0x3a, 0x0e, 0x33,
    0xef, 0x3a, 0x0f, 0x3b, 0x0e, 0x33, 0xef, 0x3a, 0x0f, 0x3b, 0xee, 0x32,
    0xef, 0x3a, 0x0f, 0x3b, 0x0e, 0x33, 0xef, 0x3a, 0x0f, 0x3b, 0x0e, 0x33,
    0xef, 0x3a, 0x0f, 0x3b, 0xee, 0x32, 0xef, 0x3a, 0x0f, 0x3b, 0x0e, 0x33,
    0xef, 0x3a, 0x0f, 0x3b, 0xee, 0x32, 0x0f, 0x3b, 0x0f, 0x3b, 0xee, 0x32,
    0x0f, 0x3b, 0x0f, 0x3b, 0xee, 0x32, 0x0f, 0x3b, 0x0f, 0x3b, 0xee, 0x32,
    0x0f, 0x3b, 0x0f, 0x3b, 0xee, 0x32, 0x0f, 0x3b, 0xef, 0x3a, 0xee, 0x32,
    0x0f, 0x3b, 0xef, 0x3a, 0x0e, 0x33, 0x0f, 0x3b, 0xef, 0x3a, 0x0e, 0x33,
    0x0f, 0x3b, 0xef, 0x3a, 0x0e, 0x33, 0xef, 0x3a, 0x0f, 0x3b, 0xee, 0x32,
    0x0f, 0x3b, 0x0f, 0x3b, 0xee, 0x32, 0xef, 0x3a, 0x0f, 0x3b, 0x0e, 0x33,
    0xef, 0x3a, 0x0f, 0x3b, 0x0e, 0x33, 0xef, 0x3a, 0x0f, 0x3b, 0x0e, 0x33,
    0xef, 0x3a, 0x0f, 0x3b, 0xee, 0x32, 0x0f, 0x3b, 0xef, 0x3a, 0x0e, 0x33,
    0x0f, 0x3b, 0xef, 0x3a, 0xee, 0x32, 0x0f, 0x3b, 0xef, 0x3a, 0xee, 0x32,
    0x0f, 0x3b, 0xef, 0x3a, 0x0e, 0x33, 0x0f, 0x3b, 0xef, 0x3a, 0x0e, 0x33,
    0x0f, 0x3b, 0xef, 0x3a, 0x0e, 0x33, 0xef, 0x3a, 0x0f, 0x3b, 0xee, 0x32,
    0x0f, 0x3b, 0x0f, 0x3b, 0xee, 0x32, 0xef, 0x3a, 0x0f, 0x3b, 0x0e, 0x33,
    0xef, 0x3a, 0x0f, 0x3b, 0x0e, 0x33, 0xef, 0x3a, 0x0f, 0x3b, 0x0e, 0x33,
    0xef, 0x3a, 0x0f, 0x3b, 0xee, 0x32, 0x0f, 0x3b, 0xef, 0x3a, 0x0e, 0x33,
    0x0f, 0x3b, 0xef, 0x3a, 0xee, 0x32, 0x0f, 0x3b, 0xef, 0x3a, 0xee, 0x32,
    0x0f, 0x3b, 0xef, 0x3a, 0x0e, 0x33, 0x0f, 0x3b, 0xef, 0x3a, 0x0e, 0x33,
    0x0f, 0x3b, 0xef, 0x3a, 0x0e, 0x33, 0xef, 0x3a, 0x0f, 0x3b, 0xee, 0x32,
    0x0f, 0x3b, 0x0f, 0x3b, 0xee, 0x32, 0xef, 0x3a, 0x0f, 0x3b, 0x0e, 0x33,
    0xef, 0x3a, 0x0f, 0x3b, 0x0e, 0x33, 0xef, 0x3a, 0x0f, 0x3b, 0x0e, 0x33,
    0xef, 0x3a, 0x0f, 0x3b, 0xee, 0x32, 0x0f, 0x3b, 0xef, 0x3a, 0x0e, 0x33,
    0x0f, 0x3b, 0xef, 0x3a, 0xee, 0x32, 0x0f, 0x3b, 0xef, 0x3a, 0xee, 0x32,
    0x0f, 0x3b, 0xef, 0x3a, 0x0e, 0x33, 0x0f, 0x3b, 0xef, 0x3a, 0x0e, 0x33,
    0x0f, 0x3b, 0xef, 0x3a, 0x0e, 0x33, 0xef, 0x3a, 0x0f, 0x3b, 0xee, 0x32,
    0x0f, 0x3b, 0x0f, 0x3b, 0xee, 0x32, 0xef, 0x3a, 0x0f, 0x3b, 0x0e, 0x33,
    0xef, 0x3a, 0x0f, 0x3b, 0x0e, 0x33, 0xef, 0x3a, 0x0f, 0x3b, 0x0e, 0x33,
    0xef, 0x3a, 0x0f, 0x3b, 0xee, 0x32, 0x0f, 0x3b, 0xef, 0x3a, 0x0e, 0x33,
    0x0f, 0x3b, 0xef, 0x3a, 0xee, 0x32, 0x0f, 0x3b, 0xef, 0x3a, 0xee, 0x32,
    0x0f, 0x3b, 0xef, 0x3a, 0x0e, 0x33, 0x0f, 0x3b, 0xef, 0x3a, 0x0e, 0x33,
    0x0f, 0x3b, 0xef, 0x3a, 0x0e, 0x33, 0xef, 0x3a, 0x0f, 0x3b, 0xee, 0x32,
    0x0f, 0x3b, 0x0f, 0x3b, 0xee, 0x32, 0xef, 0x3a, 0x0f, 0x3b, 0x0e, 0x33,
    0xef, 0x3a, 0x0f, 0x3b, 0x0e, 0x33, 0xef, 0x3a, 0x0f, 0x3b, 0x0e, 0x33,
    0xef, 0x3a, 0x0f, 0x3b, 0xee, 0x32, 0x0f, 0x3b, 0xef, 0x3a, 0x0e, 0x33,
    0x0f, 0x3b, 0xef, 0x3a, 0xee, 0x32, 0x0f, 0x3b, 0xef, 0x3a, 0xee, 0x32,
    0x0f, 0x3b, 0xef, 0x3a, 0x0e, 0x33, 0x0f, 0x3b, 0xef, 0x3a, 0x0e, 0x33,
    0x0f, 0x3b, 0xef, 0x3a, 0x0e, 0x33, 0xef, 0x3a, 0x0f, 0x3b, 0xee, 0x32,
    0x0f, 0x3b, 0x0f, 0x3b, 0xee, 0x32, 0xef, 0x3a, 0x0f, 0x3b, 0x0e, 0x33,
    0xef, 0x3a, 0x0f, 0x3b, 0x0e, 0x33, 0xef, 0x3a, 0x0f, 0x3b, 0x0e, 0x33,
    0xef, 0x3a, 0x0f, 0x3b, 0xee, 0x32, 0x0f, 0x3b, 0xef, 0x3a, 0x0e, 0x33,
    0x0f, 0x3b, 0xef, 0x3a, 0xee, 0x32, 0x0f, 0x3b, 0xef, 0x3a, 0xee, 0x32,
    0x0f, 0x3b, 0xef, 0x3a, 0x0e, 0x33, 0x0f, 0x3b, 0xef, 0x3a, 0x0e, 0x33,
    0x0f, 0x3b, 0xef, 0x3a, 0x0e, 0x33, 0xef, 0x3a, 0x0f, 0x3b, 0xee, 0x32,
    0x0f, 0x3b, 0x0f, 0x3b, 0xee, 0x32, 0xef, 0x3a, 0x0f, 0x3b, 0x0e, 0x33,
    0xef, 0x3a, 0x0f, 0x3b, 0x0e, 0x33, 0xef, 0x3a, 0x0f, 0x3b, 0x0e, 0x33,
    0xef, 0x3a, 0x0f, 0x3b, 0xee, 0x32, 0x0f, 0x3b, 0xef, 0x3a, 0x0e, 0x33,
    0x0f, 0x3b, 0xef, 0x3a, 0xee, 0x32, 0x0f, 0x3b, 0xef, 0x3a, 0xee, 0x32,
    0x0f, 0x3b, 0xef, 0x3a, 0x0e, 0x33, 0x0f, 0x3b, 0xef, 0x3a, 0x0e, 0x33,
    0x0f, 0x3b, 0xef, 0x3a, 0x0e, 0x33, 0xef, 0x3a, 0x0f, 0x3b, 0xee, 0x32,
    0x0f, 0x3b, 0x0f, 0x3b, 0xee, 0x32, 0xef, 0x3a, 0x0f, 0x3b, 0x0e, 0x33,
    0xef, 0x3a, 0x0f, 0x3b, 0x0e, 0x33, 0xef, 0x3a, 0x0f, 0x3b, 0x0e, 0x33,
    0xef, 0x3a, 0x0f, 0x3b, 0xee, 0x32, 0x0f, 0x3b, 0xef, 0x3a, 0x0e, 0x33,
    0x0f, 0x3b, 0xef, 0x3a, 0xee, 0x32, 0x0f, 0x3b, 0xef, 0x3a, 0xee, 0x32,
    0x0f, 0x3b, 0xef, 0x3a, 0x0e, 0x33, 0x0f, 0x3b, 0xef, 0x3a, 0x0e, 0x33,
    0x0f, 0x3b, 0xef, 0x3a, 0x0e, 0x33, 0xef, 0x3a, 0x0f, 0x3b, 0xee, 0x32,
    0x0f, 0x3b, 0x0f, 0x3b, 0xee, 0x32, 0xef, 0x3a, 0x0f, 0x3b, 0x0e, 0x33,
    0xef, 0x3a, 0x0f, 0x3b, 0x0e, 0x33, 0xef, 0x3a, 0x0f, 0x3b, 0x0e, 0x33,
    0xef, 0x3a, 0x0f, 0x3b, 0xee, 0x32, 0x0f, 0x3b, 0xef, 0x3a, 0x0e, 0x33,
    0x0f, 0x3b, 0xef, 0x3a, 0xee, 0x32, 0x0f, 0x3b, 0xef, 0x3a, 0xee, 0x32,
    0x0f, 0x3b, 0xef, 0x3a, 0x0e, 0x33, 0x0f, 0x3b, 0xef, 0x3a, 0x0e, 0x33,
    0x0f, 0x3b, 0xef, 0x3a, 0x0e, 0x33, 0xef, 0x3a, 0x0f, 0x3b, 0xee, 0x32,
    0x0f, 0x3b, 0x0f, 0x3b, 0xee, 0x32, 0xef, 0x3a, 0x0f, 0x3b, 0x0e, 0x33,
    0xef, 0x3a, 0x0f, 0x3b, 0x0e, 0x33, 0xef, 0x3a, 0x0f, 0x3b, 0x0e, 0x33,
    0xef, 0x3a, 0x0f, 0x3b, 0xee, 0x32, 0x0f, 0x3b, 0xef, 0x3a, 0x0e, 0x33,
    0x0f, 0x3b, 0xef, 0x3a, 0xee, 0x32, 0x0f, 0x3b, 0xef, 0x3a, 0xee, 0x32,
    0x0f, 0x3b, 0xef, 0x3a, 0x0e, 0x33, 0x0f, 0x3b, 0xef, 0x3a, 0x0e, 0x33,
    0x0f, 0x3b, 0xef, 0x3a, 0x0e, 0x33, 0xef, 0x3a, 0x0f, 0x3b, 0xee, 0x32,
    0x0f, 0x3b, 0x0f, 0x3b, 0xee, 0x32, 0xef, 0x3a, 0x0f, 0x3b, 0x0e, 0x33,
    0xef, 0x3a, 0x0f, 0x3b, 0x0e, 0x33, 0xef, 0x3a, 0x0f, 0x3b, 0x0e, 0x33,
    0xef, 0x3a, 0x0f, 0x3b, 0xee, 0x32, 0x0f, 0x3b, 0xef, 0x3a, 0x0e, 0x33,
    0x0f, 0x3b, 0xef, 0x3a, 0xee, 0x32, 0x0f, 0x3b, 0xef, 0x3a, 0xee, 0x32,
    0x0f, 0x3b, 0xef, 0x3a, 0x0e, 0x33, 0x0f, 0x3b, 0xef, 0x3a, 0x0e, 0x33,
    0x0f, 0x3b, 0xef, 0x3a, 0x0e, 0x33, 0xef, 0x3a, 0x0f, 0x3b, 0xee, 0x32,
    0x0f, 0x3b, 0x0f, 0x3b, 0xee, 0x32, 0xef, 0x3a, 0x0f, 0x3b, 0x0e, 0x33,
    0xef, 0x3a, 0x0f, 0x3b, 0x0e, 0x33, 0xef, 0x3a, 0x0f, 0x3b, 0x0e, 0x33,
    0xef, 0x3a, 0x0f, 0x3b, 0xee, 0x32, 0x0f, 0x3b, 0xef, 0x3a, 0x0e, 0x33,
    0x0f, 0x3b, 0xef, 0x3a, 0xee, 0x32, 0x0f, 0x3b, 0xef, 0x3a, 0xee, 0x32,
    0x0f, 0x3b, 0xef, 0x3a, 0x0e, 0x33, 0x0f, 0x3b, 0xef, 0x3a, 0x0e, 0x33,
    0x0f, 0x3b, 0xef, 0x3a, 0x0e, 0x33, 0xef, 0x3a, 0x0f, 0x3b, 0xee, 0x32,
    0x0f, 0x3b, 0x0f, 0x3b, 0xee, 0x32, 0xef, 0x3a, 0x0f, 0x3b, 0x0e, 0x33,
    0xef, 0x3a, 0x0f, 0x3b, 0x0e, 0x33, 0xef, 0x3a, 0x0f, 0x3b, 0x0e, 0x33,
    0xef, 0x3a, 0x0f, 0x3b, 0xee, 0x32, 0x0f, 0x3b, 0xef, 0x3a, 0x0e, 0x33,
    0x0f, 0x3b, 0xef, 0x3a, 0xee, 0x32, 0x0f, 0x3b, 0xef, 0x3a, 0xee, 0x32,
    0x0f, 0x3b, 0xef, 0x3a, 0x0e, 0x33, 0x0f, 0x3b, 0xef, 0x3a, 0x0e, 0x33,
    0x0f, 0x3b, 0xef, 0x3a, 0x0e, 0x33, 0xef, 0x3a, 0x0f, 0x3b, 0xee, 0x32,
    0x0f, 0x3b, 0x0f, 0x3b, 0xee, 0x32, 0xef, 0x3a, 0x0f, 0x3b, 0x0e, 0x33,
    0xef, 0x3a, 0x0f, 0x3b, 0x0e, 0x33, 0xef, 0x3a, 0x0f, 0x3b, 0x0e, 0x33,
    0xef, 0x3a, 0x0f, 0x3b, 0xee, 0x32, 0x0f, 0x3b, 0xef, 0x3a, 0x0e, 0x33,
    0x0f, 0x3b, 0xef, 0x3a, 0xee, 0x32, 0x0f, 0x3b, 0xef, 0x3a, 0xee, 0x32,
    0x0f, 0x3b, 0xef, 0x3a, 0x0e, 0x33, 0x0f, 0x3b, 0xef, 0x3a, 0x0e, 0x33,
    0x0f, 0x3b, 0xef, 0x3a, 0x0e, 0x33, 0xef, 0x3a, 0x0f, 0x3b, 0xee, 0x32,
    0x0f, 0x3b, 0x0f, 0x3b, 0xee, 0x32, 0xef, 0x3a, 0x0f, 0x3b, 0x0e, 0x33,
    0xef, 0x3a, 0x0f, 0x3b, 0x0e, 0x33, 0xef, 0x3a, 0x0f, 0x3b, 0x0e, 0x33,
    0xef, 0x3a, 0x0f, 0x3b, 0xee, 0x32, 0x0f, 0x3b, 0xee, 0x32, 0x0e, 0x33,
    0x0f, 0x3b, 0xee, 0x32, 0xef, 0x3a, 0x0f, 0x3b, 0xee, 0x32, 0xee, 0x32,
    0x0f, 0x3b, 0xee, 0x32, 0x0e, 0x33, 0x0f, 0x3b, 0xef, 0x3a, 0x0e, 0x33,
    0x0f, 0x3b, 0xef, 0x3a, 0x0e, 0x33, 0xef, 0x3a, 0x0e, 0x33, 0xef, 0x3a,
    0xee, 0x32, 0x0f, 0x3b, 0xee, 0x32, 0x0e, 0x33, 0xef, 0x3a, 0xee, 0x32,
    0x0f, 0x3b, 0xef, 0x3a, 0x0e, 0x33, 0x0f, 0x3b, 0xef, 0x3a, 0x0e, 0x33,
    0xee, 0x32, 0xef, 0x3a, 0x0e, 0x33, 0xef, 0x3a, 0x0e, 0x33, 0x0f, 0x3b,
    0xee, 0x32, 0x0f, 0x3b, 0x0e, 0x33, 0xee, 0x32, 0x0f, 0x3b, 0xee, 0x32,
    0xef, 0x3a, 0x0e, 0x33, 0x0e, 0x33, 0xee, 0x32, 0x0f, 0x3b, 0x0f, 0x3b,
    0xee, 0x32, 0x0f, 0x3b, 0xef, 0x3a, 0xee, 0x32, 0x0e, 0x33, 0xef, 0x3a,
    0xee, 0x32, 0x0f, 0x3b, 0x0f, 0x3b, 0xee, 0x32, 0x0f, 0x3b, 0x0e, 0x33,
    0xef, 0x3a, 0x0f, 0x3b, 0x0e, 0x33, 0x0e, 0x33, 0xef, 0x3a, 0xee, 0x32,
    0xee, 0x32, 0x0f, 0x3b, 0xee, 0x32, 0x0f, 0x3b, 0x0e, 0x33, 0xef, 0x3a,
    0x0f, 0x3b, 0xee, 0x32, 0x0f, 0x3b, 0x0e, 0x33, 0xee, 0x32, 0x0f, 0x3b,
    0x0e, 0x33, 0xef, 0x3a, 0x0e, 0x33, 0x0e, 0x33, 0xef, 0x3a, 0x0e, 0x33,
    0xee, 0x32, 0x0f, 0x3b, 0x0e, 0x33, 0xee, 0x32, 0xef, 0x3a, 0x0f, 0x3b,
    0xee, 0x32, 0x0f, 0x3b, 0x0f, 0x3b, 0xee, 0x32, 0x0f, 0x3b, 0x0e, 0x33,
    0xee, 0x32, 0x0f, 0x3b, 0x0e, 0x33, 0xee, 0x32, 0xef, 0x3a, 0x0e, 0x33,
    0xee, 0x32, 0x0f, 0x3b, 0x0e, 0x33, 0xee, 0x32, 0xef, 0x3a, 0x0f, 0x3b,
    0x0e, 0x33, 0xef, 0x3a, 0x0f, 0x3b, 0xee, 0x32, 0xef, 0x3a, 0xef, 0x3a,
    0x0e, 0x33, 0xee, 0x32, 0xef, 0x3a, 0x0e, 0x33, 0xee, 0x32, 0xef, 0x3a,
    0x0e, 0x33, 0x0e, 0x33, 0xef, 0x3a, 0xee, 0x32, 0x0e, 0x33, 0x0f, 0x3b,
    0xee, 0x32, 0x0e, 0x33, 0x0f, 0x3b, 0xee, 0x32, 0xee, 0x32, 0x0f, 0x3b,
    0x0e, 0x33, 0xee, 0x32, 0x0f, 0x3b, 0x0e, 0x33, 0xee, 0x32, 0x0f, 0x3b,
    0x0e, 0x33, 0xee, 0x32, 0x0f, 0x3b, 0xee, 0x32, 0xee, 0x32, 0x0f, 0x3b,
    0xee, 0x32, 0xee, 0x32, 0x0f, 0x3b, 0xee, 0x32, 0x0e, 0x33, 0x0f, 0x3b,
    0xee, 0x32, 0x0e, 0x33, 0x0f, 0x3b, 0xee, 0x32, 0xee, 0x32, 0x0f, 0x3b,
    0x0e, 0x33, 0xee, 0x32, 0x0f, 0x3b, 0xee, 0x32, 0x0e, 0x33, 0xef, 0x3a,
    0xee, 0x32, 0x0e, 0x33, 0xef, 0x3a, 0x0e, 0x33, 0xee, 0x32, 0xef, 0x3a,
    0x0e, 0x33, 0xee, 0x32, 0xef, 0x3a, 0x0e, 0x33, 0x0e, 0x33, 0xef, 0x3a,
    0x0e, 0x33, 0x0e, 0x33, 0xef, 0x3a, 0xee, 0x32, 0x0e, 0x33, 0xef, 0x3a,
    0x0e, 0x33, 0x0e, 0x33, 0xef, 0x3a, 0x0e, 0x33, 0xee, 0x32, 0xef, 0x3a,
    0x0e, 0x33, 0xee, 0x32, 0x0f, 0x3b, 0xee, 0x32, 0x0e, 0x33, 0x0f, 0x3b,
    0xee, 0x32, 0x0e, 0x33, 0xef, 0x3a, 0xee, 0x32, 0x0e, 0x33, 0xef, 0x3a,
    0x0e, 0x33, 0x0e, 0x33, 0xef, 0x3a, 0x0e, 0x33, 0xee, 0x32, 0xef, 0x3a,
    0x0e, 0x33, 0x0e, 0x33, 0xef, 0x3a, 0x0e, 0x33, 0x0e, 0x33, 0xef, 0x3a,
    0x0e, 0x33, 0xee, 0x32, 0xef, 0x3a, 0x0e, 0x33, 0xee, 0x32, 0xef, 0x3a,
    0x0e, 0x33, 0x0e, 0x33, 0xef, 0x3a, 0x0e, 0x33, 0xee, 0x32, 0xef, 0x3a,
    0x0e, 0x33, 0xee, 0x32, 0xef, 0x3a, 0x0e, 0x33, 0xee, 0x32, 0x0f, 0x3b,
    0x0e, 0x33, 0xee, 0x32, 0xef, 0x3a, 0x0e, 0x33, 0xee, 0x32, 0x0f, 0x3b,
    0x0e, 0x33, 0xee, 0x32, 0x0f, 0x3b, 0xee, 0x32, 0xee, 0x32, 0x0f, 0x3b,
    0xee, 0x32, 0xee, 0x32, 0x0f, 0x3b, 0x0e, 0x33, 0xee, 0x32, 0x0f, 0x3b,
    0xee, 0x32, 0xee, 0x32, 0x0f, 0x3b, 0xee, 0x32, 0xee, 0x32, 0x0f, 0x3b,
    0xee, 0x32, 0xee, 0x32, 0x0f, 0x3b, 0xee, 0x32, 0xee, 0x32, 0x0f, 0x3b,
    0xee, 0x32, 0x0e, 0x33, 0xef, 0x3a, 0x0e, 0x33, 0x0e, 0x33, 0xef, 0x3a,
    0x0e, 0x33, 0x0e, 0x33, 0xef, 0x3a, 0xee, 0x32, 0x0e, 0x33, 0xef, 0x3a,
    0xee, 0x32, 0x0e, 0x33, 0xef, 0x3a, 0x0e, 0x33, 0xee, 0x32, 0x0f, 0x3b,
    0x0e, 0x33, 0xee, 0x32, 0xef, 0x3a, 0x0e, 0x33, 0x0e, 0x33, 0xef, 0x3a,
    0xee, 0x32, 0x0e, 0x33, 0xef, 0x3a, 0xee, 0x32, 0x0e, 0x33, 0xef, 0x3a,
    0xee, 0x32, 0x0e, 0x33, 0x0f, 0x3b, 0xee, 0x32, 0x0e, 0x33, 0xef, 0x3a,
    0x0e, 0x33, 0xee, 0x32, 0x0f, 0x3b, 0x0e, 0x33, 0xee, 0x32, 0x0f, 0x3b,
    0x0e, 0x33, 0xee, 0x32, 0x0f, 0x3b, 0xee, 0x32, 0xee, 0x32, 0x0f, 0x3b,
    0xee, 0x32, 0xee, 0x32, 0x0f, 0x3b, 0xee, 0x32, 0x0e, 0x33, 0x0f, 0x3b,
    0xee, 0x32, 0x0e, 0x33, 0xef, 0x3a, 0x0e, 0x33, 0xee, 0x32, 0xef, 0x3a,
    0x0e, 0x33, 0xee, 0x32, 0xef, 0x3a, 0x0e, 0x33, 0xee, 0x32, 0xef, 0x3a,
    0x0e, 0x33, 0xee, 0x32, 0x0f, 0x3b, 0xee, 0x32, 0x0e, 0x33, 0xef, 0x3a,
    0x0e, 0x33, 0xee, 0x32, 0x0f, 0x3b, 0x0e, 0x33, 0xee, 0x32, 0x0f, 0x3b,
    0x0e, 0x33, 0xee, 0x32, 0x0f, 0x3b, 0xee, 0x32, 0xee, 0x32, 0x0f, 0x3b,
    0xee, 0x32, 0xee, 0x32, 0x0f, 0x3b, 0xee, 0x32, 0x0e, 0x33, 0x0f, 0x3b,
    0xee, 0x32, 0x0e, 0x33, 0xef, 0x3a, 0x0e, 0x33, 0xee, 0x32, 0xef, 0x3a,
    0x0e, 0x33, 0xee, 0x32, 0xef, 0x3a, 0x0e, 0x33, 0xee, 0x32, 0xef, 0x3a,
    0x0e, 0x33, 0xee, 0x32, 0x0f, 0x3b, 0xee, 0x32, 0x0e, 0x33, 0xef, 0x3a,
    0x0e, 0x33, 0xee, 0x32, 0x0f, 0x3b, 0x0e, 0x33, 0xee, 0x32, 0x0f, 0x3b,
    0x0e, 0x33, 0xee, 0x32, 0x0f, 0x3b, 0xee, 0x32, 0xee, 0x32, 0x0f, 0x3b,
    0xee, 0x32, 0xee, 0x32, 0x0f, 0x3b, 0xee, 0x32, 0x0e, 0x33, 0x0f, 0x3b,
    0xee, 0x32, 0x0e, 0x33, 0xef, 0x3a, 0x0e, 0x33, 0xee, 0x32, 0xef, 0x3a,
    0x0e, 0x33, 0xee, 0x32, 0xef, 0x3a, 0x0e, 0x33, 0xee, 0x32, 0xef, 0x3a,
    0x0e, 0x33, 0xee, 0x32, 0x0f, 0x3b, 0xee, 0x32, 0x0e, 0x33, 0xef, 0x3a,
    0x0e, 0x33, 0xee, 0x32, 0x0f, 0x3b, 0x0e, 0x33, 0xee, 0x32, 0x0f, 0x3b,
    0x0e, 0x33, 0xee, 0x32, 0x0f, 0x3b, 0xee, 0x32, 0xee, 0x32, 0x0f, 0x3b,
    0xee, 0x32, 0xee, 0x32, 0x0f, 0x3b, 0xee, 0x32, 0x0e, 0x33, 0x0f, 0x3b,
    0xee, 0x32, 0x0e, 0x33, 0xef, 0x3a, 0x0e, 0x33, 0xee, 0x32, 0xef, 0x3a,
    0x0e, 0x33, 0xee, 0x32, 0xef, 0x3a, 0x0e, 0x33, 0xee, 0x32, 0xef, 0x3a,
    0x0e, 0x33, 0xee, 0x32, 0x0f, 0x3b, 0xee, 0x32, 0x0e, 0x33, 0xef, 0x3a,
    0x0e, 0x33, 0xee, 0x32, 0x0f, 0x3b, 0x0e, 0x33, 0xee, 0x32, 0x0f, 0x3b,
    0x0e, 0x33, 0xee, 0x32, 0x0f, 0x3b, 0xee, 0x32, 0xee, 0x32, 0x0f, 0x3b,
    0xee, 0x32, 0xee, 0x32, 0x0f, 0x3b, 0xee, 0x32, 0x0e, 0x33, 0x0f, 0x3b,
    0xee, 0x32, 0x0e, 0x33, 0xef, 0x3a, 0x0e, 0x33, 0xee, 0x32, 0xef, 0x3a,
    0x0e, 0x33, 0xee, 0x32, 0xef, 0x3a, 0x0e, 0x33, 0xee, 0x32, 0xef, 0x3a,
    0x0e, 0x33, 0xee, 0x32, 0x0f, 0x3b, 0xee, 0x32, 0x0e, 0x33, 0xef, 0x3a,
    0x0e, 0x33, 0xee, 0x32, 0x0f, 0x3b, 0x0e, 0x33, 0xee, 0x32, 0x0f, 0x3b,
    0x0e, 0x33, 0xee, 0x32, 0x0f, 0x3b, 0xee, 0x32, 0xee, 0x32, 0x0f, 0x3b,
    0xee, 0x32, 0xee, 0x32, 0x0f, 0x3b, 0xee, 0x32, 0x0e, 0x33, 0x0f, 0x3b,
    0xee, 0x32, 0x0e, 0x33, 0xef, 0x3a, 0x0e, 0x33, 0xee, 0x32, 0xef, 0x3a,
    0x0e, 0x33, 0xee, 0x32, 0xef, 0x3a, 0x0e, 0x33, 0xee, 0x32, 0xef, 0x3a,
    0x0e, 0x33, 0xee, 0x32, 0x0f, 0x3b, 0xee, 0x32, 0x0e, 0x33, 0xef, 0x3a,
    0x0e, 0x33, 0xee, 0x32, 0x0f, 0x3b, 0x0e, 0x33, 0xee, 0x32, 0x0f, 0x3b,
    0x0e, 0x33, 0xee, 0x32, 0x0f, 0x3b, 0xee, 0x32, 0xee, 0x32, 0x0f, 0x3b,
    0xee, 0x32, 0xee, 0x32, 0x0f, 0x3b, 0xee, 0x32, 0x0e, 0x33, 0x0f, 0x3b,
    0xee, 0x32, 0x0e, 0x33, 0xef, 0x3a, 0x0e, 0x33, 0xee, 0x32, 0xef, 0x3a,
    0x0e, 0x33, 0xee, 0x32, 0xef, 0x3a, 0x0e, 0x33, 0xee, 0x32, 0xef, 0x3a,
    0x0e, 0x33, 0xee, 0x32, 0x0f, 0x3b, 0xee, 0x32, 0x0e, 0x33, 0xef, 0x3a,
    0x0e, 0x33, 0xee, 0x32, 0x0f, 0x3b, 0x0e, 0x33, 0xee, 0x32, 0x0f, 0x3b,
    0x0e, 0x33, 0xee, 0x32, 0x0f, 0x3b, 0xee, 0x32, 0xee, 0x32, 0x0f, 0x3b,
    0xee, 0x32, 0xee, 0x32, 0x0f, 0x3b, 0xee, 0x32, 0x0e, 0x33, 0x0f, 0x3b,
    0xee, 0x32, 0x0e, 0x33, 0xef, 0x3a, 0x0e, 0x33, 0xee, 0x32, 0xef, 0x3a,
    0x0e, 0x33, 0xee, 0x32, 0xef, 0x3a, 0x0e, 0x33, 0xee, 0x32, 0xef, 0x3a,
    0x0e, 0x33, 0xee, 0x32, 0x0f, 0x3b, 0xee, 0x32, 0x0e, 0x33, 0xef, 0x3a,
    0x0e, 0x33, 0xee, 0x32, 0x0f, 0x3b, 0x0e, 0x33, 0xee, 0x32, 0x0f, 0x3b,
    0x0e, 0x33, 0xee, 0x32, 0x0f, 0x3b, 0xee, 0x32, 0xee, 0x32, 0x0f, 0x3b,
    0xee, 0x32, 0xee, 0x32, 0x0f, 0x3b, 0xee, 0x32, 0x0e, 0x33, 0x0f, 0x3b,
    0xee, 0x32, 0x0e, 0x33, 0xef, 0x3a, 0x0e, 0x33, 0xee, 0x32, 0xef, 0x3a,
    0x0e, 0x33, 0xee, 0x32, 0xef, 0x3a, 0x0e, 0x33, 0xee, 0x32, 0xef, 0x3a,
    0x0e, 0x33, 0xee, 0x32, 0x0f, 0x3b, 0xee, 0x32, 0x0e, 0x33, 0xef, 0x3a,
    0x0e, 0x33, 0xee, 0x32, 0x0f, 0x3b, 0x0e, 0x33, 0xee, 0x32, 0x0f, 0x3b,
    0x0e, 0x33, 0xee, 0x32, 0x0f, 0x3b, 0xee, 0x32, 0xee, 0x32, 0x0f, 0x3b,
    0xee, 0x32, 0xee, 0x32, 0x0f, 0x3b, 0xee, 0x32, 0x0e, 0x33, 0x0f, 0x3b,
    0xee, 0x32, 0x0e, 0x33, 0xef, 0x3a, 0x0e, 0x33, 0xee, 0x32, 0xef, 0x3a,
    0x0e, 0x33, 0xee, 0x32, 0xef, 0x3a, 0x0e, 0x33, 0xee, 0x32, 0xef, 0x3a,
    0x0e, 0x33, 0xee, 0x32, 0x0f, 0x3b, 0xee, 0x32, 0x0e, 0x33, 0xef, 0x3a,
    0x0e, 0x33, 0xee, 0x32, 0x0f, 0x3b, 0x0e, 0x33, 0xee, 0x32, 0x0f, 0x3b,
    0x0e, 0x33, 0xee, 0x32, 0x0f, 0x3b, 0xee, 0x32, 0xee, 0x32, 0x0f, 0x3b,
    0xee, 0x32, 0xee, 0x32, 0x0f, 0x3b, 0xee, 0x32, 0x0e, 0x33, 0x0f, 0x3b,
    0xee, 0x32, 0x0e, 0x33, 0xef, 0x3a, 0x0e, 0x33, 0xee, 0x32, 0xef, 0x3a,
    0x0e, 0x33, 0xee, 0x32, 0xef, 0x3a, 0x0e, 0x33, 0xee, 0x32, 0xef, 0x3a,
    0x0e, 0x33, 0xee, 0x32, 0x0f, 0x3b, 0xee, 0x32, 0x0e, 0x33, 0xef, 0x3a,
    0x0e, 0x33, 0xee, 0x32, 0x0f, 0x3b, 0x0e, 0x33, 0xee, 0x32, 0x0f, 0x3b,
    0x0e, 0x33, 0xee, 0x32, 0x0f, 0x3b, 0xee, 0x32, 0xee, 0x32, 0x0f, 0x3b,
    0xee, 0x32, 0xee, 0x32, 0x0f, 0x3b, 0xee, 0x32, 0x0e, 0x33, 0x0f, 0x3b,
    0xee, 0x32, 0x0e, 0x33, 0xef, 0x3a, 0x0e, 0x33, 0xee, 0x32, 0xef, 0x3a,
    0x0e, 0x33, 0xee, 0x32, 0xef, 0x3a, 0x0e, 0x33, 0xee, 0x32, 0xef, 0x3a,
    0x0e, 0x33, 0xee, 0x32, 0x0f, 0x3b, 0xee, 0x32, 0x0e, 0x33, 0xef, 0x3a,
    0x0e, 0x33, 0xee, 0x32, 0x0f, 0x3b, 0x0e, 0x33, 0xee, 0x32, 0x0f, 0x3b,
    0x0e, 0x33, 0xee, 0x32, 0x0f, 0x3b, 0xee, 0x32, 0xee, 0x32, 0x0f, 0x3b,
    0xee, 0x32, 0xee, 0x32, 0x0f, 0x3b, 0xee, 0x32, 0x0e, 0x33, 0x0f, 0x3b,
    0xee, 0x32, 0x0e, 0x33, 0xef, 0x3a, 0x0e, 0x33, 0xee, 0x32, 0xef, 0x3a,
    0x0e, 0x33, 0xee, 0x32, 0xef, 0x3a, 0x0e, 0x33, 0xee, 0x32, 0xef, 0x3a,
    0x0e, 0x33, 0xee, 0x32, 0x0f, 0x3b, 0xee, 0x32, 0x0e, 0x33, 0xef, 0x3a,
    0x0e, 0x33, 0xee, 0x32, 0x0f, 0x3b, 0x0e, 0x33, 0xee, 0x32, 0x0f, 0x3b,
    0x0e, 0x33, 0xee, 0x32, 0x0f, 0x3b, 0xee, 0x32, 0xee, 0x32, 0x0f, 0x3b,
    0xee, 0x32, 0xee, 0x32, 0x0f, 0x3b, 0xee, 0x32, 0x0e, 0x33, 0x0f, 0x3b,
    0xee, 0x32, 0x0e, 0x33, 0xef, 0x3a, 0x0e, 0x33, 0xee, 0x32, 0xef, 0x3a,
    0x0e, 0x33, 0xee, 0x32, 0xef, 0x3a, 0x0e, 0x33, 0xee, 0x32, 0xef, 0x3a,
    0x0e, 0x33, 0xee, 0x32, 0x0f, 0x3b, 0xee, 0x32, 0x0f, 0x3b, 0xef, 0x3a,
    0x0e, 0x33, 0xef, 0x3a, 0x0e, 0x33, 0x0e, 0x33, 0xef, 0x3a, 0x0f, 0x3b,
    0x0e, 0x33, 0xef, 0x3a, 0x0e, 0x33, 0xef, 0x3a, 0xee, 0x32, 0x0e, 0x33,
    0xef, 0x3a, 0xee, 0x32, 0x0f, 0x3b, 0xee, 0x32, 0x0f, 0x3b, 0x0e, 0x33,
    0xef, 0x3a, 0x0e, 0x33, 0x0f, 0x3b, 0xef, 0x3a, 0x0e, 0x33, 0x0f, 0x3b,
    0xee, 0x32, 0x0e, 0x33, 0xef, 0x3a, 0xee, 0x32, 0x0e, 0x33, 0xef, 0x3a,
    0x0f, 0x3b, 0x0e, 0x33, 0xef, 0x3a, 0x0e, 0x33, 0xef, 0x3a, 0xee, 0x32,
    0x0e, 0x33, 0xef, 0x3a, 0xef, 0x3a, 0x0e, 0x33, 0xef, 0x3a, 0x0e, 0x33,
    0x0f, 0x3b, 0xee, 0x32, 0x0f, 0x3b, 0xee, 0x32, 0xef, 0x3a, 0x0e, 0x33,
    0xee, 0x32, 0x0f, 0x3b, 0x0e, 0x33, 0xee, 0x32, 0x0f, 0x3b, 0x0f, 0x3b,
    0xee, 0x32, 0x0e, 0x33, 0xef, 0x3a, 0x0e, 0x33, 0xee, 0x32, 0xef, 0x3a,
    0x0e, 0x33, 0xef, 0x3a, 0xee, 0x32, 0x0f, 0x3b, 0xef, 0x3a, 0x0e, 0x33,
    0x0f, 0x3b, 0xef, 0x3a, 0x0e, 0x33, 0x0f, 0x3b, 0xee, 0x32, 0xee, 0x32,
    0x0f, 0x3b, 0xee, 0x32, 0x0f, 0x3b, 0xee, 0x32, 0xef, 0x3a, 0x0f, 0x3b,
    0xee, 0x32, 0xef, 0x3a, 0x0e, 0x33, 0xef, 0x3a, 0xef, 0x3a, 0x0e, 0x33,
    0xef, 0x3a, 0x0f, 0x3b, 0xee, 0x32, 0xef, 0x3a, 0x0f, 0x3b, 0x0e, 0x33,
    0xee, 0x32, 0x0f, 0x3b, 0xee, 0x32, 0xef, 0x3a, 0x0e, 0x33, 0xef, 0x3a,
    0xef, 0x3a, 0x0e, 0x33, 0xef, 0x3a, 0xef, 0x3a, 0x0e, 0x33, 0x0f, 0x3b,
    0xef, 0x3a, 0xee, 0x32, 0x0f, 0x3b, 0xef, 0x3a, 0x0e, 0x33, 0xef, 0x3a,
    0x0e, 0x33, 0xee, 0x32, 0xef, 0x3a, 0x0e, 0x33, 0xee, 0x32, 0x0f, 0x3b,
    0x0e, 0x33, 0xee, 0x32, 0x0f, 0x3b, 0x0f, 0x3b, 0xee, 0x32, 0x0f, 0x3b,
    0x0f, 0x3b, 0xee, 0x32, 0xef, 0x3a, 0x0f, 0x3b, 0xee, 0x32, 0x0f, 0x3b,
    0xef, 0x3a, 0xee, 0x32, 0x0f, 0x3b, 0xef, 0x3a, 0x0e, 0x33, 0xef, 0x3a,
    0x0f, 0x3b, 0x0e, 0x33, 0xef, 0x3a, 0xef, 0x3a, 0x0e, 0x33, 0xef, 0x3a,
    0xef, 0x3a, 0x0e, 0x33, 0xef, 0x3a, 0x0f, 0x3b, 0x0e, 0x33, 0xef, 0x3a,
    0x0f, 0x3b, 0xee, 0x32, 0x0f, 0x3b, 0x0f, 0x3b, 0xee, 0x32, 0xef, 0x3a,
    0x0f, 0x3b, 0xee, 0x32, 0xef, 0x3a, 0x0f, 0x3b, 0x0e, 0x33, 0xef, 0x3a,
    0x0f, 0x3b, 0xee, 0x32, 0x0f, 0x3b, 0x0f, 0x3b, 0xee, 0x32, 0x0f, 0x3b,
    0x0f, 0x3b, 0xee, 0x32, 0x0f, 0x3b, 0xef, 0x3a, 0x0e, 0x33, 0xef, 0x3a,
    0x0f, 0x3b, 0x0e, 0x33, 0xef, 0x3a, 0xef, 0x3a, 0x0e, 0x33, 0x0f, 0x3b,
    0xef, 0x3a, 0xee, 0x32, 0x0f, 0x3b, 0xef, 0x3a, 0x0e, 0x33, 0x0f, 0x3b,
    0xef, 0x3a, 0xee, 0x32, 0x0f, 0x3b, 0xef, 0x3a, 0xee, 0x32, 0x0f, 0x3b,
    0x0f, 0x3b, 0xee, 0x32, 0x0f, 0x3b, 0xef, 0x3a, 0xee, 0x32, 0x0f, 0x3b,
    0xef, 0x3a, 0xee, 0x32, 0x0f, 0x3b, 0x0f, 0x3b, 0xee, 0x32, 0x0f, 0x3b,
    0x0f, 0x3b, 0xee, 0x32, 0xef, 0x3a, 0x0f, 0x3b, 0x0e, 0x33, 0xef, 0x3a,
    0x0f, 0x3b, 0xee, 0x32, 0xef, 0x3a, 0x0f, 0x3b, 0xee, 0x32, 0x0f, 0x3b,
    0xef, 0x3a, 0x0e, 0x33, 0x0f, 0x3b, 0xef, 0x3a, 0x0e, 0x33, 0x0f, 0x3b,
    0xef, 0x3a, 0xee, 0x32, 0x0f, 0x3b, 0xef, 0x3a, 0xee, 0x32, 0x0f, 0x3b,
    0x0f, 0x3b, 0xee, 0x32, 0x0f, 0x3b, 0xef, 0x3a, 0x0e, 0x33, 0xef, 0x3a,
    0xef, 0x3a, 0x0e, 0x33, 0x0f, 0x3b, 0xef, 0x3a, 0x0e, 0x33, 0xef, 0x3a,
    0xef, 0x3a, 0x0e, 0x33, 0xef, 0x3a, 0x0f, 0x3b, 0x0e, 0x33, 0xef, 0x3a,
    0x0f, 0x3b, 0x0e, 0x33, 0xef, 0x3a, 0xef, 0x3a, 0x0e, 0x33, 0xef, 0x3a,
    0x0f, 0x3b, 0x0e, 0x33, 0xef, 0x3a, 0x0f, 0x3b, 0x0e, 0x33, 0xef, 0x3a,
    0x0f, 0x3b, 0x0e, 0x33, 0xef, 0x3a, 0x0f, 0x3b, 0x0e, 0x33, 0xef, 0x3a,
    0x0f, 0x3b, 0xee, 0x32, 0x0f, 0x3b, 0xef, 0x3a, 0xee, 0x32, 0xef, 0x3a,
    0x0f, 0x3b, 0xee, 0x32, 0x0f, 0x3b, 0x0f, 0x3b, 0xee, 0x32, 0x0f, 0x3b,
    0x0f, 0x3b, 0xee, 0x32, 0x0f, 0x3b, 0xef, 0x3a, 0x0e, 0x33, 0xef, 0x3a,
    0xef, 0x3a, 0x0e, 0x33, 0xef, 0x3a, 0x0f, 0x3b, 0xee, 0x32, 0xef, 0x3a,
    0x0f, 0x3b, 0x0e, 0x33, 0xef, 0x3a, 0x0f, 0x3b, 0x0e, 0x33, 0xef, 0x3a,
    0x0f, 0x3b, 0x0e, 0x33, 0xef, 0x3a, 0xef, 0x3a, 0x0e, 0x33, 0xef, 0x3a,
    0xef, 0x3a, 0x0e, 0x33, 0xef, 0x3a, 0xef, 0x3a, 0x0e, 0x33, 0xef, 0x3a,
    0xef, 0x3a, 0x0e, 0x33, 0xef, 0x3a, 0x0f, 0x3b, 0x0e, 0x33, 0xef, 0x3a,
    0x0f, 0x3b, 0x0e, 0x33, 0xef, 0x3a, 0x0f, 0x3b, 0xee, 0x32, 0xef, 0x3a,
    0x0f, 0x3b, 0xee, 0x32, 0xef, 0x3a, 0x0f, 0x3b, 0xee, 0x32, 0x0f, 0x3b,
    0x0f, 0x3b, 0xee, 0x32, 0x0f, 0x3b, 0x0f, 0x3b, 0xee, 0x32, 0x0f, 0x3b,
    0x0f, 0x3b, 0xee, 0x32, 0x0f, 0x3b, 0xef, 0x3a, 0xee, 0x32, 0x0f, 0x3b,
    0xef, 0x3a, 0x0e, 0x33, 0xef, 0x3a, 0xef, 0x3a, 0x0e, 0x33, 0xef, 0x3a,
    0xef, 0x3a, 0x0e, 0x33, 0xef, 0x3a, 0x0f, 0x3b, 0x0e, 0x33, 0xef, 0x3a,
    0x0f, 0x3b, 0x0e, 0x33, 0xef, 0x3a, 0x0f, 0x3b, 0xee, 0x32, 0xef, 0x3a,
    0x0f, 0x3b, 0xee, 0x32, 0xef, 0x3a, 0x0f, 0x3b, 0xee, 0x32, 0x0f, 0x3b,
    0x0f, 0x3b, 0xee, 0x32, 0x0f, 0x3b, 0x0f, 0x3b, 0xee, 0x32, 0x0f, 0x3b,
    0x0f, 0x3b, 0xee, 0x32, 0x0f, 0x3b, 0xef, 0x3a, 0xee, 0x32, 0x0f, 0x3b,
    0xef, 0x3a, 0x0e, 0x33, 0xef, 0x3a, 0xef, 0x3a, 0x0e, 0x33, 0xef, 0x3a,
    0xef, 0x3a, 0x0e, 0x33, 0xef, 0x3a, 0x0f, 0x3b, 0x0e, 0x33, 0xef, 0x3a,
    0x0f, 0x3b, 0x0e, 0x33, 0xef, 0x3a, 0x0f, 0x3b, 0xee, 0x32, 0xef, 0x3a,
    0x0f, 0x3b, 0xee, 0x32, 0xef, 0x3a, 0x0f, 0x3b, 0xee, 0x32, 0x0f, 0x3b,
    0x0f, 0x3b, 0xee, 0x32, 0x0f, 0x3b, 0x0f, 0x3b, 0xee, 0x32, 0x0f, 0x3b,
    0x0f, 0x3b, 0xee, 0x32, 0x0f, 0x3b, 0xef, 0x3a, 0xee, 0x32, 0x0f, 0x3b,
    0xef, 0x3a, 0x0e, 0x33, 0xef, 0x3a, 0xef, 0x3a, 0x0e, 0x33, 0xef, 0x3a,
    0xef, 0x3a, 0x0e, 0x33, 0xef, 0x3a, 0x0f, 0x3b, 0x0e, 0x33, 0xef, 0x3a,
    0x0f, 0x3b, 0x0e, 0x33, 0xef, 0x3a, 0x0f, 0x3b, 0xee, 0x32, 0xef, 0x3a,
    0x0f, 0x3b, 0xee, 0x32, 0xef, 0x3a, 0x0f, 0x3b, 0xee, 0x32, 0x0f, 0x3b,
    0x0f, 0x3b, 0xee, 0x32, 0x0f, 0x3b, 0x0f, 0x3b, 0xee, 0x32, 0x0f, 0x3b,
    0x0f, 0x3b, 0xee, 0x32, 0x0f, 0x3b, 0xef, 0x3a, 0xee, 0x32, 0x0f, 0x3b,
    0xef, 0x3a, 0x0e, 0x33, 0xef, 0x3a, 0xef, 0x3a, 0x0e, 0x33, 0xef, 0x3a,
    0xef, 0x3a, 0x0e, 0x33, 0xef, 0x3a, 0x0f, 0x3b, 0x0e, 0x33, 0xef, 0x3a,
    0x0f, 0x3b, 0x0e, 0x33, 0xef, 0x3a, 0x0f, 0x3b, 0xee, 0x32, 0xef, 0x3a,
    0x0f, 0x3b, 0xee, 0x32, 0xef, 0x3a, 0x0f, 0x3b, 0xee, 0x32, 0x0f, 0x3b,
    0x0f, 0x3b, 0xee, 0x32, 0x0f, 0x3b, 0x0f, 0x3b, 0xee, 0x32, 0x0f, 0x3b,
    0x0f, 0x3b, 0xee, 0x32, 0x0f, 0x3b, 0xef, 0x3a, 0xee, 0x32, 0x0f, 0x3b,
    0xef, 0x3a, 0x0e, 0x33, 0xef, 0x3a, 0xef, 0x3a, 0x0e, 0x33, 0xef, 0x3a,
    0xef, 0x3a, 0x0e, 0x33, 0xef, 0x3a, 0x0f, 0x3b, 0x0e, 0x33, 0xef, 0x3a,
    0x0f, 0x3b, 0x0e, 0x33, 0xef, 0x3a, 0x0f, 0x3b, 0xee, 0x32, 0xef, 0x3a,
    0x0f, 0x3b, 0xee, 0x32, 0xef, 0x3a, 0x0f, 0x3b, 0xee, 0x32, 0x0f, 0x3b,
    0x0f, 0x3b, 0xee, 0x32, 0x0f, 0x3b, 0x0f, 0x3b, 0xee, 0x32, 0x0f, 0x3b,
    0x0f, 0x3b, 0xee, 0x32, 0x0f, 0x3b, 0xef, 0x3a, 0xee, 0x32, 0x0f, 0x3b,
    0xef, 0x3a, 0x0e, 0x33, 0xef, 0x3a, 0xef, 0x3a, 0x0e, 0x33, 0xef, 0x3a,
    0xef, 0x3a, 0x0e, 0x33, 0xef, 0x3a, 0x0f, 0x3b, 0x0e, 0x33, 0xef, 0x3a,
    0x0f, 0x3b, 0x0e, 0x33, 0xef, 0x3a, 0x0f, 0x3b, 0xee, 0x32, 0xef, 0x3a,
    0x0f, 0x3b, 0xee, 0x32, 0xef, 0x3a, 0x0f, 0x3b, 0xee, 0x32, 0x0f, 0x3b,
    0x0f, 0x3b, 0xee, 0x32, 0x0f, 0x3b, 0x0f, 0x3b, 0xee, 0x32, 0x0f, 0x3b,
    0x0f, 0x3b, 0xee, 0x32, 0x0f, 0x3b, 0xef, 0x3a, 0xee, 0x32, 0x0f, 0x3b,
    0xef, 0x3a, 0x0e, 0x33, 0xef, 0x3a, 0xef, 0x3a, 0x0e, 0x33, 0xef, 0x3a,
    0xef, 0x3a, 0x0e, 0x33, 0xef, 0x3a, 0x0f, 0x3b, 0x0e, 0x33, 0xef, 0x3a,
    0x0f, 0x3b, 0x0e, 0x33, 0xef, 0x3a, 0x0f, 0x3b, 0xee, 0x32, 0xef, 0x3a,
    0x0f, 0x3b, 0xee, 0x32, 0xef, 0x3a, 0x0f, 0x3b, 0xee, 0x32, 0x0f, 0x3b,
    0x0f, 0x3b, 0xee, 0x32, 0x0f, 0x3b, 0x0f, 0x3b, 0xee, 0x32, 0x0f, 0x3b,
    0x0f, 0x3b, 0xee, 0x32, 0x0f, 0x3b, 0xef, 0x3a, 0xee, 0x32, 0x0f, 0x3b,
    0xef, 0x3a, 0x0e, 0x33, 0xef, 0x3a, 0xef, 0x3a, 0x0e, 0x33, 0xef, 0x3a,
    0xef, 0x3a, 0x0e, 0x33, 0xef, 0x3a, 0x0f, 0x3b, 0x0e, 0x33, 0xef, 0x3a,
    0x0f, 0x3b, 0x0e, 0x33, 0xef, 0x3a, 0x0f, 0x3b, 0xee, 0x32, 0xef, 0x3a,
    0x0f, 0x3b, 0xee, 0x32, 0xef, 0x3a, 0x0f, 0x3b, 0xee, 0x32, 0x0f, 0x3b,
    0x0f, 0x3b, 0xee, 0x32, 0x0f, 0x3b, 0x0f, 0x3b, 0xee, 0x32, 0x0f, 0x3b,
    0x0f, 0x3b, 0xee, 0x32, 0x0f, 0x3b, 0xef, 0x3a, 0xee, 0x32, 0x0f, 0x3b,
    0xef, 0x3a, 0x0e, 0x33, 0xef, 0x3a, 0xef, 0x3a, 0x0e, 0x33, 0xef, 0x3a,
    0xef, 0x3a, 0x0e, 0x33, 0xef, 0x3a, 0x0f, 0x3b, 0x0e, 0x33, 0xef, 0x3a,
    0x0f, 0x3b, 0x0e, 0x33, 0xef, 0x3a, 0x0f, 0x3b, 0xee, 0x32, 0xef, 0x3a,
    0x0f, 0x3b, 0xee, 0x32, 0xef, 0x3a, 0x0f, 0x3b, 0xee, 0x32, 0x0f, 0x3b,
    0x0f, 0x3b, 0xee, 0x32, 0x0f, 0x3b, 0x0f, 0x3b, 0xee, 0x32, 0x0f, 0x3b,
    0x0f, 0x3b, 0xee, 0x32, 0x0f, 0x3b, 0xef, 0x3a, 0xee, 0x32, 0x0f, 0x3b,
    0xef, 0x3a, 0x0e, 0x33, 0xef, 0x3a, 0xef, 0x3a, 0x0e, 0x33, 0xef, 0x3a,
    0xef, 0x3a, 0x0e, 0x33, 0xef, 0x3a, 0x0f, 0x3b, 0x0e, 0x33, 0xef, 0x3a,
    0x0f, 0x3b, 0x0e, 0x33, 0xef, 0x3a, 0x0f, 0x3b, 0xee, 0x32, 0xef, 0x3a,
    0x0f, 0x3b, 0xee, 0x32, 0xef, 0x3a, 0x0f, 0x3b, 0xee, 0x32, 0x0f, 0x3b,
    0x0f, 0x3b, 0xee, 0x32, 0x0f, 0x3b, 0x0f, 0x3b, 0xee, 0x32, 0x0f, 0x3b,
    0x0f, 0x3b, 0xee, 0x32, 0x0f, 0x3b, 0xef, 0x3a, 0xee, 0x32, 0x0f, 0x3b,
    0xef, 0x3a, 0x0e, 0x33, 0xef, 0x3a, 0xef, 0x3a, 0x0e, 0x33, 0xef, 0x3a,
    0xef, 0x3a, 0x0e, 0x33, 0xef, 0x3a, 0x0f, 0x3b, 0x0e, 0x33, 0xef, 0x3a,
    0x0f, 0x3b, 0x0e, 0x33, 0xef, 0x3a, 0x0f, 0x3b, 0xee, 0x32, 0xef, 0x3a,
    0x0f, 0x3b, 0xee, 0x32, 0xef, 0x3a, 0x0f, 0x3b, 0xee, 0x32, 0x0f, 0x3b,
    0x0f, 0x3b, 0xee, 0x32, 0x0f, 0x3b, 0x0f, 0x3b, 0xee, 0x32, 0x0f, 0x3b,
    0x0f, 0x3b, 0xee, 0x32, 0x0f, 0x3b, 0xef, 0x3a, 0xee, 0x32, 0x0f, 0x3b,
    0xef, 0x3a, 0x0e, 0x33, 0xef, 0x3a, 0xef, 0x3a, 0x0e, 0x33, 0xef, 0x3a,
    0xef, 0x3a, 0x0e, 0x33, 0xef, 0x3a, 0x0f, 0x3b, 0x0e, 0x33, 0xef, 0x3a,
    0x0f, 0x3b, 0x0e, 0x33, 0xef, 0x3a, 0x0f, 0x3b, 0xee, 0x32, 0xef, 0x3a,
    0x0f, 0x3b, 0xee, 0x32, 0xef, 0x3a, 0x0f, 0x3b, 0xee, 0x32, 0x0f, 0x3b,
    0x0f, 0x3b, 0xee, 0x32, 0x0f, 0x3b, 0x0f, 0x3b, 0xee, 0x32, 0x0f, 0x3b,
    0x0f, 0x3b, 0xee, 0x32, 0x0f, 0x3b, 0xef, 0x3a, 0xee, 0x32, 0x0f, 0x3b,
    0xef, 0x3a, 0x0e, 0x33, 0xef, 0x3a, 0xef, 0x3a, 0x0e, 0x33, 0xef, 0x3a,
    0xef, 0x3a, 0x0e, 0x33, 0xef, 0x3a, 0x0f, 0x3b, 0x0e, 0x33, 0xef, 0x3a,
    0x0f, 0x3b, 0x0e, 0x33, 0xef, 0x3a, 0x0f, 0x3b, 0xee, 0x32, 0xef, 0x3a,
    0x0f, 0x3b, 0xee, 0x32, 0xef, 0x3a, 0x0f, 0x3b, 0xee, 0x32, 0x0f, 0x3b,
    0x0f, 0x3b, 0xee, 0x32, 0x0f, 0x3b, 0x0f, 0x3b, 0xee, 0x32, 0x0f, 0x3b,
    0x0f, 0x3b, 0xee, 0x32, 0x0f, 0x3b, 0xef, 0x3a, 0xee, 0x32, 0x0e, 0x33,
    0xef, 0x3a, 0x0e, 0x33, 0xef, 0x3a, 0xef, 0x3a, 0x0e, 0x33, 0xef, 0x3a,
    0xee, 0x32, 0x0e, 0x33, 0xef, 0x3a, 0x0e, 0x33, 0x0f, 0x3b, 0xef, 0x3a,
    0x0e, 0x33, 0x0f, 0x3b, 0xee, 0x32, 0x0f, 0x3b, 0xee, 0x32, 0xee, 0x32,
    0x0f, 0x3b, 0xef, 0x3a, 0xee, 0x32, 0x0e, 0x33, 0xef, 0x3a, 0xee, 0x32,
    0x0f, 0x3b, 0xef, 0x3a, 0x0e, 0x33, 0x0f, 0x3b, 0xef, 0x3a, 0x0e, 0x33,
    0xee, 0x32, 0xef, 0x3a, 0x0e, 0x33, 0xee, 0x32, 0x0f, 0x3b, 0x0f, 0x3b,
    0xee, 0x32, 0x0f, 0x3b, 0x0e, 0x33, 0xef, 0x3a, 0x0e, 0x33, 0xee, 0x32,
    0xef, 0x3a, 0x0f, 0x3b, 0xee, 0x32, 0x0f, 0x3b, 0x0e, 0x33, 0xef, 0x3a,
    0xef, 0x3a, 0x0f, 0x3b, 0xee, 0x32, 0xef, 0x3a, 0x0f, 0x3b, 0xee, 0x32,
    0xee, 0x32, 0x0f, 0x3b, 0x0f, 0x3b, 0xee, 0x32, 0x0f, 0x3b, 0xef, 0x3a,
    0x0e, 0x33, 0x0f, 0x3b, 0xef, 0x3a, 0x0e, 0x33, 0x0e, 0x33, 0xee, 0x32,
    0xef, 0x3a, 0xee, 0x32, 0x0e, 0x33, 0xef, 0x3a, 0x0f, 0x3b, 0xee, 0x32,
    0x0f, 0x3b, 0xef, 0x3a, 0xee, 0x32, 0x0e, 0x33, 0x0f, 0x3b, 0xee, 0x32,
    0x0e, 0x33, 0x0f, 0x3b, 0xef, 0x3a, 0x0e, 0x33, 0x0e, 0x33, 0xef, 0x3a,
    0x0e, 0x33, 0xee, 0x32, 0x0f, 0x3b, 0xee, 0x32, 0x0e, 0x33, 0xef, 0x3a,
    0xef, 0x3a, 0x0e, 0x33, 0xef, 0x3a, 0x0e, 0x33, 0x0f, 0x3b, 0xee, 0x32,
    0x0e, 0x33, 0x0f, 0x3b, 0xee, 0x32, 0x0e, 0x33, 0x0f, 0x3b, 0xee, 0x32,
    0xef, 0x3a, 0x0e, 0x33, 0x0e, 0x33, 0xef, 0x3a, 0x0e, 0x33, 0xee, 0x32,
    0xef, 0x3a, 0x0f, 0x3b, 0x0e, 0x33, 0xef, 0x3a, 0x0f, 0x3b, 0xee, 0x32,
    0x0f, 0x3b, 0xef, 0x3a, 0x0e, 0x33, 0xef, 0x3a, 0xee, 0x32, 0x0f, 0x3b,
    0xee, 0x32, 0xee, 0x32, 0x0f, 0x3b, 0x0e, 0x33, 0xef, 0x3a, 0x0e, 0x33,
    0x0e, 0x33, 0xef, 0x3a, 0x0e, 0x33, 0xee, 0x32, 0x0f, 0x3b, 0xee, 0x32,
    0xee, 0x32, 0x0f, 0x3b, 0xee, 0x32, 0xee, 0x32, 0x0f, 0x3b, 0x0e, 0x33,
    0xee, 0x32, 0x0f, 0x3b, 0x0e, 0x33, 0xee, 0x32, 0xef, 0x3a, 0xee, 0x32,
    0x0e, 0x33, 0xef, 0x3a, 0x0e, 0x33, 0xee, 0x32, 0xef, 0x3a, 0x0e, 0x33,
    0xee, 0x32, 0x0f, 0x3b, 0x0e, 0x33, 0xee, 0x32, 0x0f, 0x3b, 0xee, 0x32,
    0xee, 0x32, 0x0f, 0x3b, 0xee, 0x32, 0xee, 0x32, 0x0f, 0x3b, 0xee, 0x32,
    0xee, 0x32, 0x0f, 0x3b, 0xee, 0x32, 0x0e, 0x33, 0xef, 0x3a, 0x0e, 0x33,
    0xee, 0x32, 0x0f, 0x3b, 0xee, 0x32, 0x0e, 0x33, 0x0f, 0x3b, 0xee, 0x32,
    0x0e, 0x33, 0xef, 0x3a, 0xee, 0x32, 0x0e, 0x33, 0xef, 0x3a, 0xee, 0x32,
    0x0e, 0x33, 0xef, 0x3a, 0x0e, 0x33, 0xee, 0x32, 0x0f, 0x3b, 0xee, 0x32,
    0x0e, 0x33, 0xef, 0x3a, 0x0e, 0x33, 0xee, 0x32, 0x0f, 0x3b, 0x0e, 0x33,
    0xee, 0x32, 0x0f, 0x3b, 0xee, 0x32, 0xee, 0x32, 0x0f, 0x3b, 0xee, 0x32,
    0xee, 0x32, 0x0f, 0x3b, 0xee, 0x32, 0x0e, 0x33, 0xef, 0x3a, 0xee, 0x32,
    0x0e, 0x33, 0xef, 0x3a, 0x0e, 0x33, 0x0e, 0x33, 0xef, 0x3a, 0xee, 0x32,
    0x0e, 0x33, 0xef, 0x3a, 0xee, 0x32, 0x0e, 0x33, 0xef, 0x3a, 0xee, 0x32,
    0x0e, 0x33, 0x0f, 0x3b, 0xee, 0x32, 0x0e, 0x33, 0x0f, 0x3b, 0xee, 0x32,
    0x0e, 0x33, 0xef, 0x3a, 0x0e, 0x33, 0x0e, 0x33, 0xef, 0x3a, 0x0e, 0x33,
    0x0e, 0x33, 0xef, 0x3a, 0x0e, 0x33, 0xee, 0x32, 0xef, 0x3a, 0x0e, 0x33,
    0x0e, 0x33, 0xef, 0x3a, 0x0e, 0x33, 0xee, 0x32, 0xef, 0x3a, 0x0e, 0x33,
    0xee, 0x32, 0xef, 0x3a, 0x0e, 0x33, 0xee, 0x32, 0x0f, 0x3b, 0x0e, 0x33,
    0xee, 0x32, 0xef, 0x3a, 0x0e, 0x33, 0xee, 0x32, 0xef, 0x3a, 0x0e, 0x33,
    0xee, 0x32, 0xef, 0x3a, 0x0e, 0x33, 0xee, 0x32, 0xef, 0x3a, 0x0e, 0x33,
    0xee, 0x32, 0x0f, 0x3b, 0x0e, 0x33, 0xee, 0x32, 0x0f, 0x3b, 0x0e, 0x33,
    0xee, 0x32, 0x0f, 0x3b, 0xee, 0x32, 0xee, 0x32, 0xef, 0x3a, 0x0e, 0x33,
    0xee, 0x32, 0xef, 0x3a, 0x0e, 0x33, 0x0e, 0x33, 0xef, 0x3a, 0x0e, 0x33,
    0x0e, 0x33, 0xef, 0x3a, 0x0e, 0x33, 0xee, 0x32, 0x0f, 0x3b, 0x0e, 0x33,
    0xee, 0x32, 0x0f, 0x3b, 0xee, 0x32, 0xee, 0x32, 0x0f, 0x3b, 0xee, 0x32,
    0xee, 0x32, 0x0f, 0x3b, 0xee, 0x32, 0x0e, 0x33, 0x0f, 0x3b, 0xee, 0x32,
    0x0e, 0x33, 0x0f, 0x3b, 0xee, 0x32, 0x0e, 0x33, 0x0f, 0x3b, 0xee, 0x32,
    0x0e, 0x33, 0x0f, 0x3b, 0xee, 0x32, 0x0e, 0x33, 0xef, 0x3a, 0xee, 0x32,
    0x0e, 0x33, 0xef, 0x3a, 0xee, 0x32, 0x0e, 0x33, 0x0f, 0x3b, 0xee, 0x32,
    0x0e, 0x33, 0x0f, 0x3b, 0xee, 0x32, 0x0e, 0x33, 0x0f, 0x3b, 0xee, 0x32,
    0xee, 0x32, 0x0f, 0x3b, 0xee, 0x32, 0xee, 0x32, 0x0f, 0x3b, 0xee, 0x32,
    0xee, 0x32, 0x0f, 0x3b, 0xee, 0x32, 0x0e, 0x33, 0x0f, 0x3b, 0xee, 0x32,
    0x0e, 0x33, 0x0f, 0x3b, 0xee, 0x32, 0x0e, 0x33, 0x0f, 0x3b, 0xee, 0x32,
    0x0e, 0x33, 0x0f, 0x3b, 0xee, 0x32, 0x0e, 0x33, 0xef, 0x3a, 0xee, 0x32,
    0x0e, 0x33, 0xef, 0x3a, 0xee, 0x32, 0x0e, 0x33, 0x0f, 0x3b, 0xee, 0x32,
    0x0e, 0x33, 0x0f, 0x3b, 0xee, 0x32, 0x0e, 0x33, 0x0f, 0x3b, 0xee, 0x32,
    0xee, 0x32, 0x0f, 0x3b, 0xee, 0x32, 0xee, 0x32, 0x0f, 0x3b, 0xee, 0x32,
    0xee, 0x32, 0x0f, 0x3b, 0xee, 0x32, 0x0e, 0x33, 0x0f, 0x3b, 0xee, 0x32,
    0x0e, 0x33, 0x0f, 0x3b, 0xee, 0x32, 0x0e, 0x33, 0x0f, 0x3b, 0xee, 0x32,
    0x0e, 0x33, 0x0f, 0x3b, 0xee, 0x32, 0x0e, 0x33, 0xef, 0x3a, 0xee, 0x32,
    0x0e, 0x33, 0xef, 0x3a, 0xee, 0x32, 0x0e, 0x33, 0x0f, 0x3b, 0xee, 0x32,
    0x0e, 0x33, 0x0f, 0x3b, 0xee, 0x32, 0x0e, 0x33, 0x0f, 0x3b, 0xee, 0x32,
    0xee, 0x32, 0x0f, 0x3b, 0xee, 0x32, 0xee, 0x32, 0x0f, 0x3b, 0xee, 0x32,
    0xee, 0x32, 0x0f, 0x3b, 0xee, 0x32, 0x0e, 0x33, 0x0f, 0x3b, 0xee, 0x32,
    0x0e, 0x33, 0x0f, 0x3b, 0xee, 0x32, 0x0e, 0x33, 0x0f, 0x3b, 0xee, 0x32,
    0x0e, 0x33, 0x0f, 0x3b, 0xee, 0x32, 0x0e, 0x33, 0xef, 0x3a, 0xee, 0x32,
    0x0e, 0x33, 0xef, 0x3a, 0xee, 0x32, 0x0e, 0x33, 0x0f, 0x3b, 0xee, 0x32,
    0x0e, 0x33, 0x0f, 0x3b, 0xee, 0x32, 0x0e, 0x33, 0x0f, 0x3b, 0xee, 0x32,
    0xee, 0x32, 0x0f, 0x3b, 0xee, 0x32, 0xee, 0x32, 0x0f, 0x3b, 0xee, 0x32,
    0xee, 0x32, 0x0f, 0x3b, 0xee, 0x32, 0x0e, 0x33, 0x0f, 0x3b, 0xee, 0x32,
    0x0e, 0x33, 0x0f, 0x3b, 0xee, 0x32, 0x0e, 0x33, 0x0f, 0x3b, 0xee, 0x32,
    0x0e, 0x33, 0x0f, 0x3b, 0xee, 0x32, 0x0e, 0x33, 0xef, 0x3a, 0xee, 0x32,
    0x0e, 0x33, 0xef, 0x3a, 0xee, 0x32, 0x0e, 0x33, 0x0f, 0x3b, 0xee, 0x32,
    0x0e, 0x33, 0x0f, 0x3b, 0xee, 0x32, 0x0e, 0x33, 0x0f, 0x3b, 0xee, 0x32,
    0xee, 0x32, 0x0f, 0x3b, 0xee, 0x32, 0xee, 0x32, 0x0f, 0x3b, 0xee, 0x32,
    0xee, 0x32, 0x0f, 0x3b, 0xee, 0x32, 0x0e, 0x33, 0x0f, 0x3b, 0xee, 0x32,
    0x0e, 0x33, 0x0f, 0x3b, 0xee, 0x32, 0x0e, 0x33, 0x0f, 0x3b, 0xee, 0x32,
    0x0e, 0x33, 0x0f, 0x3b, 0xee, 0x32, 0x0e, 0x33, 0xef, 0x3a, 0xee, 0x32,
    0x0e, 0x33, 0xef, 0x3a, 0xee, 0x32, 0x0e, 0x33, 0x0f, 0x3b, 0xee, 0x32,
    0x0e, 0x33, 0x0f, 0x3b, 0xee, 0x32, 0x0e, 0x33, 0x0f, 0x3b, 0xee, 0x32,
    0xee, 0x32, 0x0f, 0x3b, 0xee, 0x32, 0xee, 0x32, 0x0f, 0x3b, 0xee, 0x32,
    0xee, 0x32, 0x0f, 0x3b, 0xee, 0x32, 0x0e, 0x33, 0x0f, 0x3b, 0xee, 0x32,
    0x0e, 0x33, 0x0f, 0x3b, 0xee, 0x32, 0x0e, 0x33, 0x0f, 0x3b, 0xee, 0x32,
    0x0e, 0x33, 0x0f, 0x3b, 0xee, 0x32, 0x0e, 0x33, 0xef, 0x3a, 0xee, 0x32,
    0x0e, 0x33, 0xef, 0x3a, 0xee, 0x32, 0x0e, 0x33, 0x0f, 0x3b, 0xee, 0x32,
    0x0e, 0x33, 0x0f, 0x3b, 0xee, 0x32, 0x0e, 0x33, 0x0f, 0x3b, 0xee, 0x32,
    0xee, 0x32, 0x0f, 0x3b, 0xee, 0x32, 0xee, 0x32, 0x0f, 0x3b, 0xee, 0x32,
    0xee, 0x32, 0x0f, 0x3b, 0xee, 0x32, 0x0e, 0x33, 0x0f, 0x3b, 0xee, 0x32,
    0x0e, 0x33, 0x0f, 0x3b, 0xee, 0x32, 0x0e, 0x33, 0x0f, 0x3b, 0xee, 0x32,
    0x0e, 0x33, 0x0f, 0x3b, 0xee, 0x32, 0x0e, 0x33, 0xef, 0x3a, 0xee, 0x32,
    0x0e, 0x33, 0xef, 0x3a, 0xee, 0x32, 0x0e, 0x33, 0x0f, 0x3b, 0xee, 0x32,
    0x0e, 0x33, 0x0f, 0x3b, 0xee, 0x32, 0x0e, 0x33, 0x0f, 0x3b, 0xee, 0x32,
    0xee, 0x32, 0x0f, 0x3b, 0xee, 0x32, 0xee, 0x32, 0x0f, 0x3b, 0xee, 0x32,
    0xee, 0x32, 0x0f, 0x3b, 0xee, 0x32, 0x0e, 0x33, 0x0f, 0x3b, 0xee, 0x32,
    0x0e, 0x33, 0x0f, 0x3b, 0xee, 0x32, 0x0e, 0x33, 0x0f, 0x3b, 0xee, 0x32,
    0x0e, 0x33, 0x0f, 0x3b, 0xee, 0x32, 0x0e, 0x33, 0xef, 0x3a, 0xee, 0x32,
    0x0e, 0x33, 0xef, 0x3a, 0xee, 0x32, 0x0e, 0x33, 0x0f, 0x3b, 0xee, 0x32,
    0x0e, 0x33, 0x0f, 0x3b, 0xee, 0x32, 0x0e, 0x33, 0x0f, 0x3b, 0xee, 0x32,
    0xee, 0x32, 0x0f, 0x3b, 0xee, 0x32, 0xee, 0x32, 0x0f, 0x3b, 0xee, 0x32,
    0xee, 0x32, 0x0f, 0x3b, 0xee, 0x32, 0x0e, 0x33, 0x0f, 0x3b, 0xee, 0x32,
    0x0e, 0x33, 0x0f, 0x3b, 0xee, 0x32, 0x0e, 0x33, 0x0f, 0x3b, 0xee, 0x32,
    0x0e, 0x33, 0x0f, 0x3b, 0xee, 0x32, 0x0e, 0x33, 0xef, 0x3a, 0xee, 0x32,
    0x0e, 0x33, 0xef, 0x3a, 0xee, 0x32, 0x0e, 0x33, 0x0f, 0x3b, 0xee, 0x32,
    0x0e, 0x33, 0x0f, 0x3b, 0xee, 0x32, 0x0e, 0x33, 0x0f, 0x3b, 0xee, 0x32,
    0xee, 0x32, 0x0f, 0x3b, 0xee, 0x32, 0xee, 0x32, 0x0f, 0x3b, 0xee, 0x32,
    0xee, 0x32, 0x0f, 0x3b, 0xee, 0x32, 0x0e, 0x33, 0x0f, 0x3b, 0xee, 0x32,
    0x0e, 0x33, 0x0f, 0x3b, 0xee, 0x32, 0x0e, 0x33, 0x0f, 0x3b, 0xee, 0x32,
    0x0e, 0x33, 0x0f, 0x3b, 0xee, 0x32, 0x0e, 0x33, 0xef, 0x3a, 0xee, 0x32,
    0x0e, 0x33, 0xef, 0x3a, 0xee, 0x32, 0x0e, 0x33, 0x0f, 0x3b, 0xee, 0x32,
    0x0e, 0x33, 0x0f, 0x3b, 0xee, 0x32, 0x0e, 0x33, 0x0f, 0x3b, 0xee, 0x32,
    0xee, 0x32, 0x0f, 0x3b, 0xee, 0x32, 0xee, 0x32, 0x0f, 0x3b, 0xee, 0x32,
    0xee, 0x32, 0x0f, 0x3b, 0xee, 0x32, 0x0e, 0x33, 0x0f, 0x3b, 0xee, 0x32,
    0x0e, 0x33, 0x0f, 0x3b, 0xee, 0x32, 0x0e, 0x33, 0x0f, 0x3b, 0xee, 0x32,
    0x0e, 0x33, 0x0f, 0x3b, 0xee, 0x32, 0x0e, 0x33, 0xef, 0x3a, 0xee, 0x32,
    0x0e, 0x33, 0xef, 0x3a, 0xee, 0x32, 0x0e, 0x33, 0x0f, 0x3b, 0xee, 0x32,
    0x0e, 0x33, 0x0f, 0x3b, 0xee, 0x32, 0x0e, 0x33, 0x0f, 0x3b, 0xee, 0x32,
    0xee, 0x32, 0x0f, 0x3b, 0xee, 0x32, 0xee, 0x32, 0x0f, 0x3b, 0xee, 0x32,
    0xee, 0x32, 0x0f, 0x3b, 0xee, 0x32, 0x0e, 0x33, 0x0f, 0x3b, 0xee, 0x32,
    0x0e, 0x33, 0x0f, 0x3b, 0xee, 0x32, 0x0e, 0x33, 0x0f, 0x3b, 0xee, 0x32,
    0x0e, 0x33, 0x0f, 0x3b, 0xee, 0x32, 0x0e, 0x33, 0xef, 0x3a, 0xee, 0x32,
    0x0e, 0x33, 0xef, 0x3a, 0xee, 0x32, 0x0e, 0x33, 0x0f, 0x3b, 0xee, 0x32,
    0x0e, 0x33, 0x0f, 0x3b, 0xee, 0x32, 0x0e, 0x33, 0x0f, 0x3b, 0xee, 0x32,
    0xee, 0x32, 0x0f, 0x3b, 0xee, 0x32, 0xee, 0x32, 0x0f, 0x3b, 0xee, 0x32,
    0xee, 0x32, 0x0f, 0x3b, 0xee, 0x32, 0x0e, 0x33, 0x0f, 0x3b, 0xee, 0x32,
    0x0e, 0x33, 0x0f, 0x3b, 0xee, 0x32, 0x0e, 0x33, 0x0f, 0x3b, 0xee, 0x32,
    0x0e, 0x33, 0x0f, 0x3b, 0xee, 0x32, 0x0e, 0x33, 0xef, 0x3a, 0xee, 0x32,
    0x0e, 0x33, 0xef, 0x3a, 0xee, 0x32, 0x0e, 0x33, 0x0f, 0x3b, 0xee, 0x32,
    0x0e, 0x33, 0x0f, 0x3b, 0xee, 0x32, 0x0e, 0x33, 0x0f, 0x3b, 0xee, 0x32,
    0xee, 0x32, 0x0f, 0x3b, 0xee, 0x32, 0xee, 0x32, 0x0f, 0x3b, 0xee, 0x32,
    0xee, 0x32, 0x0f, 0x3b, 0xee, 0x32, 0x0e, 0x33, 0x0f, 0x3b, 0xef, 0x3a,
    0x0e, 0x33, 0x0f, 0x3b, 0xee, 0x32, 0x0e, 0x33, 0x0f, 0x3b, 0xee, 0x32,
    0x0f, 0x3b, 0x0f, 0x3b, 0xee, 0x32, 0x0f, 0x3b, 0xef, 0x3a, 0xee, 0x32,
    0x0e, 0x33, 0xef, 0x3a, 0xef, 0x3a, 0x0e, 0x33, 0x0f, 0x3b, 0xee, 0x32,
    0x0f, 0x3b, 0x0e, 0x33, 0xee, 0x32, 0x0f, 0x3b, 0x0e, 0x33, 0xef, 0x3a,
    0x0e, 0x33, 0x0e, 0x33, 0xef, 0x3a, 0xee, 0x32, 0x0e, 0x33, 0xef, 0x3a,
    0x0f, 0x3b, 0x0e, 0x33, 0xef, 0x3a, 0x0f, 0x3b, 0xee, 0x32, 0xef, 0x3a,
    0x0e, 0x33, 0xee, 0x32, 0xef, 0x3a, 0x0e, 0x33, 0xef, 0x3a, 0x0e, 0x33,
    0x0f, 0x3b, 0xee, 0x32, 0x0e, 0x33, 0xef, 0x3a, 0xee, 0x32, 0x0e, 0x33,
    0xef, 0x3a, 0xee, 0x32, 0x0e, 0x33, 0xee, 0x32, 0x0f, 0x3b, 0xee, 0x32,
    0x0f, 0x3b, 0x0f, 0x3b, 0xee, 0x32, 0xee, 0x32, 0x0f, 0x3b, 0xee, 0x32,
    0x0e, 0x33, 0xef, 0x3a, 0x0e, 0x33, 0xee, 0x32, 0xef, 0x3a, 0x0f, 0x3b,
    0x0e, 0x33, 0xef, 0x3a, 0x0f, 0x3b, 0x0e, 0x33, 0xee, 0x32, 0x0f, 0x3b,
    0xee, 0x32, 0x0e, 0x33, 0x0f, 0x3b, 0xef, 0x3a, 0x0e, 0x33, 0xef, 0x3a,
    0xef, 0x3a, 0x0e, 0x33, 0xee, 0x32, 0xef, 0x3a, 0x0e, 0x33, 0xef, 0x3a,
    0xef, 0x3a, 0x0e, 0x33, 0xef, 0x3a, 0x0f, 0x3b, 0xee, 0x32, 0x0f, 0x3b,
    0x0e, 0x33, 0xee, 0x32, 0x0e, 0x33, 0xef, 0x3a, 0xee, 0x32, 0x0f, 0x3b,
    0xee, 0x32, 0x0f, 0x3b, 0xef, 0x3a, 0x0e, 0x33, 0xef, 0x3a, 0xef, 0x3a,
    0x0e, 0x33, 0x0f, 0x3b, 0xee, 0x32, 0xef, 0x3a, 0x0f, 0x3b, 0x0e, 0x33,
    0xef, 0x3a, 0x0e, 0x33, 0xef, 0x3a, 0x0e, 0x33, 0xee, 0x32, 0x0f, 0x3b,
    0x0e, 0x33, 0xee, 0x32, 0xef, 0x3a, 0x0e, 0x33, 0xef, 0x3a, 0x0e, 0x33,
    0x0f, 0x3b, 0xee, 0x32, 0x0f, 0x3b, 0xef, 0x3a, 0xee, 0x32, 0x0f, 0x3b,
    0xee, 0x32, 0xef, 0x3a, 0x0f, 0x3b, 0xee, 0x32, 0x0f, 0x3b, 0x0f, 0x3b,
    0xee, 0x32, 0x0f, 0x3b, 0x0f, 0x3b, 0xee, 0x32, 0x0f, 0x3b, 0xef, 0x3a,
    0x0e, 0x33, 0xef, 0x3a, 0xef, 0x3a, 0x0e, 0x33, 0x0f, 0x3b, 0xef, 0x3a,
    0x0e, 0x33, 0x0f, 0x3b, 0xef, 0x3a, 0x0e, 0x33, 0xef, 0x3a, 0x0f, 0x3b,
    0x0e, 0x33, 0xef, 0x3a, 0x0f, 0x3b, 0xee, 0x32, 0xef, 0x3a, 0x0f, 0x3b,
    0x0e, 0x33, 0xef, 0x3a, 0x0f, 0x3b, 0x0e, 0x33, 0xef, 0x3a, 0x0f, 0x3b,
    0x0e, 0x33, 0xef, 0x3a, 0x0f, 0x3b, 0xee, 0x32, 0xef, 0x3a, 0x0f, 0x3b,
    0x0e, 0x33, 0xef, 0x3a, 0x0f, 0x3b, 0xee, 0x32, 0xef, 0x3a, 0x0f, 0x3b,
    0xee, 0x32, 0x0f, 0x3b, 0xef, 0x3a, 0x0e, 0x33, 0x0f, 0x3b, 0x0f, 0x3b,
    0xee, 0x32, 0x0f, 0x3b, 0xef, 0x3a, 0x0e, 0x33, 0xef, 0x3a, 0x0f, 0x3b,
    0xee, 0x32, 0x0f, 0x3b, 0xef, 0x3a, 0x0e, 0x33, 0xef, 0x3a, 0xef, 0x3a,
    0x0e, 0x33, 0xef, 0x3a, 0x0f, 0x3b, 0x0e, 0x33, 0xef, 0x3a, 0x0f, 0x3b,
    0x0e, 0x33, 0xef, 0x3a, 0x0f, 0x3b, 0xee, 0x32, 0x0f, 0x3b, 0x0f, 0x3b,
    0xee, 0x32, 0x0f, 0x3b, 0xef, 0x3a, 0xee, 0x32, 0x0f, 0x3b, 0x0f, 0x3b,
    0xee, 0x32, 0x0f, 0x3b, 0x0f, 0x3b, 0xee, 0x32, 0x0f, 0x3b, 0x0f, 0x3b,
    0xee, 0x32, 0xef, 0x3a, 0x0f, 0x3b, 0xee, 0x32, 0xef, 0x3a, 0x0f, 0x3b,
    0xee, 0x32, 0x0f, 0x3b, 0xef, 0x3a, 0xee, 0x32, 0xef, 0x3a, 0x0f, 0x3b,
    0xee, 0x32, 0xef, 0x3a, 0x0f, 0x3b, 0x0e, 0x33, 0xef, 0x3a, 0x0f, 0x3b,
    0xee, 0x32, 0xef, 0x3a, 0x0f, 0x3b, 0xee, 0x32, 0x0f, 0x3b, 0x0f, 0x3b,
    0xee, 0x32, 0x0f, 0x3b, 0xef, 0x3a, 0x0e, 0x33, 0xef, 0x3a, 0xef, 0x3a,
    0x0e, 0x33, 0x0f, 0x3b, 0xef, 0x3a, 0x0e, 0x33, 0x0f, 0x3b, 0xef, 0x3a,
    0x0e, 0x33, 0x0f, 0x3b, 0xef, 0x3a, 0x0e, 0x33, 0x0f, 0x3b, 0xef, 0x3a,
    0x0e, 0x33, 0xef, 0x3a, 0xef, 0x3a, 0x0e, 0x33, 0xef, 0x3a, 0xef, 0x3a,
    0x0e, 0x33, 0xef, 0x3a, 0x0f, 0x3b, 0x0e, 0x33, 0x0f, 0x3b, 0xef, 0x3a,
    0x0e, 0x33, 0x0f, 0x3b, 0xef, 0x3a, 0xee, 0x32, 0x0f, 0x3b, 0xef, 0x3a,
    0xee, 0x32, 0x0f, 0x3b, 0xef, 0x3a, 0x0e, 0x33, 0xef, 0x3a, 0x0f, 0x3b,
    0xee, 0x32, 0xef, 0x3a, 0x0f, 0x3b, 0x0e, 0x33, 0xef, 0x3a, 0x0f, 0x3b,
    0x0e, 0x33, 0xef, 0x3a, 0x0f, 0x3b, 0xee, 0x32, 0xef, 0x3a, 0x0f, 0x3b,
    0xee, 0x32, 0xef, 0x3a, 0x0f, 0x3b, 0xee, 0x32, 0xef, 0x3a, 0x0f, 0x3b,
    0xee, 0x32, 0xef, 0x3a, 0x0f, 0x3b, 0xee, 0x32, 0x0f, 0x3b, 0x0f, 0x3b,
    0xee, 0x32, 0x0f, 0x3b, 0x0f, 0x3b, 0xee, 0x32, 0xef, 0x3a, 0x0f, 0x3b,
    0xee, 0x32, 0xef, 0x3a, 0x0f, 0x3b, 0xee, 0x32, 0xef, 0x3a, 0x0f, 0x3b,
    0x0e, 0x33, 0xef, 0x3a, 0x0f, 0x3b, 0x0e, 0x33, 0xef, 0x3a, 0x0f, 0x3b,
    0x0e, 0x33, 0xef, 0x3a, 0x0f, 0x3b, 0xee, 0x32, 0xef, 0x3a, 0x0f, 0x3b,
    0xee, 0x32, 0xef, 0x3a, 0x0f, 0x3b, 0xee, 0x32, 0xef, 0x3a, 0x0f, 0x3b,
    0xee, 0x32, 0xef, 0x3a, 0x0f, 0x3b, 0xee, 0x32, 0x0f, 0x3b, 0x0f, 0x3b,
    0xee, 0x32, 0x0f, 0x3b, 0x0f, 0x3b, 0xee, 0x32, 0xef, 0x3a, 0x0f, 0x3b,
    0xee, 0x32, 0xef, 0x3a, 0x0f, 0x3b, 0xee, 0x32, 0xef, 0x3a, 0x0f, 0x3b,
    0x0e, 0x33, 0xef, 0x3a, 0x0f, 0x3b, 0x0e, 0x33, 0xef, 0x3a, 0x0f, 0x3b,
    0x0e, 0x33, 0xef, 0x3a, 0x0f, 0x3b, 0xee, 0x32, 0xef, 0x3a, 0x0f, 0x3b,
    0xee, 0x32, 0xef, 0x3a, 0x0f, 0x3b, 0xee, 0x32, 0xef, 0x3a, 0x0f, 0x3b,
    0xee, 0x32, 0xef, 0x3a, 0x0f, 0x3b, 0xee, 0x32, 0x0f, 0x3b, 0x0f, 0x3b,
    0xee, 0x32, 0x0f, 0x3b, 0x0f, 0x3b, 0xee, 0x32, 0xef, 0x3a, 0x0f, 0x3b,
    0xee, 0x32, 0xef, 0x3a, 0x0f, 0x3b, 0xee, 0x32, 0xef, 0x3a, 0x0f, 0x3b,
    0x0e, 0x33, 0xef, 0x3a, 0x0f, 0x3b, 0x0e, 0x33, 0xef, 0x3a, 0x0f, 0x3b,
    0x0e, 0x33, 0xef, 0x3a, 0x0f, 0x3b, 0xee, 0x32, 0xef, 0x3a, 0x0f, 0x3b,
    0xee, 0x32, 0xef, 0x3a, 0x0f, 0x3b, 0xee, 0x32, 0xef, 0x3a, 0x0f, 0x3b,
    0xee, 0x32, 0xef, 0x3a, 0x0f, 0x3b, 0xee, 0x32, 0x0f, 0x3b, 0x0f, 0x3b,
    0xee, 0x32, 0x0f, 0x3b, 0x0f, 0x3b, 0xee, 0x32, 0xef, 0x3a, 0x0f, 0x3b,
    0xee, 0x32, 0xef, 0x3a, 0x0f, 0x3b, 0xee, 0x32, 0xef, 0x3a, 0x0f, 0x3b,
    0x0e, 0x33, 0xef, 0x3a, 0x0f, 0x3b, 0x0e, 0x33, 0xef, 0x3a, 0x0f, 0x3b,
    0x0e, 0x33, 0xef, 0x3a, 0x0f, 0x3b, 0xee, 0x32, 0xef, 0x3a, 0x0f, 0x3b,
    0xee, 0x32, 0xef, 0x3a, 0x0f, 0x3b, 0xee, 0x32, 0xef, 0x3a, 0x0f, 0x3b,
    0xee, 0x32, 0xef, 0x3a, 0x0f, 0x3b, 0xee, 0x32, 0x0f, 0x3b, 0x0f, 0x3b,
    0xee, 0x32, 0x0f, 0x3b, 0x0f, 0x3b, 0xee, 0x32, 0xef, 0x3a, 0x0f, 0x3b,
    0xee, 0x32, 0xef, 0x3a, 0x0f, 0x3b, 0xee, 0x32, 0xef, 0x3a, 0x0f, 0x3b,
    0x0e, 0x33, 0xef, 0x3a, 0x0f, 0x3b, 0x0e, 0x33, 0xef, 0x3a, 0x0f, 0x3b,
    0x0e, 0x33, 0xef, 0x3a, 0x0f, 0x3b, 0xee, 0x32, 0xef, 0x3a, 0x0f, 0x3b,
    0xee, 0x32, 0xef, 0x3a, 0x0f, 0x3b, 0xee, 0x32, 0xef, 0x3a, 0x0f, 0x3b,
    0xee, 0x32, 0xef, 0x3a, 0x0f, 0x3b, 0xee, 0x32, 0x0f, 0x3b, 0x0f, 0x3b,
    0xee, 0x32, 0x0f, 0x3b, 0x0f, 0x3b, 0xee, 0x32, 0xef, 0x3a, 0x0f, 0x3b,
    0xee, 0x32, 0xef, 0x3a, 0x0f, 0x3b, 0xee, 0x32, 0xef, 0x3a, 0x0f, 0x3b,
    0x0e, 0x33, 0xef, 0x3a, 0x0f, 0x3b, 0x0e, 0x33, 0xef, 0x3a, 0x0f, 0x3b,
    0x0e, 0x33, 0xef, 0x3a, 0x0f, 0x3b, 0xee, 0x32, 0xef, 0x3a, 0x0f, 0x3b,
    0xee, 0x32, 0xef, 0x3a, 0x0f, 0x3b, 0xee, 0x32, 0xef, 0x3a, 0x0f, 0x3b,
    0xee, 0x32, 0xef, 0x3a, 0x0f, 0x3b, 0xee, 0x32, 0x0f, 0x3b, 0x0f, 0x3b,
    0xee, 0x32, 0x0f, 0x3b, 0x0f, 0x3b, 0xee, 0x32, 0xef, 0x3a, 0x0f, 0x3b,
    0xee, 0x32, 0xef, 0x3a, 0x0f, 0x3b, 0xee, 0x32, 0xef, 0x3a, 0x0f, 0x3b,
    0x0e, 0x33, 0xef, 0x3a, 0x0f, 0x3b, 0x0e, 0x33, 0xef, 0x3a, 0x0f, 0x3b,
    0x0e, 0x33, 0xef, 0x3a, 0x0f, 0x3b, 0xee, 0x32, 0xef, 0x3a, 0x0f, 0x3b,
    0xee, 0x32, 0xef, 0x3a, 0x0f, 0x3b, 0xee, 0x32, 0xef, 0x3a, 0x0f, 0x3b,
    0xee, 0x32, 0xef, 0x3a, 0x0f, 0x3b, 0xee, 0x32, 0x0f, 0x3b, 0x0f, 0x3b,
    0xee, 0x32, 0x0f, 0x3b, 0x0f, 0x3b, 0xee, 0x32, 0xef, 0x3a, 0x0f, 0x3b,
    0xee, 0x32, 0xef, 0x3a, 0x0f, 0x3b, 0xee, 0x32, 0xef, 0x3a, 0x0f, 0x3b,
    0x0e, 0x33, 0xef, 0x3a, 0x0f, 0x3b, 0x0e, 0x33, 0xef, 0x3a, 0x0f, 0x3b,
    0x0e, 0x33, 0xef, 0x3a, 0x0f, 0x3b, 0xee, 0x32, 0xef, 0x3a, 0x0f, 0x3b,
    0xee, 0x32, 0xef, 0x3a, 0x0f, 0x3b, 0xee, 0x32, 0xef, 0x3a, 0x0f, 0x3b,
    0xee, 0x32, 0xef, 0x3a, 0x0f, 0x3b, 0xee, 0x32, 0x0f, 0x3b, 0x0f, 0x3b,
    0xee, 0x32, 0x0f, 0x3b, 0x0f, 0x3b, 0xee, 0x32, 0xef, 0x3a, 0x0f, 0x3b,
    0xee, 0x32, 0xef, 0x3a, 0x0f, 0x3b, 0xee, 0x32, 0xef, 0x3a, 0x0f, 0x3b,
    0x0e, 0x33, 0xef, 0x3a, 0x0f, 0x3b, 0x0e, 0x33, 0xef, 0x3a, 0x0f, 0x3b,
    0x0e, 0x33, 0xef, 0x3a, 0x0f, 0x3b, 0xee, 0x32, 0xef, 0x3a, 0x0f, 0x3b,
    0xee, 0x32, 0xef, 0x3a, 0x0f, 0x3b, 0xee, 0x32, 0xef, 0x3a, 0x0f, 0x3b,
    0xee, 0x32, 0xef, 0x3a, 0x0f, 0x3b, 0xee, 0x32, 0x0f, 0x3b, 0x0f, 0x3b,
    0xee, 0x32, 0x0f, 0x3b, 0x0f, 0x3b, 0xee, 0x32, 0xef, 0x3a, 0x0f, 0x3b,
    0xee, 0x32, 0xef, 0x3a, 0x0f, 0x3b, 0xee, 0x32, 0xef, 0x3a, 0x0f, 0x3b,
    0x0e, 0x33, 0xef, 0x3a, 0x0f, 0x3b, 0x0e, 0x33, 0xef, 0x3a, 0x0f, 0x3b,
    0x0e, 0x33, 0xef, 0x3a, 0x0f, 0x3b, 0xee, 0x32, 0xef, 0x3a, 0x0f, 0x3b,
    0xee, 0x32, 0xef, 0x3a, 0x0f, 0x3b, 0xee, 0x32, 0xef, 0x3a, 0x0f, 0x3b,
    0xee, 0x32, 0xef, 0x3a, 0x0f, 0x3b, 0xee, 0x32, 0x0f, 0x3b, 0x0f, 0x3b,
    0xee, 0x32, 0x0f, 0x3b, 0x0f, 0x3b, 0xee, 0x32, 0xef, 0x3a, 0x0f, 0x3b,
    0xee, 0x32, 0xef, 0x3a, 0x0f, 0x3b, 0xee, 0x32, 0xef, 0x3a, 0x0f, 0x3b,
    0x0e, 0x33, 0xef, 0x3a, 0x0f, 0x3b, 0x0e, 0x33, 0xef, 0x3a, 0x0f, 0x3b,
    0x0e, 0x33, 0xef, 0x3a, 0x0f, 0x3b, 0xee, 0x32, 0xef, 0x3a, 0x0f, 0x3b,
    0xee, 0x32, 0xef, 0x3a, 0x0f, 0x3b, 0xee, 0x32, 0xef, 0x3a, 0x0f, 0x3b,
    0xee, 0x32, 0xef, 0x3a, 0x0f, 0x3b, 0xee, 0x32, 0x0f, 0x3b, 0x0f, 0x3b,
    0xee, 0x32, 0x0f, 0x3b, 0x0f, 0x3b, 0xee, 0x32, 0xef, 0x3a, 0x0f, 0x3b,
    0xee, 0x32, 0xef, 0x3a, 0x0f, 0x3b, 0xee, 0x32, 0xef, 0x3a, 0x0f, 0x3b,
    0x0e, 0x33, 0xef, 0x3a, 0x0f, 0x3b, 0x0e, 0x33, 0xef, 0x3a, 0x0f, 0x3b,
    0x0e, 0x33, 0xef, 0x3a, 0x0f, 0x3b, 0xee, 0x32, 0xef, 0x3a, 0x0f, 0x3b,
    0xee, 0x32, 0xef, 0x3a, 0x0f, 0x3b, 0xee, 0x32, 0xef, 0x3a, 0x0f, 0x3b,
    0xee, 0x32, 0xef, 0x3a, 0x0f, 0x3b, 0xee, 0x32, 0x0f, 0x3b, 0x0f, 0x3b,
    0xee, 0x32, 0x0f, 0x3b, 0x0f, 0x3b, 0xee, 0x32, 0xef, 0x3a, 0x0f, 0x3b,
    0xee, 0x32, 0xef, 0x3a, 0x0f, 0x3b, 0xee, 0x32, 0xef, 0x3a, 0x0f, 0x3b,
    0x0e, 0x33, 0xef, 0x3a, 0x0f, 0x3b, 0x0e, 0x33, 0xef, 0x3a, 0x0f, 0x3b,
    0x0e, 0x33, 0xef, 0x3a, 0x0f, 0x3b, 0xee, 0x32, 0xef, 0x3a, 0x0f, 0x3b,
    0xee, 0x32, 0xef, 0x3a, 0x0f, 0x3b, 0xee, 0x32, 0xef, 0x3a, 0x0f, 0x3b,
    0xee, 0x32, 0xef, 0x3a, 0x0f, 0x3b, 0xee, 0x32, 0x0f, 0x3b, 0x0f, 0x3b,
    0xee, 0x32, 0x0f, 0x3b, 0x0f, 0x3b, 0xee, 0x32, 0xef, 0x3a, 0x0f, 0x3b,
    0xee, 0x32, 0xef, 0x3a, 0x0f, 0x3b, 0xee, 0x32, 0xef, 0x3a, 0x0f, 0x3b,
    0x0e, 0x33, 0xef, 0x3a, 0x0f, 0x3b, 0x0e, 0x33, 0xef, 0x3a, 0x0f, 0x3b,
    0x0e, 0x33, 0xef, 0x3a, 0x0f, 0x3b, 0xee, 0x32, 0xef, 0x3a, 0x0e, 0x33,
    0xee, 0x32, 0xef, 0x3a, 0x0e, 0x33, 0xef, 0x3a, 0xef, 0x3a, 0x0e, 0x33,
    0xef, 0x3a, 0xee, 0x32, 0x0e, 0x33, 0xef, 0x3a, 0x0e, 0x33, 0x0e, 0x33,
    0xef, 0x3a, 0x0e, 0x33, 0x0e, 0x33, 0xef, 0x3a, 0xee, 0x32, 0x0e, 0x33,
    0xef, 0x3a, 0xef, 0x3a, 0x0e, 0x33, 0xef, 0x3a, 0xef, 0x3a, 0x0e, 0x33,
    0xef, 0x3a, 0xef, 0x3a, 0x0e, 0x33, 0x0f, 0x3b, 0xef, 0x3a, 0x0e, 0x33,
    0xef, 0x3a, 0xee, 0x32, 0x0e, 0x33, 0xef, 0x3a, 0x0e, 0x33, 0x0e, 0x33,
    0xef, 0x3a, 0x0f, 0x3b, 0x0e, 0x33, 0xef, 0x3a, 0x0f, 0x3b, 0xee, 0x32,
    0xef, 0x3a, 0x0f, 0x3b, 0xee, 0x32, 0x0f, 0x3b, 0x0f, 0x3b, 0xee, 0x32,
    0x0f, 0x3b, 0x0f, 0x3b, 0xee, 0x32, 0x0f, 0x3b, 0xee, 0x32, 0x0f, 0x3b,
    0xee, 0x32, 0x0e, 0x33, 0xef, 0x3a, 0x0e, 0x33, 0xef, 0x3a, 0x0f, 0x3b,
    0xee, 0x32, 0x0f, 0x3b, 0xef, 0x3a, 0x0e, 0x33, 0xef, 0x3a, 0x0e, 0x33,
    0xee, 0x32, 0xef, 0x3a, 0x0e, 0x33, 0xef, 0x3a, 0x0f, 0x3b, 0xee, 0x32,
    0xef, 0x3a, 0x0f, 0x3b, 0xee, 0x32, 0xee, 0x32, 0x0f, 0x3b, 0x0e, 0x33,
    0xee, 0x32, 0x0f, 0x3b, 0x0f, 0x3b, 0xee, 0x32, 0x0f, 0x3b, 0x0e, 0x33,
    0xee, 0x32, 0x0f, 0x3b, 0xee, 0x32, 0x0e, 0x33, 0x0f, 0x3b, 0xee, 0x32,
    0xef, 0x3a, 0x0f, 0x3b, 0xef, 0x3a, 0x0e, 0x33, 0x0f, 0x3b, 0xef, 0x3a,
    0x0e, 0x33, 0xee, 0x32, 0x0f, 0x3b, 0xee, 0x32, 0xee, 0x32, 0x0f, 0x3b,
    0x0e, 0x33, 0xee, 0x32, 0xef, 0x3a, 0x0e, 0x33, 0x0f, 0x3b, 0xee, 0x32,
    0xef, 0x3a, 0x0e, 0x33, 0xef, 0x3a, 0x0f, 0x3b, 0x0e, 0x33, 0xef, 0x3a,
    0xef, 0x3a, 0x0e, 0x33, 0xef, 0x3a, 0x0f, 0x3b, 0x0e, 0x33, 0xee, 0x32,
    0x0f, 0x3b, 0xef, 0x3a, 0x0e, 0x33, 0xee, 0x32, 0x0f, 0x3b, 0x0e, 0x33,
    0xee, 0x32, 0x0f, 0x3b, 0x0e, 0x33, 0xee, 0x32, 0xef, 0x3a, 0x0e, 0x33,
    0xef, 0x3a, 0xee, 0x32, 0x0e, 0x33, 0xef, 0x3a, 0x0e, 0x33, 0xee, 0x32,
    0x0f, 0x3b, 0x0e, 0x33, 0xee, 0x32, 0x0f, 0x3b, 0xee, 0x32, 0xee, 0x32,
    0x0f, 0x3b, 0xee, 0x32, 0x0e, 0x33, 0xef, 0x3a, 0xee, 0x32, 0x0e, 0x33,
    0xef, 0x3a, 0x0e, 0x33, 0xee, 0x32, 0x0f, 0x3b, 0xee, 0x32, 0x0e, 0x33,
    0xef, 0x3a, 0x0e, 0x33, 0xee, 0x32, 0xef, 0x3a, 0x0e, 0x33, 0xee, 0x32,
    0xef, 0x3a, 0x0e, 0x33, 0xee, 0x32, 0x0f, 0x3b, 0x0e, 0x33, 0xee, 0x32,
    0x0f, 0x3b, 0xee, 0x32, 0xee, 0x32, 0x0f, 0x3b, 0xee, 0x32, 0x0e, 0x33,
    0x0f, 0x3b, 0xee, 0x32, 0xee, 0x32, 0x0f, 0x3b, 0xee, 0x32, 0xee, 0x32,
    0x0f, 0x3b, 0xee, 0x32, 0x0e, 0x33, 0x0f, 0x3b, 0xee, 0x32, 0xee, 0x32,
    0x0f, 0x3b, 0xee, 0x32, 0x0e, 0x33, 0xef, 0x3a, 0x0e, 0x33, 0x0e, 0x33,
    0xef, 0x3a, 0x0e, 0x33, 0xee, 0x32, 0xef, 0x3a, 0x0e, 0x33, 0xee, 0x32,
    0xef, 0x3a, 0x0e, 0x33, 0xee, 0x32, 0x0f, 0x3b, 0x0e, 0x33, 0xee, 0x32,
    0xef, 0x3a, 0x0e, 0x33, 0x0e, 0x33, 0xef, 0x3a, 0x0e, 0x33, 0xee, 0x32,
    0xef, 0x3a, 0x0e, 0x33, 0xee, 0x32, 0x0f, 0x3b, 0xee, 0x32, 0xee, 0x32,
    0x0f, 0x3b, 0xee, 0x32, 0x0e, 0x33, 0x0f, 0x3b, 0xee, 0x32, 0x0e, 0x33,
    0x0f, 0x3b, 0xee, 0x32, 0xee, 0x32, 0x0f, 0x3b, 0x0e, 0x33, 0xee, 0x32,
    0x0f, 0x3b, 0x0e, 0x33, 0xee, 0x32, 0xef, 0x3a, 0x0e, 0x33, 0xee, 0x32,
    0xef, 0x3a, 0x0e, 0x33, 0x0e, 0x33, 0xef, 0x3a, 0x0e, 0x33, 0xee, 0x32,
    0xef, 0x3a, 0x0e, 0x33, 0x0e, 0x33, 0xef, 0x3a, 0x0e, 0x33, 0x0e, 0x33,
    0xef, 0x3a, 0x0e, 0x33, 0xee, 0x32, 0xef, 0x3a, 0x0e, 0x33, 0xee, 0x32,
    0xef, 0x3a, 0x0e, 0x33, 0xee, 0x32, 0xef, 0x3a, 0x0e, 0x33, 0xee, 0x32,
    0xef, 0x3a, 0x0e, 0x33, 0x0e, 0x33, 0xef, 0x3a, 0x0e, 0x33, 0x0e, 0x33,
    0xef, 0x3a, 0x0e, 0x33, 0xee, 0x32, 0xef, 0x3a, 0x0e, 0x33, 0xee, 0x32,
    0xef, 0x3a, 0x0e, 0x33, 0xee, 0x32, 0x0f, 0x3b, 0x0e, 0x33, 0xee, 0x32,
    0x0f, 0x3b, 0xee, 0x32, 0x0e, 0x33, 0xef, 0x3a, 0xee, 0x32, 0x0e, 0x33,
    0xef, 0x3a, 0x0e, 0x33, 0xee, 0x32, 0xef, 0x3a, 0x0e, 0x33, 0xee, 0x32,
    0xef, 0x3a, 0x0e, 0x33, 0xee, 0x32, 0x0f, 0x3b, 0x0e, 0x33, 0xee, 0x32,
    0x0f, 0x3b, 0x0e, 0x33, 0xee, 0x32, 0x0f, 0x3b, 0xee, 0x32, 0x0e, 0x33,
    0x0f, 0x3b, 0xee, 0x32, 0x0e, 0x33, 0x0f, 0x3b, 0xee, 0x32, 0xee, 0x32,
    0x0f, 0x3b, 0xee, 0x32, 0xee, 0x32, 0x0f, 0x3b, 0xee, 0x32, 0x0e, 0x33,
    0x0f, 0x3b, 0xee, 0x32, 0x0e, 0x33, 0x0f, 0x3b, 0xee, 0x32, 0x0e, 0x33,
    0xef, 0x3a, 0xee, 0x32, 0x0e, 0x33, 0xef, 0x3a, 0xee, 0x32, 0x0e, 0x33,
    0xef, 0x3a, 0x0e, 0x33, 0xee, 0x32, 0x0f, 0x3b, 0x0e, 0x33, 0xee, 0x32,
    0x0f, 0x3b, 0x0e, 0x33, 0xee, 0x32, 0x0f, 0x3b, 0x0e, 0x33, 0xee, 0x32,
    0x0f, 0x3b, 0x0e, 0x33, 0xee, 0x32, 0x0f, 0x3b, 0xee, 0x32, 0xee, 0x32,
    0x0f, 0x3b, 0xee, 0x32, 0xee, 0x32, 0x0f, 0x3b, 0xee, 0x32, 0x0e, 0x33,
    0x0f, 0x3b, 0xee, 0x32, 0x0e, 0x33, 0x0f, 0x3b, 0xee, 0x32, 0x0e, 0x33,
    0xef, 0x3a, 0xee, 0x32, 0x0e, 0x33, 0xef, 0x3a, 0xee, 0x32, 0x0e, 0x33,
    0xef, 0x3a, 0x0e, 0x33, 0xee, 0x32, 0x0f, 0x3b, 0x0e, 0x33, 0xee, 0x32,
    0x0f, 0x3b, 0x0e, 0x33, 0xee, 0x32, 0x0f, 0x3b, 0x0e, 0x33, 0xee, 0x32,
    0x0f, 0x3b, 0x0e, 0x33, 0xee, 0x32, 0x0f, 0x3b, 0xee, 0x32, 0xee, 0x32,
    0x0f, 0x3b, 0xee, 0x32, 0xee, 0x32, 0x0f, 0x3b, 0xee, 0x32, 0x0e, 0x33,
    0x0f, 0x3b, 0xee, 0x32, 0x0e, 0x33, 0x0f, 0x3b, 0xee, 0x32, 0x0e, 0x33,
    0xef, 0x3a, 0xee, 0x32, 0x0e, 0x33, 0xef, 0x3a, 0xee, 0x32, 0x0e, 0x33,
    0xef, 0x3a, 0x0e, 0x33, 0xee, 0x32, 0x0f, 0x3b, 0x0e, 0x33, 0xee, 0x32,
    0x0f, 0x3b, 0x0e, 0x33, 0xee, 0x32, 0x0f, 0x3b, 0x0e, 0x33, 0xee, 0x32,
    0x0f, 0x3b, 0x0e, 0x33, 0xee, 0x32, 0x0f, 0x3b, 0xee, 0x32, 0xee, 0x32,
    0x0f, 0x3b, 0xee, 0x32, 0xee, 0x32, 0x0f, 0x3b, 0xee, 0x32, 0x0e, 0x33,
    0x0f, 0x3b, 0xee, 0x32, 0x0e, 0x33, 0x0f, 0x3b, 0xee, 0x32, 0x0e, 0x33,
    0xef, 0x3a, 0xee, 0x32, 0x0e, 0x33, 0xef, 0x3a, 0xee, 0x32, 0x0e, 0x33,
    0xef, 0x3a, 0x0e, 0x33, 0xee, 0x32, 0x0f, 0x3b, 0x0e, 0x33, 0xee, 0x32,
    0x0f, 0x3b, 0x0e, 0x33, 0xee, 0x32, 0x0f, 0x3b, 0x0e, 0x33, 0xee, 0x32,
    0x0f, 0x3b, 0x0e, 0x33, 0xee, 0x32, 0x0f, 0x3b, 0xee, 0x32, 0xee, 0x32,
    0x0f, 0x3b, 0xee, 0x32, 0xee, 0x32, 0x0f, 0x3b, 0xee, 0x32, 0x0e, 0x33,
    0x0f, 0x3b, 0xee, 0x32, 0x0e, 0x33, 0x0f, 0x3b, 0xee, 0x32, 0x0e, 0x33,
    0xef, 0x3a, 0xee, 0x32, 0x0e, 0x33, 0xef, 0x3a, 0xee, 0x32, 0x0e, 0x33,
    0xef, 0x3a, 0x0e, 0x33, 0xee, 0x32, 0x0f, 0x3b, 0x0e, 0x33, 0xee, 0x32,
    0x0f, 0x3b, 0x0e, 0x33, 0xee, 0x32, 0x0f, 0x3b, 0x0e, 0x33, 0xee, 0x32,
    0x0f, 0x3b, 0x0e, 0x33, 0xee, 0x32, 0x0f, 0x3b, 0xee, 0x32, 0xee, 0x32,
    0x0f, 0x3b, 0xee, 0x32, 0xee, 0x32, 0x0f, 0x3b, 0xee, 0x32, 0x0e, 0x33,
    0x0f, 0x3b, 0xee, 0x32, 0x0e, 0x33, 0x0f, 0x3b, 0xee, 0x32, 0x0e, 0x33,
    0xef, 0x3a, 0xee, 0x32, 0x0e, 0x33, 0xef, 0x3a, 0xee, 0x32, 0x0e, 0x33,
    0xef, 0x3a, 0x0e, 0x33, 0xee, 0x32, 0x0f, 0x3b, 0x0e, 0x33, 0xee, 0x32,
    0x0f, 0x3b, 0x0e, 0x33, 0xee, 0x32, 0x0f, 0x3b, 0x0e, 0x33, 0xee, 0x32,
    0x0f, 0x3b, 0x0e, 0x33, 0xee, 0x32, 0x0f, 0x3b, 0xee, 0x32, 0xee, 0x32,
    0x0f, 0x3b, 0xee, 0x32, 0xee, 0x32, 0x0f, 0x3b, 0xee, 0x32, 0x0e, 0x33,
    0x0f, 0x3b, 0xee, 0x32, 0x0e, 0x33, 0x0f, 0x3b, 0xee, 0x32, 0x0e, 0x33,
    0xef, 0x3a, 0xee, 0x32, 0x0e, 0x33, 0xef, 0x3a, 0xee, 0x32, 0x0e, 0x33,
    0xef, 0x3a, 0x0e, 0x33, 0xee, 0x32, 0x0f, 0x3b, 0x0e, 0x33, 0xee, 0x32,
    0x0f, 0x3b, 0x0e, 0x33, 0xee, 0x32, 0x0f, 0x3b, 0x0e, 0x33, 0xee, 0x32,
    0x0f, 0x3b, 0x0e, 0x33, 0xee, 0x32, 0x0f, 0x3b, 0xee, 0x32, 0xee, 0x32,
    0x0f, 0x3b, 0xee, 0x32, 0xee, 0x32, 0x0f, 0x3b, 0xee, 0x32, 0x0e, 0x33,
    0x0f, 0x3b, 0xee, 0x32, 0x0e, 0x33, 0x0f, 0x3b, 0xee, 0x32, 0x0e, 0x33,
    0xef, 0x3a, 0xee, 0x32, 0x0e, 0x33, 0xef, 0x3a, 0xee, 0x32, 0x0e, 0x33,
    0xef, 0x3a, 0x0e, 0x33, 0xee, 0x32, 0x0f, 0x3b, 0x0e, 0x33, 0xee, 0x32,
    0x0f, 0x3b, 0x0e, 0x33, 0xee, 0x32, 0x0f, 0x3b, 0x0e, 0x33, 0xee, 0x32,
    0x0f, 0x3b, 0x0e, 0x33, 0xee, 0x32, 0x0f, 0x3b, 0xee, 0x32, 0xee, 0x32,
    0x0f, 0x3b, 0xee, 0x32, 0xee, 0x32, 0x0f, 0x3b, 0xee, 0x32, 0x0e, 0x33,
    0x0f, 0x3b, 0xee, 0x32, 0x0e, 0x33, 0x0f, 0x3b, 0xee, 0x32, 0x0e, 0x33,
    0xef, 0x3a, 0xee, 0x32, 0x0e, 0x33, 0xef, 0x3a, 0xee, 0x32, 0x0e, 0x33,
    0xef, 0x3a, 0x0e, 0x33, 0xee, 0x32, 0x0f, 0x3b, 0x0e, 0x33, 0xee, 0x32,
    0x0f, 0x3b, 0x0e, 0x33, 0xee, 0x32, 0x0f, 0x3b, 0x0e, 0x33, 0xee, 0x32,
    0x0f, 0x3b, 0x0e, 0x33, 0xee, 0x32, 0x0f, 0x3b, 0xee, 0x32, 0xee, 0x32,
    0x0f, 0x3b, 0xee, 0x32, 0xee, 0x32, 0x0f, 0x3b, 0xee, 0x32, 0x0e, 0x33,
    0x0f, 0x3b, 0xee, 0x32, 0x0e, 0x33, 0x0f, 0x3b, 0xee, 0x32, 0x0e, 0x33,
    0xef, 0x3a, 0xee, 0x32, 0x0e, 0x33, 0xef, 0x3a, 0xee, 0x32, 0x0e, 0x33,
    0xef, 0x3a, 0x0e, 0x33, 0xee, 0x32, 0x0f, 0x3b, 0x0e, 0x33, 0xee, 0x32,
    0x0f, 0x3b, 0x0e, 0x33, 0xee, 0x32, 0x0f, 0x3b, 0x0e, 0x33, 0xee, 0x32,
    0x0f, 0x3b, 0x0e, 0x33, 0xee, 0x32, 0x0f, 0x3b, 0xee, 0x32, 0xee, 0x32,
    0x0f, 0x3b, 0xee, 0x32, 0xee, 0x32, 0x0f, 0x3b, 0xee, 0x32, 0x0e, 0x33,
    0x0f, 0x3b, 0xee, 0x32, 0x0e, 0x33, 0x0f, 0x3b, 0xee, 0x32, 0x0e, 0x33,
    0xef, 0x3a, 0xee, 0x32, 0x0e, 0x33, 0xef, 0x3a, 0xee, 0x32, 0x0e, 0x33,
    0xef, 0x3a, 0x0e, 0x33, 0xee, 0x32, 0x0f, 0x3b, 0x0e, 0x33, 0xee, 0x32,
    0x0f, 0x3b, 0x0e, 0x33, 0xee, 0x32, 0x0f, 0x3b, 0x0e, 0x33, 0xee, 0x32,
    0x0f, 0x3b, 0x0e, 0x33, 0xee, 0x32, 0x0f, 0x3b, 0xee, 0x32, 0xee, 0x32,
    0x0f, 0x3b, 0xee, 0x32, 0xee, 0x32, 0x0f, 0x3b, 0xee, 0x32, 0x0e, 0x33,
    0x0f, 0x3b, 0xee, 0x32, 0x0e, 0x33, 0x0f, 0x3b, 0xee, 0x32, 0x0e, 0x33,
    0xef, 0x3a, 0xee, 0x32, 0x0e, 0x33, 0xef, 0x3a, 0xee, 0x32, 0x0e, 0x33,
    0xef, 0x3a, 0x0e, 0x33, 0xee, 0x32, 0x0f, 0x3b, 0x0e, 0x33, 0xee, 0x32,
    0x0f, 0x3b, 0x0e, 0x33, 0xee, 0x32, 0x0f, 0x3b, 0x0e, 0x33, 0xee, 0x32,
    0x0f, 0x3b, 0x0e, 0x33, 0xee, 0x32, 0x0f, 0x3b, 0xee, 0x32, 0xee, 0x32,
    0x0f, 0x3b, 0xee, 0x32, 0xee, 0x32, 0x0f, 0x3b, 0xee, 0x32, 0x0e, 0x33,
    0x0f, 0x3b, 0xee, 0x32, 0x0e, 0x33, 0x0f, 0x3b, 0xee, 0x32, 0x0e, 0x33,
    0xef, 0x3a, 0xee, 0x32, 0x0e, 0x33, 0xef, 0x3a, 0xee, 0x32, 0x0e, 0x33,
    0xef, 0x3a, 0x0e, 0x33, 0xee, 0x32, 0x0f, 0x3b, 0x0e, 0x33, 0xee, 0x32,
    0x0f, 0x3b, 0x0e, 0x33, 0xee, 0x32, 0x0f, 0x3b, 0x0e, 0x33, 0xee, 0x32,
    0x0f, 0x3b, 0x0e, 0x33, 0xee, 0x32, 0x0f, 0x3b, 0xee, 0x32, 0xee, 0x32,
    0x0f, 0x3b, 0xee, 0x32, 0xee, 0x32, 0x0f, 0x3b, 0xee, 0x32, 0x0e, 0x33,
    0x0f, 0x3b, 0xee, 0x32, 0x0e, 0x33, 0x0f, 0x3b, 0xee, 0x32, 0x0e, 0x33,
    0xef, 0x3a, 0xee, 0x32, 0x0e, 0x33, 0xef, 0x3a, 0xee, 0x32, 0x0e, 0x33,
    0xef, 0x3a, 0x0e, 0x33, 0xee, 0x32, 0x0f, 0x3b, 0x0e, 0x33, 0xef, 0x3a,
    0x0f, 0x3b, 0x0e, 0x33, 0xef, 0x3a, 0x0e, 0x33, 0x0e, 0x33, 0xef, 0x3a,
    0x0e, 0x33, 0x0f, 0x3b, 0xef, 0x3a, 0x0e, 0x33, 0xef, 0x3a, 0xef, 0x3a,
    0x0e, 0x33, 0xef, 0x3a, 0xef, 0x3a, 0x0e, 0x33, 0xef, 0x3a, 0x0f, 0x3b,
    0x0e, 0x33, 0xef, 0x3a, 0x0e, 0x33, 0x0e, 0x33, 0xef, 0x3a, 0x0e, 0x33,
    0x0f, 0x3b, 0xee, 0x32, 0x0e, 0x33, 0xef, 0x3a, 0xee, 0x32, 0x0f, 0x3b,
    0xee, 0x32, 0x0f, 0x3b, 0x0f, 0x3b, 0xee, 0x32, 0xef, 0x3a, 0x0f, 0x3b,
    0xee, 0x32, 0xee, 0x32, 0x0f, 0x3b, 0xee, 0x32, 0xee, 0x32, 0x0f, 0x3b,
    0x0e, 0x33, 0xee, 0x32, 0x0f, 0x3b, 0xee, 0x32, 0xee, 0x32, 0x0f, 0x3b,
    0xee, 0x32, 0xee, 0x32, 0x0f, 0x3b, 0xee, 0x32, 0xef, 0x3a, 0x0e, 0x33,
    0xef, 0x3a, 0x0f, 0x3b, 0xee, 0x32, 0xef, 0x3a, 0x0e, 0x33, 0xee, 0x32,
    0x0f, 0x3b, 0xee, 0x32, 0x0e, 0x33, 0xef, 0x3a, 0x0e, 0x33, 0xef, 0x3a,
    0x0f, 0x3b, 0x0e, 0x33, 0xef, 0x3a, 0x0e, 0x33, 0xee, 0x32, 0x0f, 0x3b,
    0xee, 0x32, 0x0e, 0x33, 0x0f, 0x3b, 0xef, 0x3a, 0x0e, 0x33, 0xef, 0x3a,
    0xef, 0x3a, 0x0e, 0x33, 0xee, 0x32, 0xef, 0x3a, 0x0e, 0x33, 0xef, 0x3a,
    0x0f, 0x3b, 0xee, 0x32, 0x0f, 0x3b, 0xef, 0x3a, 0x0e, 0x33, 0xef, 0x3a,
    0x0e, 0x33, 0xee, 0x32, 0x0e, 0x33, 0xef, 0x3a, 0xee, 0x32, 0x0f, 0x3b,
    0xee, 0x32, 0x0f, 0x3b, 0x0f, 0x3b, 0xee, 0x32, 0x0f, 0x3b, 0x0f, 0x3b,
    0xee, 0x32, 0x0f, 0x3b, 0x0e, 0x33, 0xef, 0x3a, 0xef, 0x3a, 0x0e, 0x33,
    0x0e, 0x33, 0xef, 0x3a, 0x0e, 0x33, 0xee, 0x32, 0xef, 0x3a, 0x0e, 0x33,
    0xee, 0x32, 0x0f, 0x3b, 0x0e, 0x33, 0xee, 0x32, 0xef, 0x3a, 0x0f, 0x3b,
    0xee, 0x32, 0x0f, 0x3b, 0xee, 0x32, 0x0f, 0x3b, 0xee, 0x32, 0xef, 0x3a,
    0x0f, 0x3b, 0xee, 0x32, 0x0f, 0x3b, 0xef, 0x3a, 0x0e, 0x33, 0x0f, 0x3b,
    0xee, 0x32, 0x0f, 0x3b, 0xee, 0x32, 0x0f, 0x3b, 0xef, 0x3a, 0x0e, 0x33,
    0xef, 0x3a, 0xef, 0x3a, 0x0e, 0x33, 0xef, 0x3a, 0xef, 0x3a, 0x0e, 0x33,
    0x0f, 0x3b, 0xef, 0x3a, 0xee, 0x32, 0x0f, 0x3b, 0xef, 0x3a, 0x0e, 0x33,
    0x0f, 0x3b, 0xef, 0x3a, 0x0e, 0x33, 0xef, 0x3a, 0xef, 0x3a, 0x0e, 0x33,
    0x0f, 0x3b, 0xef, 0x3a, 0x0e, 0x33, 0xef, 0x3a, 0x0f, 0x3b, 0x0e, 0x33,
    0xef, 0x3a, 0x0f, 0x3b, 0x0e, 0x33, 0xef, 0x3a, 0xef, 0x3a, 0x0e, 0x33,
    0xef, 0x3a, 0x0f, 0x3b, 0x0e, 0x33, 0xef, 0x3a, 0x0f, 0x3b, 0xee, 0x32,
    0xef, 0x3a, 0x0f, 0x3b, 0x0e, 0x33, 0xef, 0x3a, 0x0f, 0x3b, 0x0e, 0x33,
    0xef, 0x3a, 0x0f, 0x3b, 0xee, 0x32, 0xef, 0x3a, 0x0f, 0x3b, 0xee, 0x32,
    0x0f, 0x3b, 0x0f, 0x3b, 0xee, 0x32, 0x0f, 0x3b, 0xef, 0x3a, 0x0e, 0x33,
    0xef, 0x3a, 0xef, 0x3a, 0x0e, 0x33, 0x0f, 0x3b, 0xef, 0x3a, 0x0e, 0x33,
    0x0f, 0x3b, 0xef, 0x3a, 0x0e, 0x33, 0xef, 0x3a, 0xef, 0x3a, 0x0e, 0x33,
    0xef, 0x3a, 0x0f, 0x3b, 0xee, 0x32, 0xef, 0x3a, 0x0f, 0x3b, 0xee, 0x32,
    0x0f, 0x3b, 0x0f, 0x3b, 0xee, 0x32, 0x0f, 0x3b, 0xef, 0x3a, 0xee, 0x32,
    0x0f, 0x3b, 0x0f, 0x3b, 0xee, 0x32, 0xef, 0x3a, 0x0f, 0x3b, 0xee, 0x32,
    0xef, 0x3a, 0x0f, 0x3b, 0x0e, 0x33, 0xef, 0x3a, 0x0f, 0x3b, 0xee, 0x32,
    0x0f, 0x3b, 0x0f, 0x3b, 0xee, 0x32, 0x0f, 0x3b, 0x0f, 0x3b, 0xee, 0x32,
    0x0f, 0x3b, 0x0f, 0x3b, 0xee, 0x32, 0x0f, 0x3b, 0xef, 0x3a, 0x0e, 0x33,
    0x0f, 0x3b, 0xef, 0x3a, 0xee, 0x32, 0x0f, 0x3b, 0xef, 0x3a, 0xee, 0x32,
    0x0f, 0x3b, 0xef, 0x3a, 0x0e, 0x33, 0x0f, 0x3b, 0xef, 0x3a, 0x0e, 0x33,
    0x0f, 0x3b, 0xef, 0x3a, 0x0e, 0x33, 0x0f, 0x3b, 0xef, 0x3a, 0x0e, 0x33,
    0x0f, 0x3b, 0xef, 0x3a, 0xee, 0x32, 0x0f, 0x3b, 0xef, 0x3a, 0xee, 0x32,
    0x0f, 0x3b, 0xef, 0x3a, 0x0e, 0x33, 0x0f, 0x3b, 0xef, 0x3a, 0x0e, 0x33,
    0x0f, 0x3b, 0xef, 0x3a, 0x0e, 0x33, 0xef, 0x3a, 0xef, 0x3a, 0x0e, 0x33,
    0xef, 0x3a, 0x0f, 0x3b, 0xee, 0x32, 0x0f, 0x3b, 0x0f, 0x3b, 0xee, 0x32,
    0x0f, 0x3b, 0x0f, 0x3b, 0xee, 0x32, 0x0f, 0x3b, 0x0f, 0x3b, 0x0e, 0x33,
    0xef, 0x3a, 0x0f, 0x3b, 0x0e, 0x33, 0xef, 0x3a, 0xef, 0x3a, 0x0e, 0x33,
    0xef, 0x3a, 0xef, 0x3a, 0x0e, 0x33, 0xef, 0x3a, 0x0f, 0x3b, 0xee, 0x32,
    0x0f, 0x3b, 0xef, 0x3a, 0x0e, 0x33, 0xef, 0x3a, 0xef, 0x3a, 0x0e, 0x33,
    0x0f, 0x3b, 0xef, 0x3a, 0x0e, 0x33, 0xef, 0x3a, 0x0f, 0x3b, 0xee, 0x32,
    0xef, 0x3a, 0x0f, 0x3b, 0xee, 0x32, 0xef, 0x3a, 0x0f, 0x3b, 0xee, 0x32,
    0x0f, 0x3b, 0x0f, 0x3b, 0xee, 0x32, 0x0f, 0x3b, 0x0f, 0x3b, 0xee, 0x32,
    0x0f, 0x3b, 0xef, 0x3a, 0x0e, 0x33, 0xef, 0x3a, 0xef, 0x3a, 0x0e, 0x33,
    0xef, 0x3a, 0xef, 0x3a, 0x0e, 0x33, 0xef, 0x3a, 0xef, 0x3a, 0x0e, 0x33,
    0xef, 0x3a, 0xef, 0x3a, 0x0e, 0x33, 0xef, 0x3a, 0x0f, 0x3b, 0x0e, 0x33,
    0xef, 0x3a, 0x0f, 0x3b, 0x0e, 0x33, 0xef, 0x3a, 0x0f, 0x3b, 0xee, 0x32,
    0xef, 0x3a, 0x0f, 0x3b, 0xee, 0x32, 0xef, 0x3a, 0x0f, 0x3b, 0xee, 0x32,
    0x0f, 0x3b, 0x0f, 0x3b, 0xee, 0x32, 0x0f, 0x3b, 0x0f, 0x3b, 0xee, 0x32,
    0x0f, 0x3b, 0xef, 0x3a, 0x0e, 0x33, 0xef, 0x3a, 0xef, 0x3a, 0x0e, 0x33,
    0xef, 0x3a, 0xef, 0x3a, 0x0e, 0x33, 0xef, 0x3a, 0xef, 0x3a, 0x0e, 0x33,
    0xef, 0x3a, 0xef, 0x3a, 0x0e, 0x33, 0xef, 0x3a, 0x0f, 0x3b, 0x0e, 0x33,
    0xef, 0x3a, 0x0f, 0x3b, 0x0e, 0x33, 0xef, 0x3a, 0x0f, 0x3b, 0xee, 0x32,
    0xef, 0x3a, 0x0f, 0x3b, 0xee, 0x32, 0xef, 0x3a, 0x0f, 0x3b, 0xee, 0x32,
    0x0f, 0x3b, 0x0f, 0x3b, 0xee, 0x32, 0x0f, 0x3b, 0x0f, 0x3b, 0xee, 0x32,
    0x0f, 0x3b, 0xef, 0x3a, 0x0e, 0x33, 0xef, 0x3a, 0xef, 0x3a, 0x0e, 0x33,
    0xef, 0x3a, 0xef, 0x3a, 0x0e, 0x33, 0xef, 0x3a, 0xef, 0x3a, 0x0e, 0x33,
    0xef, 0x3a, 0xef, 0x3a, 0x0e, 0x33, 0xef, 0x3a, 0x0f, 0x3b, 0x0e, 0x33,
    0xef, 0x3a, 0x0f, 0x3b, 0x0e, 0x33, 0xef, 0x3a, 0x0f, 0x3b, 0xee, 0x32,
    0xef, 0x3a, 0x0f, 0x3b, 0xee, 0x32, 0xef, 0x3a, 0x0f, 0x3b, 0xee, 0x32,
    0x0f, 0x3b, 0x0f, 0x3b, 0xee, 0x32, 0x0f, 0x3b, 0x0f, 0x3b, 0xee, 0x32,
    0x0f, 0x3b, 0xef, 0x3a, 0x0e, 0x33, 0xef, 0x3a, 0xef, 0x3a, 0x0e, 0x33,
    0xef, 0x3a, 0xef, 0x3a, 0x0e, 0x33, 0xef, 0x3a, 0xef, 0x3a, 0x0e, 0x33,
    0xef, 0x3a, 0xef, 0x3a, 0x0e, 0x33, 0xef, 0x3a, 0x0f, 0x3b, 0x0e, 0x33,
    0xef, 0x3a, 0x0f, 0x3b, 0x0e, 0x33, 0xef, 0x3a, 0x0f, 0x3b, 0xee, 0x32,
    0xef, 0x3a, 0x0f, 0x3b, 0xee, 0x32, 0xef, 0x3a, 0x0f, 0x3b, 0xee, 0x32,
    0x0f, 0x3b, 0x0f, 0x3b, 0xee, 0x32, 0x0f, 0x3b, 0x0f, 0x3b, 0xee, 0x32,
    0x0f, 0x3b, 0xef, 0x3a, 0x0e, 0x33, 0xef, 0x3a, 0xef, 0x3a, 0x0e, 0x33,
    0xef, 0x3a, 0xef, 0x3a, 0x0e, 0x33, 0xef, 0x3a, 0xef, 0x3a, 0x0e, 0x33,
    0xef, 0x3a, 0xef, 0x3a, 0x0e, 0x33, 0xef, 0x3a, 0x0f, 0x3b, 0x0e, 0x33,
    0xef, 0x3a, 0x0f, 0x3b, 0x0e, 0x33, 0xef, 0x3a, 0x0f, 0x3b, 0xee, 0x32,
    0xef, 0x3a, 0x0f, 0x3b, 0xee, 0x32, 0xef, 0x3a, 0x0f, 0x3b, 0xee, 0x32,
    0x0f, 0x3b, 0x0f, 0x3b, 0xee, 0x32, 0x0f, 0x3b, 0x0f, 0x3b, 0xee, 0x32,
    0x0f, 0x3b, 0xef, 0x3a, 0x0e, 0x33, 0xef, 0x3a, 0xef, 0x3a, 0x0e, 0x33,
    0xef, 0x3a, 0xef, 0x3a, 0x0e, 0x33, 0xef, 0x3a, 0xef, 0x3a, 0x0e, 0x33,
    0xef, 0x3a, 0xef, 0x3a, 0x0e, 0x33, 0xef, 0x3a, 0x0f, 0x3b, 0x0e, 0x33,
    0xef, 0x3a, 0x0f, 0x3b, 0x0e, 0x33, 0xef, 0x3a, 0x0f, 0x3b, 0xee, 0x32,
    0xef, 0x3a, 0x0f, 0x3b, 0xee, 0x32, 0xef, 0x3a, 0x0f, 0x3b, 0xee, 0x32,
    0x0f, 0x3b, 0x0f, 0x3b, 0xee, 0x32, 0x0f, 0x3b, 0x0f, 0x3b, 0xee, 0x32,
    0x0f, 0x3b, 0xef, 0x3a, 0x0e, 0x33, 0xef, 0x3a, 0xef, 0x3a, 0x0e, 0x33,
    0xef, 0x3a, 0xef, 0x3a, 0x0e, 0x33, 0xef, 0x3a, 0xef, 0x3a, 0x0e, 0x33,
    0xef, 0x3a, 0xef, 0x3a, 0x0e, 0x33, 0xef, 0x3a, 0x0f, 0x3b, 0x0e, 0x33,
    0xef, 0x3a, 0x0f, 0x3b, 0x0e, 0x33, 0xef, 0x3a, 0x0f, 0x3b, 0xee, 0x32,
    0xef, 0x3a, 0x0f, 0x3b, 0xee, 0x32, 0xef, 0x3a, 0x0f, 0x3b, 0xee, 0x32,
    0x0f, 0x3b, 0x0f, 0x3b, 0xee, 0x32, 0x0f, 0x3b, 0x0f, 0x3b, 0xee, 0x32,
    0x0f, 0x3b, 0xef, 0x3a, 0x0e, 0x33, 0xef, 0x3a, 0xef, 0x3a, 0x0e, 0x33,
    0xef, 0x3a, 0xef, 0x3a, 0x0e, 0x33, 0xef, 0x3a, 0xef, 0x3a, 0x0e, 0x33,
    0xef, 0x3a, 0xef, 0x3a, 0x0e, 0x33, 0xef, 0x3a, 0x0f, 0x3b, 0x0e, 0x33,
    0xef, 0x3a, 0x0f, 0x3b, 0x0e, 0x33, 0xef, 0x3a, 0x0f, 0x3b, 0xee, 0x32,
    0xef, 0x3a, 0x0f, 0x3b, 0xee, 0x32, 0xef, 0x3a, 0x0f, 0x3b, 0xee, 0x32,
    0x0f, 0x3b, 0x0f, 0x3b, 0xee, 0x32, 0x0f, 0x3b, 0x0f, 0x3b, 0xee, 0x32,
    0x0f, 0x3b, 0xef, 0x3a, 0x0e, 0x33, 0xef, 0x3a, 0xef, 0x3a, 0x0e, 0x33,
    0xef, 0x3a, 0xef, 0x3a, 0x0e, 0x33, 0xef, 0x3a, 0xef, 0x3a, 0x0e, 0x33,
    0xef, 0x3a, 0xef, 0x3a, 0x0e, 0x33, 0xef, 0x3a, 0x0f, 0x3b, 0x0e, 0x33,
    0xef, 0x3a, 0x0f, 0x3b, 0x0e, 0x33, 0xef, 0x3a, 0x0f, 0x3b, 0xee, 0x32,
    0xef, 0x3a, 0x0f, 0x3b, 0xee, 0x32, 0xef, 0x3a, 0x0f, 0x3b, 0xee, 0x32,
    0x0f, 0x3b, 0x0f, 0x3b, 0xee, 0x32, 0x0f, 0x3b, 0x0f, 0x3b, 0xee, 0x32,
    0x0f, 0x3b, 0xef, 0x3a, 0x0e, 0x33, 0xef, 0x3a, 0xef, 0x3a, 0x0e, 0x33,
    0xef, 0x3a, 0xef, 0x3a, 0x0e, 0x33, 0xef, 0x3a, 0xef, 0x3a, 0x0e, 0x33,
    0xef, 0x3a, 0xef, 0x3a, 0x0e, 0x33, 0xef, 0x3a, 0x0f, 0x3b, 0x0e, 0x33,
    0xef, 0x3a, 0x0f, 0x3b, 0x0e, 0x33, 0xef, 0x3a, 0x0f, 0x3b, 0xee, 0x32,
    0xef, 0x3a, 0x0f, 0x3b, 0xee, 0x32, 0xef, 0x3a, 0x0f, 0x3b, 0xee, 0x32,
    0x0f, 0x3b, 0x0f, 0x3b, 0xee, 0x32, 0x0f, 0x3b, 0x0f, 0x3b, 0xee, 0x32,
    0x0f, 0x3b, 0xef, 0x3a, 0x0e, 0x33, 0xef, 0x3a, 0xef, 0x3a, 0x0e, 0x33,
    0xef, 0x3a, 0xef, 0x3a, 0x0e, 0x33, 0xef, 0x3a, 0xef, 0x3a, 0x0e, 0x33,
    0xef, 0x3a, 0xef, 0x3a, 0x0e, 0x33, 0xef, 0x3a, 0x0f, 0x3b, 0x0e, 0x33,
    0xef, 0x3a, 0x0f, 0x3b, 0x0e, 0x33, 0xef, 0x3a, 0x0f, 0x3b, 0xee, 0x32,
    0xef, 0x3a, 0x0f, 0x3b, 0xee, 0x32, 0xef, 0x3a, 0x0f, 0x3b, 0xee, 0x32,
    0x0f, 0x3b, 0x0f, 0x3b, 0xee, 0x32, 0x0f, 0x3b, 0x0f, 0x3b, 0xee, 0x32,
    0x0f, 0x3b, 0xef, 0x3a, 0x0e, 0x33, 0xef, 0x3a, 0xef, 0x3a, 0x0e, 0x33,
    0xef, 0x3a, 0xef, 0x3a, 0x0e, 0x33, 0xef, 0x3a, 0xef, 0x3a, 0x0e, 0x33,
    0xef, 0x3a, 0xef, 0x3a, 0x0e, 0x33, 0xef, 0x3a, 0x0f, 0x3b, 0x0e, 0x33,
    0xef, 0x3a, 0x0f, 0x3b, 0x0e, 0x33, 0xef, 0x3a, 0x0f, 0x3b, 0xee, 0x32,
    0xef, 0x3a, 0x0f, 0x3b, 0xee, 0x32, 0xef, 0x3a, 0x0f, 0x3b, 0xee, 0x32,
    0x0f, 0x3b, 0x0f, 0x3b, 0xee, 0x32, 0x0f, 0x3b, 0x0f, 0x3b, 0xee, 0x32,
    0x0f, 0x3b, 0xef, 0x3a, 0x0e, 0x33, 0xef, 0x3a, 0xef, 0x3a, 0x0e, 0x33,
    0xef, 0x3a, 0xef, 0x3a, 0x0e, 0x33, 0xef, 0x3a, 0xef, 0x3a, 0x0e, 0x33,
    0xef, 0x3a, 0xef, 0x3a, 0x0e, 0x33, 0xef, 0x3a, 0x0f, 0x3b, 0x0e, 0x33,
    0xef, 0x3a, 0x0f, 0x3b, 0x0e, 0x33, 0xef, 0x3a, 0x0f, 0x3b, 0xee, 0x32,
    0xef, 0x3a, 0x0f, 0x3b, 0xee, 0x32, 0xef, 0x3a, 0x0f, 0x3b, 0xee, 0x32,
    0x0f, 0x3b, 0x0f, 0x3b, 0xee, 0x32, 0x0f, 0x3b, 0x0f, 0x3b, 0xee, 0x32,
    0x0f, 0x3b, 0xef, 0x3a, 0x0e, 0x33, 0xef, 0x3a, 0xef, 0x3a, 0x0e, 0x33,
    0xee, 0x32, 0xef, 0x3a, 0x0e, 0x33, 0xef, 0x3a, 0xef, 0x3a, 0x0e, 0x33,
    0xef, 0x3a, 0xee, 0x32, 0x0e, 0x33, 0xef, 0x3a, 0x0e, 0x33, 0x0e, 0x33,
    0xef, 0x3a, 0x0e, 0x33, 0x0e, 0x33, 0xef, 0x3a, 0x0e, 0x33, 0xef, 0x3a,
    0xee, 0x32, 0x0e, 0x33, 0xef, 0x3a, 0xef, 0x3a, 0x0e, 0x33, 0xef, 0x3a,
    0xee, 0x32, 0x0f, 0x3b, 0xee, 0x32, 0x0f, 0x3b, 0x0f, 0x3b, 0xee, 0x32,
    0x0f, 0x3b, 0xee, 0x32, 0xee, 0x32, 0x0f, 0x3b, 0x0e, 0x33, 0xee, 0x32,
    0x0f, 0x3b, 0x0e, 0x33, 0xef, 0x3a, 0x0f, 0x3b, 0x0e, 0x33, 0xef, 0x3a,
    0xef, 0x3a, 0x0e, 0x33, 0xef, 0x3a, 0x0e, 0x33, 0x0f, 0x3b, 0xee, 0x32,
    0x0f, 0x3b, 0x0f, 0x3b, 0xee, 0x32, 0x0f, 0x3b, 0x0e, 0x33, 0xef, 0x3a,
    0x0e, 0x33, 0xef, 0x3a, 0x0e, 0x33, 0xee, 0x32, 0x0f, 0x3b, 0x0f, 0x3b,
    0xee, 0x32, 0x0f, 0x3b, 0xef, 0x3a, 0x0e, 0x33, 0xef, 0x3a, 0x0e, 0x33,
    0xee, 0x32, 0xef, 0x3a, 0x0e, 0x33, 0xef, 0x3a, 0x0f, 0x3b, 0x0e, 0x33,
    0xef, 0x3a, 0xef, 0x3a, 0x0e, 0x33, 0xee, 0x32, 0x0f, 0x3b, 0xee, 0x32,
    0x0e, 0x33, 0x0f, 0x3b, 0xee, 0x32, 0x0f, 0x3b, 0x0f, 0x3b, 0xee, 0x32,
    0xee, 0x32, 0x0f, 0x3b, 0xee, 0x32, 0xee, 0x32, 0x0f, 0x3b, 0x0e, 0x33,
    0xef, 0x3a, 0xef, 0x3a, 0x0f, 0x3b, 0x0e, 0x33, 0xef, 0x3a, 0x0e, 0x33,
    0x0e, 0x33, 0xef, 0x3a, 0xee, 0x32, 0x0e, 0x33, 0xef, 0x3a, 0xee, 0x32,
    0x0e, 0x33, 0xef, 0x3a, 0xef, 0x3a, 0x0e, 0x33, 0xef, 0x3a, 0x0e, 0x33,
    0x0f, 0x3b, 0xee, 0x32, 0xef, 0x3a, 0x0f, 0x3b, 0x0e, 0x33, 0xef, 0x3a,
    0x0f, 0x3b, 0xee, 0x32, 0xef, 0x3a, 0x0e, 0x33, 0xef, 0x3a, 0x0e, 0x33,
    0x0e, 0x33, 0xee, 0x32, 0xef, 0x3a, 0x0e, 0x33, 0xef, 0x3a, 0x0e, 0x33,
    0x0e, 0x33, 0xef, 0x3a, 0x0e, 0x33, 0xee, 0x32, 0xef, 0x3a, 0x0e, 0x33,
    0xef, 0x3a, 0xef, 0x3a, 0x0e, 0x33, 0x0e, 0x33, 0xef, 0x3a, 0x0e, 0x33,
    0x0f, 0x3b, 0xee, 0x32, 0x0e, 0x33, 0x0f, 0x3b, 0xee, 0x32, 0x0f, 0x3b,
    0xee, 0x32, 0x0e, 0x33, 0x0f, 0x3b, 0xee, 0x32, 0x0e, 0x33, 0x0f, 0x3b,
    0xee, 0x32, 0xee, 0x32, 0x0f, 0x3b, 0xee, 0x32, 0x0e, 0x33, 0x0f, 0x3b,
    0xee, 0x32, 0xee, 0x32, 0x0f, 0x3b, 0xee, 0x32, 0xee, 0x32, 0x0f, 0x3b,
    0xee, 0x32, 0x0e, 0x33, 0xef, 0x3a, 0xee, 0x32, 0x0e, 0x33, 0x0f, 0x3b,
    0xee, 0x32, 0xee, 0x32, 0x0f, 0x3b, 0xee, 0x32, 0xee, 0x32, 0x0f, 0x3b,
    0x0e, 0x33, 0xee, 0x32, 0x0f, 0x3b, 0xee, 0x32, 0xee, 0x32, 0x0f, 0x3b,
    0xee, 0x32, 0xee, 0x32, 0x0f, 0x3b, 0x0e, 0x33, 0xee, 0x32, 0x0f, 0x3b,
    0xee, 0x32, 0xee, 0x32, 0x0f, 0x3b, 0xee, 0x32, 0x0e, 0x33, 0xef, 0x3a,
    0x0e, 0x33, 0x0e, 0x33, 0xef, 0x3a, 0xee, 0x32, 0x0e, 0x33, 0xef, 0x3a,
    0x0e, 0x33, 0xee, 0x32, 0xef, 0x3a, 0x0e, 0x33, 0x0e, 0x33, 0xef, 0x3a,
    0x0e, 0x33, 0xee, 0x32, 0x0f, 0x3b, 0x0e, 0x33, 0xee, 0x32, 0x0f, 0x3b,
    0xee, 0x32, 0xee, 0x32, 0x0f, 0x3b, 0xee, 0x32, 0x0e, 0x33, 0x0f, 0x3b,
    0xee, 0x32, 0x0e, 0x33, 0x0f, 0x3b, 0xee, 0x32, 0x0e, 0x33, 0x0f, 0x3b,
    0xee, 0x32, 0x0e, 0x33, 0xef, 0x3a, 0xee, 0x32, 0x0e, 0x33, 0xef, 0x3a,
    0x0e, 0x33, 0xee, 0x32, 0xef, 0x3a, 0x0e, 0x33, 0xee, 0x32, 0xef, 0x3a,
    0x0e, 0x33, 0xee, 0x32, 0xef, 0x3a, 0x0e, 0x33, 0xee, 0x32, 0xef, 0x3a,
    0x0e, 0x33, 0xee, 0x32, 0x0f, 0x3b, 0x0e, 0x33, 0xee, 0x32, 0x0f, 0x3b,
    0xee, 0x32, 0x0e, 0x33, 0xef, 0x3a, 0xee, 0x32, 0x0e, 0x33, 0xef, 0x3a,
    0xee, 0x32, 0x0e, 0x33, 0xef, 0x3a, 0xee, 0x32, 0x0e, 0x33, 0xef, 0x3a,
    0xee, 0x32, 0x0e, 0x33, 0xef, 0x3a, 0x0e, 0x33, 0x0e, 0x33, 0xef, 0x3a,
    0x0e, 0x33, 0x0e, 0x33, 0xef, 0x3a, 0xee, 0x32, 0x0e, 0x33, 0xef, 0x3a,
    0xee, 0x32, 0x0e, 0x33, 0xef, 0x3a, 0x0e, 0x33, 0x0e, 0x33, 0xef, 0x3a,
    0x0e, 0x33, 0xee, 0x32, 0x0f, 0x3b, 0xee, 0x32, 0xee, 0x32, 0x0f, 0x3b,
    0xee, 0x32, 0xee, 0x32, 0x0f, 0x3b, 0xee, 0x32, 0xee, 0x32, 0x0f, 0x3b,
    0xee, 0x32, 0xee, 0x32, 0x0f, 0x3b, 0xee, 0x32, 0x0e, 0x33, 0xef, 0x3a,
    0x0e, 0x33, 0x0e, 0x33, 0xef, 0x3a, 0x0e, 0x33, 0xee, 0x32, 0xef, 0x3a,
    0x0e, 0x33, 0xee, 0x32, 0xef, 0x3a, 0x0e, 0x33, 0xee, 0x32, 0x0f, 0x3b,
    0xee, 0x32, 0xee, 0x32, 0x0f, 0x3b, 0xee, 0x32, 0x0e, 0x33, 0x0f, 0x3b,
    0xee, 0x32, 0x0e, 0x33, 0x0f, 0x3b, 0xee, 0x32, 0x0e, 0x33, 0x0f, 0x3b,
    0xee, 0x32, 0xee, 0x32, 0x0f, 0x3b, 0xee, 0x32, 0xee, 0x32, 0x0f, 0x3b,
    0xee, 0x32, 0x0e, 0x33, 0xef, 0x3a, 0x0e, 0x33, 0x0e, 0x33, 0xef, 0x3a,
    0x0e, 0x33, 0xee, 0x32, 0x0f, 0x3b, 0x0e, 0x33, 0xee, 0x32, 0x0f, 0x3b,
    0x0e, 0x33, 0xee, 0x32, 0x0f, 0x3b, 0x0e, 0x33, 0xee, 0x32, 0xef, 0x3a,
    0x0e, 0x33, 0xee, 0x32, 0xef, 0x3a, 0x0e, 0x33, 0xee, 0x32, 0x0f, 0x3b,
    0x0e, 0x33, 0xee, 0x32, 0x0f, 0x3b, 0x0e, 0x33, 0xee, 0x32, 0x0f, 0x3b,
    0xee, 0x32, 0xee, 0x32, 0x0f, 0x3b, 0xee, 0x32, 0xee, 0x32, 0x0f, 0x3b,
    0xee, 0x32, 0x0e, 0x33, 0xef, 0x3a, 0x0e, 0x33, 0x0e, 0x33, 0xef, 0x3a,
    0x0e, 0x33, 0xee, 0x32, 0x0f, 0x3b, 0x0e, 0x33, 0xee, 0x32, 0x0f, 0x3b,
    0x0e, 0x33, 0xee, 0x32, 0x0f, 0x3b, 0x0e, 0x33, 0xee, 0x32, 0xef, 0x3a,
    0x0e, 0x33, 0xee, 0x32, 0xef, 0x3a, 0x0e, 0x33, 0xee, 0x32, 0x0f, 0x3b,
    0x0e, 0x33, 0xee, 0x32, 0x0f, 0x3b, 0x0e, 0x33, 0xee, 0x32, 0x0f, 0x3b,
    0xee, 0x32, 0xee, 0x32, 0x0f, 0x3b, 0xee, 0x32, 0xee, 0x32, 0x0f, 0x3b,
    0xee, 0x32, 0x0e, 0x33, 0xef, 0x3a, 0x0e, 0x33, 0x0e, 0x33, 0xef, 0x3a,
    0x0e, 0x33, 0xee, 0x32, 0x0f, 0x3b, 0x0e, 0x33, 0xee, 0x32, 0x0f, 0x3b,
    0x0e, 0x33, 0xee, 0x32, 0x0f, 0x3b, 0x0e, 0x33, 0xee, 0x32, 0xef, 0x3a,
    0x0e, 0x33, 0xee, 0x32, 0xef, 0x3a, 0x0e, 0x33, 0xee, 0x32, 0x0f, 0x3b,
    0x0e, 0x33, 0xee, 0x32, 0x0f, 0x3b, 0x0e, 0x33, 0xee, 0x32, 0x0f, 0x3b,
    0xee, 0x32, 0xee, 0x32, 0x0f, 0x3b, 0xee, 0x32, 0xee, 0x32, 0x0f, 0x3b,
    0xee, 0x32, 0x0e, 0x33, 0xef, 0x3a, 0x0e, 0x33, 0x0e, 0x33, 0xef, 0x3a,
    0x0e, 0x33, 0xee, 0x32, 0x0f, 0x3b, 0x0e, 0x33, 0xee, 0x32, 0x0f, 0x3b,
    0x0e, 0x33, 0xee, 0x32, 0x0f, 0x3b, 0x0e, 0x33, 0xee, 0x32, 0xef, 0x3a,
    0x0e, 0x33, 0xee, 0x32, 0xef, 0x3a, 0x0e, 0x33, 0xee, 0x32, 0x0f, 0x3b,
    0x0e, 0x33, 0xee, 0x32, 0x0f, 0x3b, 0x0e, 0x33, 0xee, 0x32, 0x0f, 0x3b,
    0xee, 0x32, 0xee, 0x32, 0x0f, 0x3b, 0xee, 0x32, 0xee, 0x32, 0x0f, 0x3b,
    0xee, 0x32, 0x0e, 0x33, 0xef, 0x3a, 0x0e, 0x33, 0x0e, 0x33, 0xef, 0x3a,
    0x0e, 0x33, 0xee, 0x32, 0x0f, 0x3b, 0x0e, 0x33, 0xee, 0x32, 0x0f, 0x3b,
    0x0e, 0x33, 0xee, 0x32, 0x0f, 0x3b, 0x0e, 0x33, 0xee, 0x32, 0xef, 0x3a,
    0x0e, 0x33, 0xee, 0x32, 0xef, 0x3a, 0x0e, 0x33, 0xee, 0x32, 0x0f, 0x3b,
    0x0e, 0x33, 0xee, 0x32, 0x0f, 0x3b, 0x0e, 0x33, 0xee, 0x32, 0x0f, 0x3b,
    0xee, 0x32, 0xee, 0x32, 0x0f, 0x3b, 0xee, 0x32, 0xee, 0x32, 0x0f, 0x3b,
    0xee, 0x32, 0x0e, 0x33, 0xef, 0x3a, 0x0e, 0x33, 0x0e, 0x33, 0xef, 0x3a,
    0x0e, 0x33, 0xee, 0x32, 0x0f, 0x3b, 0x0e, 0x33, 0xee, 0x32, 0x0f, 0x3b,
    0x0e, 0x33, 0xee, 0x32, 0x0f, 0x3b, 0x0e, 0x33, 0xee, 0x32, 0xef, 0x3a,
    0x0e, 0x33, 0xee, 0x32, 0xef, 0x3a, 0x0e, 0x33, 0xee, 0x32, 0x0f, 0x3b,
    0x0e, 0x33, 0xee, 0x32, 0x0f, 0x3b, 0x0e, 0x33, 0xee, 0x32, 0x0f, 0x3b,
    0xee, 0x32, 0xee, 0x32, 0x0f, 0x3b, 0xee, 0x32, 0xee, 0x32, 0x0f, 0x3b,
    0xee, 0x32, 0x0e, 0x33, 0xef, 0x3a, 0x0e, 0x33, 0x0e, 0x33, 0xef, 0x3a,
    0x0e, 0x33, 0xee, 0x32, 0x0f, 0x3b, 0x0e, 0x33, 0xee, 0x32, 0x0f, 0x3b,
    0x0e, 0x33, 0xee, 0x32, 0x0f, 0x3b, 0x0e, 0x33, 0xee, 0x32, 0xef, 0x3a,
    0x0e, 0x33, 0xee, 0x32, 0xef, 0x3a, 0x0e, 0x33, 0xee, 0x32, 0x0f, 0x3b,
    0x0e, 0x33, 0xee, 0x32, 0x0f, 0x3b, 0x0e, 0x33, 0xee, 0x32, 0x0f, 0x3b,
    0xee, 0x32, 0xee, 0x32, 0x0f, 0x3b, 0xee, 0x32, 0xee, 0x32, 0x0f, 0x3b,
    0xee, 0x32, 0x0e, 0x33, 0xef, 0x3a, 0x0e, 0x33, 0x0e, 0x33, 0xef, 0x3a,
    0x0e, 0x33, 0xee, 0x32, 0x0f, 0x3b, 0x0e, 0x33, 0xee, 0x32, 0x0f, 0x3b,
    0x0e, 0x33, 0xee, 0x32, 0x0f, 0x3b, 0x0e, 0x33, 0xee, 0x32, 0xef, 0x3a,
    0x0e, 0x33, 0xee, 0x32, 0xef, 0x3a, 0x0e, 0x33, 0xee, 0x32, 0x0f, 0x3b,
    0x0e, 0x33, 0xee, 0x32, 0x0f, 0x3b, 0x0e, 0x33, 0xee, 0x32, 0x0f, 0x3b,
    0xee, 0x32, 0xee, 0x32, 0x0f, 0x3b, 0xee, 0x32, 0xee, 0x32, 0x0f, 0x3b,
    0xee, 0x32, 0x0e, 0x33, 0xef, 0x3a, 0x0e, 0x33, 0x0e, 0x33, 0xef, 0x3a,
    0x0e, 0x33, 0xee, 0x32, 0x0f, 0x3b, 0x0e, 0x33, 0xee, 0x32, 0x0f, 0x3b,
    0x0e, 0x33, 0xee, 0x32, 0x0f, 0x3b, 0x0e, 0x33, 0xee, 0x32, 0xef, 0x3a,
    0x0e, 0x33, 0xee, 0x32, 0xef, 0x3a, 0x0e, 0x33, 0xee, 0x32, 0x0f, 0x3b,
    0x0e, 0x33, 0xee, 0x32, 0x0f, 0x3b, 0x0e, 0x33, 0xee, 0x32, 0x0f, 0x3b,
    0xee, 0x32, 0xee, 0x32, 0x0f, 0x3b, 0xee, 0x32, 0xee, 0x32, 0x0f, 0x3b,
    0xee, 0x32, 0x0e, 0x33, 0xef, 0x3a, 0x0e, 0x33, 0x0e, 0x33, 0xef, 0x3a,
    0x0e, 0x33, 0xee, 0x32, 0x0f, 0x3b, 0x0e, 0x33, 0xee, 0x32, 0x0f, 0x3b,
    0x0e, 0x33, 0xee, 0x32, 0x0f, 0x3b, 0x0e, 0x33, 0xee, 0x32, 0xef, 0x3a,
    0x0e, 0x33, 0xee, 0x32, 0xef, 0x3a, 0x0e, 0x33, 0xee, 0x32, 0x0f, 0x3b,
    0x0e, 0x33, 0xee, 0x32, 0x0f, 0x3b, 0x0e, 0x33, 0xee, 0x32, 0x0f, 0x3b,
    0xee, 0x32, 0xee, 0x32, 0x0f, 0x3b, 0xee, 0x32, 0xee, 0x32, 0x0f, 0x3b,
    0xee, 0x32, 0x0e, 0x33, 0xef, 0x3a, 0x0e, 0x33, 0x0e, 0x33, 0xef, 0x3a,
    0x0e, 0x33, 0xee, 0x32, 0x0f, 0x3b, 0x0e, 0x33, 0xee, 0x32, 0x0f, 0x3b,
    0x0e, 0x33, 0xee, 0x32, 0x0f, 0x3b, 0x0e, 0x33, 0xee, 0x32, 0xef, 0x3a,
    0x0e, 0x33, 0xee, 0x32, 0xef, 0x3a, 0x0e, 0x33, 0xee, 0x32, 0x0f, 0x3b,
    0x0e, 0x33, 0xee, 0x32, 0x0f, 0x3b, 0x0e, 0x33, 0xee, 0x32, 0x0f, 0x3b,
    0xee, 0x32, 0xee, 0x32, 0x0f, 0x3b, 0xee, 0x32, 0xee, 0x32, 0x0f, 0x3b,
    0xee, 0x32, 0x0e, 0x33, 0xef, 0x3a, 0x0e, 0x33, 0x0e, 0x33, 0xef, 0x3a,
    0x0e, 0x33, 0xee, 0x32, 0x0f, 0x3b, 0x0e, 0x33, 0xee, 0x32, 0x0f, 0x3b,
    0x0e, 0x33, 0xee, 0x32, 0x0f, 0x3b, 0x0e, 0x33, 0xee, 0x32, 0xef, 0x3a,
    0x0e, 0x33, 0xee, 0x32, 0xef, 0x3a, 0x0e, 0x33, 0xee, 0x32, 0x0f, 0x3b,
    0x0e, 0x33, 0xee, 0x32, 0x0f, 0x3b, 0x0e, 0x33, 0xee, 0x32, 0x0f, 0x3b,
    0xee, 0x32, 0xee, 0x32, 0x0f, 0x3b, 0xee, 0x32, 0xee, 0x32, 0x0f, 0x3b,
    0xee, 0x32, 0x0e, 0x33, 0xef, 0x3a, 0x0e, 0x33, 0x0e, 0x33, 0xef, 0x3a,
    0x0e, 0x33, 0xee, 0x32, 0x0f, 0x3b, 0x0e, 0x33, 0xee, 0x32, 0x0f, 0x3b,
    0x0e, 0x33, 0xee, 0x32, 0x0f, 0x3b, 0x0e, 0x33, 0xee, 0x32, 0xef, 0x3a,
    0x0e, 0x33, 0xee, 0x32, 0xef, 0x3a, 0x0e, 0x33, 0xee, 0x32, 0x0f, 0x3b,
    0x0e, 0x33, 0xee, 0x32, 0x0f, 0x3b, 0x0e, 0x33, 0xee, 0x32, 0x0f, 0x3b,
    0xee, 0x32, 0xee, 0x32, 0x0f, 0x3b, 0xee, 0x32, 0xee, 0x32, 0x0f, 0x3b,
    0xee, 0x32, 0x0e, 0x33, 0xef, 0x3a, 0x0e, 0x33, 0x0e, 0x33, 0xef, 0x3a,
    0x0f, 0x3b, 0xee, 0x32, 0x0f, 0x3b, 0x0e, 0x33, 0xee, 0x32, 0x0f, 0x3b,
    0x0e, 0x33, 0xef, 0x3a, 0x0f, 0x3b, 0x0e, 0x33, 0xef, 0x3a, 0xef, 0x3a,
    0x0e, 0x33, 0xef, 0x3a, 0xee, 0x32, 0x0f, 0x3b, 0xef, 0x3a, 0x0e, 0x33,
    0x0e, 0x33, 0xef, 0x3a, 0x0f, 0x3b, 0x0e, 0x33, 0xee, 0x32, 0x0f, 0x3b,
    0x0f, 0x3b, 0xee, 0x32, 0x0f, 0x3b, 0xee, 0x32, 0xef, 0x3a, 0x0e, 0x33,
    0xee, 0x32, 0x0f, 0x3b, 0x0f, 0x3b, 0xee, 0x32, 0x0f, 0x3b, 0xee, 0x32,
    0xef, 0x3a, 0x0f, 0x3b, 0xee, 0x32, 0xee, 0x32, 0x0f, 0x3b, 0xee, 0x32,
    0x0e, 0x33, 0x0f, 0x3b, 0xee, 0x32, 0x0f, 0x3b, 0xee, 0x32, 0xef, 0x3a,
    0x0e, 0x33, 0xef, 0x3a, 0xee, 0x32, 0x0e, 0x33, 0xef, 0x3a, 0xef, 0x3a,
    0x0e, 0x33, 0x0f, 0x3b, 0xee, 0x32, 0x0e, 0x33, 0xee, 0x32, 0x0f, 0x3b,
    0xee, 0x32, 0x0f, 0x3b, 0xee, 0x32, 0x0f, 0x3b, 0x0e, 0x33, 0xef, 0x3a,
    0x0f, 0x3b, 0x0e, 0x33, 0xef, 0x3a, 0x0e, 0x33, 0xee, 0x32, 0xef, 0x3a,
    0x0e, 0x33, 0xee, 0x32, 0x0f, 0x3b, 0x0f, 0x3b, 0xee, 0x32, 0xef, 0x3a,
    0x0f, 0x3b, 0xee, 0x32, 0xef, 0x3a, 0x0e, 0x33, 0xee, 0x32, 0xef, 0x3a,
    0x0f, 0x3b, 0x0e, 0x33, 0xef, 0x3a, 0x0e, 0x33, 0x0f, 0x3b, 0xef, 0x3a,
    0xee, 0x32, 0x0e, 0x33, 0xee, 0x32, 0x0f, 0x3b, 0xee, 0x32, 0xef, 0x3a,
    0x0f, 0x3b, 0xee, 0x32, 0x0f, 0x3b, 0xef, 0x3a, 0x0e, 0x33, 0x0f, 0x3b,
    0xef, 0x3a, 0x0e, 0x33, 0x0e, 0x33, 0xef, 0x3a, 0x0e, 0x33, 0xee, 0x32,
    0xef, 0x3a, 0x0e, 0x33, 0xee, 0x32, 0xef, 0x3a, 0x0e, 0x33, 0xef, 0x3a,
    0xee, 0x32, 0x0e, 0x33, 0x0f, 0x3b, 0xee, 0x32, 0x0f, 0x3b, 0xef, 0x3a,
    0xee, 0x32, 0x0f, 0x3b, 0xef, 0x3a, 0x0e, 0x33, 0x0f, 0x3b, 0xef, 0x3a,
    0xee, 0x32, 0x0f, 0x3b, 0xef, 0x3a, 0x0e, 0x33, 0x0f, 0x3b, 0xef, 0x3a,
    0x0e, 0x33, 0x0e, 0x33, 0xef, 0x3a, 0xee, 0x32, 0x0f, 0x3b, 0xef, 0x3a,
    0xee, 0x32, 0x0e, 0x33, 0xef, 0x3a, 0xef, 0x3a, 0x0e, 0x33, 0xee, 0x32,
    0x0f, 0x3b, 0xee, 0x32, 0x0f, 0x3b, 0xef, 0x3a, 0xee, 0x32, 0x0f, 0x3b,
    0xef, 0x3a, 0x0e, 0x33, 0xef, 0x3a, 0x0f, 0x3b, 0xee, 0x32, 0xef, 0x3a,
    0x0f, 0x3b, 0x0e, 0x33, 0xef, 0x3a, 0x0f, 0x3b, 0x0e, 0x33, 0xef, 0x3a,
    0x0f, 0x3b, 0x0e, 0x33, 0xef, 0x3a, 0xef, 0x3a, 0x0e, 0x33, 0xef, 0x3a,
    0xef, 0x3a, 0x0e, 0x33, 0x0f, 0x3b, 0xef, 0x3a, 0x0e, 0x33, 0xef, 0x3a,
    0xef, 0x3a, 0x0e, 0x33, 0xef, 0x3a, 0x0f, 0x3b, 0x0e, 0x33, 0xef, 0x3a,
    0x0f, 0x3b, 0x0e, 0x33, 0xef, 0x3a, 0xef, 0x3a, 0x0e, 0x33, 0xef, 0x3a,
    0x0f, 0x3b, 0x0e, 0x33, 0xef, 0x3a, 0x0f, 0x3b, 0xee, 0x32, 0x0f, 0x3b,
    0xef, 0x3a, 0xee, 0x32, 0x0f, 0x3b, 0xef, 0x3a, 0x0e, 0x33, 0x0f, 0x3b,
    0xef, 0x3a, 0x0e, 0x33, 0xef, 0x3a, 0x0f, 0x3b, 0xee, 0x32, 0x0f, 0x3b,
    0xef, 0x3a, 0x0e, 0x33, 0x0f, 0x3b, 0xef, 0x3a, 0xee, 0x32, 0x0f, 0x3b,
    0xef, 0x3a, 0x0e, 0x33, 0x0f, 0x3b, 0xef, 0x3a, 0x0e, 0x33, 0xef, 0x3a,
    0xef, 0x3a, 0x0e, 0x33, 0xef, 0x3a, 0xef, 0x3a, 0x0e, 0x33, 0xef, 0x3a,
    0xef, 0x3a, 0x0e, 0x33, 0xef, 0x3a, 0x0f, 0x3b, 0x0e, 0x33, 0xef, 0x3a,
    0xef, 0x3a, 0x0e, 0x33, 0x0f, 0x3b, 0xef, 0x3a, 0x0e, 0x33, 0xef, 0x3a,
    0x0f, 0x3b, 0xee, 0x32, 0x0f, 0x3b, 0x0f, 0x3b, 0xee, 0x32, 0x0f, 0x3b,
    0x0f, 0x3b, 0xee, 0x32, 0x0f, 0x3b, 0xef, 0x3a, 0xee, 0x32, 0x0f, 0x3b,
    0x0f, 0x3b, 0xee, 0x32, 0x0f, 0x3b, 0x0f, 0x3b, 0xee, 0x32, 0x0f, 0x3b,
    0x0f, 0x3b, 0xee, 0x32, 0x0f, 0x3b, 0x0f, 0x3b, 0xee, 0x32, 0x0f, 0x3b,
    0x0f, 0x3b, 0xee, 0x32, 0x0f, 0x3b, 0xef, 0x3a, 0xee, 0x32, 0x0f, 0x3b,
    0xef, 0x3a, 0xee, 0x32, 0x0f, 0x3b, 0x0f, 0x3b, 0xee, 0x32, 0x0f, 0x3b,
    0xef, 0x3a, 0x0e, 0x33, 0x0f, 0x3b, 0xef, 0x3a, 0xee, 0x32, 0x0f, 0x3b,
    0xef, 0x3a, 0x0e, 0x33, 0x0f, 0x3b, 0xef, 0x3a, 0x0e, 0x33, 0x0f, 0x3b,
    0xef, 0x3a, 0x0e, 0x33, 0x0f, 0x3b, 0xef, 0x3a, 0x0e, 0x33, 0x0f, 0x3b,
    0xef, 0x3a, 0x0e, 0x33, 0xef, 0x3a, 0x0f, 0x3b, 0xee, 0x32, 0x0f, 0x3b,
    0xef, 0x3a, 0xee, 0x32, 0x0f, 0x3b, 0xef, 0x3a, 0x0e, 0x33, 0x0f, 0x3b,
    0xef, 0x3a, 0x0e, 0x33, 0x0f, 0x3b, 0xef, 0x3a, 0x0e, 0x33, 0x0f, 0x3b,
    0xef, 0x3a, 0x0e, 0x33, 0x0f, 0x3b, 0xef, 0x3a, 0x0e, 0x33, 0xef, 0x3a,
    0xef, 0x3a, 0x0e, 0x33, 0xef, 0x3a, 0x0f, 0x3b, 0xee, 0x32, 0xef, 0x3a,
    0x0f, 0x3b, 0x0e, 0x33, 0xef, 0x3a, 0x0f, 0x3b, 0x0e, 0x33, 0xef, 0x3a,
    0x0f, 0x3b, 0xee, 0x32, 0x0f, 0x3b, 0xef, 0x3a, 0xee, 0x32, 0x0f, 0x3b,
    0xef, 0x3a, 0x0e, 0x33, 0xef, 0x3a, 0x0f, 0x3b, 0xee, 0x32, 0xef, 0x3a,
    0x0f, 0x3b, 0xee, 0x32, 0xef, 0x3a, 0x0f, 0x3b, 0xee, 0x32, 0x0f, 0x3b,
    0xef, 0x3a, 0x0e, 0x33, 0x0f, 0x3b, 0xef, 0x3a, 0x0e, 0x33, 0xef, 0x3a,
    0xef, 0x3a, 0x0e, 0x33, 0xef, 0x3a, 0xef, 0x3a, 0x0e, 0x33, 0xef, 0x3a,
    0x0f, 0x3b, 0x0e, 0x33, 0xef, 0x3a, 0x0f, 0x3b, 0x0e, 0x33, 0xef, 0x3a,
    0x0f, 0x3b, 0xee, 0x32, 0x0f, 0x3b, 0xef, 0x3a, 0xee, 0x32, 0x0f, 0x3b,
    0xef, 0x3a, 0x0e, 0x33, 0xef, 0x3a, 0x0f, 0x3b, 0xee, 0x32, 0xef, 0x3a,
    0x0f, 0x3b, 0xee, 0x32, 0xef, 0x3a, 0x0f, 0x3b, 0xee, 0x32, 0x0f, 0x3b,
    0xef, 0x3a, 0x0e, 0x33, 0x0f, 0x3b, 0xef, 0x3a, 0x0e, 0x33, 0xef, 0x3a,
    0xef, 0x3a, 0x0e, 0x33, 0xef, 0x3a, 0xef, 0x3a, 0x0e, 0x33, 0xef, 0x3a,
    0x0f, 0x3b, 0x0e, 0x33, 0xef, 0x3a, 0x0f, 0x3b, 0x0e, 0x33, 0xef, 0x3a,
    0x0f, 0x3b, 0xee, 0x32, 0x0f, 0x3b, 0xef, 0x3a, 0xee, 0x32, 0x0f, 0x3b,
    0xef, 0x3a, 0x0e, 0x33, 0xef, 0x3a, 0x0f, 0x3b, 0xee, 0x32, 0xef, 0x3a,
    0x0f, 0x3b, 0xee, 0x32, 0xef, 0x3a, 0x0f, 0x3b, 0xee, 0x32, 0x0f, 0x3b,
    0xef, 0x3a, 0x0e, 0x33, 0x0f, 0x3b, 0xef, 0x3a, 0x0e, 0x33, 0xef, 0x3a,
    0xef, 0x3a, 0x0e, 0x33, 0xef, 0x3a, 0xef, 0x3a, 0x0e, 0x33, 0xef, 0x3a,
    0x0f, 0x3b, 0x0e, 0x33, 0xef, 0x3a, 0x0f, 0x3b, 0x0e, 0x33, 0xef, 0x3a,
    0x0f, 0x3b, 0xee, 0x32, 0x0f, 0x3b, 0xef, 0x3a, 0xee, 0x32, 0x0f, 0x3b,
    0xef, 0x3a, 0x0e, 0x33, 0xef, 0x3a, 0x0f, 0x3b, 0xee, 0x32, 0xef, 0x3a,
    0x0f, 0x3b, 0xee, 0x32, 0xef, 0x3a, 0x0f, 0x3b, 0xee, 0x32, 0x0f, 0x3b,
    0xef, 0x3a, 0x0e, 0x33, 0x0f, 0x3b, 0xef, 0x3a, 0x0e, 0x33, 0xef, 0x3a,
    0xef, 0x3a, 0x0e, 0x33, 0xef, 0x3a, 0xef, 0x3a, 0x0e, 0x33, 0xef, 0x3a,
    0x0f, 0x3b, 0x0e, 0x33, 0xef, 0x3a, 0x0f, 0x3b, 0x0e, 0x33, 0xef, 0x3a,
    0x0f, 0x3b, 0xee, 0x32, 0x0f, 0x3b, 0xef, 0x3a, 0xee, 0x32, 0x0f, 0x3b,
    0xef, 0x3a, 0x0e, 0x33, 0xef, 0x3a, 0x0f, 0x3b, 0xee, 0x32, 0xef, 0x3a,
    0x0f, 0x3b, 0xee, 0x32, 0xef, 0x3a, 0x0f, 0x3b, 0xee, 0x32, 0x0f, 0x3b,
    0xef, 0x3a, 0x0e, 0x33, 0x0f, 0x3b, 0xef, 0x3a, 0x0e, 0x33, 0xef, 0x3a,
    0xef, 0x3a, 0x0e, 0x33, 0xef, 0x3a, 0xef, 0x3a, 0x0e, 0x33, 0xef, 0x3a,
    0x0f, 0x3b, 0x0e, 0x33, 0xef, 0x3a, 0x0f, 0x3b, 0x0e, 0x33, 0xef, 0x3a,
    0x0f, 0x3b, 0xee, 0x32, 0x0f, 0x3b, 0xef, 0x3a, 0xee, 0x32, 0x0f, 0x3b,
    0xef, 0x3a, 0x0e, 0x33, 0xef, 0x3a, 0x0f, 0x3b, 0xee, 0x32, 0xef, 0x3a,
    0x0f, 0x3b, 0xee, 0x32, 0xef, 0x3a, 0x0f, 0x3b, 0xee, 0x32, 0x0f, 0x3b,
    0xef, 0x3a, 0x0e, 0x33, 0x0f, 0x3b, 0xef, 0x3a, 0x0e, 0x33, 0xef, 0x3a,
    0xef, 0x3a, 0x0e, 0x33, 0xef, 0x3a, 0xef, 0x3a, 0x0e, 0x33, 0xef, 0x3a,
    0x0f, 0x3b, 0x0e, 0x33, 0xef, 0x3a, 0x0f, 0x3b, 0x0e, 0x33, 0xef, 0x3a,
    0x0f, 0x3b, 0xee, 0x32, 0x0f, 0x3b, 0xef, 0x3a, 0xee, 0x32, 0x0f, 0x3b,
    0xef, 0x3a, 0x0e, 0x33, 0xef, 0x3a, 0x0f, 0x3b, 0xee, 0x32, 0xef, 0x3a,
    0x0f, 0x3b, 0xee, 0x32, 0xef, 0x3a, 0x0f, 0x3b, 0xee, 0x32, 0x0f, 0x3b,
    0xef, 0x3a, 0x0e, 0x33, 0x0f, 0x3b, 0xef, 0x3a, 0x0e, 0x33, 0xef, 0x3a,
    0xef, 0x3a, 0x0e, 0x33, 0xef, 0x3a, 0xef, 0x3a, 0x0e, 0x33, 0xef, 0x3a,
    0x0f, 0x3b, 0x0e, 0x33, 0xef, 0x3a, 0x0f, 0x3b, 0x0e, 0x33, 0xef, 0x3a,
    0x0f, 0x3b, 0xee, 0x32, 0x0f, 0x3b, 0xef, 0x3a, 0xee, 0x32, 0x0f, 0x3b,
    0xef, 0x3a, 0x0e, 0x33, 0xef, 0x3a, 0x0f, 0x3b, 0xee, 0x32, 0xef, 0x3a,
    0x0f, 0x3b, 0xee, 0x32, 0xef, 0x3a, 0x0f, 0x3b, 0xee, 0x32, 0x0f, 0x3b,
    0xef, 0x3a, 0x0e, 0x33, 0x0f, 0x3b, 0xef, 0x3a, 0x0e, 0x33, 0xef, 0x3a,
    0xef, 0x3a, 0x0e, 0x33, 0xef, 0x3a, 0xef, 0x3a, 0x0e, 0x33, 0xef, 0x3a,
    0x0f, 0x3b, 0x0e, 0x33, 0xef, 0x3a, 0x0f, 0x3b, 0x0e, 0x33, 0xef, 0x3a,
    0x0f, 0x3b, 0xee, 0x32, 0x0f, 0x3b, 0xef, 0x3a, 0xee, 0x32, 0x0f, 0x3b,
    0xef, 0x3a, 0x0e, 0x33, 0xef, 0x3a, 0x0f, 0x3b, 0xee, 0x32, 0xef, 0x3a,
    0x0f, 0x3b, 0xee, 0x32, 0xef, 0x3a, 0x0f, 0x3b, 0xee, 0x32, 0x0f, 0x3b,
    0xef, 0x3a, 0x0e, 0x33, 0x0f, 0x3b, 0xef, 0x3a, 0x0e, 0x33, 0xef, 0x3a,
    0xef, 0x3a, 0x0e, 0x33, 0xef, 0x3a, 0xef, 0x3a, 0x0e, 0x33, 0xef, 0x3a,
    0x0f, 0x3b, 0x0e, 0x33, 0xef, 0x3a, 0x0f, 0x3b, 0x0e, 0x33, 0xef, 0x3a,
    0x0f, 0x3b, 0xee, 0x32, 0x0f, 0x3b, 0xef, 0x3a, 0xee, 0x32, 0x0f, 0x3b,
    0xef, 0x3a, 0x0e, 0x33, 0xef, 0x3a, 0x0f, 0x3b, 0xee, 0x32, 0xef, 0x3a,
    0x0f, 0x3b, 0xee, 0x32, 0xef, 0x3a, 0x0f, 0x3b, 0xee, 0x32, 0x0f, 0x3b,
    0xef, 0x3a, 0x0e, 0x33, 0x0f, 0x3b, 0xef, 0x3a, 0x0e, 0x33, 0xef, 0x3a,
    0xef, 0x3a, 0x0e, 0x33, 0xef, 0x3a, 0xef, 0x3a, 0x0e, 0x33, 0xef, 0x3a,
    0x0f, 0x3b, 0x0e, 0x33, 0xef, 0x3a, 0x0f, 0x3b, 0x0e, 0x33, 0xef, 0x3a,
    0x0f, 0x3b, 0xee, 0x32, 0x0f, 0x3b, 0xef, 0x3a, 0xee, 0x32, 0x0f, 0x3b,
    0xef, 0x3a, 0x0e, 0x33, 0xef, 0x3a, 0x0f, 0x3b, 0xee, 0x32, 0xef, 0x3a,
    0x0f, 0x3b, 0xee, 0x32, 0xef, 0x3a, 0x0f, 0x3b, 0xee, 0x32, 0x0f, 0x3b,
    0xef, 0x3a, 0x0e, 0x33, 0x0f, 0x3b, 0xef, 0x3a, 0x0e, 0x33, 0xef, 0x3a,
    0xef, 0x3a, 0x0e, 0x33, 0xef, 0x3a, 0xef, 0x3a, 0x0e, 0x33, 0xef, 0x3a,
    0x0f, 0x3b, 0x0e, 0x33, 0xef, 0x3a, 0x0f, 0x3b, 0x0e, 0x33, 0xef, 0x3a,
    0x0f, 0x3b, 0xee, 0x32, 0x0f, 0x3b, 0xef, 0x3a, 0xee, 0x32, 0x0f, 0x3b,
    0xef, 0x3a, 0x0e, 0x33, 0xef, 0x3a, 0x0f, 0x3b, 0xee, 0x32, 0xef, 0x3a,
    0x0f, 0x3b, 0xee, 0x32, 0xef, 0x3a, 0x0f, 0x3b, 0xee, 0x32, 0x0f, 0x3b,
    0xef, 0x3a, 0x0e, 0x33, 0x0f, 0x3b, 0xef, 0x3a, 0x0e, 0x33, 0xef, 0x3a,
    0xef, 0x3a, 0x0e, 0x33, 0xef, 0x3a, 0xef, 0x3a, 0x0e, 0x33, 0xef, 0x3a,
    0x0f, 0x3b, 0x0e, 0x33, 0xef, 0x3a, 0x0f, 0x3b, 0x0e, 0x33, 0xef, 0x3a,
    0x0f, 0x3b, 0xee, 0x32, 0x0f, 0x3b, 0xef, 0x3a, 0xee, 0x32, 0x0f, 0x3b,
    0xef, 0x3a, 0x0e, 0x33, 0xef, 0x3a, 0x0f, 0x3b, 0xee, 0x32, 0xef, 0x3a,
    0x0f, 0x3b, 0xee, 0x32, 0xef, 0x3a, 0x0f, 0x3b, 0xee, 0x32, 0x0f, 0x3b,
    0xef, 0x3a, 0x0e, 0x33, 0x0f, 0x3b, 0xef, 0x3a, 0x0e, 0x33, 0xef, 0x3a,
    0xef, 0x3a, 0x0e, 0x33, 0xef, 0x3a, 0xef, 0x3a, 0x0e, 0x33, 0xef, 0x3a,
    0x0f, 0x3b, 0x0e, 0x33, 0xef, 0x3a, 0x0f, 0x3b, 0x0e, 0x33, 0xef, 0x3a,
    0x0f, 0x3b, 0xee, 0x32, 0x0f, 0x3b, 0xef, 0x3a, 0xee, 0x32, 0x0f, 0x3b,
    0xee, 0x32, 0x0e, 0x33, 0xef, 0x3a, 0x0e, 0x33, 0xef, 0x3a, 0xef, 0x3a,
    0x0e, 0x33, 0xef, 0x3a, 0xee, 0x32, 0x0e, 0x33, 0xef, 0x3a, 0x0e, 0x33,
    0xef, 0x3a, 0x0e, 0x33, 0x0f, 0x3b, 0xee, 0x32, 0x0f, 0x3b, 0xee, 0x32,
    0xef, 0x3a, 0x0e, 0x33, 0xef, 0x3a, 0xee, 0x32, 0x0f, 0x3b, 0xef, 0x3a,
    0xee, 0x32, 0x0e, 0x33, 0xef, 0x3a, 0x0e, 0x33, 0x0e, 0x33, 0xef, 0x3a,
    0x0f, 0x3b, 0xee, 0x32, 0xee, 0x32, 0x0f, 0x3b, 0xee, 0x32, 0x0f, 0x3b,
    0x0e, 0x33, 0xef, 0x3a, 0x0e, 0x33, 0x0f, 0x3b, 0xee, 0x32, 0x0f, 0x3b,
    0xef, 0x3a, 0xee, 0x32, 0x0f, 0x3b, 0xee, 0x32, 0x0f, 0x3b, 0x0e, 0x33,
    0xef, 0x3a, 0x0e, 0x33, 0x0f, 0x3b, 0xef, 0x3a, 0x0e, 0x33, 0x0e, 0x33,
    0xef, 0x3a, 0xee, 0x32, 0x0f, 0x3b, 0xee, 0x32, 0xef, 0x3a, 0x0f, 0x3b,
    0xef, 0x3a, 0x0e, 0x33, 0xef, 0x3a, 0xee, 0x32, 0x0f, 0x3b, 0xee, 0x32,
    0xee, 0x32, 0xef, 0x3a, 0x0e, 0x33, 0xef, 0x3a, 0x0f, 0x3b, 0x0e, 0x33,
    0xef, 0x3a, 0x0f, 0x3b, 0xee, 0x32, 0xef, 0x3a, 0x0e, 0x33, 0x0e, 0x33,
    0xef, 0x3a, 0x0e, 0x33, 0x0e, 0x33, 0xef, 0x3a, 0x0f, 0x3b, 0x0e, 0x33,
    0xef, 0x3a, 0xee, 0x32, 0x0e, 0x33, 0xef, 0x3a, 0x0e, 0x33, 0xef, 0x3a,
    0x0e, 0x33, 0x0f, 0x3b, 0xef, 0x3a, 0x0e, 0x33, 0x0f, 0x3b, 0xee, 0x32,
    0x0e, 0x33, 0xef, 0x3a, 0x0e, 0x33, 0xee, 0x32, 0xef, 0x3a, 0x0e, 0x33,
    0xee, 0x32, 0xef, 0x3a, 0x0e, 0x33, 0xef, 0x3a, 0xef, 0x3a, 0x0e, 0x33,
    0x0f, 0x3b, 0xef, 0x3a, 0x0e, 0x33, 0x0f, 0x3b, 0xef, 0x3a, 0x0e, 0x33,
    0x0f, 0x3b, 0xee, 0x32, 0xef, 0x3a, 0x0f, 0x3b, 0xee, 0x32, 0x0e, 0x33,
    0x0f, 0x3b, 0xee, 0x32, 0x0e, 0x33, 0xef, 0x3a, 0xef, 0x3a, 0x0e, 0x33,
    0x0e, 0x33, 0xef, 0x3a, 0x0e, 0x33, 0xee, 0x32, 0xef, 0x3a, 0x0e, 0x33,
    0xef, 0x3a, 0xef, 0x3a, 0x0e, 0x33, 0x0f, 0x3b, 0xee, 0x32, 0x0e, 0x33,
    0x0f, 0x3b, 0xef, 0x3a, 0x0e, 0x33, 0xef, 0x3a, 0x0e, 0x33, 0x0f, 0x3b,
    0xef, 0x3a, 0xee, 0x32, 0x0f, 0x3b, 0xee, 0x32, 0x0f, 0x3b, 0xee, 0x32,
    0x0e, 0x33, 0xef, 0x3a, 0x0e, 0x33, 0xee, 0x32, 0x0f, 0x3b, 0x0e, 0x33,
    0xee, 0x32, 0x0f, 0x3b, 0xee, 0x32, 0xee, 0x32, 0x0f, 0x3b, 0xee, 0x32,
    0xee, 0x32, 0x0f, 0x3b, 0xee, 0x32, 0x0e, 0x33, 0xef, 0x3a, 0x0e, 0x33,
    0x0e, 0x33, 0x0f, 0x3b, 0xee, 0x32, 0xee, 0x32, 0x0f, 0x3b, 0x0e, 0x33,
    0xee, 0x32, 0x0f, 0x3b, 0x0e, 0x33, 0xee, 0x32, 0xef, 0x3a, 0x0e, 0x33,
    0xee, 0x32, 0xef, 0x3a, 0x0e, 0x33, 0xee, 0x32, 0x0f, 0x3b, 0x0e, 0x33,
    0xee, 0x32, 0xef, 0x3a, 0x0e, 0x33, 0xee, 0x32, 0x0f, 0x3b, 0x0e, 0x33,
    0xee, 0x32, 0x0f, 0x3b, 0x0e, 0x33, 0xee, 0x32, 0x0f, 0x3b, 0xee, 0x32,
    0xee, 0x32, 0x0f, 0x3b, 0xee, 0x32, 0x0e, 0x33, 0x0f, 0x3b, 0xee, 0x32,
    0x0e, 0x33, 0xef, 0x3a, 0xee, 0x32, 0x0e, 0x33, 0xef, 0x3a, 0x0e, 0x33,
    0xee, 0x32, 0xef, 0x3a, 0x0e, 0x33, 0xee, 0x32, 0x0f, 0x3b, 0x0e, 0x33,
    0xee, 0x32, 0x0f, 0x3b, 0xee, 0x32, 0x0e, 0x33, 0x0f, 0x3b, 0xee, 0x32,
    0x0e, 0x33, 0xef, 0x3a, 0x0e, 0x33, 0xee, 0x32, 0x0f, 0x3b, 0xee, 0x32,
    0x0e, 0x33, 0x0f, 0x3b, 0xee, 0x32, 0x0e, 0x33, 0xef, 0x3a, 0x0e, 0x33,
    0xee, 0x32, 0x0f, 0x3b, 0xee, 0x32, 0x0e, 0x33, 0xef, 0x3a, 0xee, 0x32,
    0x0e, 0x33, 0xef, 0x3a, 0x0e, 0x33, 0xee, 0x32, 0x0f, 0x3b, 0x0e, 0x33,
    0xee, 0x32, 0xef, 0x3a, 0x0e, 0x33, 0xee, 0x32, 0xef, 0x3a, 0x0e, 0x33,
    0xee, 0x32, 0xef, 0x3a, 0x0e, 0x33, 0xee, 0x32, 0xef, 0x3a, 0x0e, 0x33,
    0xee, 0x32, 0xef, 0x3a, 0x0e, 0x33, 0xee, 0x32, 0x0f, 0x3b, 0x0e, 0x33,
    0xee, 0x32, 0x0f, 0x3b, 0x0e, 0x33, 0xee, 0x32, 0xef, 0x3a, 0x0e, 0x33,
    0xee, 0x32, 0x0f, 0x3b, 0xee, 0x32, 0xee, 0x32, 0x0f, 0x3b, 0xee, 0x32,
    0x0e, 0x33, 0xef, 0x3a, 0xee, 0x32, 0x0e, 0x33, 0xef, 0x3a, 0xee, 0x32,
    0x0e, 0x33, 0xef, 0x3a, 0xee, 0x32, 0x0e, 0x33, 0xef, 0x3a, 0xee, 0x32,
    0x0e, 0x33, 0xef, 0x3a, 0x0e, 0x33, 0xee, 0x32, 0x0f, 0x3b, 0xee, 0x32,
    0x0e, 0x33, 0x0f, 0x3b, 0xee, 0x32, 0x0e, 0x33, 0xef, 0x3a, 0xee, 0x32,
    0x0e, 0x33, 0xef, 0x3a, 0xee, 0x32, 0x0e, 0x33, 0xef, 0x3a, 0x0e, 0x33,
    0xee, 0x32, 0xef, 0x3a, 0x0e, 0x33, 0xee, 0x32, 0x0f, 0x3b, 0x0e, 0x33,
    0xee, 0x32, 0x0f, 0x3b, 0xee, 0x32, 0x0e, 0x33, 0xef, 0x3a, 0x0e, 0x33,
    0x0e, 0x33, 0xef, 0x3a, 0xee, 0x32, 0x0e, 0x33, 0xef, 0x3a, 0xee, 0x32,
    0x0e, 0x33, 0xef, 0x3a, 0x0e, 0x33, 0x0e, 0x33, 0xef, 0x3a, 0x0e, 0x33,
    0x0e, 0x33, 0xef, 0x3a, 0xee, 0x32, 0x0e, 0x33, 0xef, 0x3a, 0x0e, 0x33,
    0x0e, 0x33, 0xef, 0x3a, 0x0e, 0x33, 0x0e, 0x33, 0xef, 0x3a, 0x0e, 0x33,
    0xee, 0x32, 0xef, 0x3a, 0x0e, 0x33, 0xee, 0x32, 0xef, 0x3a, 0x0e, 0x33,
    0x0e, 0x33, 0xef, 0x3a, 0x0e, 0x33, 0x0e, 0x33, 0xef, 0x3a, 0x0e, 0x33,
    0xee, 0x32, 0xef, 0x3a, 0x0e, 0x33, 0xee, 0x32, 0xef, 0x3a, 0x0e, 0x33,
    0xee, 0x32, 0x0f, 0x3b, 0xee, 0x32, 0x0e, 0x33, 0x0f, 0x3b, 0xee, 0x32,
    0x0e, 0x33, 0xef, 0x3a, 0xee, 0x32, 0x0e, 0x33, 0x0f, 0x3b, 0xee, 0x32,
    0x0e, 0x33, 0xef, 0x3a, 0x0e, 0x33, 0x0e, 0x33, 0xef, 0x3a, 0x0e, 0x33,
    0xee, 0x32, 0xef, 0x3a, 0x0e, 0x33, 0xee, 0x32, 0xef, 0x3a, 0x0e, 0x33,
    0x0e, 0x33, 0xef, 0x3a, 0x0e, 0x33, 0x0e, 0x33, 0xef, 0x3a, 0x0e, 0x33,
    0xee, 0x32, 0xef, 0x3a, 0x0e, 0x33, 0xee, 0x32, 0xef, 0x3a, 0x0e, 0x33,
    0xee, 0x32, 0x0f, 0x3b, 0xee, 0x32, 0x0e, 0x33, 0x0f, 0x3b, 0xee, 0x32,
    0x0e, 0x33, 0xef, 0x3a, 0xee, 0x32, 0x0e, 0x33, 0x0f, 0x3b, 0xee, 0x32,
    0x0e, 0x33, 0xef, 0x3a, 0x0e, 0x33, 0x0e, 0x33, 0xef, 0x3a, 0x0e, 0x33,
    0xee, 0x32, 0xef, 0x3a, 0x0e, 0x33, 0xee, 0x32, 0xef, 0x3a, 0x0e, 0x33,
    0x0e, 0x33, 0xef, 0x3a, 0x0e, 0x33, 0x0e, 0x33, 0xef, 0x3a, 0x0e, 0x33,
    0xee, 0x32, 0xef, 0x3a, 0x0e, 0x33, 0xee, 0x32, 0xef, 0x3a, 0x0e, 0x33,
    0xee, 0x32, 0x0f, 0x3b, 0xee, 0x32, 0x0e, 0x33, 0x0f, 0x3b, 0xee, 0x32,
    0x0e, 0x33, 0xef, 0x3a, 0xee, 0x32, 0x0e, 0x33, 0x0f, 0x3b, 0xee, 0x32,
    0x0e, 0x33, 0xef, 0x3a, 0x0e, 0x33, 0x0e, 0x33, 0xef, 0x3a, 0x0e, 0x33,
    0xee, 0x32, 0xef, 0x3a, 0x0e, 0x33, 0xee, 0x32, 0xef, 0x3a, 0x0e, 0x33,
    0x0e, 0x33, 0xef, 0x3a, 0x0e, 0x33, 0x0e, 0x33, 0xef, 0x3a, 0x0e, 0x33,
    0xee, 0x32, 0xef, 0x3a, 0x0e, 0x33, 0xee, 0x32, 0xef, 0x3a, 0x0e, 0x33,
    0xee, 0x32, 0x0f, 0x3b, 0xee, 0x32, 0x0e, 0x33, 0x0f, 0x3b, 0xee, 0x32,
    0x0e, 0x33, 0xef, 0x3a, 0xee, 0x32, 0x0e, 0x33, 0x0f, 0x3b, 0xee, 0x32,
    0x0e, 0x33, 0xef, 0x3a, 0x0e, 0x33, 0x0e, 0x33, 0xef, 0x3a, 0x0e, 0x33,
    0xee, 0x32, 0xef, 0x3a, 0x0e, 0x33, 0xee, 0x32, 0xef, 0x3a, 0x0e, 0x33,
    0x0e, 0x33, 0xef, 0x3a, 0x0e, 0x33, 0x0e, 0x33, 0xef, 0x3a, 0x0e, 0x33,
    0xee, 0x32, 0xef, 0x3a, 0x0e, 0x33, 0xee, 0x32, 0xef, 0x3a, 0x0e, 0x33,
    0xee, 0x32, 0x0f, 0x3b, 0xee, 0x32, 0x0e, 0x33, 0x0f, 0x3b, 0xee, 0x32,
    0x0e, 0x33, 0xef, 0x3a, 0xee, 0x32, 0x0e, 0x33, 0x0f, 0x3b, 0xee, 0x32,
    0x0e, 0x33, 0xef, 0x3a, 0x0e, 0x33, 0x0e, 0x33, 0xef, 0x3a, 0x0e, 0x33,
    0xee, 0x32, 0xef, 0x3a, 0x0e, 0x33, 0xee, 0x32, 0xef, 0x3a, 0x0e, 0x33,
    0x0e, 0x33, 0xef, 0x3a, 0x0e, 0x33, 0x0e, 0x33, 0xef, 0x3a, 0x0e, 0x33,
    0xee, 0x32, 0xef, 0x3a, 0x0e, 0x33, 0xee, 0x32, 0xef, 0x3a, 0x0e, 0x33,
    0xee, 0x32, 0x0f, 0x3b, 0xee, 0x32, 0x0e, 0x33, 0x0f, 0x3b, 0xee, 0x32,
    0x0e, 0x33, 0xef, 0x3a, 0xee, 0x32, 0x0e, 0x33, 0x0f, 0x3b, 0xee, 0x32,
    0x0e, 0x33, 0xef, 0x3a, 0x0e, 0x33, 0x0e, 0x33, 0xef, 0x3a, 0x0e, 0x33,
    0xee, 0x32, 0xef, 0x3a, 0x0e, 0x33, 0xee, 0x32, 0xef, 0x3a, 0x0e, 0x33,
    0x0e, 0x33, 0xef, 0x3a, 0x0e, 0x33, 0x0e, 0x33, 0xef, 0x3a, 0x0e, 0x33,
    0xee, 0x32, 0xef, 0x3a, 0x0e, 0x33, 0xee, 0x32, 0xef, 0x3a, 0x0e, 0x33,
    0xee, 0x32, 0x0f, 0x3b, 0xee, 0x32, 0x0e, 0x33, 0x0f, 0x3b, 0xee, 0x32,
    0x0e, 0x33, 0xef, 0x3a, 0xee, 0x32, 0x0e, 0x33, 0x0f, 0x3b, 0xee, 0x32,
    0x0e, 0x33, 0xef, 0x3a, 0x0e, 0x33, 0x0e, 0x33, 0xef, 0x3a, 0x0e, 0x33,
    0xee, 0x32, 0xef, 0x3a, 0x0e, 0x33, 0xee, 0x32, 0xef, 0x3a, 0x0e, 0x33,
    0x0e, 0x33, 0xef, 0x3a, 0x0e, 0x33, 0x0e, 0x33, 0xef, 0x3a, 0x0e, 0x33,
    0xee, 0x32, 0xef, 0x3a, 0x0e, 0x33, 0xee, 0x32, 0xef, 0x3a, 0x0e, 0x33,
    0xee, 0x32, 0x0f, 0x3b, 0xee, 0x32, 0x0e, 0x33, 0x0f, 0x3b, 0xee, 0x32,
    0x0e, 0x33, 0xef, 0x3a, 0xee, 0x32, 0x0e, 0x33, 0x0f, 0x3b, 0xee, 0x32,
    0x0e, 0x33, 0xef, 0x3a, 0x0e, 0x33, 0x0e, 0x33, 0xef, 0x3a, 0x0e, 0x33,
    0xee, 0x32, 0xef, 0x3a, 0x0e, 0x33, 0xee, 0x32, 0xef, 0x3a, 0x0e, 0x33,
    0x0e, 0x33, 0xef, 0x3a, 0x0e, 0x33, 0x0e, 0x33, 0xef, 0x3a, 0x0e, 0x33,
    0xee, 0x32, 0xef, 0x3a, 0x0e, 0x33, 0xee, 0x32, 0xef, 0x3a, 0x0e, 0x33,
    0xee, 0x32, 0x0f, 0x3b, 0xee, 0x32, 0x0e, 0x33, 0x0f, 0x3b, 0xee, 0x32,
    0x0e, 0x33, 0xef, 0x3a, 0xee, 0x32, 0x0e, 0x33, 0x0f, 0x3b, 0xee, 0x32,
    0x0e, 0x33, 0xef, 0x3a, 0x0e, 0x33, 0x0e, 0x33, 0xef, 0x3a, 0x0e, 0x33,
    0xee, 0x32, 0xef, 0x3a, 0x0e, 0x33, 0xee, 0x32, 0xef, 0x3a, 0x0e, 0x33,
    0x0e, 0x33, 0xef, 0x3a, 0x0e, 0x33, 0x0e, 0x33, 0xef, 0x3a, 0x0e, 0x33,
    0xee, 0x32, 0xef, 0x3a, 0x0e, 0x33, 0xee, 0x32, 0xef, 0x3a, 0x0e, 0x33,
    0xee, 0x32, 0x0f, 0x3b, 0xee, 0x32, 0x0e, 0x33, 0x0f, 0x3b, 0xee, 0x32,
    0x0e, 0x33, 0xef, 0x3a, 0xee, 0x32, 0x0e, 0x33, 0x0f, 0x3b, 0xee, 0x32,
    0x0e, 0x33, 0xef, 0x3a, 0x0e, 0x33, 0x0e, 0x33, 0xef, 0x3a, 0x0e, 0x33,
    0xee, 0x32, 0xef, 0x3a, 0x0e, 0x33, 0xee, 0x32, 0xef, 0x3a, 0x0e, 0x33,
    0x0e, 0x33, 0xef, 0x3a, 0x0e, 0x33, 0x0e, 0x33, 0xef, 0x3a, 0x0e, 0x33,
    0xee, 0x32, 0xef, 0x3a, 0x0e, 0x33, 0xee, 0x32, 0xef, 0x3a, 0x0e, 0x33,
    0xee, 0x32, 0x0f, 0x3b, 0xee, 0x32, 0x0e, 0x33, 0x0f, 0x3b, 0xee, 0x32,
    0x0e, 0x33, 0xef, 0x3a, 0xee, 0x32, 0x0e, 0x33, 0x0f, 0x3b, 0xee, 0x32,
    0x0e, 0x33, 0xef, 0x3a, 0x0e, 0x33, 0x0e, 0x33, 0xef, 0x3a, 0x0e, 0x33,
    0xee, 0x32, 0xef, 0x3a, 0x0e, 0x33, 0xee, 0x32, 0xef, 0x3a, 0x0e, 0x33,
    0x0e, 0x33, 0xef, 0x3a, 0x0e, 0x33, 0x0e, 0x33, 0xef, 0x3a, 0x0e, 0x33,
    0xee, 0x32, 0xef, 0x3a, 0x0e, 0x33, 0xee, 0x32, 0xef, 0x3a, 0x0e, 0x33,
    0xee, 0x32, 0x0f, 0x3b, 0xee, 0x32, 0x0e, 0x33, 0x0f, 0x3b, 0xee, 0x32,
    0x0e, 0x33, 0xef, 0x3a, 0xee, 0x32, 0x0e, 0x33, 0x0f, 0x3b, 0xee, 0x32,
    0x0e, 0x33, 0xef, 0x3a, 0x0e, 0x33, 0x0e, 0x33, 0xef, 0x3a, 0x0e, 0x33,
    0xee, 0x32, 0xef, 0x3a, 0x0e, 0x33, 0xee, 0x32, 0xef, 0x3a, 0x0e, 0x33,
    0x0e, 0x33, 0xef, 0x3a, 0x0e, 0x33, 0x0e, 0x33, 0xef, 0x3a, 0x0e, 0x33,
    0xee, 0x32, 0xef, 0x3a, 0x0e, 0x33, 0xee, 0x32, 0xef, 0x3a, 0x0e, 0x33,
    0xee, 0x32, 0x0f, 0x3b, 0xee, 0x32, 0x0e, 0x33, 0x0f, 0x3b, 0xee, 0x32,
    0x0f, 0x3b, 0xef, 0x3a, 0xee, 0x32, 0x0f, 0x3b, 0x0e, 0x33, 0xee, 0x32,
    0x0f, 0x3b, 0xee, 0x32, 0x0f, 0x3b, 0x0f, 0x3b, 0xee, 0x32, 0x0f, 0x3b,
    0xee, 0x32, 0xef, 0x3a, 0x0e, 0x33, 0xee, 0x32, 0xef, 0x3a, 0x0e, 0x33,
    0x0e, 0x33, 0xef, 0x3a, 0x0e, 0x33, 0x0f, 0x3b, 0xee, 0x32, 0x0e, 0x33,
    0x0f, 0x3b, 0xee, 0x32, 0x0f, 0x3b, 0xef, 0x3a, 0xee, 0x32, 0x0f, 0x3b,
    0xee, 0x32, 0x0f, 0x3b, 0x0e, 0x33, 0xef, 0x3a, 0x0f, 0x3b, 0xee, 0x32,
    0xee, 0x32, 0x0f, 0x3b, 0xee, 0x32, 0xee, 0x32, 0x0f, 0x3b, 0xee, 0x32,
    0x0f, 0x3b, 0x0e, 0x33, 0xee, 0x32, 0x0f, 0x3b, 0xef, 0x3a, 0xee, 0x32,
    0x0f, 0x3b, 0xee, 0x32, 0xef, 0x3a, 0x0e, 0x33, 0xee, 0x32, 0xef, 0x3a,
    0x0f, 0x3b, 0x0f, 0x3b, 0xee, 0x32, 0x0e, 0x33, 0x0f, 0x3b, 0xee, 0x32,
    0xee, 0x32, 0x0f, 0x3b, 0x0e, 0x33, 0xef, 0x3a, 0x0e, 0x33, 0x0f, 0x3b,
    0xef, 0x3a, 0x0e, 0x33, 0x0f, 0x3b, 0xee, 0x32, 0xee, 0x32, 0x0f, 0x3b,
    0xee, 0x32, 0xee, 0x32, 0x0f, 0x3b, 0x0e, 0x33, 0xef, 0x3a, 0x0f, 0x3b,
    0xee, 0x32, 0xef, 0x3a, 0x0f, 0x3b, 0xee, 0x32, 0xee, 0x32, 0x0f, 0x3b,
    0xee, 0x32, 0x0f, 0x3b, 0x0f, 0x3b, 0x0e, 0x33, 0xef, 0x3a, 0x0e, 0x33,
    0xef, 0x3a, 0xee, 0x32, 0x0e, 0x33, 0xef, 0x3a, 0xee, 0x32, 0x0f, 0x3b,
    0xef, 0x3a, 0xee, 0x32, 0x0f, 0x3b, 0x0f, 0x3b, 0xee, 0x32, 0x0f, 0x3b,
    0x0f, 0x3b, 0xee, 0x32, 0x0f, 0x3b, 0x0e, 0x33, 0xee, 0x32, 0x0f, 0x3b,
    0xee, 0x32, 0xee, 0x32, 0x0f, 0x3b, 0xee, 0x32, 0xee, 0x32, 0x0f, 0x3b,
    0xee, 0x32, 0x0f, 0x3b, 0x0e, 0x33, 0xee, 0x32, 0x0f, 0x3b, 0x0f, 0x3b,
    0xee, 0x32, 0xef, 0x3a, 0x0f, 0x3b, 0x0e, 0x33, 0xef, 0x3a, 0x0e, 0x33,
    0x0e, 0x33, 0xef, 0x3a, 0xee, 0x32, 0x0f, 0x3b, 0x0f, 0x3b, 0xee, 0x32,
    0x0e, 0x33, 0x0f, 0x3b, 0xee, 0x32, 0xee, 0x32, 0x0f, 0x3b, 0xef, 0x3a,
    0xee, 0x32, 0x0f, 0x3b, 0xee, 0x32, 0x0e, 0x33, 0xef, 0x3a, 0x0e, 0x33,
    0xee, 0x32, 0x0f, 0x3b, 0xee, 0x32, 0x0f, 0x3b, 0x0e, 0x33, 0xef, 0x3a,
    0xee, 0x32, 0x0f, 0x3b, 0x0f, 0x3b, 0xee, 0x32, 0xef, 0x3a, 0x0f, 0x3b,
    0xee, 0x32, 0xef, 0x3a, 0x0f, 0x3b, 0x0e, 0x33, 0xef, 0x3a, 0x0f, 0x3b,
    0x0e, 0x33, 0xef, 0x3a, 0x0f, 0x3b, 0xee, 0x32, 0x0f, 0x3b, 0xef, 0x3a,
    0x0e, 0x33, 0xef, 0x3a, 0xef, 0x3a, 0x0e, 0x33, 0x0f, 0x3b, 0xef, 0x3a,
    0xee, 0x32, 0x0f, 0x3b, 0xef, 0x3a, 0x0e, 0x33, 0x0f, 0x3b, 0xef, 0x3a,
    0x0e, 0x33, 0x0f, 0x3b, 0xef, 0x3a, 0x0e, 0x33, 0xef, 0x3a, 0xef, 0x3a,
    0x0e, 0x33, 0x0f, 0x3b, 0xef, 0x3a, 0x0e, 0x33, 0xef, 0x3a, 0xef, 0x3a,
    0x0e, 0x33, 0xef, 0x3a, 0xef, 0x3a, 0x0e, 0x33, 0xef, 0x3a, 0x0f, 0x3b,
    0x0e, 0x33, 0xef, 0x3a, 0x0f, 0x3b, 0xee, 0x32, 0xef, 0x3a, 0x0f, 0x3b,
    0xee, 0x32, 0xef, 0x3a, 0x0f, 0x3b, 0x0e, 0x33, 0xef, 0x3a, 0xef, 0x3a,
    0x0e, 0x33, 0x0f, 0x3b, 0x0f, 0x3b, 0xee, 0x32, 0x0f, 0x3b, 0xef, 0x3a,
    0xee, 0x32, 0x0f, 0x3b, 0xef, 0x3a, 0x0e, 0x33, 0x0f, 0x3b, 0xef, 0x3a,
    0xee, 0x32, 0x0f, 0x3b, 0xef, 0x3a, 0x0e, 0x33, 0x0f, 0x3b, 0xef, 0x3a,
    0xee, 0x32, 0x0f, 0x3b, 0xef, 0x3a, 0xee, 0x32, 0x0f, 0x3b, 0xef, 0x3a,
    0xee, 0x32, 0x0f, 0x3b, 0x0f, 0x3b, 0xee, 0x32, 0x0f, 0x3b, 0xef, 0x3a,
    0x0e, 0x33, 0xef, 0x3a, 0x0f, 0x3b, 0xee, 0x32, 0xef, 0x3a, 0x0f, 0x3b,
    0xee, 0x32, 0x0f, 0x3b, 0xef, 0x3a, 0x0e, 0x33, 0xef, 0x3a, 0x0f, 0x3b,
    0xee, 0x32, 0x0f, 0x3b, 0x0f, 0x3b, 0xee, 0x32, 0x0f, 0x3b, 0x0f, 0x3b,
    0xee, 0x32, 0x0f, 0x3b, 0x0f, 0x3b, 0xee, 0x32, 0xef, 0x3a, 0x0f, 0x3b,
    0xee, 0x32, 0x0f, 0x3b, 0xef, 0x3a, 0xee, 0x32, 0x0f, 0x3b, 0x0f, 0x3b,
    0xee, 0x32, 0xef, 0x3a, 0x0f, 0x3b, 0x0e, 0x33, 0xef, 0x3a, 0x0f, 0x3b,
    0xee, 0x32, 0x0f, 0x3b, 0x0f, 0x3b, 0xee, 0x32, 0x0f, 0x3b, 0xef, 0x3a,
    0x0e, 0x33, 0xef, 0x3a, 0x0f, 0x3b, 0x0e, 0x33, 0xef, 0x3a, 0x0f, 0x3b,
    0x0e, 0x33, 0xef, 0x3a, 0x0f, 0x3b, 0xee, 0x32, 0xef, 0x3a, 0x0f, 0x3b,
    0xee, 0x32, 0x0f, 0x3b, 0xef, 0x3a, 0xee, 0x32, 0x0f, 0x3b, 0x0f, 0x3b,
    0xee, 0x32, 0x0f, 0x3b, 0x0f, 0x3b, 0xee, 0x32, 0x0f, 0x3b, 0xef, 0x3a,
    0x0e, 0x33, 0xef, 0x3a, 0x0f, 0x3b, 0x0e, 0x33, 0xef, 0x3a, 0xef, 0x3a,
    0xee, 0x32, 0x0f, 0x3b, 0xef, 0x3a, 0x0e, 0x33, 0x0f, 0x3b, 0xef, 0x3a,
    0xee, 0x32, 0x0f, 0x3b, 0x0f, 0x3b, 0xee, 0x32, 0x0f, 0x3b, 0xef, 0x3a,
    0x0e, 0x33, 0xef, 0x3a, 0x0f, 0x3b, 0xee, 0x32, 0xef, 0x3a, 0x0f, 0x3b,
    0xee, 0x32, 0xef, 0x3a, 0x0f, 0x3b, 0xee, 0x32, 0x0f, 0x3b, 0x0f, 0x3b,
    0xee, 0x32, 0xef, 0x3a, 0x0f, 0x3b, 0xee, 0x32, 0xef, 0x3a, 0x0f, 0x3b,
    0x0e, 0x33, 0xef, 0x3a, 0x0f, 0x3b, 0x0e, 0x33, 0xef, 0x3a, 0x0f, 0x3b,
    0xee, 0x32, 0x0f, 0x3b, 0xef, 0x3a, 0xee, 0x32, 0x0f, 0x3b, 0xef, 0x3a,
    0x0e, 0x33, 0x0f, 0x3b, 0xef, 0x3a, 0x0e, 0x33, 0x0f, 0x3b, 0xef, 0x3a,
    0x0e, 0x33, 0xef, 0x3a, 0x0f, 0x3b, 0xee, 0x32, 0xef, 0x3a, 0x0f, 0x3b,
    0xee, 0x32, 0x0f, 0x3b, 0x0f, 0x3b, 0xee, 0x32, 0x0f, 0x3b, 0xef, 0x3a,
    0xee, 0x32, 0x0f, 0x3b, 0x0f, 0x3b, 0xee, 0x32, 0xef, 0x3a, 0x0f, 0x3b,
    0x0e, 0x33, 0xef, 0x3a, 0x0f, 0x3b, 0x0e, 0x33, 0xef, 0x3a, 0x0f, 0x3b,
    0xee, 0x32, 0x0f, 0x3b, 0xef, 0x3a, 0xee, 0x32, 0x0f, 0x3b, 0xef, 0x3a,
    0x0e, 0x33, 0x0f, 0x3b, 0xef, 0x3a, 0x0e, 0x33, 0x0f, 0x3b, 0xef, 0x3a,
    0x0e, 0x33, 0xef, 0x3a, 0x0f, 0x3b, 0xee, 0x32, 0xef, 0x3a, 0x0f, 0x3b,
    0xee, 0x32, 0x0f, 0x3b, 0x0f, 0x3b, 0xee, 0x32, 0x0f, 0x3b, 0xef, 0x3a,
    0xee, 0x32, 0x0f, 0x3b, 0x0f, 0x3b, 0xee, 0x32, 0xef, 0x3a, 0x0f, 0x3b,
    0x0e, 0x33, 0xef, 0x3a, 0x0f, 0x3b, 0x0e, 0x33, 0xef, 0x3a, 0x0f, 0x3b,
    0xee, 0x32, 0x0f, 0x3b, 0xef, 0x3a, 0xee, 0x32, 0x0f, 0x3b, 0xef, 0x3a,
    0x0e, 0x33, 0x0f, 0x3b, 0xef, 0x3a, 0x0e, 0x33, 0x0f, 0x3b, 0xef, 0x3a,
    0x0e, 0x33, 0xef, 0x3a, 0x0f, 0x3b, 0xee, 0x32, 0xef, 0x3a, 0x0f, 0x3b,
    0xee, 0x32, 0x0f, 0x3b, 0x0f, 0x3b, 0xee, 0x32, 0x0f, 0x3b, 0xef, 0x3a,
    0xee, 0x32, 0x0f, 0x3b, 0x0f, 0x3b, 0xee, 0x32, 0xef, 0x3a, 0x0f, 0x3b,
    0x0e, 0x33, 0xef, 0x3a, 0x0f, 0x3b, 0x0e, 0x33, 0xef, 0x3a, 0x0f, 0x3b,
    0xee, 0x32, 0x0f, 0x3b, 0xef, 0x3a, 0xee, 0x32, 0x0f, 0x3b, 0xef, 0x3a,
    0x0e, 0x33, 0x0f, 0x3b, 0xef, 0x3a, 0x0e, 0x33, 0x0f, 0x3b, 0xef, 0x3a,
    0x0e, 0x33, 0xef, 0x3a, 0x0f, 0x3b, 0xee, 0x32, 0xef, 0x3a, 0x0f, 0x3b,
    0xee, 0x32, 0x0f, 0x3b, 0x0f, 0x3b, 0xee, 0x32, 0x0f, 0x3b, 0xef, 0x3a,
    0xee, 0x32, 0x0f, 0x3b, 0x0f, 0x3b, 0xee, 0x32, 0xef, 0x3a, 0x0f, 0x3b,
    0x0e, 0x33, 0xef, 0x3a, 0x0f, 0x3b, 0x0e, 0x33, 0xef, 0x3a, 0x0f, 0x3b,
    0xee, 0x32, 0x0f, 0x3b, 0xef, 0x3a, 0xee, 0x32, 0x0f, 0x3b, 0xef, 0x3a,
    0x0e, 0x33, 0x0f, 0x3b, 0xef, 0x3a, 0x0e, 0x33, 0x0f, 0x3b, 0xef, 0x3a,
    0x0e, 0x33, 0xef, 0x3a, 0x0f, 0x3b, 0xee, 0x32, 0xef, 0x3a, 0x0f, 0x3b,
    0xee, 0x32, 0x0f, 0x3b, 0x0f, 0x3b, 0xee, 0x32, 0x0f, 0x3b, 0xef, 0x3a,
    0xee, 0x32, 0x0f, 0x3b, 0x0f, 0x3b, 0xee, 0x32, 0xef, 0x3a, 0x0f, 0x3b,
    0x0e, 0x33, 0xef, 0x3a, 0x0f, 0x3b, 0x0e, 0x33, 0xef, 0x3a, 0x0f, 0x3b,
    0xee, 0x32, 0x0f, 0x3b, 0xef, 0x3a, 0xee, 0x32, 0x0f, 0x3b, 0xef, 0x3a,
    0x0e, 0x33, 0x0f, 0x3b, 0xef, 0x3a, 0x0e, 0x33, 0x0f, 0x3b, 0xef, 0x3a,
    0x0e, 0x33, 0xef, 0x3a, 0x0f, 0x3b, 0xee, 0x32, 0xef, 0x3a, 0x0f, 0x3b,
    0xee, 0x32, 0x0f, 0x3b, 0x0f, 0x3b, 0xee, 0x32, 0x0f, 0x3b, 0xef, 0x3a,
    0xee, 0x32, 0x0f, 0x3b, 0x0f, 0x3b, 0xee, 0x32, 0xef, 0x3a, 0x0f, 0x3b,
    0x0e, 0x33, 0xef, 0x3a, 0x0f, 0x3b, 0x0e, 0x33, 0xef, 0x3a, 0x0f, 0x3b,
    0xee, 0x32, 0x0f, 0x3b, 0xef, 0x3a, 0xee, 0x32, 0x0f, 0x3b, 0xef, 0x3a,
    0x0e, 0x33, 0x0f, 0x3b, 0xef, 0x3a, 0x0e, 0x33, 0x0f, 0x3b, 0xef, 0x3a,
    0x0e, 0x33, 0xef, 0x3a, 0x0f, 0x3b, 0xee, 0x32, 0xef, 0x3a, 0x0f, 0x3b,
    0xee, 0x32, 0x0f, 0x3b, 0x0f, 0x3b, 0xee, 0x32, 0x0f, 0x3b, 0xef, 0x3a,
    0xee, 0x32, 0x0f, 0x3b, 0x0f, 0x3b, 0xee, 0x32, 0xef, 0x3a, 0x0f, 0x3b,
    0x0e, 0x33, 0xef, 0x3a, 0x0f, 0x3b, 0x0e, 0x33, 0xef, 0x3a, 0x0f, 0x3b,
    0xee, 0x32, 0x0f, 0x3b, 0xef, 0x3a, 0xee, 0x32, 0x0f, 0x3b, 0xef, 0x3a,
    0x0e, 0x33, 0x0f, 0x3b, 0xef, 0x3a, 0x0e, 0x33, 0x0f, 0x3b, 0xef, 0x3a,
    0x0e, 0x33, 0xef, 0x3a, 0x0f, 0x3b, 0xee, 0x32, 0xef, 0x3a, 0x0f, 0x3b,
    0xee, 0x32, 0x0f, 0x3b, 0x0f, 0x3b, 0xee, 0x32, 0x0f, 0x3b, 0xef, 0x3a,
    0xee, 0x32, 0x0f, 0x3b, 0x0f, 0x3b, 0xee, 0x32, 0xef, 0x3a, 0x0f, 0x3b,
    0x0e, 0x33, 0xef, 0x3a, 0x0f, 0x3b, 0x0e, 0x33, 0xef, 0x3a, 0x0f, 0x3b,
    0xee, 0x32, 0x0f, 0x3b, 0xef, 0x3a, 0xee, 0x32, 0x0f, 0x3b, 0xef, 0x3a,
    0x0e, 0x33, 0x0f, 0x3b, 0xef, 0x3a, 0x0e, 0x33, 0x0f, 0x3b, 0xef, 0x3a,
    0x0e, 0x33, 0xef, 0x3a, 0x0f, 0x3b, 0xee, 0x32, 0xef, 0x3a, 0x0f, 0x3b,
    0xee, 0x32, 0x0f, 0x3b, 0x0f, 0x3b, 0xee, 0x32, 0x0f, 0x3b, 0xef, 0x3a,
    0xee, 0x32, 0x0f, 0x3b, 0x0f, 0x3b, 0xee, 0x32, 0xef, 0x3a, 0x0f, 0x3b,
    0x0e, 0x33, 0xef, 0x3a, 0x0f, 0x3b, 0x0e, 0x33, 0xef, 0x3a, 0x0f, 0x3b,
    0xee, 0x32, 0x0f, 0x3b, 0xef, 0x3a, 0xee, 0x32, 0x0f, 0x3b, 0xef, 0x3a,
    0x0e, 0x33, 0x0f, 0x3b, 0xef, 0x3a, 0x0e, 0x33, 0x0f, 0x3b, 0xef, 0x3a,
    0x0e, 0x33, 0xef, 0x3a, 0x0f, 0x3b, 0xee, 0x32, 0xef, 0x3a, 0x0f, 0x3b,
    0xee, 0x32, 0x0f, 0x3b, 0x0f, 0x3b, 0xee, 0x32, 0x0f, 0x3b, 0xef, 0x3a,
    0xee, 0x32, 0x0f, 0x3b, 0x0f, 0x3b, 0xee, 0x32, 0xef, 0x3a, 0x0f, 0x3b,
    0x0e, 0x33, 0xef, 0x3a, 0x0f, 0x3b, 0x0e, 0x33, 0xef, 0x3a, 0x0f, 0x3b,
    0xee, 0x32, 0x0f, 0x3b, 0xef, 0x3a, 0xee, 0x32, 0x0f, 0x3b, 0xef, 0x3a,
    0x0e, 0x33, 0x0f, 0x3b, 0xef, 0x3a, 0x0e, 0x33, 0x0f, 0x3b, 0xef, 0x3a,
    0x0e, 0x33, 0xef, 0x3a, 0x0f, 0x3b, 0xee, 0x32, 0xef, 0x3a, 0x0f, 0x3b,
    0xee, 0x32, 0x0f, 0x3b, 0x0f, 0x3b, 0xee, 0x32, 0x0f, 0x3b, 0xef, 0x3a,
    0xee, 0x32, 0x0f, 0x3b, 0x0f, 0x3b, 0xee, 0x32, 0xef, 0x3a, 0x0f, 0x3b,
    0x0e, 0x33, 0xef, 0x3a, 0x0f, 0x3b, 0x0e, 0x33, 0xef, 0x3a, 0x0f, 0x3b,
    0xee, 0x32, 0x0f, 0x3b, 0xef, 0x3a, 0xee, 0x32, 0x0f, 0x3b, 0xef, 0x3a,
    0x0e, 0x33, 0x0f, 0x3b, 0xef, 0x3a, 0x0e, 0x33, 0x0f, 0x3b, 0xef, 0x3a,
    0x0e, 0x33, 0xef, 0x3a, 0x0f, 0x3b, 0xee, 0x32, 0xef, 0x3a, 0x0f, 0x3b,
    0xee, 0x32, 0x0f, 0x3b, 0x0f, 0x3b, 0xee, 0x32, 0x0f, 0x3b, 0xef, 0x3a,
    0xee, 0x32, 0x0f, 0x3b, 0x0f, 0x3b, 0xee, 0x32, 0xef, 0x3a, 0x0f, 0x3b,
    0x0e, 0x33, 0xef, 0x3a, 0x0f, 0x3b, 0x0e, 0x33, 0xef, 0x3a, 0x0f, 0x3b,
    0xee, 0x32, 0x0f, 0x3b, 0xef, 0x3a, 0xee, 0x32, 0x0f, 0x3b, 0xef, 0x3a,
    0x0e, 0x33, 0x0f, 0x3b, 0xef, 0x3a, 0x0e, 0x33, 0x0f, 0x3b, 0xef, 0x3a,
    0x0e, 0x33, 0xef, 0x3a, 0x0f, 0x3b, 0xee, 0x32, 0xef, 0x3a, 0x0f, 0x3b,
    0xee, 0x32, 0x0e, 0x33, 0x0f, 0x3b, 0xee, 0x32, 0x0f, 0x3b, 0xef, 0x3a,
    0xee, 0x32, 0x0f, 0x3b, 0x0e, 0x33, 0xee, 0x32, 0xef, 0x3a, 0x0e, 0x33,
    0x0f, 0x3b, 0xee, 0x32, 0x0f, 0x3b, 0x0f, 0x3b, 0xee, 0x32, 0x0f, 0x3b,
    0xef, 0x3a, 0x0e, 0x33, 0xef, 0x3a, 0xef, 0x3a, 0x0e, 0x33, 0xef, 0x3a,
    0xef, 0x3a, 0x0e, 0x33, 0xef, 0x3a, 0x0e, 0x33, 0x0e, 0x33, 0xef, 0x3a,
    0x0e, 0x33, 0xef, 0x3a, 0xef, 0x3a, 0x0e, 0x33, 0xee, 0x32, 0x0f, 0x3b,
    0x0f, 0x3b, 0xee, 0x32, 0x0f, 0x3b, 0x0f, 0x3b, 0xee, 0x32, 0x0f, 0x3b,
    0xef, 0x3a, 0xee, 0x32, 0x0f, 0x3b, 0xee, 0x32, 0x0e, 0x33, 0x0f, 0x3b,
    0xee, 0x32, 0x0f, 0x3b, 0x0e, 0x33, 0xef, 0x3a, 0x0e, 0x33, 0x0f, 0x3b,
    0xee, 0x32, 0xee, 0x32, 0x0f, 0x3b, 0xee, 0x32, 0xef, 0x3a, 0x0f, 0x3b,
    0x0e, 0x33, 0xef, 0x3a, 0x0e, 0x33, 0xee, 0x32, 0xef, 0x3a, 0xee, 0x32,
    0x0e, 0x33, 0xef, 0x3a, 0xee, 0x32, 0x0f, 0x3b, 0x0f, 0x3b, 0xee, 0x32,
    0x0f, 0x3b, 0x0f, 0x3b, 0xee, 0x32, 0xef, 0x3a, 0x0e, 0x33, 0xee, 0x32,
    0x0f, 0x3b, 0x0e, 0x33, 0xee, 0x32, 0x0f, 0x3b, 0x0e, 0x33, 0xef, 0x3a,
    0x0f, 0x3b, 0xee, 0x32, 0xee, 0x32, 0xef, 0x3a, 0x0e, 0x33, 0xef, 0x3a,
    0xee, 0x32, 0x0f, 0x3b, 0x0f, 0x3b, 0xee, 0x32, 0x0f, 0x3b, 0xee, 0x32,
    0x0e, 0x33, 0x0f, 0x3b, 0xee, 0x32, 0x0e, 0x33, 0xef, 0x3a, 0xee, 0x32,
    0x0e, 0x33, 0xef, 0x3a, 0x0e, 0x33, 0xef, 0x3a, 0x0f, 0x3b, 0xee, 0x32,
    0x0f, 0x3b, 0x0f, 0x3b, 0xee, 0x32, 0x0f, 0x3b, 0x0f, 0x3b, 0xee, 0x32,
    0x0f, 0x3b, 0xee, 0x32, 0xef, 0x3a, 0x0f, 0x3b, 0xee, 0x32, 0xef, 0x3a,
    0x0e, 0x33, 0xee, 0x32, 0x0f, 0x3b, 0xee, 0x32, 0xee, 0x32, 0x0f, 0x3b,
    0xef, 0x3a, 0xee, 0x32, 0x0f, 0x3b, 0xef, 0x3a, 0xee, 0x32, 0x0e, 0x33,
    0xef, 0x3a, 0xef, 0x3a, 0x0e, 0x33, 0x0f, 0x3b, 0xee, 0x32, 0x0e, 0x33,
    0x0f, 0x3b, 0xee, 0x32, 0x0f, 0x3b, 0xef, 0x3a, 0x0e, 0x33, 0xef, 0x3a,
    0x0f, 0x3b, 0xee, 0x32, 0xef, 0x3a, 0x0e, 0x33, 0xef, 0x3a, 0x0e, 0x33,
    0xef, 0x3a, 0x0e, 0x33, 0x0f, 0x3b, 0xee, 0x32, 0x0e, 0x33, 0xef, 0x3a,
    0x0e, 0x33, 0x0f, 0x3b, 0xee, 0x32, 0xef, 0x3a, 0x0e, 0x33, 0xee, 0x32,
    0xef, 0x3a, 0x0e, 0x33, 0xee, 0x32, 0x0f, 0x3b, 0xee, 0x32, 0x0e, 0x33,
    0xef, 0x3a, 0x0e, 0x33, 0xee, 0x32, 0x0f, 0x3b, 0xee, 0x32, 0xee, 0x32,
    0x0f, 0x3b, 0x0e, 0x33, 0xee, 0x32, 0xef, 0x3a, 0x0e, 0x33, 0xee, 0x32,
    0xef, 0x3a, 0x0e, 0x33, 0xee, 0x32, 0xef, 0x3a, 0x0e, 0x33, 0x0e, 0x33,
    0xef, 0x3a, 0x0e, 0x33, 0xee, 0x32, 0xef, 0x3a, 0x0e, 0x33, 0x0e, 0x33,
    0xef, 0x3a, 0x0e, 0x33, 0x0e, 0x33, 0xef, 0x3a, 0x0e, 0x33, 0xee, 0x32,
    0xef, 0x3a, 0x0e, 0x33, 0xee, 0x32, 0x0f, 0x3b, 0x0e, 0x33, 0xee, 0x32,
    0x0f, 0x3b, 0x0e, 0x33, 0xee, 0x32, 0x0f, 0x3b, 0xee, 0x32, 0x0e, 0x33,
    0x0f, 0x3b, 0xee, 0x32, 0xee, 0x32, 0x0f, 0x3b, 0xee, 0x32, 0x0e, 0x33,
    0x0f, 0x3b, 0xee, 0x32, 0x0e, 0x33, 0xef, 0x3a, 0xee, 0x32, 0x0e, 0x33,
    0xef, 0x3a, 0xee, 0x32, 0x0e, 0x33, 0x0f, 0x3b, 0xee, 0x32, 0xee, 0x32,
    0x0f, 0x3b, 0x0e, 0x33, 0xee, 0x32, 0x0f, 0x3b, 0x0e, 0x33, 0xee, 0x32,
    0x0f, 0x3b, 0x0e, 0x33, 0xee, 0x32, 0xef, 0x3a, 0x0e, 0x33, 0xee, 0x32,
    0xef, 0x3a, 0x0e, 0x33, 0x0e, 0x33, 0xef, 0x3a, 0x0e, 0x33, 0x0e, 0x33,
    0xef, 0x3a, 0x0e, 0x33, 0xee, 0x32, 0xef, 0x3a, 0x0e, 0x33, 0xee, 0x32,
    0x0f, 0x3b, 0x0e, 0x33, 0xee, 0x32, 0xef, 0x3a, 0x0e, 0x33, 0xee, 0x32,
    0xef, 0x3a, 0x0e, 0x33, 0xee, 0x32, 0xef, 0x3a, 0x0e, 0x33, 0x0e, 0x33,
    0xef, 0x3a, 0x0e, 0x33, 0xee, 0x32, 0x0f, 0x3b, 0x0e, 0x33, 0xee, 0x32,
    0xef, 0x3a, 0x0e, 0x33, 0x0e, 0x33, 0xef, 0x3a, 0x0e, 0x33, 0xee, 0x32,
    0x0f, 0x3b, 0x0e, 0x33, 0xee, 0x32, 0xef, 0x3a, 0x0e, 0x33, 0x0e, 0x33,
    0xef, 0x3a, 0x0e, 0x33, 0xee, 0x32, 0x0f, 0x3b, 0xee, 0x32, 0xee, 0x32,
    0x0f, 0x3b, 0xee, 0x32, 0x0e, 0x33, 0xef, 0x3a, 0x0e, 0x33, 0x0e, 0x33,
    0xef, 0x3a, 0x0e, 0x33, 0x0e, 0x33, 0xef, 0x3a, 0x0e, 0x33, 0xee, 0x32,
    0x0f, 0x3b, 0xee, 0x32, 0xee, 0x32, 0x0f, 0x3b, 0xee, 0x32, 0x0e, 0x33,
    0xef, 0x3a, 0x0e, 0x33, 0xee, 0x32, 0x0f, 0x3b, 0xee, 0x32, 0x0e, 0x33,
    0x0f, 0x3b, 0xee, 0x32, 0x0e, 0x33, 0xef, 0x3a, 0xee, 0x32, 0x0e, 0x33,
    0xef, 0x3a, 0x0e, 0x33, 0xee, 0x32, 0xef, 0x3a, 0xee, 0x32, 0x0e, 0x33,
    0xef, 0x3a, 0x0e, 0x33, 0x0e, 0x33, 0xef, 0x3a, 0x0e, 0x33, 0x0e, 0x33,
    0xef, 0x3a, 0x0e, 0x33, 0x0e, 0x33, 0xef, 0x3a, 0x0e, 0x33, 0xee, 0x32,
    0x0f, 0x3b, 0xee, 0x32, 0x0e, 0x33, 0xef, 0x3a, 0x0e, 0x33, 0x0e, 0x33,
    0xef, 0x3a, 0xee, 0x32, 0x0e, 0x33, 0xef, 0x3a, 0xee, 0x32, 0x0e, 0x33,
    0x0f, 0x3b, 0xee, 0x32, 0x0e, 0x33, 0xef, 0x3a, 0x0e, 0x33, 0x0e, 0x33,
    0xef, 0x3a, 0xee, 0x32, 0x0e, 0x33, 0xef, 0x3a, 0xee, 0x32, 0x0e, 0x33,
    0xef, 0x3a, 0x0e, 0x33, 0x0e, 0x33, 0xef, 0x3a, 0x0e, 0x33, 0x0e, 0x33,
    0xef, 0x3a, 0x0e, 0x33, 0xee, 0x32, 0xef, 0x3a, 0x0e, 0x33, 0x0e, 0x33,
    0xef, 0x3a, 0x0e, 0x33, 0xee, 0x32, 0xef, 0x3a, 0x0e, 0x33, 0xee, 0x32,
    0xef, 0x3a, 0x0e, 0x33, 0xee, 0x32, 0xef, 0x3a, 0x0e, 0x33, 0xee, 0x32,
    0x0f, 0x3b, 0x0e, 0x33, 0xee, 0x32, 0x0f, 0x3b, 0x0e, 0x33, 0xee, 0x32,
    0xef, 0x3a, 0x0e, 0x33, 0xee, 0x32, 0xef, 0x3a, 0x0e, 0x33, 0xee, 0x32,
    0xef, 0x3a, 0x0e, 0x33, 0x0e, 0x33, 0xef, 0x3a, 0x0e, 0x33, 0x0e, 0x33,
    0xef, 0x3a, 0x0e, 0x33, 0xee, 0x32, 0xef, 0x3a, 0x0e, 0x33, 0x0e, 0x33,
    0xef, 0x3a, 0x0e, 0x33, 0xee, 0x32, 0xef, 0x3a, 0x0e, 0x33, 0xee, 0x32,
    0xef, 0x3a, 0x0e, 0x33, 0xee, 0x32, 0xef, 0x3a, 0x0e, 0x33, 0xee, 0x32,
    0x0f, 0x3b, 0x0e, 0x33, 0xee, 0x32, 0x0f, 0x3b, 0x0e, 0x33, 0xee, 0x32,
    0xef, 0x3a, 0x0e, 0x33, 0xee, 0x32, 0xef, 0x3a, 0x0e, 0x33, 0xee, 0x32,
    0xef, 0x3a, 0x0e, 0x33, 0x0e, 0x33, 0xef, 0x3a, 0x0e, 0x33, 0x0e, 0x33,
    0xef, 0x3a, 0x0e, 0x33, 0xee, 0x32, 0xef, 0x3a, 0x0e, 0x33, 0x0e, 0x33,
    0xef, 0x3a, 0x0e, 0x33, 0xee, 0x32, 0xef, 0x3a, 0x0e, 0x33, 0xee, 0x32,
    0xef, 0x3a, 0x0e, 0x33, 0xee, 0x32, 0xef, 0x3a, 0x0e, 0x33, 0xee, 0x32,
    0x0f, 0x3b, 0x0e, 0x33, 0xee, 0x32, 0x0f, 0x3b, 0x0e, 0x33, 0xee, 0x32,
    0xef, 0x3a, 0x0e, 0x33, 0xee, 0x32, 0xef, 0x3a, 0x0e, 0x33, 0xee, 0x32,
    0xef, 0x3a, 0x0e, 0x33, 0x0e, 0x33, 0xef, 0x3a, 0x0e, 0x33, 0x0e, 0x33,
    0xef, 0x3a, 0x0e, 0x33, 0xee, 0x32, 0xef, 0x3a, 0x0e, 0x33, 0x0e, 0x33,
    0xef, 0x3a, 0x0e, 0x33, 0xee, 0x32, 0xef, 0x3a, 0x0e, 0x33, 0xee, 0x32,
    0xef, 0x3a, 0x0e, 0x33, 0xee, 0x32, 0xef, 0x3a, 0x0e, 0x33, 0xee, 0x32,
    0x0f, 0x3b, 0x0e, 0x33, 0xee, 0x32, 0x0f, 0x3b, 0x0e, 0x33, 0xee, 0x32,
    0xef, 0x3a, 0x0e, 0x33, 0xee, 0x32, 0xef, 0x3a, 0x0e, 0x33, 0xee, 0x32,
    0xef, 0x3a, 0x0e, 0x33, 0x0e, 0x33, 0xef, 0x3a, 0x0e, 0x33, 0x0e, 0x33,
    0xef, 0x3a, 0x0e, 0x33, 0xee, 0x32, 0xef, 0x3a, 0x0e, 0x33, 0x0e, 0x33,
    0xef, 0x3a, 0x0e, 0x33, 0xee, 0x32, 0xef, 0x3a, 0x0e, 0x33, 0xee, 0x32,
    0xef, 0x3a, 0x0e, 0x33, 0xee, 0x32, 0xef, 0x3a, 0x0e, 0x33, 0xee, 0x32,
    0x0f, 0x3b, 0x0e, 0x33, 0xee, 0x32, 0x0f, 0x3b, 0x0e, 0x33, 0xee, 0x32,
    0xef, 0x3a, 0x0e, 0x33, 0xee, 0x32, 0xef, 0x3a, 0x0e, 0x33, 0xee, 0x32,
    0xef, 0x3a, 0x0e, 0x33, 0x0e, 0x33, 0xef, 0x3a, 0x0e, 0x33, 0x0e, 0x33,
    0xef, 0x3a, 0x0e, 0x33, 0xee, 0x32, 0xef, 0x3a, 0x0e, 0x33, 0x0e, 0x33,
    0xef, 0x3a, 0x0e, 0x33, 0xee, 0x32, 0xef, 0x3a, 0x0e, 0x33, 0xee, 0x32,
    0xef, 0x3a, 0x0e, 0x33, 0xee, 0x32, 0xef, 0x3a, 0x0e, 0x33, 0xee, 0x32,
    0x0f, 0x3b, 0x0e, 0x33, 0xee, 0x32, 0x0f, 0x3b, 0x0e, 0x33, 0xee, 0x32,
    0xef, 0x3a, 0x0e, 0x33, 0xee, 0x32, 0xef, 0x3a, 0x0e, 0x33, 0xee, 0x32,
    0xef, 0x3a, 0x0e, 0x33, 0x0e, 0x33, 0xef, 0x3a, 0x0e, 0x33, 0x0e, 0x33,
    0xef, 0x3a, 0x0e, 0x33, 0xee, 0x32, 0xef, 0x3a, 0x0e, 0x33, 0x0e, 0x33,
    0xef, 0x3a, 0x0e, 0x33, 0xee, 0x32, 0xef, 0x3a, 0x0e, 0x33, 0xee, 0x32,
    0xef, 0x3a, 0x0e, 0x33, 0xee, 0x32, 0xef, 0x3a, 0x0e, 0x33, 0xee, 0x32,
    0x0f, 0x3b, 0x0e, 0x33, 0xee, 0x32, 0x0f, 0x3b, 0x0e, 0x33, 0xee, 0x32,
    0xef, 0x3a, 0x0e, 0x33, 0xee, 0x32, 0xef, 0x3a, 0x0e, 0x33, 0xee, 0x32,
    0xef, 0x3a, 0x0e, 0x33, 0x0e, 0x33, 0xef, 0x3a, 0x0e, 0x33, 0x0e, 0x33,
    0xef, 0x3a, 0x0e, 0x33, 0xee, 0x32, 0xef, 0x3a, 0x0e, 0x33, 0x0e, 0x33,
    0xef, 0x3a, 0x0e, 0x33, 0xee, 0x32, 0xef, 0x3a, 0x0e, 0x33, 0xee, 0x32,
    0xef, 0x3a, 0x0e, 0x33, 0xee, 0x32, 0xef, 0x3a, 0x0e, 0x33, 0xee, 0x32,
    0x0f, 0x3b, 0x0e, 0x33, 0xee, 0x32, 0x0f, 0x3b, 0x0e, 0x33, 0xee, 0x32,
    0xef, 0x3a, 0x0e, 0x33, 0xee, 0x32, 0xef, 0x3a, 0x0e, 0x33, 0xee, 0x32,
    0xef, 0x3a, 0x0e, 0x33, 0x0e, 0x33, 0xef, 0x3a, 0x0e, 0x33, 0x0e, 0x33,
    0xef, 0x3a, 0x0e, 0x33, 0xee, 0x32, 0xef, 0x3a, 0x0e, 0x33, 0x0e, 0x33,
    0xef, 0x3a, 0x0e, 0x33, 0xee, 0x32, 0xef, 0x3a, 0x0e, 0x33, 0xee, 0x32,
    0xef, 0x3a, 0x0e, 0x33, 0xee, 0x32, 0xef, 0x3a, 0x0e, 0x33, 0xee, 0x32,
    0x0f, 0x3b, 0x0e, 0x33, 0xee, 0x32, 0x0f, 0x3b, 0x0e, 0x33, 0xee, 0x32,
    0xef, 0x3a, 0x0e, 0x33, 0xee, 0x32, 0xef, 0x3a, 0x0e, 0x33, 0xee, 0x32,
    0xef, 0x3a, 0x0e, 0x33, 0x0e, 0x33, 0xef, 0x3a, 0x0e, 0x33, 0x0e, 0x33,
    0xef, 0x3a, 0x0e, 0x33, 0xee, 0x32, 0xef, 0x3a, 0x0e, 0x33, 0x0e, 0x33,
    0xef, 0x3a, 0x0e, 0x33, 0xee, 0x32, 0xef, 0x3a, 0x0e, 0x33, 0xee, 0x32,
    0xef, 0x3a, 0x0e, 0x33, 0xee, 0x32, 0xef, 0x3a, 0x0e, 0x33, 0xee, 0x32,
    0x0f, 0x3b, 0x0e, 0x33, 0xee, 0x32, 0x0f, 0x3b, 0x0e, 0x33, 0xee, 0x32,
    0xef, 0x3a, 0x0e, 0x33, 0xee, 0x32, 0xef, 0x3a, 0x0e, 0x33, 0xee, 0x32,
    0xef, 0x3a, 0x0e, 0x33, 0x0e, 0x33, 0xef, 0x3a, 0x0e, 0x33, 0x0e, 0x33,
    0xef, 0x3a, 0x0e, 0x33, 0xee, 0x32, 0xef, 0x3a, 0x0e, 0x33, 0x0e, 0x33,
    0xef, 0x3a, 0x0e, 0x33, 0xee, 0x32, 0xef, 0x3a, 0x0e, 0x33, 0xee, 0x32,
    0xef, 0x3a, 0x0e, 0x33, 0xee, 0x32, 0xef, 0x3a, 0x0e, 0x33, 0xee, 0x32,
    0x0f, 0x3b, 0x0e, 0x33, 0xee, 0x32, 0x0f, 0x3b, 0x0e, 0x33, 0xee, 0x32,
    0xef, 0x3a, 0x0e, 0x33, 0xee, 0x32, 0xef, 0x3a, 0x0e, 0x33, 0xee, 0x32,
    0xef, 0x3a, 0x0e, 0x33, 0x0e, 0x33, 0xef, 0x3a, 0x0e, 0x33, 0x0e, 0x33,
    0xef, 0x3a, 0x0e, 0x33, 0xee, 0x32, 0xef, 0x3a, 0x0e, 0x33, 0x0e, 0x33,
    0xef, 0x3a, 0x0e, 0x33, 0xee, 0x32, 0xef, 0x3a, 0x0e, 0x33, 0xee, 0x32,
    0xef, 0x3a, 0x0e, 0x33, 0xee, 0x32, 0xef, 0x3a, 0x0e, 0x33, 0xee, 0x32,
    0x0f, 0x3b, 0x0e, 0x33, 0xee, 0x32, 0x0f, 0x3b, 0x0e, 0x33, 0xee, 0x32,
    0xef, 0x3a, 0x0e, 0x33, 0xee, 0x32, 0xef, 0x3a, 0x0e, 0x33, 0xee, 0x32,
    0xef, 0x3a, 0x0e, 0x33, 0x0e, 0x33, 0xef, 0x3a, 0x0e, 0x33, 0x0e, 0x33,
    0xef, 0x3a, 0x0f, 0x3b, 0xee, 0x32, 0xef, 0x3a, 0x0e, 0x33, 0x0e, 0x33,
    0xef, 0x3a, 0x0e, 0x33, 0xef, 0x3a, 0xef, 0x3a, 0x0e, 0x33, 0xef, 0x3a,
    0xee, 0x32, 0x0e, 0x33, 0xef, 0x3a, 0xee, 0x32, 0x0e, 0x33, 0xef, 0x3a,
    0x0e, 0x33, 0x0f, 0x3b, 0xee, 0x32, 0x0e, 0x33, 0x0f, 0x3b, 0xee, 0x32,
    0x0e, 0x33, 0x0f, 0x3b, 0xee, 0x32, 0xef, 0x3a, 0x0f, 0x3b, 0xee, 0x32,
    0xef, 0x3a, 0x0e, 0x33, 0x0e, 0x33, 0xef, 0x3a, 0x0e, 0x33, 0xef, 0x3a,
    0xee, 0x32, 0x0e, 0x33, 0xef, 0x3a, 0xee, 0x32, 0x0e, 0x33, 0xef, 0x3a,
    0x0e, 0x33, 0x0f, 0x3b, 0xee, 0x32, 0x0e, 0x33, 0xef, 0x3a, 0xef, 0x3a,
    0x0f, 0x3b, 0xee, 0x32, 0xee, 0x32, 0x0f, 0x3b, 0xee, 0x32, 0xef, 0x3a,
    0x0f, 0x3b, 0x0e, 0x33, 0xef, 0x3a, 0x0f, 0x3b, 0x0e, 0x33, 0xee, 0x32,
    0xef, 0x3a, 0x0e, 0x33, 0xef, 0x3a, 0x0f, 0x3b, 0xef, 0x3a, 0x0e, 0x33,
    0xef, 0x3a, 0x0e, 0x33, 0x0f, 0x3b, 0xee, 0x32, 0x0e, 0x33, 0xef, 0x3a,
    0xee, 0x32, 0x0e, 0x33, 0xef, 0x3a, 0x0e, 0x33, 0x0f, 0x3b, 0xef, 0x3a,
    0x0e, 0x33, 0xef, 0x3a, 0xef, 0x3a, 0x0e, 0x33, 0xef, 0x3a, 0xee, 0x32,
    0x0e, 0x33, 0xef, 0x3a, 0x0f, 0x3b, 0x0e, 0x33, 0x0f, 0x3b, 0xee, 0x32,
    0x0e, 0x33, 0xef, 0x3a, 0x0e, 0x33, 0xee, 0x32, 0x0f, 0x3b, 0xef, 0x3a,
    0x0e, 0x33, 0x0f, 0x3b, 0xef, 0x3a, 0xee, 0x32, 0x0f, 0x3b, 0x0f, 0x3b,
    0xee, 0x32, 0x0f, 0x3b, 0x0f, 0x3b, 0xee, 0x32, 0xee, 0x32, 0x0f, 0x3b,
    0xee, 0x32, 0xee, 0x32, 0x0f, 0x3b, 0xee, 0x32, 0xef, 0x3a, 0x0e, 0x33,
    0xee, 0x32, 0x0f, 0x3b, 0x0f, 0x3b, 0xee, 0x32, 0x0e, 0x33, 0x0f, 0x3b,
    0xee, 0x32, 0x0f, 0x3b, 0xef, 0x3a, 0x0e, 0x33, 0x0f, 0x3b, 0xee, 0x32,
    0x0e, 0x33, 0x0f, 0x3b, 0xee, 0x32, 0x0e, 0x33, 0x0f, 0x3b, 0xee, 0x32,
    0x0f, 0x3b, 0x0e, 0x33, 0xee, 0x32, 0x0f, 0x3b, 0xef, 0x3a, 0xee, 0x32,
    0x0f, 0x3b, 0xef, 0x3a, 0xee, 0x32, 0x0e, 0x33, 0x0f, 0x3b, 0xee, 0x32,
    0xee, 0x32, 0x0f, 0x3b, 0x0e, 0x33, 0xef, 0x3a, 0x0f, 0x3b, 0x0e, 0x33,
    0xee, 0x32, 0xef, 0x3a, 0x0e, 0x33, 0xef, 0x3a, 0xef, 0x3a, 0x0e, 0x33,
    0xef, 0x3a, 0x0e, 0x33, 0xef, 0x3a, 0x0e, 0x33, 0x0e, 0x33, 0x0f, 0x3b,
    0xef, 0x3a, 0x0e, 0x33, 0x0f, 0x3b, 0xef, 0x3a, 0xee, 0x32, 0x0f, 0x3b,
    0x0f, 0x3b, 0xee, 0x32, 0x0f, 0x3b, 0xef, 0x3a, 0x0e, 0x33, 0x0f, 0x3b,
    0xef, 0x3a, 0x0e, 0x33, 0xef, 0x3a, 0x0f, 0x3b, 0x0e, 0x33, 0xef, 0x3a,
    0x0f, 0x3b, 0xee, 0x32, 0x0f, 0x3b, 0x0f, 0x3b, 0xee, 0x32, 0xef, 0x3a,
    0x0f, 0x3b, 0xee, 0x32, 0x0f, 0x3b, 0x0f, 0x3b, 0xee, 0x32, 0xef, 0x3a,
    0x0f, 0x3b, 0xee, 0x32, 0xef, 0x3a, 0x0f, 0x3b, 0xee, 0x32, 0x0f, 0x3b,
    0x0f, 0x3b, 0xee, 0x32, 0x0f, 0x3b, 0xef, 0x3a, 0xee, 0x32, 0x0f, 0x3b,
    0xef, 0x3a, 0xee, 0x32, 0x0f, 0x3b, 0xef, 0x3a, 0x0e, 0x33, 0xef, 0x3a,
    0xef, 0x3a, 0x0e, 0x33, 0x0f, 0x3b, 0xef, 0x3a, 0x0e, 0x33, 0xef, 0x3a,
    0xef, 0x3a, 0x0e, 0x33, 0xef, 0x3a, 0x0f, 0x3b, 0x0e, 0x33, 0xef, 0x3a,
    0x0f, 0x3b, 0x0e, 0x33, 0xef, 0x3a, 0x0f, 0x3b, 0x0e, 0x33, 0xef, 0x3a,
    0x0f, 0x3b, 0xee, 0x32, 0xef, 0x3a, 0x0f, 0x3b, 0xee, 0x32, 0xef, 0x3a,
    0x0f, 0x3b, 0xee, 0x32, 0xef, 0x3a, 0x0f, 0x3b, 0x0e, 0x33, 0xef, 0x3a,
    0x0f, 0x3b, 0x0e, 0x33, 0xef, 0x3a, 0x0f, 0x3b, 0xee, 0x32, 0xef, 0x3a,
    0x0f, 0x3b, 0xee, 0x32, 0x0f, 0x3b, 0x0f, 0x3b, 0xee, 0x32, 0x0f, 0x3b,
    0x0f, 0x3b, 0xee, 0x32, 0xef, 0x3a, 0x0f, 0x3b, 0xee, 0x32, 0x0f, 0x3b,
    0x0f, 0x3b, 0xee, 0x32, 0x0f, 0x3b, 0x0f, 0x3b, 0xee, 0x32, 0xef, 0x3a,
    0x0f, 0x3b, 0xee, 0x32, 0x0f, 0x3b, 0xef, 0x3a, 0x0e, 0x33, 0xef, 0x3a,
    0x0f, 0x3b, 0x0e, 0x33, 0xef, 0x3a, 0xef, 0x3a, 0x0e, 0x33, 0x0f, 0x3b,
    0xef, 0x3a, 0xee, 0x32, 0x0f, 0x3b, 0xef, 0x3a, 0x0e, 0x33, 0xef, 0x3a,
    0xef, 0x3a, 0x0e, 0x33, 0xef, 0x3a, 0xef, 0x3a, 0x0e, 0x33, 0x0f, 0x3b,
    0xef, 0x3a, 0x0e, 0x33, 0xef, 0x3a, 0x0f, 0x3b, 0xee, 0x32, 0xef, 0x3a,
    0x0f, 0x3b, 0xee, 0x32, 0xef, 0x3a, 0x0f, 0x3b, 0xee, 0x32, 0xef, 0x3a,
    0x0f, 0x3b, 0x0e, 0x33, 0xef, 0x3a, 0x0f, 0x3b, 0x0e, 0x33, 0xef, 0x3a,
    0xef, 0x3a, 0x0e, 0x33, 0x0f, 0x3b, 0xef, 0x3a, 0x0e, 0x33, 0xef, 0x3a,
    0xef, 0x3a, 0x0e, 0x33, 0xef, 0x3a, 0x0f, 0x3b, 0x0e, 0x33, 0xef, 0x3a,
    0x0f, 0x3b, 0xee, 0x32, 0x0f, 0x3b, 0x0f, 0x3b, 0x0e, 0x33, 0xef, 0x3a,
    0x0f, 0x3b, 0x0e, 0x33, 0xef, 0x3a, 0xef, 0x3a, 0x0e, 0x33, 0xef, 0x3a,
    0xef, 0x3a, 0x0e, 0x33, 0xef, 0x3a, 0xef, 0x3a, 0x0e, 0x33, 0xef, 0x3a,
    0x0f, 0x3b, 0x0e, 0x33, 0xef, 0x3a, 0xef, 0x3a, 0x0e, 0x33, 0x0f, 0x3b,
    0xef, 0x3a, 0x0e, 0x33, 0xef, 0x3a, 0x0f, 0x3b, 0x0e, 0x33, 0xef, 0x3a,
    0xef, 0x3a, 0x0e, 0x33, 0xef, 0x3a, 0xef, 0x3a, 0x0e, 0x33, 0xef, 0x3a,
    0x0f, 0x3b, 0x0e, 0x33, 0xef, 0x3a, 0x0f, 0x3b, 0xee, 0x32, 0x0f, 0x3b,
    0x0f, 0x3b, 0xee, 0x32, 0xef, 0x3a, 0x0f, 0x3b, 0xee, 0x32, 0xef, 0x3a,
    0x0f, 0x3b, 0xee, 0x32, 0x0f, 0x3b, 0x0f, 0x3b, 0xee, 0x32, 0xef, 0x3a,
    0x0f, 0x3b, 0xee, 0x32, 0xef, 0x3a, 0x0f, 0x3b, 0x0e, 0x33, 0xef, 0x3a,
    0x0f, 0x3b, 0x0e, 0x33, 0x0f, 0x3b, 0xef, 0x3a, 0x0e, 0x33, 0x0f, 0x3b,
    0xef, 0x3a, 0xee, 0x32, 0x0f, 0x3b, 0xef, 0x3a, 0xee, 0x32, 0x0f, 0x3b,
    0x0f, 0x3b, 0xee, 0x32, 0x0f, 0x3b, 0x0f, 0x3b, 0xee, 0x32, 0x0f, 0x3b,
    0x0f, 0x3b, 0xee, 0x32, 0xef, 0x3a, 0x0f, 0x3b, 0xee, 0x32, 0xef, 0x3a,
    0x0f, 0x3b, 0xee, 0x32, 0x0f, 0x3b, 0x0f, 0x3b, 0xee, 0x32, 0xef, 0x3a,
    0x0f, 0x3b, 0xee, 0x32, 0xef, 0x3a, 0x0f, 0x3b, 0x0e, 0x33, 0xef, 0x3a,
    0x0f, 0x3b, 0x0e, 0x33, 0x0f, 0x3b, 0xef, 0x3a, 0x0e, 0x33, 0x0f, 0x3b,
    0xef, 0x3a, 0xee, 0x32, 0x0f, 0x3b, 0xef, 0x3a, 0xee, 0x32, 0x0f, 0x3b,
    0x0f, 0x3b, 0xee, 0x32, 0x0f, 0x3b, 0x0f, 0x3b, 0xee, 0x32, 0x0f, 0x3b,
    0x0f, 0x3b, 0xee, 0x32, 0xef, 0x3a, 0x0f, 0x3b, 0xee, 0x32, 0xef, 0x3a,
    0x0f, 0x3b, 0xee, 0x32, 0x0f, 0x3b, 0x0f, 0x3b, 0xee, 0x32, 0xef, 0x3a,
    0x0f, 0x3b, 0xee, 0x32, 0xef, 0x3a, 0x0f, 0x3b, 0x0e, 0x33, 0xef, 0x3a,
    0x0f, 0x3b, 0x0e, 0x33, 0x0f, 0x3b, 0xef, 0x3a, 0x0e, 0x33, 0x0f, 0x3b,
    0xef, 0x3a, 0xee, 0x32, 0x0f, 0x3b, 0xef, 0x3a, 0xee, 0x32, 0x0f, 0x3b,
    0x0f, 0x3b, 0xee, 0x32, 0x0f, 0x3b, 0x0f, 0x3b, 0xee, 0x32, 0x0f, 0x3b,
    0x0f, 0x3b, 0xee, 0x32, 0xef, 0x3a, 0x0f, 0x3b, 0xee, 0x32, 0xef, 0x3a,
    0x0f, 0x3b, 0xee, 0x32, 0x0f, 0x3b, 0x0f, 0x3b, 0xee, 0x32, 0xef, 0x3a,
    0x0f, 0x3b, 0xee, 0x32, 0xef, 0x3a, 0x0f, 0x3b, 0x0e, 0x33, 0xef, 0x3a,
    0x0f, 0x3b, 0x0e, 0x33, 0x0f, 0x3b, 0xef, 0x3a, 0x0e, 0x33, 0x0f, 0x3b,
    0xef, 0x3a, 0xee, 0x32, 0x0f, 0x3b, 0xef, 0x3a, 0xee, 0x32, 0x0f, 0x3b,
    0x0f, 0x3b, 0xee, 0x32, 0x0f, 0x3b, 0x0f, 0x3b, 0xee, 0x32, 0x0f, 0x3b,
    0x0f, 0x3b, 0xee, 0x32, 0xef, 0x3a, 0x0f, 0x3b, 0xee, 0x32, 0xef, 0x3a,
    0x0f, 0x3b, 0xee, 0x32, 0x0f, 0x3b, 0x0f, 0x3b, 0xee, 0x32, 0xef, 0x3a,
    0x0f, 0x3b, 0xee, 0x32, 0xef, 0x3a, 0x0f, 0x3b, 0x0e, 0x33, 0xef, 0x3a,
    0x0f, 0x3b, 0x0e, 0x33, 0x0f, 0x3b, 0xef, 0x3a, 0x0e, 0x33, 0x0f, 0x3b,
    0xef, 0x3a, 0xee, 0x32, 0x0f, 0x3b, 0xef, 0x3a, 0xee, 0x32, 0x0f, 0x3b,
    0x0f, 0x3b, 0xee, 0x32, 0x0f, 0x3b, 0x0f, 0x3b, 0xee, 0x32, 0x0f, 0x3b,
    0x0f, 0x3b, 0xee, 0x32, 0xef, 0x3a, 0x0f, 0x3b, 0xee, 0x32, 0xef, 0x3a,
    0x0f, 0x3b, 0xee, 0x32, 0x0f, 0x3b, 0x0f, 0x3b, 0xee, 0x32, 0xef, 0x3a,
    0x0f, 0x3b, 0xee, 0x32, 0xef, 0x3a, 0x0f, 0x3b, 0x0e, 0x33, 0xef, 0x3a,
    0x0f, 0x3b, 0x0e, 0x33, 0x0f, 0x3b, 0xef, 0x3a, 0x0e, 0x33, 0x0f, 0x3b,
    0xef, 0x3a, 0xee, 0x32, 0x0f, 0x3b, 0xef, 0x3a, 0xee, 0x32, 0x0f, 0x3b,
    0x0f, 0x3b, 0xee, 0x32, 0x0f, 0x3b, 0x0f, 0x3b, 0xee, 0x32, 0x0f, 0x3b,
    0x0f, 0x3b, 0xee, 0x32, 0xef, 0x3a, 0x0f, 0x3b, 0xee, 0x32, 0xef, 0x3a,
    0x0f, 0x3b, 0xee, 0x32, 0x0f, 0x3b, 0x0f, 0x3b, 0xee, 0x32, 0xef, 0x3a,
    0x0f, 0x3b, 0xee, 0x32, 0xef, 0x3a, 0x0f, 0x3b, 0x0e, 0x33, 0xef, 0x3a,
    0x0f, 0x3b, 0x0e, 0x33, 0x0f, 0x3b, 0xef, 0x3a, 0x0e, 0x33, 0x0f, 0x3b,
    0xef, 0x3a, 0xee, 0x32, 0x0f, 0x3b, 0xef, 0x3a, 0xee, 0x32, 0x0f, 0x3b,
    0x0f, 0x3b, 0xee, 0x32, 0x0f, 0x3b, 0x0f, 0x3b, 0xee, 0x32, 0x0f, 0x3b,
    0x0f, 0x3b, 0xee, 0x32, 0xef, 0x3a, 0x0f, 0x3b, 0xee, 0x32, 0xef, 0x3a,
    0x0f, 0x3b, 0xee, 0x32, 0x0f, 0x3b, 0x0f, 0x3b, 0xee, 0x32, 0xef, 0x3a,
    0x0f, 0x3b, 0xee, 0x32, 0xef, 0x3a, 0x0f, 0x3b, 0x0e, 0x33, 0xef, 0x3a,
    0x0f, 0x3b, 0x0e, 0x33, 0x0f, 0x3b, 0xef, 0x3a, 0x0e, 0x33, 0x0f, 0x3b,
    0xef, 0x3a, 0xee, 0x32, 0x0f, 0x3b, 0xef, 0x3a, 0xee, 0x32, 0x0f, 0x3b,
    0x0f, 0x3b, 0xee, 0x32, 0x0f, 0x3b, 0x0f, 0x3b, 0xee, 0x32, 0x0f, 0x3b,
    0x0f, 0x3b, 0xee, 0x32, 0xef, 0x3a, 0x0f, 0x3b, 0xee, 0x32, 0xef, 0x3a,
    0x0f, 0x3b, 0xee, 0x32, 0x0f, 0x3b, 0x0f, 0x3b, 0xee, 0x32, 0xef, 0x3a,
    0x0f, 0x3b, 0xee, 0x32, 0xef, 0x3a, 0x0f, 0x3b, 0x0e, 0x33, 0xef, 0x3a,
    0x0f, 0x3b, 0x0e, 0x33, 0x0f, 0x3b, 0xef, 0x3a, 0x0e, 0x33, 0x0f, 0x3b,
    0xef, 0x3a, 0xee, 0x32, 0x0f, 0x3b, 0xef, 0x3a, 0xee, 0x32, 0x0f, 0x3b,
    0x0f, 0x3b, 0xee, 0x32, 0x0f, 0x3b, 0x0f, 0x3b, 0xee, 0x32, 0x0f, 0x3b,
    0x0f, 0x3b, 0xee, 0x32, 0xef, 0x3a, 0x0f, 0x3b, 0xee, 0x32, 0xef, 0x3a,
    0x0f, 0x3b, 0xee, 0x32, 0x0f, 0x3b, 0x0f, 0x3b, 0xee, 0x32, 0xef, 0x3a,
    0x0f, 0x3b, 0xee, 0x32, 0xef, 0x3a, 0x0f, 0x3b, 0x0e, 0x33, 0xef, 0x3a,
    0x0f, 0x3b, 0x0e, 0x33, 0x0f, 0x3b, 0xef, 0x3a, 0x0e, 0x33, 0x0f, 0x3b,
    0xef, 0x3a, 0xee, 0x32, 0x0f, 0x3b, 0xef, 0x3a, 0xee, 0x32, 0x0f, 0x3b,
    0x0f, 0x3b, 0xee, 0x32, 0x0f, 0x3b, 0x0f, 0x3b, 0xee, 0x32, 0x0f, 0x3b,
    0x0f, 0x3b, 0xee, 0x32, 0xef, 0x3a, 0x0f, 0x3b, 0xee, 0x32, 0xef, 0x3a,
    0x0f, 0x3b, 0xee, 0x32, 0x0f, 0x3b, 0x0f, 0x3b, 0xee, 0x32, 0xef, 0x3a,
    0x0f, 0x3b, 0xee, 0x32, 0xef, 0x3a, 0x0f, 0x3b, 0x0e, 0x33, 0xef, 0x3a,
    0x0f, 0x3b, 0x0e, 0x33, 0x0f, 0x3b, 0xef, 0x3a, 0x0e, 0x33, 0x0f, 0x3b,
    0xef, 0x3a, 0xee, 0x32, 0x0f, 0x3b, 0xef, 0x3a, 0xee, 0x32, 0x0f, 0x3b,
    0x0f, 0x3b, 0xee, 0x32, 0x0f, 0x3b, 0x0f, 0x3b, 0xee, 0x32, 0x0f, 0x3b,
    0x0f, 0x3b, 0xee, 0x32, 0xef, 0x3a, 0x0f, 0x3b, 0xee, 0x32, 0xef, 0x3a,
    0x0f, 0x3b, 0xee, 0x32, 0x0f, 0x3b, 0x0f, 0x3b, 0xee, 0x32, 0xef, 0x3a,
    0x0f, 0x3b, 0xee, 0x32, 0xef, 0x3a, 0x0f, 0x3b, 0x0e, 0x33, 0xef, 0x3a,
    0x0f, 0x3b, 0x0e, 0x33, 0x0f, 0x3b, 0xef, 0x3a, 0x0e, 0x33, 0x0f, 0x3b,
    0xef, 0x3a, 0xee, 0x32, 0x0f, 0x3b, 0xef, 0x3a, 0xee, 0x32, 0x0f, 0x3b,
    0x0f, 0x3b, 0xee, 0x32, 0x0f, 0x3b, 0x0f, 0x3b, 0xee, 0x32, 0x0f, 0x3b,
    0x0f, 0x3b, 0xee, 0x32, 0xef, 0x3a, 0x0f, 0x3b, 0xee, 0x32, 0xef, 0x3a,
    0x0f, 0x3b, 0xee, 0x32, 0x0e, 0x33, 0x0f, 0x3b, 0xee, 0x32, 0xef, 0x3a,
    0x0f, 0x3b, 0xee, 0x32, 0xef, 0x3a, 0x0e, 0x33, 0x0e, 0x33, 0xef, 0x3a,
    0x0f, 0x3b, 0x0e, 0x33, 0x0f, 0x3b, 0xef, 0x3a, 0x0e, 0x33, 0x0f, 0x3b,
    0xef, 0x3a, 0xee, 0x32, 0x0e, 0x33, 0xef, 0x3a, 0xef, 0x3a, 0x0e, 0x33,
    0xef, 0x3a, 0xef, 0x3a, 0x0e, 0x33, 0x0e, 0x33, 0xef, 0x3a, 0x0e, 0x33,
    0x0e, 0x33, 0xef, 0x3a, 0xef, 0x3a, 0x0e, 0x33, 0xef, 0x3a, 0x0e, 0x33,
    0x0f, 0x3b, 0xef, 0x3a, 0x0e, 0x33, 0x0f, 0x3b, 0xef, 0x3a, 0x0e, 0x33,
    0xef, 0x3a, 0xee, 0x32, 0x0f, 0x3b, 0xee, 0x32, 0x0f, 0x3b, 0x0e, 0x33,
    0xee, 0x32, 0x0f, 0x3b, 0x0e, 0x33, 0xef, 0x3a, 0x0f, 0x3b, 0x0e, 0x33,
    0xee, 0x32, 0xef, 0x3a, 0x0e, 0x33, 0xee, 0x32, 0xef, 0x3a, 0x0f, 0x3b,
    0x0e, 0x33, 0xef, 0x3a, 0x0e, 0x33, 0xee, 0x32, 0xee, 0x32, 0x0f, 0x3b,
    0xee, 0x32, 0xef, 0x3a, 0x0e, 0x33, 0xef, 0x3a, 0xef, 0x3a, 0x0e, 0x33,
    0x0f, 0x3b, 0xef, 0x3a, 0x0e, 0x33, 0xef, 0x3a, 0xee, 0x32, 0x0e, 0x33,
    0xef, 0x3a, 0x0e, 0x33, 0x0e, 0x33, 0xef, 0x3a, 0x0e, 0x33, 0x0f, 0x3b,
    0xef, 0x3a, 0x0e, 0x33, 0xef, 0x3a, 0xee, 0x32, 0x0e, 0x33, 0xef, 0x3a,
    0xef, 0x3a, 0x0e, 0x33, 0xef, 0x3a, 0x0f, 0x3b, 0xee, 0x32, 0x0e, 0x33,
    0xef, 0x3a, 0xee, 0x32, 0x0e, 0x33, 0xef, 0x3a, 0xee, 0x32, 0x0e, 0x33,
    0xef, 0x3a, 0xee, 0x32, 0x0e, 0x33, 0xef, 0x3a, 0x0f, 0x3b, 0xee, 0x32,
    0x0f, 0x3b, 0x0f, 0x3b, 0xee, 0x32, 0x0f, 0x3b, 0x0e, 0x33, 0xef, 0x3a,
    0x0e, 0x33, 0xef, 0x3a, 0xee, 0x32, 0x0f, 0x3b, 0xee, 0x32, 0xef, 0x3a,
    0x0e, 0x33, 0xee, 0x32, 0x0f, 0x3b, 0xee, 0x32, 0x0e, 0x33, 0xef, 0x3a,
    0xef, 0x3a, 0x0f, 0x3b, 0xee, 0x32, 0xef, 0x3a, 0x0f, 0x3b, 0xee, 0x32,
    0x0f, 0x3b, 0xee, 0x32, 0x0f, 0x3b, 0xef, 0x3a, 0x0e, 0x33, 0x0e, 0x33,
    0xef, 0x3a, 0x0e, 0x33, 0x0f, 0x3b, 0xef, 0x3a, 0xee, 0x32, 0x0f, 0x3b,
    0xee, 0x32, 0x0f, 0x3b, 0xef, 0x3a, 0x0e, 0x33, 0xee, 0x32, 0xef, 0x3a,
    0x0e, 0x33, 0xef, 0x3a, 0x0f, 0x3b, 0x0e, 0x33, 0xee, 0x32, 0x0f, 0x3b,
    0xee, 0x32, 0x0f, 0x3b, 0xee, 0x32, 0xef, 0x3a, 0x0f, 0x3b, 0xee, 0x32,
    0xef, 0x3a, 0x0e, 0x33, 0xee, 0x32, 0xef, 0x3a, 0x0e, 0x33, 0x0f, 0x3b,
    0xee, 0x32, 0xee, 0x32, 0x0f, 0x3b, 0xee, 0x32, 0xee, 0x32, 0x0f, 0x3b,
    0xee, 0x32, 0xee, 0x32, 0x0f, 0x3b, 0xee, 0x32, 0xee, 0x32, 0x0f, 0x3b,
    0xee, 0x32, 0x0e, 0x33, 0xef, 0x3a, 0x0e, 0x33, 0xee, 0x32, 0x0f, 0x3b,
    0x0e, 0x33, 0xee, 0x32, 0x0f, 0x3b, 0xee, 0x32, 0xee, 0x32, 0x0f, 0x3b,
    0x0e, 0x33, 0xee, 0x32, 0x0f, 0x3b, 0x0e, 0x33, 0xee, 0x32, 0x0f, 0x3b,
    0xee, 0x32, 0xee, 0x32, 0x0f, 0x3b, 0xee, 0x32, 0x0e, 0x33, 0x0f, 0x3b,
    0xee, 0x32, 0x0e, 0x33, 0xef, 0x3a, 0x0e, 0x33, 0xee, 0x32, 0x0f, 0x3b,
    0xee, 0x32, 0x0e, 0x33, 0xef, 0x3a, 0xee, 0x32, 0x0e, 0x33, 0xef, 0x3a,
    0x0e, 0x33, 0x0e, 0x33, 0xef, 0x3a, 0xee, 0x32, 0x0e, 0x33, 0xef, 0x3a,
    0xee, 0x32, 0x0e, 0x33, 0xef, 0x3a, 0xee, 0x32, 0x0e, 0x33, 0xef, 0x3a,
    0xee, 0x32, 0x0e, 0x33, 0x0f, 0x3b, 0xee, 0x32, 0x0e, 0x33, 0x0f, 0x3b,
    0xee, 0x32, 0x0e, 0x33, 0x0f, 0x3b, 0xee, 0x32, 0xee, 0x32, 0x0f, 0x3b,
    0xee, 0x32, 0xee, 0x32, 0x0f, 0x3b, 0xee, 0x32, 0x0e, 0x33, 0xef, 0x3a,
    0x0e, 0x33, 0x0e, 0x33, 0xef, 0x3a, 0xee, 0x32, 0x0e, 0x33, 0xef, 0x3a,
    0xee, 0x32, 0x0e, 0x33, 0x0f, 0x3b, 0xee, 0x32, 0x0e, 0x33, 0xef, 0x3a,
    0x0e, 0x33, 0xee, 0x32, 0xef, 0x3a, 0x0e, 0x33, 0xee, 0x32, 0x0f, 0x3b,
    0x0e, 0x33, 0xee, 0x32, 0x0f, 0x3b, 0xee, 0x32, 0xee, 0x32, 0x0f, 0x3b,
    0xee, 0x32, 0xee, 0x32, 0xef, 0x3a, 0x0e, 0x33, 0x0e, 0x33, 0xef, 0x3a,
    0xee, 0x32, 0x0e, 0x33, 0xef, 0x3a, 0x0e, 0x33, 0xee, 0x32, 0xef, 0x3a,
    0x0e, 0x33, 0x0e, 0x33, 0xef, 0x3a, 0x0e, 0x33, 0x0e, 0x33, 0xef, 0x3a,
    0x0e, 0x33, 0xee, 0x32, 0x0f, 0x3b, 0xee, 0x32, 0x0e, 0x33, 0x0f, 0x3b,
    0xee, 0x32, 0x0e, 0x33, 0x0f, 0x3b, 0xee, 0x32, 0x0e, 0x33, 0x0f, 0x3b,
    0xee, 0x32, 0x0e, 0x33, 0xef, 0x3a, 0xee, 0x32, 0x0e, 0x33, 0xef, 0x3a,
    0x0e, 0x33, 0xee, 0x32, 0x0f, 0x3b, 0xee, 0x32, 0xee, 0x32, 0x0f, 0x3b,
    0x0e, 0x33, 0xee, 0x32, 0x0f, 0x3b, 0xee, 0x32, 0xee, 0x32, 0x0f, 0x3b,
    0xee, 0x32, 0x0e, 0x33, 0x0f, 0x3b, 0xee, 0x32, 0xee, 0x32, 0xef, 0x3a,
    0x0e, 0x33, 0xee, 0x32, 0x0f, 0x3b, 0xee, 0x32, 0x0e, 0x33, 0xef, 0x3a,
    0x0e, 0x33, 0x0e, 0x33, 0xef, 0x3a, 0x0e, 0x33, 0x0e, 0x33, 0xef, 0x3a,
    0xee, 0x32, 0x0e, 0x33, 0xef, 0x3a, 0xee, 0x32, 0x0e, 0x33, 0xef, 0x3a,
    0xee, 0x32, 0x0e, 0x33, 0xef, 0x3a, 0xee, 0x32, 0x0e, 0x33, 0xef, 0x3a,
    0x0e, 0x33, 0x0e, 0x33, 0xef, 0x3a, 0x0e, 0x33, 0x0e, 0x33, 0xef, 0x3a,
    0x0e, 0x33, 0xee, 0x32, 0xef, 0x3a, 0xee, 0x32, 0x0e, 0x33, 0xef, 0x3a,
    0x0e, 0x33, 0xee, 0x32, 0x0f, 0x3b, 0xee, 0x32, 0x0e, 0x33, 0x0f, 0x3b,
    0xee, 0x32, 0x0e, 0x33, 0xef, 0x3a, 0xee, 0x32, 0x0e, 0x33, 0xef, 0x3a,
    0x0e, 0x33, 0x0e, 0x33, 0xef, 0x3a, 0x0e, 0x33, 0xee, 0x32, 0x0f, 0x3b,
    0xee, 0x32, 0x0e, 0x33, 0xef, 0x3a, 0xee, 0x32, 0x0e, 0x33, 0xef, 0x3a,
    0xee, 0x32, 0x0e, 0x33, 0xef, 0x3a, 0x0e, 0x33, 0x0e, 0x33, 0xef, 0x3a,
    0xee, 0x32, 0x0e, 0x33, 0xef, 0x3a, 0xee, 0x32, 0x0e, 0x33, 0xef, 0x3a,
    0xee, 0x32, 0x0e, 0x33, 0x0f, 0x3b, 0xee, 0x32, 0x0e, 0x33, 0x0f, 0x3b,
    0xee, 0x32, 0x0e, 0x33, 0xef, 0x3a, 0xee, 0x32, 0x0e, 0x33, 0xef, 0x3a,
    0x0e, 0x33, 0x0e, 0x33, 0xef, 0x3a, 0x0e, 0x33, 0xee, 0x32, 0x0f, 0x3b,
    0xee, 0x32, 0x0e, 0x33, 0xef, 0x3a, 0xee, 0x32, 0x0e, 0x33, 0xef, 0x3a,
    0xee, 0x32, 0x0e, 0x33, 0xef, 0x3a, 0x0e, 0x33, 0x0e, 0x33, 0xef, 0x3a,
    0xee, 0x32, 0x0e, 0x33, 0xef, 0x3a, 0xee, 0x32, 0x0e, 0x33, 0xef, 0x3a,
    0xee, 0x32, 0x0e, 0x33, 0x0f, 0x3b, 0xee, 0x32, 0x0e, 0x33, 0x0f, 0x3b,
    0xee, 0x32, 0x0e, 0x33, 0xef, 0x3a, 0xee, 0x32, 0x0e, 0x33, 0xef, 0x3a,
    0x0e, 0x33, 0x0e, 0x33, 0xef, 0x3a, 0x0e, 0x33, 0xee, 0x32, 0x0f, 0x3b,
    0xee, 0x32, 0x0e, 0x33, 0xef, 0x3a, 0xee, 0x32, 0x0e, 0x33, 0xef, 0x3a,
    0xee, 0x32, 0x0e, 0x33, 0xef, 0x3a, 0x0e, 0x33, 0x0e, 0x33, 0xef, 0x3a,
    0xee, 0x32, 0x0e, 0x33, 0xef, 0x3a, 0xee, 0x32, 0x0e, 0x33, 0xef, 0x3a,
    0xee, 0x32, 0x0e, 0x33, 0x0f, 0x3b, 0xee, 0x32, 0x0e, 0x33, 0x0f, 0x3b,
    0xee, 0x32, 0x0e, 0x33, 0xef, 0x3a, 0xee, 0x32, 0x0e, 0x33, 0xef, 0x3a,
    0x0e, 0x33, 0x0e, 0x33, 0xef, 0x3a, 0x0e, 0x33, 0xee, 0x32, 0x0f, 0x3b,
    0xee, 0x32, 0x0e, 0x33, 0xef, 0x3a, 0xee, 0x32, 0x0e, 0x33, 0xef, 0x3a,
    0xee, 0x32, 0x0e, 0x33, 0xef, 0x3a, 0x0e, 0x33, 0x0e, 0x33, 0xef, 0x3a,
    0xee, 0x32, 0x0e, 0x33, 0xef, 0x3a, 0xee, 0x32, 0x0e, 0x33, 0xef, 0x3a,
    0xee, 0x32, 0x0e, 0x33, 0x0f, 0x3b, 0xee, 0x32, 0x0e, 0x33, 0x0f, 0x3b,
    0xee, 0x32, 0x0e, 0x33, 0xef, 0x3a, 0xee, 0x32, 0x0e, 0x33, 0xef, 0x3a,
    0x0e, 0x33, 0x0e, 0x33, 0xef, 0x3a, 0x0e, 0x33, 0xee, 0x32, 0x0f, 0x3b,
    0xee, 0x32, 0x0e, 0x33, 0xef, 0x3a, 0xee, 0x32, 0x0e, 0x33, 0xef, 0x3a,
    0xee, 0x32, 0x0e, 0x33, 0xef, 0x3a, 0x0e, 0x33, 0x0e, 0x33, 0xef, 0x3a,
    0xee, 0x32, 0x0e, 0x33, 0xef, 0x3a, 0xee, 0x32, 0x0e, 0x33, 0xef, 0x3a,
    0xee, 0x32, 0x0e, 0x33, 0x0f, 0x3b, 0xee, 0x32, 0x0e, 0x33, 0x0f, 0x3b,
    0xee, 0x32, 0x0e, 0x33, 0xef, 0x3a, 0xee, 0x32, 0x0e, 0x33, 0xef, 0x3a,
    0x0e, 0x33, 0x0e, 0x33, 0xef, 0x3a, 0x0e, 0x33, 0xee, 0x32, 0x0f, 0x3b,
    0xee, 0x32, 0x0e, 0x33, 0xef, 0x3a, 0xee, 0x32, 0x0e, 0x33, 0xef, 0x3a,
    0xee, 0x32, 0x0e, 0x33, 0xef, 0x3a, 0x0e, 0x33, 0x0e, 0x33, 0xef, 0x3a,
    0xee, 0x32, 0x0e, 0x33, 0xef, 0x3a, 0xee, 0x32, 0x0e, 0x33, 0xef, 0x3a,
    0xee, 0x32, 0x0e, 0x33, 0x0f, 0x3b, 0xee, 0x32, 0x0e, 0x33, 0x0f, 0x3b,
    0xee, 0x32, 0x0e, 0x33, 0xef, 0x3a, 0xee, 0x32, 0x0e, 0x33, 0xef, 0x3a,
    0x0e, 0x33, 0x0e, 0x33, 0xef, 0x3a, 0x0e, 0x33, 0xee, 0x32, 0x0f, 0x3b,
    0xee, 0x32, 0x0e, 0x33, 0xef, 0x3a, 0xee, 0x32, 0x0e, 0x33, 0xef, 0x3a,
    0xee, 0x32, 0x0e, 0x33, 0xef, 0x3a, 0x0e, 0x33, 0x0e, 0x33, 0xef, 0x3a,
    0xee, 0x32, 0x0e, 0x33, 0xef, 0x3a, 0xee, 0x32, 0x0e, 0x33, 0xef, 0x3a,
    0xee, 0x32, 0x0e, 0x33, 0x0f, 0x3b, 0xee, 0x32, 0x0e, 0x33, 0x0f, 0x3b,
    0xee, 0x32, 0x0e, 0x33, 0xef, 0x3a, 0xee, 0x32, 0x0e, 0x33, 0xef, 0x3a,
    0x0e, 0x33, 0x0e, 0x33, 0xef, 0x3a, 0x0e, 0x33, 0xee, 0x32, 0x0f, 0x3b,
    0xee, 0x32, 0x0e, 0x33, 0xef, 0x3a, 0xee, 0x32, 0x0e, 0x33, 0xef, 0x3a,
    0xee, 0x32, 0x0e, 0x33, 0xef, 0x3a, 0x0e, 0x33, 0x0e, 0x33, 0xef, 0x3a,
    0xee, 0x32, 0x0e, 0x33, 0xef, 0x3a, 0xee, 0x32, 0x0e, 0x33, 0xef, 0x3a,
    0xee, 0x32, 0x0e, 0x33, 0x0f, 0x3b, 0xee, 0x32, 0x0e, 0x33, 0x0f, 0x3b,
    0xee, 0x32, 0x0e, 0x33, 0xef, 0x3a, 0xee, 0x32, 0x0e, 0x33, 0xef, 0x3a,
    0x0e, 0x33, 0x0e, 0x33, 0xef, 0x3a, 0x0e, 0x33, 0xee, 0x32, 0x0f, 0x3b,
    0xee, 0x32, 0x0e, 0x33, 0xef, 0x3a, 0xee, 0x32, 0x0e, 0x33, 0xef, 0x3a,
    0xee, 0x32, 0x0e, 0x33, 0xef, 0x3a, 0x0e, 0x33, 0x0e, 0x33, 0xef, 0x3a,
    0xee, 0x32, 0x0e, 0x33, 0xef, 0x3a, 0xee, 0x32, 0x0e, 0x33, 0xef, 0x3a,
    0xee, 0x32, 0x0e, 0x33, 0x0f, 0x3b, 0xee, 0x32, 0x0e, 0x33, 0x0f, 0x3b,
    0xee, 0x32, 0x0e, 0x33, 0xef, 0x3a, 0xee, 0x32, 0x0e, 0x33, 0xef, 0x3a,
    0x0e, 0x33, 0x0e, 0x33, 0xef, 0x3a, 0x0e, 0x33, 0xee, 0x32, 0x0f, 0x3b,
    0xee, 0x32, 0x0e, 0x33, 0xef, 0x3a, 0xee, 0x32, 0x0e, 0x33, 0xef, 0x3a,
    0xee, 0x32, 0x0e, 0x33, 0xef, 0x3a, 0x0e, 0x33, 0x0e, 0x33, 0xef, 0x3a,
    0xee, 0x32, 0x0e, 0x33, 0xef, 0x3a, 0xee, 0x32, 0x0e, 0x33, 0xef, 0x3a,
    0xee, 0x32, 0x0e, 0x33, 0x0f, 0x3b, 0xee, 0x32, 0x0e, 0x33, 0x0f, 0x3b,
    0xee, 0x32, 0x0e, 0x33, 0xef, 0x3a, 0xee, 0x32, 0x0e, 0x33, 0xef, 0x3a,
    0x0e, 0x33, 0x0e, 0x33, 0xef, 0x3a, 0x0e, 0x33, 0xee, 0x32, 0x0f, 0x3b,
    0xee, 0x32, 0x0e, 0x33, 0xef, 0x3a, 0xee, 0x32, 0x0e, 0x33, 0xef, 0x3a,
    0xee, 0x32, 0x0e, 0x33, 0xef, 0x3a, 0x0e, 0x33, 0x0e, 0x33, 0xef, 0x3a,
    0xee, 0x32, 0x0e, 0x33, 0xef, 0x3a, 0xee, 0x32, 0x0e, 0x33, 0xef, 0x3a,
    0xee, 0x32, 0x0e, 0x33, 0x0f, 0x3b, 0xee, 0x32, 0x0e, 0x33, 0x0f, 0x3b,
    0xee, 0x32, 0x0e, 0x33, 0xef, 0x3a, 0xee, 0x32, 0x0e, 0x33, 0xef, 0x3a,
    0x0e, 0x33, 0x0e, 0x33, 0xef, 0x3a, 0x0e, 0x33, 0xee, 0x32, 0x0f, 0x3b,
    0xee, 0x32, 0x0e, 0x33, 0xef, 0x3a, 0xee, 0x32, 0x0e, 0x33, 0xef, 0x3a,
    0xee, 0x32, 0x0e, 0x33, 0xef, 0x3a, 0x0e, 0x33, 0x0e, 0x33, 0xef, 0x3a,
    0xee, 0x32, 0x0e, 0x33, 0xef, 0x3a, 0xee, 0x32, 0x0e, 0x33, 0xef, 0x3a,
    0xee, 0x32, 0x0e, 0x33, 0x0f, 0x3b, 0xee, 0x32, 0x0e, 0x33, 0x0f, 0x3b,
    0xee, 0x32, 0x0e, 0x33, 0xef, 0x3a, 0xef, 0x3a, 0x0e, 0x33, 0xee, 0x32,
    0x0f, 0x3b, 0x0e, 0x33, 0xef, 0x3a, 0x0e, 0x33, 0xef, 0x3a, 0x0f, 0x3b,
    0xee, 0x32, 0x0e, 0x33, 0xef, 0x3a, 0xee, 0x32, 0x0f, 0x3b, 0xee, 0x32,
    0xee, 0x32, 0x0f, 0x3b, 0xef, 0x3a, 0x0e, 0x33, 0x0f, 0x3b, 0xee, 0x32,
    0x0f, 0x3b, 0xee, 0x32, 0x0e, 0x33, 0xef, 0x3a, 0xef, 0x3a, 0x0e, 0x33,
    0xef, 0x3a, 0xef, 0x3a, 0x0e, 0x33, 0x0e, 0x33, 0x0f, 0x3b, 0xef, 0x3a,
    0xee, 0x32, 0x0e, 0x33, 0xef, 0x3a, 0xee, 0x32, 0x0e, 0x33, 0xef, 0x3a,
    0x0e, 0x33, 0x0f, 0x3b, 0xee, 0x32, 0x0f, 0x3b, 0xee, 0x32, 0xef, 0x3a,
    0x0f, 0x3b, 0xef, 0x3a, 0xee, 0x32, 0x0e, 0x33, 0xef, 0x3a, 0xee, 0x32,
    0x0f, 0x3b, 0x0f, 0x3b, 0xee, 0x32, 0x0f, 0x3b, 0x0e, 0x33, 0xef, 0x3a,
    0xee, 0x32, 0x0e, 0x33, 0xef, 0x3a, 0x0f, 0x3b, 0x0f, 0x3b, 0xee, 0x32,
    0x0f, 0x3b, 0x0e, 0x33, 0xee, 0x32, 0x0f, 0x3b, 0xee, 0x32, 0x0f, 0x3b,
    0xee, 0x32, 0x0e, 0x33, 0xef, 0x3a, 0x0e, 0x33, 0x0f, 0x3b, 0xef, 0x3a,
    0x0e, 0x33, 0xef, 0x3a, 0xef, 0x3a, 0x0e, 0x33, 0xef, 0x3a, 0xee, 0x32,
    0x0e, 0x33, 0xef, 0x3a, 0x0e, 0x33, 0x0f, 0x3b, 0xef, 0x3a, 0x0e, 0x33,
    0x0e, 0x33, 0xef, 0x3a, 0x0e, 0x33, 0x0f, 0x3b, 0xee, 0x32, 0x0f, 0x3b,
    0x0f, 0x3b, 0xee, 0x32, 0x0f, 0x3b, 0x0f, 0x3b, 0xee, 0x32, 0x0f, 0x3b,
    0x0f, 0x3b, 0x0e, 0x33, 0xef, 0x3a, 0x0f, 0x3b, 0xee, 0x32, 0x0e, 0x33,
    0xee, 0x32, 0x0f, 0x3b, 0xee, 0x32, 0xee, 0x32, 0x0f, 0x3b, 0xef, 0x3a,
    0xee, 0x32, 0x0f, 0x3b, 0x0f, 0x3b, 0xee, 0x32, 0x0f, 0x3b, 0x0e, 0x33,
    0xef, 0x3a, 0x0f, 0x3b, 0xee, 0x32, 0xef, 0x3a, 0x0f, 0x3b, 0xee, 0x32,
    0x0e, 0x33, 0xef, 0x3a, 0x0e, 0x33, 0x0e, 0x33, 0xef, 0x3a, 0x0e, 0x33,
    0xef, 0x3a, 0x0e, 0x33, 0xef, 0x3a, 0x0e, 0x33, 0xee, 0x32, 0xef, 0x3a,
    0x0f, 0x3b, 0xee, 0x32, 0xee, 0x32, 0x0f, 0x3b, 0xee, 0x32, 0x0e, 0x33,
    0x0f, 0x3b, 0xee, 0x32, 0x0f, 0x3b, 0xee, 0x32, 0x0f, 0x3b, 0x0e, 0x33,
    0xef, 0x3a, 0x0e, 0x33, 0xee, 0x32, 0xef, 0x3a, 0x0f, 0x3b, 0xee, 0x32,
    0x0f, 0x3b, 0xee, 0x32, 0x0e, 0x33, 0x0f, 0x3b, 0xee, 0x32, 0x0e, 0x33,
    0x0f, 0x3b, 0xee, 0x32, 0xef, 0x3a, 0x0f, 0x3b, 0x0e, 0x33, 0xef, 0x3a,
    0xee, 0x32, 0x0e, 0x33, 0x0f, 0x3b, 0xef, 0x3a, 0x0e, 0x33, 0x0f, 0x3b,
    0xef, 0x3a, 0x0e, 0x33, 0x0f, 0x3b, 0xef, 0x3a, 0x0e, 0x33, 0x0f, 0x3b,
    0xef, 0x3a, 0xee, 0x32, 0x0f, 0x3b, 0xef, 0x3a, 0x0e, 0x33, 0xef, 0x3a,
    0xef, 0x3a, 0xee, 0x32, 0x0f, 0x3b, 0x0f, 0x3b, 0xee, 0x32, 0x0f, 0x3b,
    0xef, 0x3a, 0xee, 0x32, 0x0f, 0x3b, 0xef, 0x3a, 0x0e, 0x33, 0xef, 0x3a,
    0x0f, 0x3b, 0x0e, 0x33, 0xef, 0x3a, 0x0f, 0x3b, 0xee, 0x32, 0xef, 0x3a,
    0x0f, 0x3b, 0xee, 0x32, 0x0f, 0x3b, 0xef, 0x3a, 0x0e, 0x33, 0x0f, 0x3b,
    0xef, 0x3a, 0x0e, 0x33, 0x0f, 0x3b, 0xef, 0x3a, 0x0e, 0x33, 0x0f, 0x3b,
    0xef, 0x3a, 0xee, 0x32, 0x0f, 0x3b, 0x0f, 0x3b, 0xee, 0x32, 0x0f, 0x3b,
    0x0f, 0x3b, 0xee, 0x32, 0x0f, 0x3b, 0x0f, 0x3b, 0xee, 0x32, 0x0f, 0x3b,
    0x0f, 0x3b, 0xee, 0x32, 0xef, 0x3a, 0x0f, 0x3b, 0xee, 0x32, 0xef, 0x3a,
    0x0f, 0x3b, 0xee, 0x32, 0xef, 0x3a, 0x0f, 0x3b, 0x0e, 0x33, 0xef, 0x3a,
    0x0f, 0x3b, 0x0e, 0x33, 0xef, 0x3a, 0x0f, 0x3b, 0xee, 0x32, 0xef, 0x3a,
    0x0f, 0x3b, 0xee, 0x32, 0xef, 0x3a, 0x0f, 0x3b, 0xee, 0x32, 0x0f, 0x3b,
    0x0f, 0x3b, 0xee, 0x32, 0xef, 0x3a, 0x0f, 0x3b, 0xee, 0x32, 0xef, 0x3a,
    0x0f, 0x3b, 0x0e, 0x33, 0xef, 0x3a, 0x0f, 0x3b, 0xee, 0x32, 0x0f, 0x3b,
    0xef, 0x3a, 0xee, 0x32, 0x0f, 0x3b, 0x0f, 0x3b, 0xee, 0x32, 0x0f, 0x3b,
    0x0f, 0x3b, 0x0e, 0x33, 0x0f, 0x3b, 0xef, 0x3a, 0x0e, 0x33, 0xef, 0x3a,
    0x0f, 0x3b, 0x0e, 0x33, 0xef, 0x3a, 0xef, 0x3a, 0x0e, 0x33, 0x0f, 0x3b,
    0xef, 0x3a, 0x0e, 0x33, 0xef, 0x3a, 0x0f, 0x3b, 0xee, 0x32, 0xef, 0x3a,
    0x0f, 0x3b, 0xee, 0x32, 0xef, 0x3a, 0x0f, 0x3b, 0xee, 0x32, 0xef, 0x3a,
    0x0f, 0x3b, 0xee, 0x32, 0xef, 0x3a, 0x0f, 0x3b, 0xee, 0x32, 0xef, 0x3a,
    0x0f, 0x3b, 0xee, 0x32, 0x0f, 0x3b, 0x0f, 0x3b, 0xee, 0x32, 0x0f, 0x3b,
    0xef, 0x3a, 0xee, 0x32, 0x0f, 0x3b, 0x0f, 0x3b, 0xee, 0x32, 0x0f, 0x3b,
    0xef, 0x3a, 0xee, 0x32, 0x0f, 0x3b, 0xef, 0x3a, 0x0e, 0x33, 0x0f, 0x3b,
    0xef, 0x3a, 0x0e, 0x33, 0xef, 0x3a, 0xef, 0x3a, 0x0e, 0x33, 0x0f, 0x3b,
    0xef, 0x3a, 0x0e, 0x33, 0xef, 0x3a, 0x0f, 0x3b, 0xee, 0x32, 0x0f, 0x3b,
    0xef, 0x3a, 0x0e, 0x33, 0xef, 0x3a, 0xef, 0x3a, 0x0e, 0x33, 0xef, 0x3a,
    0x0f, 0x3b, 0x0e, 0x33, 0xef, 0x3a, 0x0f, 0x3b, 0x0e, 0x33, 0xef, 0x3a,
    0x0f, 0x3b, 0x0e, 0x33, 0xef, 0x3a, 0x0f, 0x3b, 0x0e, 0x33, 0xef, 0x3a,
    0x0f, 0x3b, 0xee, 0x32, 0xef, 0x3a, 0x0f, 0x3b, 0xee, 0x32, 0xef, 0x3a,
    0x0f, 0x3b, 0x0e, 0x33, 0xef, 0x3a, 0x0f, 0x3b, 0x0e, 0x33, 0xef, 0x3a,
    0x0f, 0x3b, 0x0e, 0x33, 0xef, 0x3a, 0xef, 0x3a, 0x0e, 0x33, 0xef, 0x3a,
    0xef, 0x3a, 0x0e, 0x33, 0xef, 0x3a, 0x0f, 0x3b, 0x0e, 0x33, 0xef, 0x3a,
    0xef, 0x3a, 0x0e, 0x33, 0xef, 0x3a, 0xef, 0x3a, 0x0e, 0x33, 0x0f, 0x3b,
    0xef, 0x3a, 0xee, 0x32, 0x0f, 0x3b, 0x0f, 0x3b, 0xee, 0x32, 0xef, 0x3a,
    0x0f, 0x3b, 0x0e, 0x33, 0xef, 0x3a, 0x0f, 0x3b, 0xee, 0x32, 0xef, 0x3a,
    0x0f, 0x3b, 0x0e, 0x33, 0xef, 0x3a, 0x0f, 0x3b, 0xee, 0x32, 0x0f, 0x3b,
    0x0f, 0x3b, 0xee, 0x32, 0xef, 0x3a, 0x0f, 0x3b, 0xee, 0x32, 0xef, 0x3a,
    0x0f, 0x3b, 0xee, 0x32, 0x0f, 0x3b, 0x0f, 0x3b, 0xee, 0x32, 0x0f, 0x3b,
    0xef, 0x3a, 0xee, 0x32, 0x0f, 0x3b, 0xef, 0x3a, 0x0e, 0x33, 0xef, 0x3a,
    0x0f, 0x3b, 0xee, 0x32, 0x0f, 0x3b, 0xef, 0x3a, 0x0e, 0x33, 0xef, 0x3a,
    0x0f, 0x3b, 0x0e, 0x33, 0xef, 0x3a, 0x0f, 0x3b, 0xee, 0x32, 0xef, 0x3a,
    0x0f, 0x3b, 0x0e, 0x33, 0xef, 0x3a, 0x0f, 0x3b, 0xee, 0x32, 0x0f, 0x3b,
    0x0f, 0x3b, 0xee, 0x32, 0xef, 0x3a, 0x0f, 0x3b, 0xee, 0x32, 0xef, 0x3a,
    0x0f, 0x3b, 0xee, 0x32, 0x0f, 0x3b, 0x0f, 0x3b, 0xee, 0x32, 0x0f, 0x3b,
    0xef, 0x3a, 0xee, 0x32, 0x0f, 0x3b, 0xef, 0x3a, 0x0e, 0x33, 0xef, 0x3a,
    0x0f, 0x3b, 0xee, 0x32, 0x0f, 0x3b, 0xef, 0x3a, 0x0e, 0x33, 0xef, 0x3a,
    0x0f, 0x3b, 0x0e, 0x33, 0xef, 0x3a, 0x0f, 0x3b, 0xee, 0x32, 0xef, 0x3a,
    0x0f, 0x3b, 0x0e, 0x33, 0xef, 0x3a, 0x0f, 0x3b, 0xee, 0x32, 0x0f, 0x3b,
    0x0f, 0x3b, 0xee, 0x32, 0xef, 0x3a, 0x0f, 0x3b, 0xee, 0x32, 0xef, 0x3a,
    0x0f, 0x3b, 0xee, 0x32, 0x0f, 0x3b, 0x0f, 0x3b, 0xee, 0x32, 0x0f, 0x3b,
    0xef, 0x3a, 0xee, 0x32, 0x0f, 0x3b, 0xef, 0x3a, 0x0e, 0x33, 0xef, 0x3a,
    0x0f, 0x3b, 0xee, 0x32, 0x0f, 0x3b, 0xef, 0x3a, 0x0e, 0x33, 0xef, 0x3a,
    0x0f, 0x3b, 0x0e, 0x33, 0xef, 0x3a, 0x0f, 0x3b, 0xee, 0x32, 0xef, 0x3a,
    0x0f, 0x3b, 0x0e, 0x33, 0xef, 0x3a, 0x0f, 0x3b, 0xee, 0x32, 0x0f, 0x3b,
    0x0f, 0x3b, 0xee, 0x32, 0xef, 0x3a, 0x0f, 0x3b, 0xee, 0x32, 0xef, 0x3a,
    0x0f, 0x3b, 0xee, 0x32, 0x0f, 0x3b, 0x0f, 0x3b, 0xee, 0x32, 0x0f, 0x3b,
    0xef, 0x3a, 0xee, 0x32, 0x0f, 0x3b, 0xef, 0x3a, 0x0e, 0x33, 0xef, 0x3a,
    0x0f, 0x3b, 0xee, 0x32, 0x0f, 0x3b, 0xef, 0x3a, 0x0e, 0x33, 0xef, 0x3a,
    0x0f, 0x3b, 0x0e, 0x33, 0xef, 0x3a, 0x0f, 0x3b, 0xee, 0x32, 0xef, 0x3a,
    0x0f, 0x3b, 0x0e, 0x33, 0xef, 0x3a, 0x0f, 0x3b, 0xee, 0x32, 0x0f, 0x3b,
    0x0f, 0x3b, 0xee, 0x32, 0xef, 0x3a, 0x0f, 0x3b, 0xee, 0x32, 0xef, 0x3a,
    0x0f, 0x3b, 0xee, 0x32, 0x0f, 0x3b, 0x0f, 0x3b, 0xee, 0x32, 0x0f, 0x3b,
    0xef, 0x3a, 0xee, 0x32, 0x0f, 0x3b, 0xef, 0x3a, 0x0e, 0x33, 0xef, 0x3a,
    0x0f, 0x3b, 0xee, 0x32, 0x0f, 0x3b, 0xef, 0x3a, 0x0e, 0x33, 0xef, 0x3a,
    0x0f, 0x3b, 0x0e, 0x33, 0xef, 0x3a, 0x0f, 0x3b, 0xee, 0x32, 0xef, 0x3a,
    0x0f, 0x3b, 0x0e, 0x33, 0xef, 0x3a, 0x0f, 0x3b, 0xee, 0x32, 0x0f, 0x3b,
    0x0f, 0x3b, 0xee, 0x32, 0xef, 0x3a, 0x0f, 0x3b, 0xee, 0x32, 0xef, 0x3a,
    0x0f, 0x3b, 0xee, 0x32, 0x0f, 0x3b, 0x0f, 0x3b, 0xee, 0x32, 0x0f, 0x3b,
    0xef, 0x3a, 0xee, 0x32, 0x0f, 0x3b, 0xef, 0x3a, 0x0e, 0x33, 0xef, 0x3a,
    0x0f, 0x3b, 0xee, 0x32, 0x0f, 0x3b, 0xef, 0x3a, 0x0e, 0x33, 0xef, 0x3a,
    0x0f, 0x3b, 0x0e, 0x33, 0xef, 0x3a, 0x0f, 0x3b, 0xee, 0x32, 0xef, 0x3a,
    0x0f, 0x3b, 0x0e, 0x33, 0xef, 0x3a, 0x0f, 0x3b, 0xee, 0x32, 0x0f, 0x3b,
    0x0f, 0x3b, 0xee, 0x32, 0xef, 0x3a, 0x0f, 0x3b, 0xee, 0x32, 0xef, 0x3a,
    0x0f, 0x3b, 0xee, 0x32, 0x0f, 0x3b, 0x0f, 0x3b, 0xee, 0x32, 0x0f, 0x3b,
    0xef, 0x3a, 0xee, 0x32, 0x0f, 0x3b, 0xef, 0x3a, 0x0e, 0x33, 0xef, 0x3a,
    0x0f, 0x3b, 0xee, 0x32, 0x0f, 0x3b, 0xef, 0x3a, 0x0e, 0x33, 0xef, 0x3a,
    0x0f, 0x3b, 0x0e, 0x33, 0xef, 0x3a, 0x0f, 0x3b, 0xee, 0x32, 0xef, 0x3a,
    0x0f, 0x3b, 0x0e, 0x33, 0xef, 0x3a, 0x0f, 0x3b, 0xee, 0x32, 0x0f, 0x3b,
    0x0f, 0x3b, 0xee, 0x32, 0xef, 0x3a, 0x0f, 0x3b, 0xee, 0x32, 0xef, 0x3a,
    0x0f, 0x3b, 0xee, 0x32, 0x0f, 0x3b, 0x0f, 0x3b, 0xee, 0x32, 0x0f, 0x3b,
    0xef, 0x3a, 0xee, 0x32, 0x0f, 0x3b, 0xef, 0x3a, 0x0e, 0x33, 0xef, 0x3a,
    0x0f, 0x3b, 0xee, 0x32, 0x0f, 0x3b, 0xef, 0x3a, 0x0e, 0x33, 0xef, 0x3a,
    0x0f, 0x3b, 0x0e, 0x33, 0xef, 0x3a, 0x0f, 0x3b, 0xee, 0x32, 0xef, 0x3a,
    0x0f, 0x3b, 0x0e, 0x33, 0xef, 0x3a, 0x0f, 0x3b, 0xee, 0x32, 0x0f, 0x3b,
    0x0f, 0x3b, 0xee, 0x32, 0xef, 0x3a, 0x0f, 0x3b, 0xee, 0x32, 0xef, 0x3a,
    0x0f, 0x3b, 0xee, 0x32, 0x0f, 0x3b, 0x0f, 0x3b, 0xee, 0x32, 0x0f, 0x3b,
    0xef, 0x3a, 0xee, 0x32, 0x0f, 0x3b, 0xef, 0x3a, 0x0e, 0x33, 0xef, 0x3a,
    0x0f, 0x3b, 0xee, 0x32, 0x0f, 0x3b, 0xef, 0x3a, 0x0e, 0x33, 0xef, 0x3a,
    0x0f, 0x3b, 0x0e, 0x33, 0xef, 0x3a, 0x0f, 0x3b, 0xee, 0x32, 0xef, 0x3a,
    0x0f, 0x3b, 0x0e, 0x33, 0xef, 0x3a, 0x0f, 0x3b, 0xee, 0x32, 0x0f, 0x3b,
    0x0f, 0x3b, 0xee, 0x32, 0xef, 0x3a, 0x0f, 0x3b, 0xee, 0x32, 0xef, 0x3a,
    0x0f, 0x3b, 0xee, 0x32, 0x0f, 0x3b, 0x0f, 0x3b, 0xee, 0x32, 0x0f, 0x3b,
    0xef, 0x3a, 0xee, 0x32, 0x0f, 0x3b, 0xef, 0x3a, 0x0e, 0x33, 0xef, 0x3a,
    0x0f, 0x3b, 0xee, 0x32, 0x0f, 0x3b, 0xef, 0x3a, 0x0e, 0x33, 0xef, 0x3a,
    0x0f, 0x3b, 0x0e, 0x33, 0xef, 0x3a, 0x0f, 0x3b, 0xee, 0x32, 0xef, 0x3a,
    0x0f, 0x3b, 0x0e, 0x33, 0xef, 0x3a, 0x0f, 0x3b, 0xee, 0x32, 0x0f, 0x3b,
    0x0f, 0x3b, 0xee, 0x32, 0xef, 0x3a, 0x0f, 0x3b, 0xee, 0x32, 0xef, 0x3a,
    0x0f, 0x3b, 0xee, 0x32, 0x0f, 0x3b, 0x0f, 0x3b, 0xee, 0x32, 0x0f, 0x3b,
    0xef, 0x3a, 0xee, 0x32, 0x0f, 0x3b, 0xef, 0x3a, 0x0e, 0x33, 0xef, 0x3a,
    0x0f, 0x3b, 0xee, 0x32, 0x0f, 0x3b, 0xef, 0x3a, 0x0e, 0x33, 0xef, 0x3a,
    0x0f, 0x3b, 0x0e, 0x33, 0xef, 0x3a, 0x0f, 0x3b, 0xee, 0x32, 0xef, 0x3a,
    0x0f, 0x3b, 0x0e, 0x33, 0xef, 0x3a, 0x0f, 0x3b, 0xee, 0x32, 0x0f, 0x3b,
    0x0f, 0x3b, 0xee, 0x32, 0xef, 0x3a, 0x0f, 0x3b, 0xee, 0x32, 0xef, 0x3a,
    0x0f, 0x3b, 0xee, 0x32, 0x0f, 0x3b, 0x0e, 0x33, 0xee, 0x32, 0x0f, 0x3b,
    0xef, 0x3a, 0xee, 0x32, 0x0f, 0x3b, 0xee, 0x32, 0x0e, 0x33, 0xef, 0x3a,
    0x0e, 0x33, 0xef, 0x3a, 0x0e, 0x33, 0xef, 0x3a, 0x0e, 0x33, 0xef, 0x3a,
    0x0e, 0x33, 0x0f, 0x3b, 0xee, 0x32, 0x0e, 0x33, 0xef, 0x3a, 0xee, 0x32,
    0x0f, 0x3b, 0xee, 0x32, 0x0e, 0x33, 0x0f, 0x3b, 0xee, 0x32, 0x0f, 0x3b,
    0x0e, 0x33, 0xee, 0x32, 0x0f, 0x3b, 0xef, 0x3a, 0xee, 0x32, 0x0e, 0x33,
    0xef, 0x3a, 0x0e, 0x33, 0x0f, 0x3b, 0xef, 0x3a, 0x0e, 0x33, 0x0f, 0x3b,
    0xef, 0x3a, 0xee, 0x32, 0x0e, 0x33, 0xef, 0x3a, 0x0f, 0x3b, 0x0e, 0x33,
    0xee, 0x32, 0x0f, 0x3b, 0x0e, 0x33, 0xee, 0x32, 0x0f, 0x3b, 0x0f, 0x3b,
    0xee, 0x32, 0xee, 0x32, 0x0f, 0x3b, 0xee, 0x32, 0xef, 0x3a, 0x0e, 0x33,
    0x0f, 0x3b, 0xef, 0x3a, 0x0e, 0x33, 0xee, 0x32, 0xef, 0x3a, 0x0e, 0x33,
    0xee, 0x32, 0xef, 0x3a, 0x0f, 0x3b, 0xee, 0x32, 0x0f, 0x3b, 0xee, 0x32,
    0xef, 0x3a, 0x0e, 0x33, 0x0f, 0x3b, 0xef, 0x3a, 0xee, 0x32, 0x0e, 0x33,
    0xef, 0x3a, 0x0e, 0x33, 0x0e, 0x33, 0xef, 0x3a, 0x0e, 0x33, 0x0f, 0x3b,
    0xef, 0x3a, 0x0e, 0x33, 0xef, 0x3a, 0xee, 0x32, 0x0e, 0x33, 0xef, 0x3a,
    0xee, 0x32, 0x0f, 0x3b, 0xef, 0x3a, 0xee, 0x32, 0x0f, 0x3b, 0xee, 0x32,
    0xee, 0x32, 0x0f, 0x3b, 0xee, 0x32, 0xee, 0x32, 0x0f, 0x3b, 0xee, 0x32,
    0xee, 0x32, 0x0f, 0x3b, 0xee, 0x32, 0xee, 0x32, 0x0f, 0x3b, 0x0f, 0x3b,
    0xee, 0x32, 0xef, 0x3a, 0x0f, 0x3b, 0x0e, 0x33, 0xef, 0x3a, 0x0e, 0x33,
    0x0f, 0x3b, 0xee, 0x32, 0xee, 0x32, 0x0f, 0x3b, 0xee, 0x32, 0xee, 0x32,
    0x0f, 0x3b, 0xee, 0x32, 0x0e, 0x33, 0x0f, 0x3b, 0xee, 0x32, 0x0f, 0x3b,
    0x0f, 0x3b, 0xee, 0x32, 0xef, 0x3a, 0x0f, 0x3b, 0xee, 0x32, 0xee, 0x32,
    0x0f, 0x3b, 0x0e, 0x33, 0xee, 0x32, 0xef, 0x3a, 0x0f, 0x3b, 0x0e, 0x33,
    0xef, 0x3a, 0x0e, 0x33, 0xef, 0x3a, 0x0f, 0x3b, 0x0e, 0x33, 0xef, 0x3a,
    0xee, 0x32, 0x0f, 0x3b, 0xee, 0x32, 0x0f, 0x3b, 0xee, 0x32, 0xee, 0x32,
    0x0f, 0x3b, 0xef, 0x3a, 0x0e, 0x33, 0x0f, 0x3b, 0xee, 0x32, 0x0e, 0x33,
    0xef, 0x3a, 0x0e, 0x33, 0xef, 0x3a, 0xef, 0x3a, 0x0e, 0x33, 0xef, 0x3a,
    0x0f, 0x3b, 0xee, 0x32, 0x0e, 0x33, 0x0f, 0x3b, 0xee, 0x32, 0x0f, 0x3b,
    0x0e, 0x33, 0xef, 0x3a, 0xef, 0x3a, 0x0e, 0x33, 0xef, 0x3a, 0xee, 0x32,
    0x0e, 0x33, 0xef, 0x3a, 0xee, 0x32, 0x0e, 0x33, 0xef, 0x3a, 0xee, 0x32,
    0x0e, 0x33, 0x0f, 0x3b, 0xee, 0x32, 0x0e, 0x33, 0x0f, 0x3b, 0xee, 0x32,
    0x0e, 0x33, 0x0f, 0x3b, 0xee, 0x32, 0x0e, 0x33, 0xef, 0x3a, 0xee, 0x32,
    0x0e, 0x33, 0x0f, 0x3b, 0xee, 0x32, 0x0e, 0x33, 0xef, 0x3a, 0x0e, 0x33,
    0xee, 0x32, 0xef, 0x3a, 0x0e, 0x33, 0xee, 0x32, 0xef, 0x3a, 0x0e, 0x33,
    0x0e, 0x33, 0xef, 0x3a, 0x0e, 0x33, 0xee, 0x32, 0xef, 0x3a, 0x0e, 0x33,
    0xee, 0x32, 0xef, 0x3a, 0x0e, 0x33, 0xee, 0x32, 0xef, 0x3a, 0x0e, 0x33,
    0xee, 0x32, 0x0f, 0x3b, 0xee, 0x32, 0x0e, 0x33, 0xef, 0x3a, 0xee, 0x32,
    0x0e, 0x33, 0xef, 0x3a, 0xee, 0x32, 0x0e, 0x33, 0xef, 0x3a, 0xee, 0x32,
    0x0e, 0x33, 0xef, 0x3a, 0x0e, 0x33, 0x0e, 0x33, 0xef, 0x3a, 0x0e, 0x33,
    0xee, 0x32, 0x0f, 0x3b, 0x0e, 0x33, 0xee, 0x32, 0xef, 0x3a, 0x0e, 0x33,
    0xee, 0x32, 0xef, 0x3a, 0x0e, 0x33, 0xee, 0x32, 0x0f, 0x3b, 0x0e, 0x33,
    0xee, 0x32, 0x0f, 0x3b, 0x0e, 0x33, 0xee, 0x32, 0x0f, 0x3b, 0xee, 0x32,
    0x0e, 0x33, 0xef, 0x3a, 0x0e, 0x33, 0x0e, 0x33, 0xef, 0x3a, 0x0e, 0x33,
    0x0e, 0x33, 0xef, 0x3a, 0xee, 0x32, 0x0e, 0x33, 0xef, 0x3a, 0x0e, 0x33,
    0x0e, 0x33, 0xef, 0x3a, 0x0e, 0x33, 0xee, 0x32, 0xef, 0x3a, 0x0e, 0x33,
    0xee, 0x32, 0xef, 0x3a, 0x0e, 0x33, 0xee, 0x32, 0xef, 0x3a, 0x0e, 0x33,
    0x0e, 0x33, 0xef, 0x3a, 0xee, 0x32, 0x0e, 0x33, 0x0f, 0x3b, 0xee, 0x32,
    0x0e, 0x33, 0xef, 0x3a, 0x0e, 0x33, 0xee, 0x32, 0x0f, 0x3b, 0xee, 0x32,
    0x0e, 0x33, 0x0f, 0x3b, 0xee, 0x32, 0x0e, 0x33, 0x0f, 0x3b, 0xee, 0x32,
    0x0e, 0x33, 0x0f, 0x3b, 0xee, 0x32, 0x0e, 0x33, 0x0f, 0x3b, 0xee, 0x32,
    0x0e, 0x33, 0x0f, 0x3b, 0xee, 0x32, 0xee, 0x32, 0x0f, 0x3b, 0xee, 0x32,
    0x0e, 0x33, 0x0f, 0x3b, 0xee, 0x32, 0x0e, 0x33, 0xef, 0x3a, 0xee, 0x32,
    0x0e, 0x33, 0x0f, 0x3b, 0xee, 0x32, 0x0e, 0x33, 0xef, 0x3a, 0xee, 0x32,
    0x0e, 0x33, 0xef, 0x3a, 0x0e, 0x33, 0x0e, 0x33, 0xef, 0x3a, 0xee, 0x32,
    0x0e, 0x33, 0xef, 0x3a, 0x0e, 0x33, 0x0e, 0x33, 0xef, 0x3a, 0xee, 0x32,
    0x0e, 0x33, 0xef, 0x3a, 0x0e, 0x33, 0xee, 0x32, 0x0f, 0x3b, 0xee, 0x32,
    0x0e, 0x33, 0xef, 0x3a, 0xee, 0x32, 0x0e, 0x33, 0xef, 0x3a, 0xee, 0x32,
    0x0e, 0x33, 0xef, 0x3a, 0x0e, 0x33, 0xee, 0x32, 0xef, 0x3a, 0x0e, 0x33,
    0xee, 0x32, 0x0f, 0x3b, 0xee, 0x32, 0x0e, 0x33, 0xef, 0x3a, 0x0e, 0x33,
    0x0e, 0x33, 0xef, 0x3a, 0xee, 0x32, 0x0e, 0x33, 0xef, 0x3a, 0x0e, 0x33,
    0xee, 0x32, 0x0f, 0x3b, 0xee, 0x32, 0xee, 0x32, 0x0f, 0x3b, 0x0e, 0x33,
    0xee, 0x32, 0x0f, 0x3b, 0x0e, 0x33, 0xee, 0x32, 0xef, 0x3a, 0x0e, 0x33,
    0x0e, 0x33, 0xef, 0x3a, 0x0e, 0x33, 0x0e, 0x33, 0xef, 0x3a, 0xee, 0x32,
    0x0e, 0x33, 0xef, 0x3a, 0x0e, 0x33, 0xee, 0x32, 0x0f, 0x3b, 0xee, 0x32,
    0x0e, 0x33, 0x0f, 0x3b, 0xee, 0x32, 0xee, 0x32, 0x0f, 0x3b, 0x0e, 0x33,
    0xee, 0x32, 0x0f, 0x3b, 0xee, 0x32, 0xee, 0x32, 0x0f, 0x3b, 0xee, 0x32,
    0x0e, 0x33, 0xef, 0x3a, 0x0e, 0x33, 0x0e, 0x33, 0xef, 0x3a, 0x0e, 0x33,
    0x0e, 0x33, 0xef, 0x3a, 0x0e, 0x33, 0xee, 0x32, 0xef, 0x3a, 0x0e, 0x33,
    0x0e, 0x33, 0xef, 0x3a, 0x0e, 0x33, 0x0e, 0x33, 0xef, 0x3a, 0xee, 0x32,
    0x0e, 0x33, 0x0f, 0x3b, 0xee, 0x32, 0x0e, 0x33, 0xef, 0x3a, 0x0e, 0x33,
    0xee, 0x32, 0x0f, 0x3b, 0xee, 0x32, 0xee, 0x32, 0x0f, 0x3b, 0x0e, 0x33,
    0xee, 0x32, 0xef, 0x3a, 0x0e, 0x33, 0xee, 0x32, 0x0f, 0x3b, 0xee, 0x32,
    0x0e, 0x33, 0xef, 0x3a, 0x0e, 0x33, 0x0e, 0x33, 0xef, 0x3a, 0x0e, 0x33,
    0x0e, 0x33, 0xef, 0x3a, 0x0e, 0x33, 0xee, 0x32, 0xef, 0x3a, 0x0e, 0x33,
    0x0e, 0x33, 0xef, 0x3a, 0x0e, 0x33, 0x0e, 0x33, 0xef, 0x3a, 0xee, 0x32,
    0x0e, 0x33, 0x0f, 0x3b, 0xee, 0x32, 0x0e, 0x33, 0xef, 0x3a, 0x0e, 0x33,
    0xee, 0x32, 0x0f, 0x3b, 0xee, 0x32, 0xee, 0x32, 0x0f, 0x3b, 0x0e, 0x33,
    0xee, 0x32, 0xef, 0x3a, 0x0e, 0x33, 0xee, 0x32, 0x0f, 0x3b, 0xee, 0x32,
    0x0e, 0x33, 0xef, 0x3a, 0x0e, 0x33, 0x0e, 0x33, 0xef, 0x3a, 0x0e, 0x33,
    0x0e, 0x33, 0xef, 0x3a, 0x0e, 0x33, 0xee, 0x32, 0xef, 0x3a, 0x0e, 0x33,
    0x0e, 0x33, 0xef, 0x3a, 0x0e, 0x33, 0x0e, 0x33, 0xef, 0x3a, 0xee, 0x32,
    0x0e, 0x33, 0x0f, 0x3b, 0xee, 0x32, 0x0e, 0x33, 0xef, 0x3a, 0x0e, 0x33,
    0xee, 0x32, 0x0f, 0x3b, 0xee, 0x32, 0xee, 0x32, 0x0f, 0x3b, 0x0e, 0x33,
    0xee, 0x32, 0xef, 0x3a, 0x0e, 0x33, 0xee, 0x32, 0x0f, 0x3b, 0xee, 0x32,
    0x0e, 0x33, 0xef, 0x3a, 0x0e, 0x33, 0x0e, 0x33, 0xef, 0x3a, 0x0e, 0x33,
    0x0e, 0x33, 0xef, 0x3a, 0x0e, 0x33, 0xee, 0x32, 0xef, 0x3a, 0x0e, 0x33,
    0x0e, 0x33, 0xef, 0x3a, 0x0e, 0x33, 0x0e, 0x33, 0xef, 0x3a, 0xee, 0x32,
    0x0e, 0x33, 0x0f, 0x3b, 0xee, 0x32, 0x0e, 0x33, 0xef, 0x3a, 0x0e, 0x33,
    0xee, 0x32, 0x0f, 0x3b, 0xee, 0x32, 0xee, 0x32, 0x0f, 0x3b, 0x0e, 0x33,
    0xee, 0x32, 0xef, 0x3a, 0x0e, 0x33, 0xee, 0x32, 0x0f, 0x3b, 0xee, 0x32,
    0x0e, 0x33, 0xef, 0x3a, 0x0e, 0x33, 0x0e, 0x33, 0xef, 0x3a, 0x0e, 0x33,
    0x0e, 0x33, 0xef, 0x3a, 0x0e, 0x33, 0xee, 0x32, 0xef, 0x3a, 0x0e, 0x33,
    0x0e, 0x33, 0xef, 0x3a, 0x0e, 0x33, 0x0e, 0x33, 0xef, 0x3a, 0xee, 0x32,
    0x0e, 0x33, 0x0f, 0x3b, 0xee, 0x32, 0x0e, 0x33, 0xef, 0x3a, 0x0e, 0x33,
    0xee, 0x32, 0x0f, 0x3b, 0xee, 0x32, 0xee, 0x32, 0x0f, 0x3b, 0x0e, 0x33,
    0xee, 0x32, 0xef, 0x3a, 0x0e, 0x33, 0xee, 0x32, 0x0f, 0x3b, 0xee, 0x32,
    0x0e, 0x33, 0xef, 0x3a, 0x0e, 0x33, 0x0e, 0x33, 0xef, 0x3a, 0x0e, 0x33,
    0x0e, 0x33, 0xef, 0x3a, 0x0e, 0x33, 0xee, 0x32, 0xef, 0x3a, 0x0e, 0x33,
    0x0e, 0x33, 0xef, 0x3a, 0x0e, 0x33, 0x0e, 0x33, 0xef, 0x3a, 0xee, 0x32,
    0x0e, 0x33, 0x0f, 0x3b, 0xee, 0x32, 0x0e, 0x33, 0xef, 0x3a, 0x0e, 0x33,
    0xee, 0x32, 0x0f, 0x3b, 0xee, 0x32, 0xee, 0x32, 0x0f, 0x3b, 0x0e, 0x33,
    0xee, 0x32, 0xef, 0x3a, 0x0e, 0x33, 0xee, 0x32, 0x0f, 0x3b, 0xee, 0x32,
    0x0e, 0x33, 0xef, 0x3a, 0x0e, 0x33, 0x0e, 0x33, 0xef, 0x3a, 0x0e, 0x33,
    0x0e, 0x33, 0xef, 0x3a, 0x0e, 0x33, 0xee, 0x32, 0xef, 0x3a, 0x0e, 0x33,
    0x0e, 0x33, 0xef, 0x3a, 0x0e, 0x33, 0x0e, 0x33, 0xef, 0x3a, 0xee, 0x32,
    0x0e, 0x33, 0x0f, 0x3b, 0xee, 0x32, 0x0e, 0x33, 0xef, 0x3a, 0x0e, 0x33,
    0xee, 0x32, 0x0f, 0x3b, 0xee, 0x32, 0xee, 0x32, 0x0f, 0x3b, 0x0e, 0x33,
    0xee, 0x32, 0xef, 0x3a, 0x0e, 0x33, 0xee, 0x32, 0x0f, 0x3b, 0xee, 0x32,
    0x0e, 0x33, 0xef, 0x3a, 0x0e, 0x33, 0x0e, 0x33, 0xef, 0x3a, 0x0e, 0x33,
    0x0e, 0x33, 0xef, 0x3a, 0x0e, 0x33, 0xee, 0x32, 0xef, 0x3a, 0x0e, 0x33,
    0x0e, 0x33, 0xef, 0x3a, 0x0e, 0x33, 0x0e, 0x33, 0xef, 0x3a, 0xee, 0x32,
    0x0e, 0x33, 0x0f, 0x3b, 0xee, 0x32, 0x0e, 0x33, 0xef, 0x3a, 0x0e, 0x33,
    0xee, 0x32, 0x0f, 0x3b, 0xee, 0x32, 0xee, 0x32, 0x0f, 0x3b, 0x0e, 0x33,
    0xee, 0x32, 0xef, 0x3a, 0x0e, 0x33, 0xee, 0x32, 0x0f, 0x3b, 0xee, 0x32,
    0x0e, 0x33, 0xef, 0x3a, 0x0e, 0x33, 0x0e, 0x33, 0xef, 0x3a, 0x0e, 0x33,
    0x0e, 0x33, 0xef, 0x3a, 0x0e, 0x33, 0xee, 0x32, 0xef, 0x3a, 0x0e, 0x33,
    0x0e, 0x33, 0xef, 0x3a, 0x0e, 0x33, 0x0e, 0x33, 0xef, 0x3a, 0xee, 0x32,
    0x0e, 0x33, 0x0f, 0x3b, 0xee, 0x32, 0x0e, 0x33, 0xef, 0x3a, 0x0e, 0x33,
    0xee, 0x32, 0x0f, 0x3b, 0xee, 0x32, 0xee, 0x32, 0x0f, 0x3b, 0x0e, 0x33,
    0xee, 0x32, 0xef, 0x3a, 0x0e, 0x33, 0xee, 0x32, 0x0f, 0x3b, 0xee, 0x32,
    0x0e, 0x33, 0xef, 0x3a, 0x0e, 0x33, 0x0e, 0x33, 0xef, 0x3a, 0x0e, 0x33,
    0x0e, 0x33, 0xef, 0x3a, 0x0e, 0x33, 0xee, 0x32, 0xef, 0x3a, 0x0e, 0x33,
    0x0e, 0x33, 0xef, 0x3a, 0x0e, 0x33, 0x0e, 0x33, 0xef, 0x3a, 0xee, 0x32,
    0x0e, 0x33, 0x0f, 0x3b, 0xee, 0x32, 0x0e, 0x33, 0xef, 0x3a, 0x0e, 0x33,
    0xee, 0x32, 0x0f, 0x3b, 0xee, 0x32, 0xee, 0x32, 0x0f, 0x3b, 0x0e, 0x33,
    0xee, 0x32, 0xef, 0x3a, 0x0e, 0x33, 0xee, 0x32, 0x0f, 0x3b, 0xee, 0x32,
    0x0e, 0x33, 0xef, 0x3a, 0x0e, 0x33, 0x0e, 0x33, 0xef, 0x3a, 0x0e, 0x33,
    0x0e, 0x33, 0xef, 0x3a, 0x0e, 0x33, 0xee, 0x32, 0xef, 0x3a, 0x0e, 0x33,
    0x0e, 0x33, 0xef, 0x3a, 0x0e, 0x33, 0x0e, 0x33, 0xef, 0x3a, 0xee, 0x32,
    0x0e, 0x33, 0x0f, 0x3b, 0xee, 0x32, 0x0e, 0x33, 0xef, 0x3a, 0x0e, 0x33,
    0xee, 0x32, 0x0f, 0x3b, 0xee, 0x32, 0xee, 0x32, 0x0f, 0x3b, 0x0e, 0x33,
    0xee, 0x32, 0xef, 0x3a, 0x0e, 0x33, 0xee, 0x32, 0x0f, 0x3b, 0xee, 0x32,
    0x0e, 0x33, 0xef, 0x3a, 0x0e, 0x33, 0x0e, 0x33, 0xef, 0x3a, 0x0e, 0x33,
    0x0e, 0x33, 0xef, 0x3a, 0x0e, 0x33, 0xef, 0x3a, 0xef, 0x3a, 0x0f, 0x3b,
    0x0e, 0x33, 0xee, 0x32, 0x0f, 0x3b, 0x0f, 0x3b, 0xee, 0x32, 0xef, 0x3a,
    0x0f, 0x3b, 0x0e, 0x33, 0xee, 0x32, 0x0f, 0x3b, 0xef, 0x3a, 0x0e, 0x33,
    0xef, 0x3a, 0x0e, 0x33, 0xef, 0x3a, 0xef, 0x3a, 0x0e, 0x33, 0x0f, 0x3b,
    0xee, 0x32, 0x0f, 0x3b, 0xee, 0x32, 0xef, 0x3a, 0x0f, 0x3b, 0xee, 0x32,
    0xef, 0x3a, 0x0f, 0x3b, 0xee, 0x32, 0x0f, 0x3b, 0x0e, 0x33, 0xee, 0x32,
    0x0f, 0x3b, 0xef, 0x3a, 0xee, 0x32, 0x0e, 0x33, 0xef, 0x3a, 0xee, 0x32,
    0x0e, 0x33, 0x0f, 0x3b, 0xef, 0x3a, 0x0e, 0x33, 0xef, 0x3a, 0xee, 0x32,
    0x0f, 0x3b, 0xee, 0x32, 0xef, 0x3a, 0x0e, 0x33, 0xef, 0x3a, 0xee, 0x32,
    0x0f, 0x3b, 0x0f, 0x3b, 0xee, 0x32, 0x0f, 0x3b, 0x0e, 0x33, 0xee, 0x32,
    0xef, 0x3a, 0x0e, 0x33, 0xee, 0x32, 0x0f, 0x3b, 0x0f, 0x3b, 0xee, 0x32,
    0x0f, 0x3b, 0x0e, 0x33, 0xee, 0x32, 0x0f, 0x3b, 0xee, 0x32, 0x0f, 0x3b,
    0xef, 0x3a, 0x0e, 0x33, 0xee, 0x32, 0x0e, 0x33, 0xef, 0x3a, 0xef, 0x3a,
    0x0e, 0x33, 0xef, 0x3a, 0xee, 0x32, 0x0f, 0x3b, 0xef, 0x3a, 0xee, 0x32,
    0x0e, 0x33, 0xef, 0x3a, 0x0e, 0x33, 0x0f, 0x3b, 0xef, 0x3a, 0x0e, 0x33,
    0x0f, 0x3b, 0xee, 0x32, 0x0e, 0x33, 0x0f, 0x3b, 0xee, 0x32, 0x0f, 0x3b,
    0x0f, 0x3b, 0xee, 0x32, 0x0f, 0x3b, 0xef, 0x3a, 0x0e, 0x33, 0x0f, 0x3b,
    0xef, 0x3a, 0x0e, 0x33, 0x0f, 0x3b, 0xef, 0x3a, 0xee, 0x32, 0x0e, 0x33,
    0xef, 0x3a, 0x0e, 0x33, 0x0e, 0x33, 0xef, 0x3a, 0x0f, 0x3b, 0xee, 0x32,
    0xef, 0x3a, 0x0f, 0x3b, 0x0e, 0x33, 0xef, 0x3a, 0x0e, 0x33, 0x0f, 0x3b,
    0xee, 0x32, 0x0f, 0x3b, 0xef, 0x3a, 0xee, 0x32, 0x0f, 0x3b, 0xee, 0x32,
    0xee, 0x32, 0x0f, 0x3b, 0x0e, 0x33, 0xee, 0x32, 0x0f, 0x3b, 0x0e, 0x33,
    0xef, 0x3a, 0x0f, 0x3b, 0xef, 0x3a, 0x0e, 0x33, 0xef, 0x3a, 0x0e, 0x33,
    0xee, 0x32, 0xef, 0x3a, 0x0f, 0x3b, 0xee, 0x32, 0x0e, 0x33, 0xef, 0x3a,
    0x0f, 0x3b, 0xee, 0x32, 0x0f, 0x3b, 0xee, 0x32, 0x0f, 0x3b, 0x0f, 0x3b,
    0xee, 0x32, 0x0f, 0x3b, 0xee, 0x32, 0xee, 0x32, 0x0f, 0x3b, 0xef, 0x3a,
    0x0e, 0x33, 0x0f, 0x3b, 0xee, 0x32, 0x0e, 0x33, 0x0f, 0x3b, 0xee, 0x32,
    0x0f, 0x3b, 0xee, 0x32, 0xef, 0x3a, 0x0f, 0x3b, 0xee, 0x32, 0xef, 0x3a,
    0x0e, 0x33, 0xee, 0x32, 0xef, 0x3a, 0x0e, 0x33, 0x0f, 0x3b, 0xee, 0x32,
    0x0f, 0x3b, 0x0f, 0x3b, 0xee, 0x32, 0x0f, 0x3b, 0x0f, 0x3b, 0xee, 0x32,
    0x0f, 0x3b, 0xef, 0x3a, 0xee, 0x32, 0x0f, 0x3b, 0xef, 0x3a, 0x0e, 0x33,
    0xef, 0x3a, 0xef, 0x3a, 0x0e, 0x33, 0xef, 0x3a, 0x0f, 0x3b, 0x0e, 0x33,
    0xef, 0x3a, 0xef, 0x3a, 0x0e, 0x33, 0xef, 0x3a, 0x0f, 0x3b, 0x0e, 0x33,
    0xef, 0x3a, 0x0f, 0x3b, 0x0e, 0x33, 0xef, 0x3a, 0x0f, 0x3b, 0xee, 0x32,
    0x0f, 0x3b, 0xef, 0x3a, 0x0e, 0x33, 0x0f, 0x3b, 0xef, 0x3a, 0x0e, 0x33,
    0x0f, 0x3b, 0xef, 0x3a, 0x0e, 0x33, 0xef, 0x3a, 0x0f, 0x3b, 0xee, 0x32,
    0x0f, 0x3b, 0xef, 0x3a, 0x0e, 0x33, 0xef, 0x3a, 0x0f, 0x3b, 0x0e, 0x33,
    0xef, 0x3a, 0x0f, 0x3b, 0x0e, 0x33, 0xef, 0x3a, 0x0f, 0x3b, 0x0e, 0x33,
    0xef, 0x3a, 0x0f, 0x3b, 0xee, 0x32, 0xef, 0x3a, 0x0f, 0x3b, 0xee, 0x32,
    0x0f, 0x3b, 0xef, 0x3a, 0x0e, 0x33, 0xef, 0x3a, 0x0f, 0x3b, 0x0e, 0x33,
    0xef, 0x3a, 0x0f, 0x3b, 0x0e, 0x33, 0xef, 0x3a, 0x0f, 0x3b, 0xee, 0x32,
    0xef, 0x3a, 0x0f, 0x3b, 0xee, 0x32, 0x0f, 0x3b, 0xef, 0x3a, 0x0e, 0x33,
    0x0f, 0x3b, 0xef, 0x3a, 0xee, 0x32, 0x0f, 0x3b, 0xef, 0x3a, 0xee, 0x32,
    0x0f, 0x3b, 0xef, 0x3a, 0x0e, 0x33, 0x0f, 0x3b, 0xef, 0x3a, 0xee, 0x32,
    0x0f, 0x3b, 0xef, 0x3a, 0xee, 0x32, 0x0f, 0x3b, 0x0f, 0x3b, 0xee, 0x32,
    0x0f, 0x3b, 0x0f, 0x3b, 0xee, 0x32, 0xef, 0x3a, 0x0f, 0x3b, 0xee, 0x32,
    0xef, 0x3a, 0x0f, 0x3b, 0xee, 0x32, 0x0f, 0x3b, 0xef, 0x3a, 0xee, 0x32,
    0x0f, 0x3b, 0xef, 0x3a, 0xee, 0x32, 0x0f, 0x3b, 0xef, 0x3a, 0x0e, 0x33,
    0xef, 0x3a, 0x0f, 0x3b, 0xee, 0x32, 0xef, 0x3a, 0x0f, 0x3b, 0xee, 0x32,
    0x0f, 0x3b, 0xef, 0x3a, 0x0e, 0x33, 0xef, 0x3a, 0xef, 0x3a, 0x0e, 0x33,
    0xef, 0x3a, 0xef, 0x3a, 0x0e, 0x33, 0x0f, 0x3b, 0xef, 0x3a, 0x0e, 0x33,
    0xef, 0x3a, 0xef, 0x3a, 0x0e, 0x33, 0xef, 0x3a, 0x0f, 0x3b, 0x0e, 0x33,
    0xef, 0x3a, 0xef, 0x3a, 0x0e, 0x33, 0xef, 0x3a, 0x0f, 0x3b, 0x0e, 0x33,
    0xef, 0x3a, 0x0f, 0x3b, 0xee, 0x32, 0xef, 0x3a, 0x0f, 0x3b, 0xee, 0x32,
    0x0f, 0x3b, 0x0f, 0x3b, 0xee, 0x32, 0xef, 0x3a, 0x0f, 0x3b, 0xee, 0x32,
    0x0f, 0x3b, 0x0f, 0x3b, 0xee, 0x32, 0x0f, 0x3b, 0xef, 0x3a, 0x0e, 0x33,
    0x0f, 0x3b, 0xef, 0x3a, 0x0e, 0x33, 0x0f, 0x3b, 0xef, 0x3a, 0x0e, 0x33,
    0x0f, 0x3b, 0xef, 0x3a, 0xee, 0x32, 0x0f, 0x3b, 0xef, 0x3a, 0x0e, 0x33,
    0x0f, 0x3b, 0xef, 0x3a, 0xee, 0x32, 0x0f, 0x3b, 0x0f, 0x3b, 0xee, 0x32,
    0x0f, 0x3b, 0xef, 0x3a, 0x0e, 0x33, 0xef, 0x3a, 0x0f, 0x3b, 0xee, 0x32,
    0x0f, 0x3b, 0xef, 0x3a, 0xee, 0x32, 0x0f, 0x3b, 0x0f, 0x3b, 0xee, 0x32,
    0x0f, 0x3b, 0xef, 0x3a, 0xee, 0x32, 0x0f, 0x3b, 0x0f, 0x3b, 0xee, 0x32,
    0x0f, 0x3b, 0xef, 0x3a, 0xee, 0x32, 0x0f, 0x3b, 0xef, 0x3a, 0x0e, 0x33,
    0x0f, 0x3b, 0xef, 0x3a, 0x0e, 0x33, 0x0f, 0x3b, 0xef, 0x3a, 0x0e, 0x33,
    0xef, 0x3a, 0xef, 0x3a, 0x0e, 0x33, 0x0f, 0x3b, 0xef, 0x3a, 0xee, 0x32,
    0x0f, 0x3b, 0xef, 0x3a, 0x0e, 0x33, 0x0f, 0x3b, 0xef, 0x3a, 0x0e, 0x33,
    0x0f, 0x3b, 0xef, 0x3a, 0xee, 0x32, 0x0f, 0x3b, 0xef, 0x3a, 0xee, 0x32,
    0x0f, 0x3b, 0xef, 0x3a, 0xee, 0x32, 0x0f, 0x3b, 0x0f, 0x3b, 0xee, 0x32,
    0xef, 0x3a, 0x0f, 0x3b, 0xee, 0x32, 0xef, 0x3a, 0x0f, 0x3b, 0x0e, 0x33,
    0xef, 0x3a, 0x0f, 0x3b, 0xee, 0x32, 0xef, 0x3a, 0x0f, 0x3b, 0xee, 0x32,
    0x0f, 0x3b, 0xef, 0x3a, 0x0e, 0x33, 0x0f, 0x3b, 0xef, 0x3a, 0xee, 0x32,
    0x0f, 0x3b, 0x0f, 0x3b, 0xee, 0x32, 0x0f, 0x3b, 0x0f, 0x3b, 0xee, 0x32,
    0xef, 0x3a, 0x0f, 0x3b, 0xee, 0x32, 0xef, 0x3a, 0x0f, 0x3b, 0xee, 0x32,
    0xef, 0x3a, 0x0f, 0x3b, 0xee, 0x32, 0x0f, 0x3b, 0x0f, 0x3b, 0xee, 0x32,
    0xef, 0x3a, 0x0f, 0x3b, 0xee, 0x32, 0xef, 0x3a, 0x0f, 0x3b, 0x0e, 0x33,
    0xef, 0x3a, 0x0f, 0x3b, 0xee, 0x32, 0xef, 0x3a, 0x0f, 0x3b, 0xee, 0x32,
    0x0f, 0x3b, 0xef, 0x3a, 0x0e, 0x33, 0x0f, 0x3b, 0xef, 0x3a, 0xee, 0x32,
    0x0f, 0x3b, 0x0f, 0x3b, 0xee, 0x32, 0x0f, 0x3b, 0x0f, 0x3b, 0xee, 0x32,
    0xef, 0x3a, 0x0f, 0x3b, 0xee, 0x32, 0xef, 0x3a, 0x0f, 0x3b, 0xee, 0x32,
    0xef, 0x3a, 0x0f, 0x3b, 0xee, 0x32, 0x0f, 0x3b, 0x0f, 0x3b, 0xee, 0x32,
    0xef, 0x3a, 0x0f, 0x3b, 0xee, 0x32, 0xef, 0x3a, 0x0f, 0x3b, 0x0e, 0x33,
    0xef, 0x3a, 0x0f, 0x3b, 0xee, 0x32, 0xef, 0x3a, 0x0f, 0x3b, 0xee, 0x32,
    0x0f, 0x3b, 0xef, 0x3a, 0x0e, 0x33, 0x0f, 0x3b, 0xef, 0x3a, 0xee, 0x32,
    0x0f, 0x3b, 0x0f, 0x3b, 0xee, 0x32, 0x0f, 0x3b, 0x0f, 0x3b, 0xee, 0x32,
    0xef, 0x3a, 0x0f, 0x3b, 0xee, 0x32, 0xef, 0x3a, 0x0f, 0x3b, 0xee, 0x32,
    0xef, 0x3a, 0x0f, 0x3b, 0xee, 0x32, 0x0f, 0x3b, 0x0f, 0x3b, 0xee, 0x32,
    0xef, 0x3a, 0x0f, 0x3b, 0xee, 0x32, 0xef, 0x3a, 0x0f, 0x3b, 0x0e, 0x33,
    0xef, 0x3a, 0x0f, 0x3b, 0xee, 0x32, 0xef, 0x3a, 0x0f, 0x3b, 0xee, 0x32,
    0x0f, 0x3b, 0xef, 0x3a, 0x0e, 0x33, 0x0f, 0x3b, 0xef, 0x3a, 0xee, 0x32,
    0x0f, 0x3b, 0x0f, 0x3b, 0xee, 0x32, 0x0f, 0x3b, 0x0f, 0x3b, 0xee, 0x32,
    0xef, 0x3a, 0x0f, 0x3b, 0xee, 0x32, 0xef, 0x3a, 0x0f, 0x3b, 0xee, 0x32,
    0xef, 0x3a, 0x0f, 0x3b, 0xee, 0x32, 0x0f, 0x3b, 0x0f, 0x3b, 0xee, 0x32,
    0xef, 0x3a, 0x0f, 0x3b, 0xee, 0x32, 0xef, 0x3a, 0x0f, 0x3b, 0x0e, 0x33,
    0xef, 0x3a, 0x0f, 0x3b, 0xee, 0x32, 0xef, 0x3a, 0x0f, 0x3b, 0xee, 0x32,
    0x0f, 0x3b, 0xef, 0x3a, 0x0e, 0x33, 0x0f, 0x3b, 0xef, 0x3a, 0xee, 0x32,
    0x0f, 0x3b, 0x0f, 0x3b, 0xee, 0x32, 0x0f, 0x3b, 0x0f, 0x3b, 0xee, 0x32,
    0xef, 0x3a, 0x0f, 0x3b, 0xee, 0x32, 0xef, 0x3a, 0x0f, 0x3b, 0xee, 0x32,
    0xef, 0x3a, 0x0f, 0x3b, 0xee, 0x32, 0x0f, 0x3b, 0x0f, 0x3b, 0xee, 0x32,
    0xef, 0x3a, 0x0f, 0x3b, 0xee, 0x32, 0xef, 0x3a, 0x0f, 0x3b, 0x0e, 0x33,
    0xef, 0x3a, 0x0f, 0x3b, 0xee, 0x32, 0xef, 0x3a, 0x0f, 0x3b, 0xee, 0x32,
    0x0f, 0x3b, 0xef, 0x3a, 0x0e, 0x33, 0x0f, 0x3b, 0xef, 0x3a, 0xee, 0x32,
    0x0f, 0x3b, 0x0f, 0x3b, 0xee, 0x32, 0x0f, 0x3b, 0x0f, 0x3b, 0xee, 0x32,
    0xef, 0x3a, 0x0f, 0x3b, 0xee, 0x32, 0xef, 0x3a, 0x0f, 0x3b, 0xee, 0x32,
    0xef, 0x3a, 0x0f, 0x3b, 0xee, 0x32, 0x0f, 0x3b, 0x0f, 0x3b, 0xee, 0x32,
    0xef, 0x3a, 0x0f, 0x3b, 0xee, 0x32, 0xef, 0x3a, 0x0f, 0x3b, 0x0e, 0x33,
    0xef, 0x3a, 0x0f, 0x3b, 0xee, 0x32, 0xef, 0x3a, 0x0f, 0x3b, 0xee, 0x32,
    0x0f, 0x3b, 0xef, 0x3a, 0x0e, 0x33, 0x0f, 0x3b, 0xef, 0x3a, 0xee, 0x32,
    0x0f, 0x3b, 0x0f, 0x3b, 0xee, 0x32, 0x0f, 0x3b, 0x0f, 0x3b, 0xee, 0x32,
    0xef, 0x3a, 0x0f, 0x3b, 0xee, 0x32, 0xef, 0x3a, 0x0f, 0x3b, 0xee, 0x32,
    0xef, 0x3a, 0x0f, 0x3b, 0xee, 0x32, 0x0f, 0x3b, 0x0f, 0x3b, 0xee, 0x32,
    0xef, 0x3a, 0x0f, 0x3b, 0xee, 0x32, 0xef, 0x3a, 0x0f, 0x3b, 0x0e, 0x33,
    0xef, 0x3a, 0x0f, 0x3b, 0xee, 0x32, 0xef, 0x3a, 0x0f, 0x3b, 0xee, 0x32,
    0x0f, 0x3b, 0xef, 0x3a, 0x0e, 0x33, 0x0f, 0x3b, 0xef, 0x3a, 0xee, 0x32,
    0x0f, 0x3b, 0x0f, 0x3b, 0xee, 0x32, 0x0f, 0x3b, 0x0f, 0x3b, 0xee, 0x32,
    0xef, 0x3a, 0x0f, 0x3b, 0xee, 0x32, 0xef, 0x3a, 0x0f, 0x3b, 0xee, 0x32,
    0xef, 0x3a, 0x0f, 0x3b, 0xee, 0x32, 0x0f, 0x3b, 0x0f, 0x3b, 0xee, 0x32,
    0xef, 0x3a, 0x0f, 0x3b, 0xee, 0x32, 0xef, 0x3a, 0x0f, 0x3b, 0x0e, 0x33,
    0xef, 0x3a, 0x0f, 0x3b, 0xee, 0x32, 0xef, 0x3a, 0x0f, 0x3b, 0xee, 0x32,
    0x0f, 0x3b, 0xef, 0x3a, 0x0e, 0x33, 0x0f, 0x3b, 0xef, 0x3a, 0xee, 0x32,
    0x0f, 0x3b, 0x0f, 0x3b, 0xee, 0x32, 0x0f, 0x3b, 0x0f, 0x3b, 0xee, 0x32,
    0xef, 0x3a, 0x0f, 0x3b, 0xee, 0x32, 0xef, 0x3a, 0x0f, 0x3b, 0xee, 0x32,
    0xef, 0x3a, 0x0f, 0x3b, 0xee, 0x32, 0x0f, 0x3b, 0x0f, 0x3b, 0xee, 0x32,
    0xef, 0x3a, 0x0f, 0x3b, 0xee, 0x32, 0xef, 0x3a, 0x0f, 0x3b, 0x0e, 0x33,
    0xef, 0x3a, 0x0f, 0x3b, 0xee, 0x32, 0xef, 0x3a, 0x0f, 0x3b, 0xee, 0x32,
    0x0f, 0x3b, 0xef, 0x3a, 0x0e, 0x33, 0x0f, 0x3b, 0xef, 0x3a, 0xee, 0x32,
    0x0f, 0x3b, 0x0f, 0x3b, 0xee, 0x32, 0x0f, 0x3b, 0x0f, 0x3b, 0xee, 0x32,
    0xef, 0x3a, 0x0f, 0x3b, 0xee, 0x32, 0xef, 0x3a, 0x0f, 0x3b, 0xee, 0x32,
    0xef, 0x3a, 0x0f, 0x3b, 0xee, 0x32, 0x0f, 0x3b, 0x0f, 0x3b, 0xee, 0x32,
    0xef, 0x3a, 0x0f, 0x3b, 0xee, 0x32, 0xef, 0x3a, 0x0f, 0x3b, 0x0e, 0x33,
    0xef, 0x3a, 0x0f, 0x3b, 0xee, 0x32, 0xef, 0x3a, 0x0f, 0x3b, 0xee, 0x32,
    0x0f, 0x3b, 0xef, 0x3a, 0x0e, 0x33, 0x0f, 0x3b, 0xef, 0x3a, 0xee, 0x32,
    0x0f, 0x3b, 0x0f, 0x3b, 0xee, 0x32, 0x0f, 0x3b, 0x0f, 0x3b, 0xee, 0x32,
    0xef, 0x3a, 0x0f, 0x3b, 0xee, 0x32, 0xef, 0x3a, 0x0f, 0x3b, 0xee, 0x32,
    0xef, 0x3a, 0x0f, 0x3b, 0xee, 0x32, 0x0f, 0x3b, 0x0e, 0x33, 0xee, 0x32,
    0xef, 0x3a, 0x0e, 0x33, 0xef, 0x3a, 0xee, 0x32, 0x0e, 0x33, 0x0f, 0x3b,
    0xee, 0x32, 0x0e, 0x33, 0xef, 0x3a, 0xef, 0x3a, 0x0e, 0x33, 0xee, 0x32,
    0x0f, 0x3b, 0xee, 0x32, 0x0e, 0x33, 0x0f, 0x3b, 0xee, 0x32, 0xee, 0x32,
    0x0f, 0x3b, 0xef, 0x3a, 0x0e, 0x33, 0x0f, 0x3b, 0xee, 0x32, 0x0f, 0x3b,
    0x0e, 0x33, 0xee, 0x32, 0x0f, 0x3b, 0xee, 0x32, 0xef, 0x3a, 0x0f, 0x3b,
    0xee, 0x32, 0x0e, 0x33, 0x0f, 0x3b, 0xef, 0x3a, 0x0e, 0x33, 0x0f, 0x3b,
    0xef, 0x3a, 0xee, 0x32, 0x0e, 0x33, 0xef, 0x3a, 0xee, 0x32, 0x0e, 0x33,
    0x0f, 0x3b, 0xee, 0x32, 0x0e, 0x33, 0x0f, 0x3b, 0xef, 0x3a, 0x0e, 0x33,
    0xef, 0x3a, 0x0e, 0x33, 0xee, 0x32, 0xef, 0x3a, 0x0e, 0x33, 0xef, 0x3a,
    0x0f, 0x3b, 0x0e, 0x33, 0xef, 0x3a, 0x0f, 0x3b, 0xee, 0x32, 0xee, 0x32,
    0x0f, 0x3b, 0xef, 0x3a, 0xee, 0x32, 0x0f, 0x3b, 0x0f, 0x3b, 0xee, 0x32,
    0x0e, 0x33, 0xef, 0x3a, 0x0e, 0x33, 0xef, 0x3a, 0xef, 0x3a, 0x0e, 0x33,
    0x0e, 0x33, 0xee, 0x32, 0x0f, 0x3b, 0x0e, 0x33, 0xef, 0x3a, 0x0e, 0x33,
    0x0f, 0x3b, 0xee, 0x32, 0x0f, 0x3b, 0xee, 0x32, 0xee, 0x32, 0x0f, 0x3b,
    0xee, 0x32, 0xef, 0x3a, 0x0f, 0x3b, 0xee, 0x32, 0xef, 0x3a, 0x0e, 0x33,
    0xee, 0x32, 0xef, 0x3a, 0x0e, 0x33, 0x0e, 0x33, 0xef, 0x3a, 0xee, 0x32,
    0x0e, 0x33, 0xef, 0x3a, 0xee, 0x32, 0x0e, 0x33, 0x0f, 0x3b, 0xef, 0x3a,
    0x0e, 0x33, 0x0f, 0x3b, 0xef, 0x3a, 0xee, 0x32, 0x0f, 0x3b, 0xee, 0x32,
    0x0e, 0x33, 0xee, 0x32, 0xef, 0x3a, 0x0e, 0x33, 0xee, 0x32, 0xef, 0x3a,
    0x0f, 0x3b, 0xee, 0x32, 0x0f, 0x3b, 0x0e, 0x33, 0xee, 0x32, 0x0f, 0x3b,
    0x0f, 0x3b, 0xee, 0x32, 0x0f, 0x3b, 0xef, 0x3a, 0xee, 0x32, 0x0f, 0x3b,
    0xee, 0x32, 0x0e, 0x33, 0x0f, 0x3b, 0xee, 0x32, 0x0e, 0x33, 0xef, 0x3a,
    0x0f, 0x3b, 0x0e, 0x33, 0xee, 0x32, 0x0f, 0x3b, 0x0e, 0x33, 0xef, 0x3a,
    0xee, 0x32, 0x0e, 0x33, 0xef, 0x3a, 0x0e, 0x33, 0x0f, 0x3b, 0xee, 0x32,
    0xee, 0x32, 0x0f, 0x3b, 0xef, 0x3a, 0x0e, 0x33, 0x0f, 0x3b, 0xee, 0x32,
    0xef, 0x3a, 0x0e, 0x33, 0xef, 0x3a, 0xef, 0x3a, 0x0e, 0x33, 0xef, 0x3a,
    0xee, 0x32, 0x0f, 0x3b, 0x0e, 0x33, 0xee, 0x32, 0x0f, 0x3b, 0x0e, 0x33,
    0xef, 0x3a, 0x0f, 0x3b, 0x0e, 0x33, 0xef, 0x3a, 0xef, 0x3a, 0x0e, 0x33,
    0x0e, 0x33, 0xef, 0x3a, 0xee, 0x32, 0x0f, 0x3b, 0xee, 0x32, 0xee, 0x32,
    0x0f, 0x3b, 0xee, 0x32, 0x0e, 0x33, 0x0f, 0x3b, 0xee, 0x32, 0x0e, 0x33,
    0xef, 0x3a, 0xee, 0x32, 0x0e, 0x33, 0x0f, 0x3b, 0xee, 0x32, 0xee, 0x32,
    0x0f, 0x3b, 0xee, 0x32, 0x0e, 0x33, 0x0f, 0x3b, 0xee, 0x32, 0xee, 0x32,
    0x0f, 0x3b, 0xee, 0x32, 0xee, 0x32, 0x0f, 0x3b, 0xee, 0x32, 0x0e, 0x33,
    0xef, 0x3a, 0x0e, 0x33, 0xee, 0x32, 0xef, 0x3a, 0x0e, 0x33, 0xee, 0x32,
    0xef, 0x3a, 0x0e, 0x33, 0xee, 0x32, 0x0f, 0x3b, 0x0e, 0x33, 0xee, 0x32,
    0x0f, 0x3b, 0x0e, 0x33, 0xee, 0x32, 0x0f, 0x3b, 0xee, 0x32, 0xee, 0x32,
    0x0f, 0x3b, 0xee, 0x32, 0xee, 0x32, 0x0f, 0x3b, 0xee, 0x32, 0xee, 0x32,
    0x0f, 0x3b, 0xee, 0x32, 0x0e, 0x33, 0x0f, 0x3b, 0xee, 0x32, 0x0e, 0x33,
    0xef, 0x3a, 0xee, 0x32, 0x0e, 0x33, 0x0f, 0x3b, 0xee, 0x32, 0xee, 0x32,
    0x0f, 0x3b, 0xee, 0x32, 0xee, 0x32, 0x0f, 0x3b, 0xee, 0x32, 0x0e, 0x33,
    0x0f, 0x3b, 0xee, 0x32, 0x0e, 0x33, 0xef, 0x3a, 0x0e, 0x33, 0xee, 0x32,
    0xef, 0x3a, 0x0e, 0x33, 0xee, 0x32, 0x0f, 0x3b, 0x0e, 0x33, 0xee, 0x32,
    0x0f, 0x3b, 0xee, 0x32, 0x0e, 0x33, 0xef, 0x3a, 0xee, 0x32, 0x0e, 0x33,
    0x0f, 0x3b, 0xee, 0x32, 0x0e, 0x33, 0x0f, 0x3b, 0xee, 0x32, 0xee, 0x32,
    0x0f, 0x3b, 0xee, 0x32, 0xee, 0x32, 0x0f, 0x3b, 0x0e, 0x33, 0xee, 0x32,
    0x0f, 0x3b, 0x0e, 0x33, 0xee, 0x32, 0x0f, 0x3b, 0xee, 0x32, 0x0e, 0x33,
    0x0f, 0x3b, 0xee, 0x32, 0x0e, 0x33, 0x0f, 0x3b, 0xee, 0x32, 0x0e, 0x33,
    0x0f, 0x3b, 0xee, 0x32, 0x0e, 0x33, 0xef, 0x3a, 0x0e, 0x33, 0x0e, 0x33,
    0xef, 0x3a, 0xee, 0x32, 0x0e, 0x33, 0xef, 0x3a, 0x0e, 0x33, 0xee, 0x32,
    0x0f, 0x3b, 0x0e, 0x33, 0xee, 0x32, 0xef, 0x3a, 0x0e, 0x33, 0xee, 0x32,
    0xef, 0x3a, 0x0e, 0x33, 0x0e, 0x33, 0xef, 0x3a, 0xee, 0x32, 0x0e, 0x33,
    0xef, 0x3a, 0x0e, 0x33, 0x0e, 0x33, 0xef, 0x3a, 0x0e, 0x33, 0xee, 0x32,
    0xef, 0x3a, 0x0e, 0x33, 0x0e, 0x33, 0xef, 0x3a, 0x0e, 0x33, 0x0e, 0x33,
    0xef, 0x3a, 0xee, 0x32, 0x0e, 0x33, 0x0f, 0x3b, 0xee, 0x32, 0x0e, 0x33,
    0xef, 0x3a, 0xee, 0x32, 0x0e, 0x33, 0xef, 0x3a, 0x0e, 0x33, 0xee, 0x32,
    0xef, 0x3a, 0x0e, 0x33, 0xee, 0x32, 0xef, 0x3a, 0x0e, 0x33, 0xee, 0x32,
    0xef, 0x3a, 0x0e, 0x33, 0x0e, 0x33, 0xef, 0x3a, 0x0e, 0x33, 0x0e, 0x33,
    0xef, 0x3a, 0xee, 0x32, 0x0e, 0x33, 0x0f, 0x3b, 0xee, 0x32, 0xee, 0x32,
    0x0f, 0x3b, 0xee, 0x32, 0xee, 0x32, 0x0f, 0x3b, 0xee, 0x32, 0x0e, 0x33,
    0xef, 0x3a, 0x0e, 0x33, 0x0e, 0x33, 0xef, 0x3a, 0x0e, 0x33, 0xee, 0x32,
    0xef, 0x3a, 0x0e, 0x33, 0xee, 0x32, 0x0f, 0x3b, 0xee, 0x32, 0xee, 0x32,
    0x0f, 0x3b, 0xee, 0x32, 0x0e, 0x33, 0x0f, 0x3b, 0xee, 0x32, 0xee, 0x32,
    0x0f, 0x3b, 0xee, 0x32, 0xee, 0x32, 0x0f, 0x3b, 0xee, 0x32, 0xee, 0x32,
    0x0f, 0x3b, 0x0e, 0x33, 0xee, 0x32, 0x0f, 0x3b, 0xee, 0x32, 0xee, 0x32,
    0x0f, 0x3b, 0x0e, 0x33, 0xee, 0x32, 0xef, 0x3a, 0x0e, 0x33, 0xee, 0x32,
    0xef, 0x3a, 0x0e, 0x33, 0xee, 0x32, 0x0f, 0x3b, 0x0e, 0x33, 0xee, 0x32,
    0x0f, 0x3b, 0xee, 0x32, 0x0e, 0x33, 0x0f, 0x3b, 0xee, 0x32, 0xee, 0x32,
    0x0f, 0x3b, 0x0e, 0x33, 0xee, 0x32, 0x0f, 0x3b, 0x0e, 0x33, 0xee, 0x32,
    0xef, 0x3a, 0x0e, 0x33, 0xee, 0x32, 0x0f, 0x3b, 0x0e, 0x33, 0xee, 0x32,
    0x0f, 0x3b, 0xee, 0x32, 0x0e, 0x33, 0xef, 0x3a, 0xee, 0x32, 0x0e, 0x33,
    0x0f, 0x3b, 0xee, 0x32, 0xee, 0x32, 0x0f, 0x3b, 0xee, 0x32, 0x0e, 0x33,
    0xef, 0x3a, 0x0e, 0x33, 0x0e, 0x33, 0xef, 0x3a, 0x0e, 0x33, 0x0e, 0x33,
    0xef, 0x3a, 0x0e, 0x33, 0x0e, 0x33, 0xef, 0x3a, 0xee, 0x32, 0x0e, 0x33,
    0xef, 0x3a, 0x0e, 0x33, 0x0e, 0x33, 0xef, 0x3a, 0x0e, 0x33, 0xee, 0x32,
    0xef, 0x3a, 0x0e, 0x33, 0xee, 0x32, 0x0f, 0x3b, 0x0e, 0x33, 0xee, 0x32,
    0x0f, 0x3b, 0xee, 0x32, 0x0e, 0x33, 0xef, 0x3a, 0xee, 0x32, 0x0e, 0x33,
    0x0f, 0x3b, 0xee, 0x32, 0xee, 0x32, 0x0f, 0x3b, 0xee, 0x32, 0x0e, 0x33,
    0xef, 0x3a, 0x0e, 0x33, 0x0e, 0x33, 0xef, 0x3a, 0x0e, 0x33, 0x0e, 0x33,
    0xef, 0x3a, 0x0e, 0x33, 0x0e, 0x33, 0xef, 0x3a, 0xee, 0x32, 0x0e, 0x33,
    0xef, 0x3a, 0x0e, 0x33, 0x0e, 0x33, 0xef, 0x3a, 0x0e, 0x33, 0xee, 0x32,
    0xef, 0x3a, 0x0e, 0x33, 0xee, 0x32, 0x0f, 0x3b, 0x0e, 0x33, 0xee, 0x32,
    0x0f, 0x3b, 0xee, 0x32, 0x0e, 0x33, 0xef, 0x3a, 0xee, 0x32, 0x0e, 0x33,
    0x0f, 0x3b, 0xee, 0x32, 0xee, 0x32, 0x0f, 0x3b, 0xee, 0x32, 0x0e, 0x33,
    0xef, 0x3a, 0x0e, 0x33, 0x0e, 0x33, 0xef, 0x3a, 0x0e, 0x33, 0x0e, 0x33,
    0xef, 0x3a, 0x0e, 0x33, 0x0e, 0x33, 0xef, 0x3a, 0xee, 0x32, 0x0e, 0x33,
    0xef, 0x3a, 0x0e, 0x33, 0x0e, 0x33, 0xef, 0x3a, 0x0e, 0x33, 0xee, 0x32,
    0xef, 0x3a, 0x0e, 0x33, 0xee, 0x32, 0x0f, 0x3b, 0x0e, 0x33, 0xee, 0x32,
    0x0f, 0x3b, 0xee, 0x32, 0x0e, 0x33, 0xef, 0x3a, 0xee, 0x32, 0x0e, 0x33,
    0x0f, 0x3b, 0xee, 0x32, 0xee, 0x32, 0x0f, 0x3b, 0xee, 0x32, 0x0e, 0x33,
    0xef, 0x3a, 0x0e, 0x33, 0x0e, 0x33, 0xef, 0x3a, 0x0e, 0x33, 0x0e, 0x33,
    0xef, 0x3a, 0x0e, 0x33, 0x0e, 0x33, 0xef, 0x3a, 0xee, 0x32, 0x0e, 0x33,
    0xef, 0x3a, 0x0e, 0x33, 0x0e, 0x33, 0xef, 0x3a, 0x0e, 0x33, 0xee, 0x32,
    0xef, 0x3a, 0x0e, 0x33, 0xee, 0x32, 0x0f, 0x3b, 0x0e, 0x33, 0xee, 0x32,
    0x0f, 0x3b, 0xee, 0x32, 0x0e, 0x33, 0xef, 0x3a, 0xee, 0x32, 0x0e, 0x33,
    0x0f, 0x3b, 0xee, 0x32, 0xee, 0x32, 0x0f, 0x3b, 0xee, 0x32, 0x0e, 0x33,
    0xef, 0x3a, 0x0e, 0x33, 0x0e, 0x33, 0xef, 0x3a, 0x0e, 0x33, 0x0e, 0x33,
    0xef, 0x3a, 0x0e, 0x33, 0x0e, 0x33, 0xef, 0x3a, 0xee, 0x32, 0x0e, 0x33,
    0xef, 0x3a, 0x0e, 0x33, 0x0e, 0x33, 0xef, 0x3a, 0x0e, 0x33, 0xee, 0x32,
    0xef, 0x3a, 0x0e, 0x33, 0xee, 0x32, 0x0f, 0x3b, 0x0e, 0x33, 0xee, 0x32,
    0x0f, 0x3b, 0xee, 0x32, 0x0e, 0x33, 0xef, 0x3a, 0xee, 0x32, 0x0e, 0x33,
    0x0f, 0x3b, 0xee, 0x32, 0xee, 0x32, 0x0f, 0x3b, 0xee, 0x32, 0x0e, 0x33,
    0xef, 0x3a, 0x0e, 0x33, 0x0e, 0x33, 0xef, 0x3a, 0x0e, 0x33, 0x0e, 0x33,
    0xef, 0x3a, 0x0e, 0x33, 0x0e, 0x33, 0xef, 0x3a, 0xee, 0x32, 0x0e, 0x33,
    0xef, 0x3a, 0x0e, 0x33, 0x0e, 0x33, 0xef, 0x3a, 0x0e, 0x33, 0xee, 0x32,
    0xef, 0x3a, 0x0e, 0x33, 0xee, 0x32, 0x0f, 0x3b, 0x0e, 0x33, 0xee, 0x32,
    0x0f, 0x3b, 0xee, 0x32, 0x0e, 0x33, 0xef, 0x3a, 0xee, 0x32, 0x0e, 0x33,
    0x0f, 0x3b, 0xee, 0x32, 0xee, 0x32, 0x0f, 0x3b, 0xee, 0x32, 0x0e, 0x33,
    0xef, 0x3a, 0x0e, 0x33, 0x0e, 0x33, 0xef, 0x3a, 0x0e, 0x33, 0x0e, 0x33,
    0xef, 0x3a, 0x0e, 0x33, 0x0e, 0x33, 0xef, 0x3a, 0xee, 0x32, 0x0e, 0x33,
    0xef, 0x3a, 0x0e, 0x33, 0x0e, 0x33, 0xef, 0x3a, 0x0e, 0x33, 0xee, 0x32,
    0xef, 0x3a, 0x0e, 0x33, 0xee, 0x32, 0x0f, 0x3b, 0x0e, 0x33, 0xee, 0x32,
    0x0f, 0x3b, 0xee, 0x32, 0x0e, 0x33, 0xef, 0x3a, 0xee, 0x32, 0x0e, 0x33,
    0x0f, 0x3b, 0xee, 0x32, 0xee, 0x32, 0x0f, 0x3b, 0xee, 0x32, 0x0e, 0x33,
    0xef, 0x3a, 0x0e, 0x33, 0x0e, 0x33, 0xef, 0x3a, 0x0e, 0x33, 0x0e, 0x33,
    0xef, 0x3a, 0x0e, 0x33, 0x0e, 0x33, 0xef, 0x3a, 0xee, 0x32, 0x0e, 0x33,
    0xef, 0x3a, 0x0e, 0x33, 0x0e, 0x33, 0xef, 0x3a, 0x0e, 0x33, 0xee, 0x32,
    0xef, 0x3a, 0x0e, 0x33, 0xee, 0x32, 0x0f, 0x3b, 0x0e, 0x33, 0xee, 0x32,
    0x0f, 0x3b, 0xee, 0x32, 0x0e, 0x33, 0xef, 0x3a, 0xee, 0x32, 0x0e, 0x33,
    0x0f, 0x3b, 0xee, 0x32, 0xee, 0x32, 0x0f, 0x3b, 0xee, 0x32, 0x0e, 0x33,
    0xef, 0x3a, 0x0e, 0x33, 0x0e, 0x33, 0xef, 0x3a, 0x0e, 0x33, 0x0e, 0x33,
    0xef, 0x3a, 0x0e, 0x33, 0x0e, 0x33, 0xef, 0x3a, 0xee, 0x32, 0x0e, 0x33,
    0xef, 0x3a, 0x0e, 0x33, 0x0e, 0x33, 0xef, 0x3a, 0x0e, 0x33, 0xee, 0x32,
    0xef, 0x3a, 0x0e, 0x33, 0xee, 0x32, 0x0f, 0x3b, 0x0e, 0x33, 0xee, 0x32,
    0x0f, 0x3b, 0xee, 0x32, 0x0e, 0x33, 0xef, 0x3a, 0xee, 0x32, 0x0e, 0x33,
    0x0f, 0x3b, 0xee, 0x32, 0xee, 0x32, 0x0f, 0x3b, 0xee, 0x32, 0x0e, 0x33,
    0xef, 0x3a, 0x0e, 0x33, 0x0e, 0x33, 0xef, 0x3a, 0x0e, 0x33, 0x0e, 0x33,
    0xef, 0x3a, 0x0e, 0x33, 0x0e, 0x33, 0xef, 0x3a, 0xee, 0x32, 0x0e, 0x33,
    0xef, 0x3a, 0x0e, 0x33, 0x0e, 0x33, 0xef, 0x3a, 0x0e, 0x33, 0xee, 0x32,
    0xef, 0x3a, 0x0e, 0x33, 0xee, 0x32, 0x0f, 0x3b, 0x0e, 0x33, 0xee, 0x32,
    0x0f, 0x3b, 0xee, 0x32, 0x0e, 0x33, 0xef, 0x3a, 0xee, 0x32, 0x0e, 0x33,
    0x0f, 0x3b, 0xee, 0x32, 0xee, 0x32, 0x0f, 0x3b, 0xee, 0x32, 0x0e, 0x33,
    0xef, 0x3a, 0x0e, 0x33, 0x0e, 0x33, 0xef, 0x3a, 0x0e, 0x33, 0x0e, 0x33,
    0xef, 0x3a, 0x0e, 0x33, 0x0e, 0x33, 0xef, 0x3a, 0xef, 0x3a, 0x0e, 0x33,
    0xef, 0x3a, 0x0e, 0x33, 0x0e, 0x33, 0xef, 0x3a, 0x0f, 0x3b, 0xee, 0x32,
    0xef, 0x3a, 0x0f, 0x3b, 0xee, 0x32, 0x0e, 0x33, 0x0f, 0x3b, 0xef, 0x3a,
    0x0e, 0x33, 0xef, 0x3a, 0x0f, 0x3b, 0xee, 0x32, 0xef, 0x3a, 0x0f, 0x3b,
    0x0e, 0x33, 0xee, 0x32, 0x0f, 0x3b, 0xee, 0x32, 0xef, 0x3a, 0x0e, 0x33,
    0xef, 0x3a, 0x0e, 0x33, 0xef, 0x3a, 0x0f, 0x3b, 0x0e, 0x33, 0xee, 0x32,
    0x0f, 0x3b, 0xee, 0x32, 0xef, 0x3a, 0x0f, 0x3b, 0xee, 0x32, 0xee, 0x32,
    0x0f, 0x3b, 0x0e, 0x33, 0xef, 0x3a, 0x0f, 0x3b, 0x0e, 0x33, 0xef, 0x3a,
    0x0e, 0x33, 0xef, 0x3a, 0x0f, 0x3b, 0xee, 0x32, 0xef, 0x3a, 0x0e, 0x33,
    0x0e, 0x33, 0xef, 0x3a, 0x0f, 0x3b, 0x0e, 0x33, 0xef, 0x3a, 0x0e, 0x33,
    0xee, 0x32, 0xef, 0x3a, 0x0e, 0x33, 0xef, 0x3a, 0x0e, 0x33, 0xef, 0x3a,
    0x0f, 0x3b, 0xee, 0x32, 0x0e, 0x33, 0x0f, 0x3b, 0xee, 0x32, 0xef, 0x3a,
    0x0f, 0x3b, 0xee, 0x32, 0xef, 0x3a, 0x0e, 0x33, 0xee, 0x32, 0x0f, 0x3b,
    0xef, 0x3a, 0x0f, 0x3b, 0xee, 0x32, 0x0f, 0x3b, 0xef, 0x3a, 0x0e, 0x33,
    0xee, 0x32, 0xef, 0x3a, 0x0e, 0x33, 0xef, 0x3a, 0x0f, 0x3b, 0x0e, 0x33,
    0xef, 0x3a, 0x0e, 0x33, 0x0e, 0x33, 0xef, 0x3a, 0x0e, 0x33, 0x0f, 0x3b,
    0xef, 0x3a, 0x0e, 0x33, 0x0f, 0x3b, 0xef, 0x3a, 0xee, 0x32, 0x0f, 0x3b,
    0xef, 0x3a, 0x0e, 0x33, 0x0f, 0x3b, 0xef, 0x3a, 0xee, 0x32, 0x0f, 0x3b,
    0xee, 0x32, 0xee, 0x32, 0x0f, 0x3b, 0xee, 0x32, 0xee, 0x32, 0x0f, 0x3b,
    0xef, 0x3a, 0x0e, 0x33, 0xef, 0x3a, 0x0f, 0x3b, 0x0e, 0x33, 0xef, 0x3a,
    0x0e, 0x33, 0x0e, 0x33, 0xef, 0x3a, 0xee, 0x32, 0x0f, 0x3b, 0xef, 0x3a,
    0xee, 0x32, 0x0f, 0x3b, 0xee, 0x32, 0x0e, 0x33, 0x0f, 0x3b, 0xee, 0x32,
    0x0f, 0x3b, 0xef, 0x3a, 0xee, 0x32, 0xef, 0x3a, 0x0f, 0x3b, 0xee, 0x32,
    0xee, 0x32, 0x0f, 0x3b, 0xef, 0x3a, 0xee, 0x32, 0x0f, 0x3b, 0xef, 0x3a,
    0x0e, 0x33, 0xef, 0x3a, 0x0f, 0x3b, 0x0e, 0x33, 0xee, 0x32, 0xef, 0x3a,
    0x0f, 0x3b, 0xee, 0x32, 0x0e, 0x33, 0xef, 0x3a, 0xee, 0x32, 0x0e, 0x33,
    0x0f, 0x3b, 0xef, 0x3a, 0x0e, 0x33, 0x0e, 0x33, 0xef, 0x3a, 0x0e, 0x33,
    0x0f, 0x3b, 0xef, 0x3a, 0xee, 0x32, 0x0f, 0x3b, 0xef, 0x3a, 0xee, 0x32,
    0x0e, 0x33, 0xef, 0x3a, 0xee, 0x32, 0x0e, 0x33, 0xef, 0x3a, 0x0e, 0x33,
    0x0f, 0x3b, 0xee, 0x32, 0xef, 0x3a, 0x0e, 0x33, 0x0e, 0x33, 0xef, 0x3a,
    0x0f, 0x3b, 0x0e, 0x33, 0xef, 0x3a, 0xef, 0x3a, 0x0e, 0x33, 0xef, 0x3a,
    0x0f, 0x3b, 0x0e, 0x33, 0xef, 0x3a, 0x0f, 0x3b, 0x0e, 0x33, 0xef, 0x3a,
    0x0f, 0x3b, 0x0e, 0x33, 0xef, 0x3a, 0xef, 0x3a, 0x0e, 0x33, 0x0f, 0x3b,
    0xef, 0x3a, 0x0e, 0x33, 0x0f, 0x3b, 0xef, 0x3a, 0x0e, 0x33, 0xef, 0x3a,
    0xef, 0x3a, 0x0e, 0x33, 0x0f, 0x3b, 0xef, 0x3a, 0x0e, 0x33, 0x0f, 0x3b,
    0xef, 0x3a, 0x0e, 0x33, 0x0f, 0x3b, 0xef, 0x3a, 0xee, 0x32, 0x0f, 0x3b,
    0xef, 0x3a, 0xee, 0x32, 0x0f, 0x3b, 0xef, 0x3a, 0xee, 0x32, 0x0f, 0x3b,
    0x0f, 0x3b, 0xee, 0x32, 0x0f, 0x3b, 0xef, 0x3a, 0x0e, 0x33, 0x0f, 0x3b,
    0xef, 0x3a, 0x0e, 0x33, 0xef, 0x3a, 0xef, 0x3a, 0x0e, 0x33, 0xef, 0x3a,
    0x0f, 0x3b, 0x0e, 0x33, 0xef, 0x3a, 0x0f, 0x3b, 0xee, 0x32, 0x0f, 0x3b,
    0xef, 0x3a, 0x0e, 0x33, 0x0f, 0x3b, 0xef, 0x3a, 0x0e, 0x33, 0xef, 0x3a,
    0xef, 0x3a, 0x0e, 0x33, 0xef, 0x3a, 0x0f, 0x3b, 0xee, 0x32, 0x0f, 0x3b,
    0x0f, 0x3b, 0xee, 0x32, 0x0f, 0x3b, 0xef, 0x3a, 0xee, 0x32, 0x0f, 0x3b,
    0xef, 0x3a, 0x0e, 0x33, 0xef, 0x3a, 0x0f, 0x3b, 0x0e, 0x33, 0xef, 0x3a,
    0xef, 0x3a, 0x0e, 0x33, 0xef, 0x3a, 0xef, 0x3a, 0x0e, 0x33, 0x0f, 0x3b,
    0xef, 0x3a, 0x0e, 0x33, 0x0f, 0x3b, 0xef, 0x3a, 0xee, 0x32, 0x0f, 0x3b,
    0xef, 0x3a, 0x0e, 0x33, 0xef, 0x3a, 0x0f, 0x3b, 0x0e, 0x33, 0xef, 0x3a,
    0xef, 0x3a, 0x0e, 0x33, 0xef, 0x3a, 0xef, 0x3a, 0x0e, 0x33, 0xef, 0x3a,
    0xef, 0x3a, 0x0e, 0x33, 0xef, 0x3a, 0xef, 0x3a, 0x0e, 0x33, 0xef, 0x3a,
    0x0f, 0x3b, 0x0e, 0x33, 0xef, 0x3a, 0x0f, 0x3b, 0xee, 0x32, 0x0f, 0x3b,
    0xef, 0x3a, 0x0e, 0x33, 0xef, 0x3a, 0x0f, 0x3b, 0x0e, 0x33, 0xef, 0x3a,
    0x0f, 0x3b, 0x0e, 0x33, 0xef, 0x3a, 0x0f, 0x3b, 0x0e, 0x33, 0xef, 0x3a,
    0x0f, 0x3b, 0xee, 0x32, 0xef, 0x3a, 0x0f, 0x3b, 0xee, 0x32, 0x0f, 0x3b,
    0x0f, 0x3b, 0xee, 0x32, 0xef, 0x3a, 0x0f, 0x3b, 0xee, 0x32, 0xef, 0x3a,
    0x0f, 0x3b, 0x0e, 0x33, 0xef, 0x3a, 0x0f, 0x3b, 0xee, 0x32, 0xef, 0x3a,
    0x0f, 0x3b, 0x0e, 0x33, 0xef, 0x3a, 0x0f, 0x3b, 0xee, 0x32, 0xef, 0x3a,
    0x0f, 0x3b, 0x0e, 0x33, 0xef, 0x3a, 0x0f, 0x3b, 0xee, 0x32, 0x0f, 0x3b,
    0x0f, 0x3b, 0xee, 0x32, 0xef, 0x3a, 0x0f, 0x3b, 0xee, 0x32, 0xef, 0x3a,
    0x0f, 0x3b, 0xee, 0x32, 0x0f, 0x3b, 0xef, 0x3a, 0xee, 0x32, 0x0f, 0x3b,
    0x0f, 0x3b, 0xee, 0x32, 0x0f, 0x3b, 0x0f, 0x3b, 0xee, 0x32, 0x0f, 0x3b,
    0x0f, 0x3b, 0xee, 0x32, 0xef, 0x3a, 0x0f, 0x3b, 0xee, 0x32, 0x0f, 0x3b,
    0x0f, 0x3b, 0xee, 0x32, 0x0f, 0x3b, 0x0f, 0x3b, 0xee, 0x32, 0x0f, 0x3b,
    0x0f, 0x3b, 0xee, 0x32, 0x0f, 0x3b, 0xef, 0x3a, 0xee, 0x32, 0x0f, 0x3b,
    0x0f, 0x3b, 0xee, 0x32, 0x0f, 0x3b, 0x0f, 0x3b, 0xee, 0x32, 0x0f, 0x3b,
    0x0f, 0x3b, 0xee, 0x32, 0xef, 0x3a, 0x0f, 0x3b, 0xee, 0x32, 0x0f, 0x3b,
    0x0f, 0x3b, 0xee, 0x32, 0x0f, 0x3b, 0x0f, 0x3b, 0xee, 0x32, 0x0f, 0x3b,
    0x0f, 0x3b, 0xee, 0x32, 0x0f, 0x3b, 0xef, 0x3a, 0xee, 0x32, 0x0f, 0x3b,
    0xef, 0x3a, 0x0e, 0x33, 0xef, 0x3a, 0x0f, 0x3b, 0xee, 0x32, 0x0f, 0x3b,
    0x0f, 0x3b, 0xee, 0x32, 0xef, 0x3a, 0x0f, 0x3b, 0xee, 0x32, 0xef, 0x3a,
    0x0f, 0x3b, 0x0e, 0x33, 0xef, 0x3a, 0xef, 0x3a, 0x0e, 0x33, 0xef, 0x3a,
    0xef, 0x3a, 0x0e, 0x33, 0xef, 0x3a, 0x0f, 0x3b, 0x0e, 0x33, 0xef, 0x3a,
    0xef, 0x3a, 0x0e, 0x33, 0x0f, 0x3b, 0xef, 0x3a, 0x0e, 0x33, 0xef, 0x3a,
    0x0f, 0x3b, 0xee, 0x32, 0xef, 0x3a, 0x0f, 0x3b, 0xee, 0x32, 0xef, 0x3a,
    0x0f, 0x3b, 0xee, 0x32, 0xef, 0x3a, 0x0f, 0x3b, 0x0e, 0x33, 0xef, 0x3a,
    0x0f, 0x3b, 0xee, 0x32, 0xef, 0x3a, 0x0f, 0x3b, 0xee, 0x32, 0x0f, 0x3b,
    0x0f, 0x3b, 0xee, 0x32, 0x0f, 0x3b, 0xef, 0x3a, 0xee, 0x32, 0x0f, 0x3b,
    0xef, 0x3a, 0x0e, 0x33, 0xef, 0x3a, 0x0f, 0x3b, 0xee, 0x32, 0x0f, 0x3b,
    0xef, 0x3a, 0xee, 0x32, 0x0f, 0x3b, 0x0f, 0x3b, 0xee, 0x32, 0xef, 0x3a,
    0x0f, 0x3b, 0xee, 0x32, 0xef, 0x3a, 0x0f, 0x3b, 0xee, 0x32, 0xef, 0x3a,
    0x0f, 0x3b, 0xee, 0x32, 0xef, 0x3a, 0x0f, 0x3b, 0x0e, 0x33, 0xef, 0x3a,
    0x0f, 0x3b, 0xee, 0x32, 0xef, 0x3a, 0x0f, 0x3b, 0xee, 0x32, 0x0f, 0x3b,
    0x0f, 0x3b, 0xee, 0x32, 0x0f, 0x3b, 0xef, 0x3a, 0xee, 0x32, 0x0f, 0x3b,
    0xef, 0x3a, 0x0e, 0x33, 0xef, 0x3a, 0x0f, 0x3b, 0xee, 0x32, 0x0f, 0x3b,
    0xef, 0x3a, 0xee, 0x32, 0x0f, 0x3b, 0x0f, 0x3b, 0xee, 0x32, 0xef, 0x3a,
    0x0f, 0x3b, 0xee, 0x32, 0xef, 0x3a, 0x0f, 0x3b, 0xee, 0x32, 0xef, 0x3a,
    0x0f, 0x3b, 0xee, 0x32, 0xef, 0x3a, 0x0f, 0x3b, 0x0e, 0x33, 0xef, 0x3a,
    0x0f, 0x3b, 0xee, 0x32, 0xef, 0x3a, 0x0f, 0x3b, 0xee, 0x32, 0x0f, 0x3b,
    0x0f, 0x3b, 0xee, 0x32, 0x0f, 0x3b, 0xef, 0x3a, 0xee, 0x32, 0x0f, 0x3b,
    0xef, 0x3a, 0x0e, 0x33, 0xef, 0x3a, 0x0f, 0x3b, 0xee, 0x32, 0x0f, 0x3b,
    0xef, 0x3a, 0xee, 0x32, 0x0f, 0x3b, 0x0f, 0x3b, 0xee, 0x32, 0xef, 0x3a,
    0x0f, 0x3b, 0xee, 0x32, 0xef, 0x3a, 0x0f, 0x3b, 0xee, 0x32, 0xef, 0x3a,
    0x0f, 0x3b, 0xee, 0x32, 0xef, 0x3a, 0x0f, 0x3b, 0x0e, 0x33, 0xef, 0x3a,
    0x0f, 0x3b, 0xee, 0x32, 0xef, 0x3a, 0x0f, 0x3b, 0xee, 0x32, 0x0f, 0x3b,
    0x0f, 0x3b, 0xee, 0x32, 0x0f, 0x3b, 0xef, 0x3a, 0xee, 0x32, 0x0f, 0x3b,
    0xef, 0x3a, 0x0e, 0x33, 0xef, 0x3a, 0x0f, 0x3b, 0xee, 0x32, 0x0f, 0x3b,
    0xef, 0x3a, 0xee, 0x32, 0x0f, 0x3b, 0x0f, 0x3b, 0xee, 0x32, 0xef, 0x3a,
    0x0f, 0x3b, 0xee, 0x32, 0xef, 0x3a, 0x0f, 0x3b, 0xee, 0x32, 0xef, 0x3a,
    0x0f, 0x3b, 0xee, 0x32, 0xef, 0x3a, 0x0f, 0x3b, 0x0e, 0x33, 0xef, 0x3a,
    0x0f, 0x3b, 0xee, 0x32, 0xef, 0x3a, 0x0f, 0x3b, 0xee, 0x32, 0x0f, 0x3b,
    0x0f, 0x3b, 0xee, 0x32, 0x0f, 0x3b, 0xef, 0x3a, 0xee, 0x32, 0x0f, 0x3b,
    0xef, 0x3a, 0x0e, 0x33, 0xef, 0x3a, 0x0f, 0x3b, 0xee, 0x32, 0x0f, 0x3b,
    0xef, 0x3a, 0xee, 0x32, 0x0f, 0x3b, 0x0f, 0x3b, 0xee, 0x32, 0xef, 0x3a,
    0x0f, 0x3b, 0xee, 0x32, 0xef, 0x3a, 0x0f, 0x3b, 0xee, 0x32, 0xef, 0x3a,
    0x0f, 0x3b, 0xee, 0x32, 0xef, 0x3a, 0x0f, 0x3b, 0x0e, 0x33, 0xef, 0x3a,
    0x0f, 0x3b, 0xee, 0x32, 0xef, 0x3a, 0x0f, 0x3b, 0xee, 0x32, 0x0f, 0x3b,
    0x0f, 0x3b, 0xee, 0x32, 0x0f, 0x3b, 0xef, 0x3a, 0xee, 0x32, 0x0f, 0x3b,
    0xef, 0x3a, 0x0e, 0x33, 0xef, 0x3a, 0x0f, 0x3b, 0xee, 0x32, 0x0f, 0x3b,
    0xef, 0x3a, 0xee, 0x32, 0x0f, 0x3b, 0x0f, 0x3b, 0xee, 0x32, 0xef, 0x3a,
    0x0f, 0x3b, 0xee, 0x32, 0xef, 0x3a, 0x0f, 0x3b, 0xee, 0x32, 0xef, 0x3a,
    0x0f, 0x3b, 0xee, 0x32, 0xef, 0x3a, 0x0f, 0x3b, 0x0e, 0x33, 0xef, 0x3a,
    0x0f, 0x3b, 0xee, 0x32, 0xef, 0x3a, 0x0f, 0x3b, 0xee, 0x32, 0x0f, 0x3b,
    0x0f, 0x3b, 0xee, 0x32, 0x0f, 0x3b, 0xef, 0x3a, 0xee, 0x32, 0x0f, 0x3b,
    0xef, 0x3a, 0x0e, 0x33, 0xef, 0x3a, 0x0f, 0x3b, 0xee, 0x32, 0x0f, 0x3b,
    0xef, 0x3a, 0xee, 0x32, 0x0f, 0x3b, 0x0f, 0x3b, 0xee, 0x32, 0xef, 0x3a,
    0x0f, 0x3b, 0xee, 0x32, 0xef, 0x3a, 0x0f, 0x3b, 0xee, 0x32, 0xef, 0x3a,
    0x0f, 0x3b, 0xee, 0x32, 0xef, 0x3a, 0x0f, 0x3b, 0x0e, 0x33, 0xef, 0x3a,
    0x0f, 0x3b, 0xee, 0x32, 0xef, 0x3a, 0x0f, 0x3b, 0xee, 0x32, 0x0f, 0x3b,
    0x0f, 0x3b, 0xee, 0x32, 0x0f, 0x3b, 0xef, 0x3a, 0xee, 0x32, 0x0f, 0x3b,
    0xef, 0x3a, 0x0e, 0x33, 0xef, 0x3a, 0x0f, 0x3b, 0xee, 0x32, 0x0f, 0x3b,
    0xef, 0x3a, 0xee, 0x32, 0x0f, 0x3b, 0x0f, 0x3b, 0xee, 0x32, 0xef, 0x3a,
    0x0f, 0x3b, 0xee, 0x32, 0xef, 0x3a, 0x0f, 0x3b, 0xee, 0x32, 0xef, 0x3a,
    0x0f, 0x3b, 0xee, 0x32, 0xef, 0x3a, 0x0f, 0x3b, 0x0e, 0x33, 0xef, 0x3a,
    0x0f, 0x3b, 0xee, 0x32, 0xef, 0x3a, 0x0f, 0x3b, 0xee, 0x32, 0x0f, 0x3b,
    0x0f, 0x3b, 0xee, 0x32, 0x0f, 0x3b, 0xef, 0x3a, 0xee, 0x32, 0x0f, 0x3b,
    0xef, 0x3a, 0x0e, 0x33, 0xef, 0x3a, 0x0f, 0x3b, 0xee, 0x32, 0x0f, 0x3b,
    0xef, 0x3a, 0xee, 0x32, 0x0f, 0x3b, 0x0f, 0x3b, 0xee, 0x32, 0xef, 0x3a,
    0x0f, 0x3b, 0xee, 0x32, 0xef, 0x3a, 0x0f, 0x3b, 0xee, 0x32, 0xef, 0x3a,
    0x0f, 0x3b, 0xee, 0x32, 0xef, 0x3a, 0x0f, 0x3b, 0x0e, 0x33, 0xef, 0x3a,
    0x0f, 0x3b, 0xee, 0x32, 0xef, 0x3a, 0x0f, 0x3b, 0xee, 0x32, 0x0f, 0x3b,
    0x0f, 0x3b, 0xee, 0x32, 0x0f, 0x3b, 0xef, 0x3a, 0xee, 0x32, 0x0f, 0x3b,
    0xef, 0x3a, 0x0e, 0x33, 0xef, 0x3a, 0x0f, 0x3b, 0xee, 0x32, 0x0f, 0x3b,
    0xef, 0x3a, 0xee, 0x32, 0x0f, 0x3b, 0x0f, 0x3b, 0xee, 0x32, 0xef, 0x3a,
    0x0f, 0x3b, 0xee, 0x32, 0xef, 0x3a, 0x0f, 0x3b, 0xee, 0x32, 0xef, 0x3a,
    0x0f, 0x3b, 0xee, 0x32, 0xef, 0x3a, 0x0f, 0x3b, 0x0e, 0x33, 0xee, 0x32,
    0x0f, 0x3b, 0xee, 0x32, 0xef, 0x3a, 0x0f, 0x3b, 0xee, 0x32, 0x0f, 0x3b,
    0x0e, 0x33, 0xee, 0x32, 0x0f, 0x3b, 0xef, 0x3a, 0xee, 0x32, 0x0f, 0x3b,
    0xee, 0x32, 0x0e, 0x33, 0xef, 0x3a, 0x0e, 0x33, 0xee, 0x32, 0x0f, 0x3b,
    0xee, 0x32, 0xef, 0x3a, 0x0f, 0x3b, 0x0f, 0x3b, 0xee, 0x32, 0x0e, 0x33,
    0x0f, 0x3b, 0xee, 0x32, 0x0f, 0x3b, 0xee, 0x32, 0xee, 0x32, 0x0f, 0x3b,
    0xef, 0x3a, 0x0e, 0x33, 0x0e, 0x33, 0xef, 0x3a, 0x0e, 0x33, 0x0f, 0x3b,
    0xee, 0x32, 0xef, 0x3a, 0x0e, 0x33, 0xee, 0x32, 0xef, 0x3a, 0x0e, 0x33,
    0xef, 0x3a, 0x0e, 0x33, 0xef, 0x3a, 0x0e, 0x33, 0xef, 0x3a, 0x0f, 0x3b,
    0xee, 0x32, 0xef, 0x3a, 0x0e, 0x33, 0xef, 0x3a, 0xee, 0x32, 0x0f, 0x3b,
    0xef, 0x3a, 0x0e, 0x33, 0x0f, 0x3b, 0xee, 0x32, 0xef, 0x3a, 0x0e, 0x33,
    0xee, 0x32, 0x0f, 0x3b, 0x0e, 0x33, 0xef, 0x3a, 0xef, 0x3a, 0x0e, 0x33,
    0x0e, 0x33, 0xee, 0x32, 0x0f, 0x3b, 0x0e, 0x33, 0xef, 0x3a, 0x0f, 0x3b,
    0xee, 0x32, 0xee, 0x32, 0x0e, 0x33, 0xef, 0x3a, 0xee, 0x32, 0x0f, 0x3b,
    0xee, 0x32, 0x0f, 0x3b, 0x0f, 0x3b, 0xee, 0x32, 0xee, 0x32, 0x0f, 0x3b,
    0xee, 0x32, 0xef, 0x3a, 0x0f, 0x3b, 0xee, 0x32, 0xef, 0x3a, 0x0e, 0x33,
    0xee, 0x32, 0xef, 0x3a, 0x0e, 0x33, 0xee, 0x32, 0x0f, 0x3b, 0x0e, 0x33,
    0xee, 0x32, 0x0f, 0x3b, 0xee, 0x32, 0x0e, 0x33, 0x0f, 0x3b, 0xee, 0x32,
    0x0f, 0x3b, 0x0f, 0x3b, 0xee, 0x32, 0x0f, 0x3b, 0x0f, 0x3b, 0xee, 0x32,
    0x0e, 0x33, 0x0f, 0x3b, 0xee, 0x32, 0x0f, 0x3b, 0xee, 0x32, 0x0f, 0x3b,
    0xee, 0x32, 0xef, 0x3a, 0x0f, 0x3b, 0x0e, 0x33, 0xef, 0x3a, 0x0e, 0x33,
    0x0e, 0x33, 0xef, 0x3a, 0x0e, 0x33, 0xef, 0x3a, 0xef, 0x3a, 0x0e, 0x33,
    0xee, 0x32, 0x0f, 0x3b, 0x0e, 0x33, 0x0e, 0x33, 0xef, 0x3a, 0x0e, 0x33,
    0x0f, 0x3b, 0xef, 0x3a, 0x0e, 0x33, 0x0e, 0x33, 0xef, 0x3a, 0x0e, 0x33,
    0xef, 0x3a, 0xee, 0x32, 0x0e, 0x33, 0xef, 0x3a, 0x0e, 0x33, 0xef, 0x3a,
    0x0f, 0x3b, 0xee, 0x32, 0x0f, 0x3b, 0x0f, 0x3b, 0xee, 0x32, 0x0f, 0x3b,
    0x0f, 0x3b, 0xee, 0x32, 0xee, 0x32, 0x0f, 0x3b, 0xee, 0x32, 0xef, 0x3a,
    0x0e, 0x33, 0xee, 0x32, 0x0f, 0x3b, 0x0e, 0x33, 0xee, 0x32, 0x0f, 0x3b,
    0x0f, 0x3b, 0xee, 0x32, 0x0f, 0x3b, 0x0f, 0x3b, 0xee, 0x32, 0xef, 0x3a,
    0x0e, 0x33, 0xef, 0x3a, 0x0e, 0x33, 0xef, 0x3a, 0xef, 0x3a, 0x0e, 0x33,
    0xef, 0x3a, 0xee, 0x32, 0x0f, 0x3b, 0x0e, 0x33, 0xee, 0x32, 0x0f, 0x3b,
    0xee, 0x32, 0xee, 0x32, 0x0f, 0x3b, 0xee, 0x32, 0xee, 0x32, 0x0f, 0x3b,
    0xee, 0x32, 0xee, 0x32, 0x0f, 0x3b, 0xee, 0x32, 0x0e, 0x33, 0xef, 0x3a,
    0xee, 0x32, 0x0e, 0x33, 0xef, 0x3a, 0xee, 0x32, 0x0e, 0x33, 0xef, 0x3a,
    0x0e, 0x33, 0x0e, 0x33, 0xef, 0x3a, 0xee, 0x32, 0x0e, 0x33, 0xef, 0x3a,
    0x0e, 0x33, 0xee, 0x32, 0xef, 0x3a, 0x0e, 0x33, 0xee, 0x32, 0x0f, 0x3b,
    0x0e, 0x33, 0xee, 0x32, 0x0f, 0x3b, 0xee, 0x32, 0x0e, 0x33, 0x0f, 0x3b,
    0xee, 0x32, 0x0e, 0x33, 0xef, 0x3a, 0x0e, 0x33, 0xee, 0x32, 0x0f, 0x3b,
    0xee, 0x32, 0xee, 0x32, 0x0f, 0x3b, 0x0e, 0x33, 0xee, 0x32, 0x0f, 0x3b,
    0xee, 0x32, 0xee, 0x32, 0x0f, 0x3b, 0xee, 0x32, 0x0e, 0x33, 0xef, 0x3a,
    0x0e, 0x33, 0xee, 0x32, 0xef, 0x3a, 0x0e, 0x33, 0xee, 0x32, 0x0f, 0x3b,
    0x0e, 0x33, 0xee, 0x32, 0x0f, 0x3b, 0xee, 0x32, 0xee, 0x32, 0x0f, 0x3b,
    0xee, 0x32, 0xee, 0x32, 0x0f, 0x3b, 0xee, 0x32, 0x0e, 0x33, 0x0f, 0x3b,
    0xee, 0x32, 0x0e, 0x33, 0xef, 0x3a, 0xee, 0x32, 0x0e, 0x33, 0xef, 0x3a,
    0x0e, 0x33, 0x0e, 0x33, 0xef, 0x3a, 0x0e, 0x33, 0x0e, 0x33, 0xef, 0x3a,
    0xee, 0x32, 0x0e, 0x33, 0xef, 0x3a, 0xee, 0x32, 0x0e, 0x33, 0x0f, 0x3b,
    0x0e, 0x33, 0xee, 0x32, 0x0f, 0x3b, 0xee, 0x32, 0xee, 0x32, 0xef, 0x3a,
    0x0e, 0x33, 0xee, 0x32, 0x0f, 0x3b, 0x0e, 0x33, 0xee, 0x32, 0x0f, 0x3b,
    0x0e, 0x33, 0xee, 0x32, 0x0f, 0x3b, 0x0e, 0x33, 0xee, 0x32, 0x0f, 0x3b,
    0xee, 0x32, 0xee, 0x32, 0x0f, 0x3b, 0xee, 0x32, 0xee, 0x32, 0x0f, 0x3b,
    0x0e, 0x33, 0xee, 0x32, 0x0f, 0x3b, 0xee, 0x32, 0xee, 0x32, 0x0f, 0x3b,
    0xee, 0x32, 0xee, 0x32, 0x0f, 0x3b, 0xee, 0x32, 0xee, 0x32, 0x0f, 0x3b,
    0xee, 0x32, 0x0e, 0x33, 0x0f, 0x3b, 0xee, 0x32, 0x0e, 0x33, 0xef, 0x3a,
    0xee, 0x32, 0x0e, 0x33, 0xef, 0x3a, 0x0e, 0x33, 0x0e, 0x33, 0xef, 0x3a,
    0x0e, 0x33, 0xee, 0x32, 0xef, 0x3a, 0x0e, 0x33, 0xee, 0x32, 0x0f, 0x3b,
    0x0e, 0x33, 0xee, 0x32, 0xef, 0x3a, 0x0e, 0x33, 0x0e, 0x33, 0xef, 0x3a,
    0x0e, 0x33, 0x0e, 0x33, 0xef, 0x3a, 0x0e, 0x33, 0x0e, 0x33, 0xef, 0x3a,
    0x0e, 0x33, 0xee, 0x32, 0x0f, 0x3b, 0x0e, 0x33, 0xee, 0x32, 0x0f, 0x3b,
    0xee, 0x32, 0x0e, 0x33, 0xef, 0x3a, 0x0e, 0x33, 0x0e, 0x33, 0x0f, 0x3b,
    0xee, 0x32, 0xee, 0x32, 0x0f, 0x3b, 0xee, 0x32, 0xee, 0x32, 0x0f, 0x3b,
    0xee, 0x32, 0xee, 0x32, 0x0f, 0x3b, 0xee, 0x32, 0x0e, 0x33, 0xef, 0x3a,
    0xee, 0x32, 0x0e, 0x33, 0xef, 0x3a, 0xee, 0x32, 0x0e, 0x33, 0xef, 0x3a,
    0xee, 0x32, 0x0e, 0x33, 0xef, 0x3a, 0x0e, 0x33, 0x0e, 0x33, 0xef, 0x3a,
    0xee, 0x32, 0x0e, 0x33, 0xef, 0x3a, 0xee, 0x32, 0x0e, 0x33, 0xef, 0x3a,
    0xee, 0x32, 0x0e, 0x33, 0x0f, 0x3b, 0xee, 0x32, 0x0e, 0x33, 0xef, 0x3a,
    0xee, 0x32, 0x0e, 0x33, 0xef, 0x3a, 0xee, 0x32, 0x0e, 0x33, 0xef, 0x3a,
    0xee, 0x32, 0x0e, 0x33, 0xef, 0x3a, 0x0e, 0x33, 0x0e, 0x33, 0xef, 0x3a,
    0x0e, 0x33, 0xee, 0x32, 0x0f, 0x3b, 0xee, 0x32, 0x0e, 0x33, 0xef, 0x3a,
    0xee, 0x32, 0x0e, 0x33, 0xef, 0x3a, 0x0e, 0x33, 0x0e, 0x33, 0xef, 0x3a,
    0x0e, 0x33, 0xee, 0x32, 0xef, 0x3a, 0x0e, 0x33, 0x0e, 0x33, 0xef, 0x3a,
    0x0e, 0x33, 0x0e, 0x33, 0xef, 0x3a, 0x0e, 0x33, 0xee, 0x32, 0xef, 0x3a,
    0x0e, 0x33, 0x0e, 0x33, 0xef, 0x3a, 0xee, 0x32, 0x0e, 0x33, 0xef, 0x3a,
    0x0e, 0x33, 0x0e, 0x33, 0xef, 0x3a, 0x0e, 0x33, 0x0e, 0x33, 0xef, 0x3a,
    0x0e, 0x33, 0x0e, 0x33, 0xef, 0x3a, 0x0e, 0x33, 0xee, 0x32, 0xef, 0x3a,
    0x0e, 0x33, 0xee, 0x32, 0x0f, 0x3b, 0x0e, 0x33, 0xee, 0x32, 0x0f, 0x3b,
    0xee, 0x32, 0xee, 0x32, 0x0f, 0x3b, 0x0e, 0x33, 0xee, 0x32, 0x0f, 0x3b,
    0x0e, 0x33, 0xee, 0x32, 0xef, 0x3a, 0x0e, 0x33, 0x0e, 0x33, 0xef, 0x3a,
    0x0e, 0x33, 0x0e, 0x33, 0xef, 0x3a, 0x0e, 0x33, 0xee, 0x32, 0x0f, 0x3b,
    0x0e, 0x33, 0xee, 0x32, 0x0f, 0x3b, 0x0e, 0x33, 0xee, 0x32, 0x0f, 0x3b,
    0x0e, 0x33, 0xee, 0x32, 0x0f, 0x3b, 0x0e, 0x33, 0xee, 0x32, 0xef, 0x3a,
    0xee, 0x32, 0x0e, 0x33, 0x0f, 0x3b, 0xee, 0x32, 0x0e, 0x33, 0xef, 0x3a,
    0xee, 0x32, 0x0e, 0x33, 0xef, 0x3a, 0x0e, 0x33, 0x0e, 0x33, 0xef, 0x3a,
    0x0e, 0x33, 0xee, 0x32, 0x0f, 0x3b, 0xee, 0x32, 0x0e, 0x33, 0xef, 0x3a,
    0x0e, 0x33, 0x0e, 0x33, 0x0f, 0x3b, 0xee, 0x32, 0xee, 0x32, 0x0f, 0x3b,
    0x0e, 0x33, 0xee, 0x32, 0x0f, 0x3b, 0x0e, 0x33, 0xee, 0x32, 0x0f, 0x3b,
    0x0e, 0x33, 0xee, 0x32, 0x0f, 0x3b, 0x0e, 0x33, 0xee, 0x32, 0xef, 0x3a,
    0xee, 0x32, 0x0e, 0x33, 0x0f, 0x3b, 0xee, 0x32, 0x0e, 0x33, 0xef, 0x3a,
    0xee, 0x32, 0x0e, 0x33, 0xef, 0x3a, 0x0e, 0x33, 0x0e, 0x33, 0xef, 0x3a,
    0x0e, 0x33, 0xee, 0x32, 0x0f, 0x3b, 0xee, 0x32, 0x0e, 0x33, 0xef, 0x3a,
    0x0e, 0x33, 0x0e, 0x33, 0x0f, 0x3b, 0xee, 0x32, 0xee, 0x32, 0x0f, 0x3b,
    0x0e, 0x33, 0xee, 0x32, 0x0f, 0x3b, 0x0e, 0x33, 0xee, 0x32, 0x0f, 0x3b,
    0x0e, 0x33, 0xee, 0x32, 0x0f, 0x3b, 0x0e, 0x33, 0xee, 0x32, 0xef, 0x3a,
    0xee, 0x32, 0x0e, 0x33, 0x0f, 0x3b, 0xee, 0x32, 0x0e, 0x33, 0xef, 0x3a,
    0xee, 0x32, 0x0e, 0x33, 0xef, 0x3a, 0x0e, 0x33, 0x0e, 0x33, 0xef, 0x3a,
    0x0e, 0x33, 0xee, 0x32, 0x0f, 0x3b, 0xee, 0x32, 0x0e, 0x33, 0xef, 0x3a,
    0x0e, 0x33, 0x0e, 0x33, 0x0f, 0x3b, 0xee, 0x32, 0xee, 0x32, 0x0f, 0x3b,
    0x0e, 0x33, 0xee, 0x32, 0x0f, 0x3b, 0x0e, 0x33, 0xee, 0x32, 0x0f, 0x3b,
    0x0e, 0x33, 0xee, 0x32, 0x0f, 0x3b, 0x0e, 0x33, 0xee, 0x32, 0xef, 0x3a,
    0xee, 0x32, 0x0e, 0x33, 0x0f, 0x3b, 0xee, 0x32, 0x0e, 0x33, 0xef, 0x3a,
    0xee, 0x32, 0x0e, 0x33, 0xef, 0x3a, 0x0e, 0x33, 0x0e, 0x33, 0xef, 0x3a,
    0x0e, 0x33, 0xee, 0x32, 0x0f, 0x3b, 0xee, 0x32, 0x0e, 0x33, 0xef, 0x3a,
    0x0e, 0x33, 0x0e, 0x33, 0x0f, 0x3b, 0xee, 0x32, 0xee, 0x32, 0x0f, 0x3b,
    0x0e, 0x33, 0xee, 0x32, 0x0f, 0x3b, 0x0e, 0x33, 0xee, 0x32, 0x0f, 0x3b,
    0x0e, 0x33, 0xee, 0x32, 0x0f, 0x3b, 0x0e, 0x33, 0xee, 0x32, 0xef, 0x3a,
    0xee, 0x32, 0x0e, 0x33, 0x0f, 0x3b, 0xee, 0x32, 0x0e, 0x33, 0xef, 0x3a,
    0xee, 0x32, 0x0e, 0x33, 0xef, 0x3a, 0x0e, 0x33, 0x0e, 0x33, 0xef, 0x3a,
    0x0e, 0x33, 0xee, 0x32, 0x0f, 0x3b, 0xee, 0x32, 0x0e, 0x33, 0xef, 0x3a,
    0x0e, 0x33, 0x0e, 0x33, 0x0f, 0x3b, 0xee, 0x32, 0xee, 0x32, 0x0f, 0x3b,
    0x0e, 0x33, 0xee, 0x32, 0x0f, 0x3b, 0x0e, 0x33, 0xee, 0x32, 0x0f, 0x3b,
    0x0e, 0x33, 0xee, 0x32, 0x0f, 0x3b, 0x0e, 0x33, 0xee, 0x32, 0xef, 0x3a,
    0xee, 0x32, 0x0e, 0x33, 0x0f, 0x3b, 0xee, 0x32, 0x0e, 0x33, 0xef, 0x3a,
    0xee, 0x32, 0x0e, 0x33, 0xef, 0x3a, 0x0e, 0x33, 0x0e, 0x33, 0xef, 0x3a,
    0x0e, 0x33, 0xee, 0x32, 0x0f, 0x3b, 0xee, 0x32, 0x0e, 0x33, 0xef, 0x3a,
    0x0e, 0x33, 0x0e, 0x33, 0x0f, 0x3b, 0xee, 0x32, 0xee, 0x32, 0x0f, 0x3b,
    0x0e, 0x33, 0xee, 0x32, 0x0f, 0x3b, 0x0e, 0x33, 0xee, 0x32, 0x0f, 0x3b,
    0x0e, 0x33, 0xee, 0x32, 0x0f, 0x3b, 0x0e, 0x33, 0xee, 0x32, 0xef, 0x3a,
    0xee, 0x32, 0x0e, 0x33, 0x0f, 0x3b, 0xee, 0x32, 0x0e, 0x33, 0xef, 0x3a,
    0xee, 0x32, 0x0e, 0x33, 0xef, 0x3a, 0x0e, 0x33, 0x0e, 0x33, 0xef, 0x3a,
    0x0e, 0x33, 0xee, 0x32, 0x0f, 0x3b, 0xee, 0x32, 0x0e, 0x33, 0xef, 0x3a,
    0x0e, 0x33, 0x0e, 0x33, 0x0f, 0x3b, 0xee, 0x32, 0xee, 0x32, 0x0f, 0x3b,
    0x0e, 0x33, 0xee, 0x32, 0x0f, 0x3b, 0x0e, 0x33, 0xee, 0x32, 0x0f, 0x3b,
    0x0e, 0x33, 0xee, 0x32, 0x0f, 0x3b, 0x0e, 0x33, 0xee, 0x32, 0xef, 0x3a,
    0xee, 0x32, 0x0e, 0x33, 0x0f, 0x3b, 0xee, 0x32, 0x0e, 0x33, 0xef, 0x3a,
    0xee, 0x32, 0x0e, 0x33, 0xef, 0x3a, 0x0e, 0x33, 0x0e, 0x33, 0xef, 0x3a,
    0x0e, 0x33, 0xee, 0x32, 0x0f, 0x3b, 0xee, 0x32, 0x0e, 0x33, 0xef, 0x3a,
    0x0e, 0x33, 0x0e, 0x33, 0x0f, 0x3b, 0xee, 0x32, 0xee, 0x32, 0x0f, 0x3b,
    0x0e, 0x33, 0xee, 0x32, 0x0f, 0x3b, 0x0e, 0x33, 0xee, 0x32, 0x0f, 0x3b,
    0x0e, 0x33, 0xee, 0x32, 0x0f, 0x3b, 0x0e, 0x33, 0xee, 0x32, 0xef, 0x3a,
    0xee, 0x32, 0x0e, 0x33, 0x0f, 0x3b, 0xee, 0x32, 0x0e, 0x33, 0xef, 0x3a,
    0xee, 0x32, 0x0e, 0x33, 0xef, 0x3a, 0x0e, 0x33, 0x0e, 0x33, 0xef, 0x3a,
    0x0e, 0x33, 0xee, 0x32, 0x0f, 0x3b, 0xee, 0x32, 0x0e, 0x33, 0xef, 0x3a,
    0x0e, 0x33, 0x0e, 0x33, 0x0f, 0x3b, 0xee, 0x32, 0xee, 0x32, 0x0f, 0x3b,
    0x0e, 0x33, 0xee, 0x32, 0x0f, 0x3b, 0x0e, 0x33, 0xee, 0x32, 0x0f, 0x3b,
    0x0e, 0x33, 0xee, 0x32, 0x0f, 0x3b, 0x0e, 0x33, 0xee, 0x32, 0xef, 0x3a,
    0xef, 0x3a, 0x0e, 0x33, 0x0e, 0x33, 0xef, 0x3a, 0x0e, 0x33, 0xef, 0x3a,
    0xee, 0x32, 0x0f, 0x3b, 0xef, 0x3a, 0x0e, 0x33, 0x0e, 0x33, 0xef, 0x3a,
    0x0e, 0x33, 0xef, 0x3a, 0x0f, 0x3b, 0xee, 0x32, 0x0f, 0x3b, 0xee, 0x32,
    0x0f, 0x3b, 0x0e, 0x33, 0x0e, 0x33, 0xee, 0x32, 0xef, 0x3a, 0x0e, 0x33,
    0xef, 0x3a, 0xef, 0x3a, 0x0e, 0x33, 0xef, 0x3a, 0x0e, 0x33, 0x0f, 0x3b,
    0xee, 0x32, 0xef, 0x3a, 0x0e, 0x33, 0xef, 0x3a, 0xef, 0x3a, 0x0e, 0x33,
    0xee, 0x32, 0x0f, 0x3b, 0x0f, 0x3b, 0xee, 0x32, 0x0f, 0x3b, 0x0f, 0x3b,
    0xee, 0x32, 0x0e, 0x33, 0xef, 0x3a, 0xef, 0x3a, 0x0e, 0x33, 0xee, 0x32,
    0x0e, 0x33, 0x0f, 0x3b, 0xee, 0x32, 0x0f, 0x3b, 0x0f, 0x3b, 0xee, 0x32,
    0x0e, 0x33, 0xef, 0x3a, 0xee, 0x32, 0x0f, 0x3b, 0x0f, 0x3b, 0xee, 0x32,
    0x0f, 0x3b, 0x0f, 0x3b, 0xee, 0x32, 0xee, 0x32, 0x0f, 0x3b, 0xee, 0x32,
    0xef, 0x3a, 0x0f, 0x3b, 0xee, 0x32, 0xef, 0x3a, 0x0e, 0x33, 0xee, 0x32,
    0x0f, 0x3b, 0x0f, 0x3b, 0xee, 0x32, 0x0f, 0x3b, 0xee, 0x32, 0x0e, 0x33,
    0x0f, 0x3b, 0xee, 0x32, 0xee, 0x32, 0x0f, 0x3b, 0x0f, 0x3b, 0xee, 0x32,
    0x0f, 0x3b, 0x0e, 0x33, 0xee, 0x32, 0x0f, 0x3b, 0x0e, 0x33, 0xef, 0x3a,
    0x0f, 0x3b, 0x0e, 0x33, 0xef, 0x3a, 0x0f, 0x3b, 0xee, 0x32, 0xef, 0x3a,
    0x0f, 0x3b, 0xee, 0x32, 0x0f, 0x3b, 0xef, 0x3a, 0xee, 0x32, 0xef, 0x3a,
    0x0e, 0x33, 0xee, 0x32, 0xef, 0x3a, 0x0e, 0x33, 0xee, 0x32, 0xef, 0x3a,
    0x0e, 0x33, 0xef, 0x3a, 0x0f, 0x3b, 0xee, 0x32, 0xef, 0x3a, 0x0e, 0x33,
    0x0e, 0x33, 0xef, 0x3a, 0x0e, 0x33, 0xee, 0x32, 0xef, 0x3a, 0x0f, 0x3b,
    0xee, 0x32, 0xef, 0x3a, 0x0e, 0x33, 0x0e, 0x33, 0xef, 0x3a, 0x0e, 0x33,
    0x0f, 0x3b, 0xef, 0x3a, 0xee, 0x32, 0xef, 0x3a, 0xee, 0x32, 0x0f, 0x3b,
    0xee, 0x32, 0x0e, 0x33, 0xef, 0x3a, 0xee, 0x32, 0x0f, 0x3b, 0xef, 0x3a,
    0x0e, 0x33, 0x0e, 0x33, 0xef, 0x3a, 0x0e, 0x33, 0x0f, 0x3b, 0xee, 0x32,
    0xee, 0x32, 0x0f, 0x3b, 0xee, 0x32, 0x0e, 0x33, 0xee, 0x32, 0xef, 0x3a,
    0x0e, 0x33, 0xee, 0x32, 0x0f, 0x3b, 0xef, 0x3a, 0x0e, 0x33, 0x0f, 0x3b,
    0xef, 0x3a, 0x0e, 0x33, 0xef, 0x3a, 0xef, 0x3a, 0x0e, 0x33, 0xef, 0x3a,
    0xee, 0x32, 0x0e, 0x33, 0xef, 0x3a, 0xee, 0x32, 0x0e, 0x33, 0x0f, 0x3b,
    0xef, 0x3a, 0x0e, 0x33, 0x0f, 0x3b, 0xee, 0x32, 0xee, 0x32, 0x0f, 0x3b,
    0x0e, 0x33, 0xef, 0x3a, 0x0e, 0x33, 0xef, 0x3a, 0xee, 0x32, 0x0f, 0x3b,
    0xef, 0x3a, 0x0e, 0x33, 0x0f, 0x3b, 0xef, 0x3a, 0x0e, 0x33, 0x0f, 0x3b,
    0xef, 0x3a, 0x0e, 0x33, 0xef, 0x3a, 0x0f, 0x3b, 0xee, 0x32, 0x0f, 0x3b,
    0x0f, 0x3b, 0xee, 0x32, 0x0f, 0x3b, 0x0f, 0x3b, 0xee, 0x32, 0x0f, 0x3b,
    0xef, 0x3a, 0xee, 0x32, 0x0f, 0x3b, 0x0f, 0x3b, 0xee, 0x32, 0x0f, 0x3b,
    0xef, 0x3a, 0x0e, 0x33, 0xef, 0x3a, 0x0f, 0x3b, 0x0e, 0x33, 0xef, 0x3a,
    0xef, 0x3a, 0x0e, 0x33, 0xef, 0x3a, 0xef, 0x3a, 0x0e, 0x33, 0x0f, 0x3b,
    0xef, 0x3a, 0xee, 0x32, 0x0f, 0x3b, 0xef, 0x3a, 0x0e, 0x33, 0xef, 0x3a,
    0x0f, 0x3b, 0x0e, 0x33, 0xef, 0x3a, 0xef, 0x3a, 0x0e, 0x33, 0xef, 0x3a,
    0x0f, 0x3b, 0x0e, 0x33, 0xef, 0x3a, 0x0f, 0x3b, 0xee, 0x32, 0xef, 0x3a,
    0x0f, 0x3b, 0xee, 0x32, 0x0f, 0x3b, 0x0f, 0x3b, 0xee, 0x32, 0xef, 0x3a,
    0x0f, 0x3b, 0xee, 0x32, 0xef, 0x3a, 0x0f, 0x3b, 0x0e, 0x33, 0xef, 0x3a,
    0x0f, 0x3b, 0x0e, 0x33, 0xef, 0x3a, 0x0f, 0x3b, 0xee, 0x32, 0xef, 0x3a,
    0x0f, 0x3b, 0xee, 0x32, 0x0f, 0x3b, 0x0f, 0x3b, 0xee, 0x32, 0x0f, 0x3b,
    0x0f, 0x3b, 0xee, 0x32, 0xef, 0x3a, 0x0f, 0x3b, 0xee, 0x32, 0xef, 0x3a,
    0x0f, 0x3b, 0x0e, 0x33, 0xef, 0x3a, 0x0f, 0x3b, 0x0e, 0x33, 0xef, 0x3a,
    0xef, 0x3a, 0x0e, 0x33, 0xef, 0x3a, 0xef, 0x3a, 0x0e, 0x33, 0x0f, 0x3b,
    0xef, 0x3a, 0x0e, 0x33, 0x0f, 0x3b, 0xef, 0x3a, 0xee, 0x32, 0x0f, 0x3b,
    0xef, 0x3a, 0x0e, 0x33, 0xef, 0x3a, 0xef, 0x3a, 0x0e, 0x33, 0xef, 0x3a,
    0x0f, 0x3b, 0x0e, 0x33, 0xef, 0x3a, 0x0f, 0x3b, 0x0e, 0x33, 0xef, 0x3a,
    0x0f, 0x3b, 0xee, 0x32, 0xef, 0x3a, 0x0f, 0x3b, 0x0e, 0x33, 0xef, 0x3a,
    0x0f, 0x3b, 0x0e, 0x33, 0xef, 0x3a, 0x0f, 0x3b, 0x0e, 0x33, 0xef, 0x3a,
    0x0f, 0x3b, 0xee, 0x32, 0xef, 0x3a, 0x0f, 0x3b, 0xee, 0x32, 0x0f, 0x3b,
    0x0f, 0x3b, 0xee, 0x32, 0x0f, 0x3b, 0xef, 0x3a, 0xee, 0x32, 0x0f, 0x3b,
    0xef, 0x3a, 0x0e, 0x33, 0x0f, 0x3b, 0xef, 0x3a, 0x0e, 0x33, 0xef, 0x3a,
    0xef, 0x3a, 0x0e, 0x33, 0xef, 0x3a, 0x0f, 0x3b, 0xee, 0x32, 0xef, 0x3a,
    0x0f, 0x3b, 0xee, 0x32, 0x0f, 0x3b, 0xef, 0x3a, 0xee, 0x32, 0xef, 0x3a,
    0x0f, 0x3b, 0xee, 0x32, 0xef, 0x3a, 0x0f, 0x3b, 0xee, 0x32, 0xef, 0x3a,
    0x0f, 0x3b, 0xee, 0x32, 0x0f, 0x3b, 0x0f, 0x3b, 0xee, 0x32, 0xef, 0x3a,
    0xef, 0x3a, 0x0e, 0x33, 0x0f, 0x3b, 0xef, 0x3a, 0x0e, 0x33, 0x0f, 0x3b,
    0xef, 0x3a, 0x0e, 0x33, 0x0f, 0x3b, 0xef, 0x3a, 0x0e, 0x33, 0x0f, 0x3b,
    0xef, 0x3a, 0x0e, 0x33, 0x0f, 0x3b, 0xef, 0x3a, 0x0e, 0x33, 0xef, 0x3a,
    0x0f, 0x3b, 0x0e, 0x33, 0xef, 0x3a, 0x0f, 0x3b, 0xee, 0x32, 0xef, 0x3a,
    0x0f, 0x3b, 0x0e, 0x33, 0xef, 0x3a, 0x0f, 0x3b, 0x0e, 0x33, 0xef, 0x3a,
    0x0f, 0x3b, 0x0e, 0x33, 0xef, 0x3a, 0xef, 0x3a, 0xee, 0x32, 0x0f, 0x3b,
    0x0f, 0x3b, 0xee, 0x32, 0x0f, 0x3b, 0x0f, 0x3b, 0xee, 0x32, 0x0f, 0x3b,
    0xef, 0x3a, 0x0e, 0x33, 0x0f, 0x3b, 0xef, 0x3a, 0xee, 0x32, 0x0f, 0x3b,
    0xef, 0x3a, 0x0e, 0x33, 0x0f, 0x3b, 0xef, 0x3a, 0xee, 0x32, 0x0f, 0x3b,
    0x0f, 0x3b, 0xee, 0x32, 0x0f, 0x3b, 0xef, 0x3a, 0xee, 0x32, 0x0f, 0x3b,
    0xef, 0x3a, 0x0e, 0x33, 0x0f, 0x3b, 0x0f, 0x3b, 0xee, 0x32, 0xef, 0x3a,
    0x0f, 0x3b, 0xee, 0x32, 0xef, 0x3a, 0x0f, 0x3b, 0x0e, 0x33, 0xef, 0x3a,
    0x0f, 0x3b, 0xee, 0x32, 0xef, 0x3a, 0x0f, 0x3b, 0x0e, 0x33, 0xef, 0x3a,
    0xef, 0x3a, 0x0e, 0x33, 0xef, 0x3a, 0xef, 0x3a, 0x0e, 0x33, 0xef, 0x3a,
    0xef, 0x3a, 0x0e, 0x33, 0xef, 0x3a, 0x0f, 0x3b, 0xee, 0x32, 0x0f, 0x3b,
    0x0f, 0x3b, 0xee, 0x32, 0xef, 0x3a, 0x0f, 0x3b, 0xee, 0x32, 0xef, 0x3a,
    0x0f, 0x3b, 0x0e, 0x33, 0xef, 0x3a, 0xef, 0x3a, 0x0e, 0x33, 0xef, 0x3a,
    0xef, 0x3a, 0x0e, 0x33, 0x0f, 0x3b, 0xef, 0x3a, 0x0e, 0x33, 0xef, 0x3a,
    0xef, 0x3a, 0x0e, 0x33, 0xef, 0x3a, 0xef, 0x3a, 0x0e, 0x33, 0x0f, 0x3b,
    0xef, 0x3a, 0xee, 0x32, 0x0f, 0x3b, 0xef, 0x3a, 0x0e, 0x33, 0xef, 0x3a,
    0xef, 0x3a, 0x0e, 0x33, 0xef, 0x3a, 0xef, 0x3a, 0x0e, 0x33, 0x0f, 0x3b,
    0xef, 0x3a, 0x0e, 0x33, 0x0f, 0x3b, 0xef, 0x3a, 0xee, 0x32, 0x0f, 0x3b,
    0x0f, 0x3b, 0xee, 0x32, 0x0f, 0x3b, 0xef, 0x3a, 0xee, 0x32, 0x0f, 0x3b,
    0xef, 0x3a, 0x0e, 0x33, 0x0f, 0x3b, 0xef, 0x3a, 0xee, 0x32, 0x0f, 0x3b,
    0xef, 0x3a, 0xee, 0x32, 0x0f, 0x3b, 0xef, 0x3a, 0xee, 0x32, 0x0f, 0x3b,
    0xef, 0x3a, 0x0e, 0x33, 0xef, 0x3a, 0x0f, 0x3b, 0xee, 0x32, 0x0f, 0x3b,
    0xef, 0x3a, 0xee, 0x32, 0x0f, 0x3b, 0xef, 0x3a, 0xee, 0x32, 0x0f, 0x3b,
    0x0f, 0x3b, 0xee, 0x32, 0x0f, 0x3b, 0xef, 0x3a, 0xee, 0x32, 0x0f, 0x3b,
    0x0f, 0x3b, 0xee, 0x32, 0x0f, 0x3b, 0xef, 0x3a, 0xee, 0x32, 0x0f, 0x3b,
    0xef, 0x3a, 0x0e, 0x33, 0x0f, 0x3b, 0xef, 0x3a, 0xee, 0x32, 0x0f, 0x3b,
    0xef, 0x3a, 0xee, 0x32, 0x0f, 0x3b, 0xef, 0x3a, 0xee, 0x32, 0x0f, 0x3b,
    0xef, 0x3a, 0x0e, 0x33, 0xef, 0x3a, 0x0f, 0x3b, 0xee, 0x32, 0x0f, 0x3b,
    0xef, 0x3a, 0xee, 0x32, 0x0f, 0x3b, 0xef, 0x3a, 0xee, 0x32, 0x0f, 0x3b,
    0x0f, 0x3b, 0xee, 0x32, 0x0f, 0x3b, 0xef, 0x3a, 0xee, 0x32, 0x0f, 0x3b,
    0x0f, 0x3b, 0xee, 0x32, 0x0f, 0x3b, 0xef, 0x3a, 0xee, 0x32, 0x0f, 0x3b,
    0xef, 0x3a, 0x0e, 0x33, 0x0f, 0x3b, 0xef, 0x3a, 0xee, 0x32, 0x0f, 0x3b,
    0xef, 0x3a, 0xee, 0x32, 0x0f, 0x3b, 0xef, 0x3a, 0xee, 0x32, 0x0f, 0x3b,
    0xef, 0x3a, 0x0e, 0x33, 0xef, 0x3a, 0x0f, 0x3b, 0xee, 0x32, 0x0f, 0x3b,
    0xef, 0x3a, 0xee, 0x32, 0x0f, 0x3b, 0xef, 0x3a, 0xee, 0x32, 0x0f, 0x3b,
    0x0f, 0x3b, 0xee, 0x32, 0x0f, 0x3b, 0xef, 0x3a, 0xee, 0x32, 0x0f, 0x3b,
    0x0f, 0x3b, 0xee, 0x32, 0x0f, 0x3b, 0xef, 0x3a, 0xee, 0x32, 0x0f, 0x3b,
    0xef, 0x3a, 0x0e, 0x33, 0x0f, 0x3b, 0xef, 0x3a, 0xee, 0x32, 0x0f, 0x3b,
    0xef, 0x3a, 0xee, 0x32, 0x0f, 0x3b, 0xef, 0x3a, 0xee, 0x32, 0x0f, 0x3b,
    0xef, 0x3a, 0x0e, 0x33, 0xef, 0x3a, 0x0f, 0x3b, 0xee, 0x32, 0x0f, 0x3b,
    0xef, 0x3a, 0xee, 0x32, 0x0f, 0x3b, 0xef, 0x3a, 0xee, 0x32, 0x0f, 0x3b,
    0x0f, 0x3b, 0xee, 0x32, 0x0f, 0x3b, 0xef, 0x3a, 0xee, 0x32, 0x0f, 0x3b,
    0x0f, 0x3b, 0xee, 0x32, 0x0f, 0x3b, 0xef, 0x3a, 0xee, 0x32, 0x0f, 0x3b,
    0xef, 0x3a, 0x0e, 0x33, 0x0f, 0x3b, 0xef, 0x3a, 0xee, 0x32, 0x0f, 0x3b,
    0xef, 0x3a, 0xee, 0x32, 0x0f, 0x3b, 0xef, 0x3a, 0xee, 0x32, 0x0f, 0x3b,
    0xef, 0x3a, 0x0e, 0x33, 0xef, 0x3a, 0x0f, 0x3b, 0xee, 0x32, 0x0f, 0x3b,
    0xef, 0x3a, 0xee, 0x32, 0x0f, 0x3b, 0xef, 0x3a, 0xee, 0x32, 0x0f, 0x3b,
    0x0f, 0x3b, 0xee, 0x32, 0x0f, 0x3b, 0xef, 0x3a, 0xee, 0x32, 0x0f, 0x3b,
    0x0f, 0x3b, 0xee, 0x32, 0x0f, 0x3b, 0xef, 0x3a, 0xee, 0x32, 0x0f, 0x3b,
    0xef, 0x3a, 0x0e, 0x33, 0x0f, 0x3b, 0xef, 0x3a, 0xee, 0x32, 0x0f, 0x3b,
    0xef, 0x3a, 0xee, 0x32, 0x0f, 0x3b, 0xef, 0x3a, 0xee, 0x32, 0x0f, 0x3b,
    0xef, 0x3a, 0x0e, 0x33, 0xef, 0x3a, 0x0f, 0x3b, 0xee, 0x32, 0x0f, 0x3b,
    0xef, 0x3a, 0xee, 0x32, 0x0f, 0x3b, 0xef, 0x3a, 0xee, 0x32, 0x0f, 0x3b,
    0x0f, 0x3b, 0xee, 0x32, 0x0f, 0x3b, 0xef, 0x3a, 0xee, 0x32, 0x0f, 0x3b,
    0x0f, 0x3b, 0xee, 0x32, 0x0f, 0x3b, 0xef, 0x3a, 0xee, 0x32, 0x0f, 0x3b,
    0xef, 0x3a, 0x0e, 0x33, 0x0f, 0x3b, 0xef, 0x3a, 0xee, 0x32, 0x0f, 0x3b,
    0xef, 0x3a, 0xee, 0x32, 0x0f, 0x3b, 0xef, 0x3a, 0xee, 0x32, 0x0f, 0x3b,
    0xef, 0x3a, 0x0e, 0x33, 0xef, 0x3a, 0x0f, 0x3b, 0xee, 0x32, 0x0f, 0x3b,
    0xef, 0x3a, 0xee, 0x32, 0x0f, 0x3b, 0xef, 0x3a, 0xee, 0x32, 0x0f, 0x3b,
    0x0f, 0x3b, 0xee, 0x32, 0x0f, 0x3b, 0xef, 0x3a, 0xee, 0x32, 0x0f, 0x3b,
    0x0f, 0x3b, 0xee, 0x32, 0x0f, 0x3b, 0xef, 0x3a, 0xee, 0x32, 0x0f, 0x3b,
    0xef, 0x3a, 0x0e, 0x33, 0x0f, 0x3b, 0xef, 0x3a, 0xee, 0x32, 0x0f, 0x3b,
    0xef, 0x3a, 0xee, 0x32, 0x0f, 0x3b, 0xef, 0x3a, 0xee, 0x32, 0x0f, 0x3b,
    0xef, 0x3a, 0x0e, 0x33, 0xef, 0x3a, 0x0f, 0x3b, 0xee, 0x32, 0x0f, 0x3b,
    0xef, 0x3a, 0xee, 0x32, 0x0f, 0x3b, 0xef, 0x3a, 0xee, 0x32, 0x0f, 0x3b,
    0x0f, 0x3b, 0xee, 0x32, 0x0f, 0x3b, 0xef, 0x3a, 0xee, 0x32, 0x0f, 0x3b,
    0x0f, 0x3b, 0xee, 0x32, 0x0f, 0x3b, 0xef, 0x3a, 0xee, 0x32, 0x0f, 0x3b,
    0xef, 0x3a, 0x0e, 0x33, 0x0f, 0x3b, 0xef, 0x3a, 0xee, 0x32, 0x0f, 0x3b,
    0xef, 0x3a, 0xee, 0x32, 0x0f, 0x3b, 0xef, 0x3a, 0xee, 0x32, 0x0f, 0x3b,
    0xef, 0x3a, 0x0e, 0x33, 0xef, 0x3a, 0x0f, 0x3b, 0xee, 0x32, 0x0f, 0x3b,
    0xef, 0x3a, 0xee, 0x32, 0x0f, 0x3b, 0xef, 0x3a, 0xee, 0x32, 0x0f, 0x3b,
    0x0e, 0x33, 0xef, 0x3a, 0x0e, 0x33, 0xef, 0x3a, 0xef, 0x3a, 0x0e, 0x33,
    0x0f, 0x3b, 0xee, 0x32, 0x0e, 0x33, 0xef, 0x3a, 0xee, 0x32, 0x0f, 0x3b,
    0xef, 0x3a, 0x0e, 0x33, 0x0e, 0x33, 0xef, 0x3a, 0xee, 0x32, 0x0f, 0x3b,
    0xee, 0x32, 0xef, 0x3a, 0x0f, 0x3b, 0xef, 0x3a, 0xee, 0x32, 0x0f, 0x3b,
    0x0e, 0x33, 0xee, 0x32, 0x0f, 0x3b, 0xee, 0x32, 0xef, 0x3a, 0x0e, 0x33,
    0xef, 0x3a, 0x0f, 0x3b, 0x0e, 0x33, 0xee, 0x32, 0x0f, 0x3b, 0xee, 0x32,
    0x0f, 0x3b, 0xef, 0x3a, 0xee, 0x32, 0x0e, 0x33, 0xef, 0x3a, 0xee, 0x32,
    0x0e, 0x33, 0xef, 0x3a, 0x0f, 0x3b, 0x0e, 0x33, 0xee, 0x32, 0x0f, 0x3b,
    0x0f, 0x3b, 0xee, 0x32, 0xef, 0x3a, 0x0e, 0x33, 0xee, 0x32, 0xef, 0x3a,
    0x0e, 0x33, 0xee, 0x32, 0x0f, 0x3b, 0x0e, 0x33, 0xee, 0x32, 0xef, 0x3a,
    0x0e, 0x33, 0xee, 0x32, 0xef, 0x3a, 0x0f, 0x3b, 0xee, 0x32, 0x0f, 0x3b,
    0x0f, 0x3b, 0xee, 0x32, 0x0e, 0x33, 0x0f, 0x3b, 0xef, 0x3a, 0x0e, 0x33,
    0xef, 0x3a, 0xef, 0x3a, 0x0e, 0x33, 0xee, 0x32, 0x0f, 0x3b, 0xee, 0x32,
    0xef, 0x3a, 0x0f, 0x3b, 0x0e, 0x33, 0xef, 0x3a, 0x0e, 0x33, 0xee, 0x32,
    0xef, 0x3a, 0x0e, 0x33, 0xef, 0x3a, 0xef, 0x3a, 0x0e, 0x33, 0xee, 0x32,
    0xef, 0x3a, 0x0e, 0x33, 0xee, 0x32, 0xef, 0x3a, 0x0e, 0x33, 0x0e, 0x33,
    0xef, 0x3a, 0x0e, 0x33, 0xee, 0x32, 0xef, 0x3a, 0x0e, 0x33, 0x0e, 0x33,
    0xef, 0x3a, 0x0f, 0x3b, 0x0e, 0x33, 0xef, 0x3a, 0x0f, 0x3b, 0x0e, 0x33,
    0xef, 0x3a, 0x0e, 0x33, 0xee, 0x32, 0x0f, 0x3b, 0xee, 0x32, 0x0f, 0x3b,
    0xef, 0x3a, 0xee, 0x32, 0x0f, 0x3b, 0xef, 0x3a, 0x0e, 0x33, 0x0e, 0x33,
    0xef, 0x3a, 0x0e, 0x33, 0x0e, 0x33, 0xef, 0x3a, 0xef, 0x3a, 0x0e, 0x33,
    0xef, 0x3a, 0xee, 0x32, 0x0e, 0x33, 0x0f, 0x3b, 0x0f, 0x3b, 0xee, 0x32,
    0x0f, 0x3b, 0xef, 0x3a, 0x0e, 0x33, 0xef, 0x3a, 0x0e, 0x33, 0x0e, 0x33,
    0xef, 0x3a, 0xef, 0x3a, 0x0e, 0x33, 0xef, 0x3a, 0xef, 0x3a, 0x0e, 0x33,
    0xef, 0x3a, 0x0f, 0x3b, 0x0e, 0x33, 0xef, 0x3a, 0x0f, 0x3b, 0xee, 0x32,
    0x0f, 0x3b, 0xef, 0x3a, 0x0e, 0x33, 0xee, 0x32, 0xef, 0x3a, 0x0e, 0x33,
    0xee, 0x32, 0xef, 0x3a, 0x0e, 0x33, 0x0e, 0x33, 0xef, 0x3a, 0x0e, 0x33,
    0x0f, 0x3b, 0xef, 0x3a, 0x0e, 0x33, 0x0f, 0x3b, 0xef, 0x3a, 0x0e, 0x33,
    0xee, 0x32, 0xef, 0x3a, 0x0e, 0x33, 0xee, 0x32, 0x0f, 0x3b, 0xef, 0x3a,
    0x0e, 0x33, 0x0e, 0x33, 0xef, 0x3a, 0x0e, 0x33, 0x0f, 0x3b, 0xee, 0x32,
    0x0f, 0x3b, 0xee, 0x32, 0xee, 0x32, 0x0f, 0x3b, 0xee, 0x32, 0x0f, 0x3b,
    0xee, 0x32, 0xef, 0x3a, 0x0e, 0x33, 0xee, 0x32, 0x0f, 0x3b, 0x0e, 0x33,
    0xee, 0x32, 0xef, 0x3a, 0x0e, 0x33, 0xee, 0x32, 0xef, 0x3a, 0x0e, 0x33,
    0xee, 0x32, 0x0f, 0x3b, 0x0e, 0x33, 0xee, 0x32, 0xef, 0x3a, 0x0e, 0x33,
    0xee, 0x32, 0x0f, 0x3b, 0x0e, 0x33, 0xee, 0x32, 0xef, 0x3a, 0x0e, 0x33,
    0x0e, 0x33, 0xef, 0x3a, 0x0e, 0x33, 0x0e, 0x33, 0xef, 0x3a, 0x0e, 0x33,
    0xee, 0x32, 0xef, 0x3a, 0x0e, 0x33, 0xee, 0x32, 0x0f, 0x3b, 0xee, 0x32,
    0xee, 0x32, 0x0f, 0x3b, 0xee, 0x32, 0x0e, 0x33, 0x0f, 0x3b, 0xee, 0x32,
    0x0e, 0x33, 0xef, 0x3a, 0xee, 0x32, 0x0e, 0x33, 0xef, 0x3a, 0x0e, 0x33,
    0x0e, 0x33, 0xef, 0x3a, 0x0e, 0x33, 0xee, 0x32, 0xef, 0x3a, 0x0e, 0x33,
    0x0e, 0x33, 0xef, 0x3a, 0x0e, 0x33, 0x0e, 0x33, 0xef, 0x3a, 0xee, 0x32,
    0x0e, 0x33, 0xef, 0x3a, 0x0e, 0x33, 0xee, 0x32, 0x0f, 0x3b, 0x0e, 0x33,
    0xee, 0x32, 0x0f, 0x3b, 0xee, 0x32, 0xee, 0x32, 0x0f, 0x3b, 0xee, 0x32,
    0xee, 0x32, 0x0f, 0x3b, 0xee, 0x32, 0x0e, 0x33, 0xef, 0x3a, 0x0e, 0x33,
    0x0e, 0x33, 0xef, 0x3a, 0xee, 0x32, 0x0e, 0x33, 0xef, 0x3a, 0xee, 0x32,
    0x0e, 0x33, 0x0f, 0x3b, 0xee, 0x32, 0xee, 0x32, 0x0f, 0x3b, 0xee, 0x32,
    0x0e, 0x33, 0x0f, 0x3b, 0xee, 0x32, 0x0e, 0x33, 0xef, 0x3a, 0x0e, 0x33,
    0x0e, 0x33, 0xef, 0x3a, 0xee, 0x32, 0x0e, 0x33, 0x0f, 0x3b, 0xee, 0x32,
    0xee, 0x32, 0x0f, 0x3b, 0xee, 0x32, 0xee, 0x32, 0x0f, 0x3b, 0xee, 0x32,
    0xee, 0x32, 0x0f, 0x3b, 0x0e, 0x33, 0xee, 0x32, 0xef, 0x3a, 0x0e, 0x33,
    0xee, 0x32, 0xef, 0x3a, 0x0e, 0x33, 0xee, 0x32, 0xef, 0x3a, 0x0e, 0x33,
    0xee, 0x32, 0x0f, 0x3b, 0x0e, 0x33, 0xee, 0x32, 0x0f, 0x3b, 0xee, 0x32,
    0xee, 0x32, 0x0f, 0x3b, 0xee, 0x32, 0x0e, 0x33, 0x0f, 0x3b, 0xee, 0x32,
    0x0e, 0x33, 0xef, 0x3a, 0xee, 0x32, 0x0e, 0x33, 0xef, 0x3a, 0x0e, 0x33,
    0x0e, 0x33, 0xef, 0x3a, 0x0e, 0x33, 0xee, 0x32, 0x0f, 0x3b, 0x0e, 0x33,
    0xee, 0x32, 0x0f, 0x3b, 0xee, 0x32, 0x0e, 0x33, 0xef, 0x3a, 0x0e, 0x33,
    0x0e, 0x33, 0xef, 0x3a, 0x0e, 0x33, 0x0e, 0x33, 0xef, 0x3a, 0x0e, 0x33,
    0xee, 0x32, 0x0f, 0x3b, 0x0e, 0x33, 0xee, 0x32, 0xef, 0x3a, 0x0e, 0x33,
    0x0e, 0x33, 0xef, 0x3a, 0xee, 0x32, 0x0e, 0x33, 0xef, 0x3a, 0xee, 0x32,
    0x0e, 0x33, 0xef, 0x3a, 0xee, 0x32, 0x0e, 0x33, 0xef, 0x3a, 0xee, 0x32,
    0x0e, 0x33, 0xef, 0x3a, 0xee, 0x32, 0x0e, 0x33, 0xef, 0x3a, 0x0e, 0x33,
    0xee, 0x32, 0x0f, 0x3b, 0xee, 0x32, 0xee, 0x32, 0x0f, 0x3b, 0x0e, 0x33,
    0xee, 0x32, 0xef, 0x3a, 0x0e, 0x33, 0xee, 0x32, 0xef, 0x3a, 0x0e, 0x33,
    0xee, 0x32, 0xef, 0x3a, 0x0e, 0x33, 0x0e, 0x33, 0xef, 0x3a, 0x0e, 0x33,
    0x0e, 0x33, 0xef, 0x3a, 0xee, 0x32, 0x0e, 0x33, 0xef, 0x3a, 0xee, 0x32,
    0x0e, 0x33, 0x0f, 0x3b, 0xee, 0x32, 0xee, 0x32, 0x0f, 0x3b, 0xee, 0x32,
    0x0e, 0x33, 0xef, 0x3a, 0xee, 0x32, 0x0e, 0x33, 0xef, 0x3a, 0x0e, 0x33,
    0xee, 0x32, 0x0f, 0x3b, 0xee, 0x32, 0x0e, 0x33, 0x0f, 0x3b, 0xee, 0x32,
    0x0e, 0x33, 0xef, 0x3a, 0xee, 0x32, 0xee, 0x32, 0x0f, 0x3b, 0xee, 0x32,
    0x0e, 0x33, 0x0f, 0x3b, 0xee, 0x32, 0x0e, 0x33, 0xef, 0x3a, 0xee, 0x32,
    0x0e, 0x33, 0xef, 0x3a, 0x0e, 0x33, 0x0e, 0x33, 0xef, 0x3a, 0xee, 0x32,
    0x0e, 0x33, 0x0f, 0x3b, 0xee, 0x32, 0x0e, 0x33, 0x0f, 0x3b, 0xee, 0x32,
    0x0e, 0x33, 0xef, 0x3a, 0x0e, 0x33, 0xee, 0x32, 0x0f, 0x3b, 0xee, 0x32,
    0xee, 0x32, 0x0f, 0x3b, 0x0e, 0x33, 0xee, 0x32, 0x0f, 0x3b, 0x0e, 0x33,
    0xee, 0x32, 0xef, 0x3a, 0x0e, 0x33, 0xee, 0x32, 0x0f, 0x3b, 0x0e, 0x33,
    0xee, 0x32, 0x0f, 0x3b, 0xee, 0x32, 0xee, 0x32, 0x0f, 0x3b, 0xee, 0x32,
    0x0e, 0x33, 0x0f, 0x3b, 0xee, 0x32, 0x0e, 0x33, 0xef, 0x3a, 0xee, 0x32,
    0x0e, 0x33, 0xef, 0x3a, 0x0e, 0x33, 0xee, 0x32, 0xef, 0x3a, 0x0e, 0x33,
    0xee, 0x32, 0x0f, 0x3b, 0x0e, 0x33, 0xee, 0x32, 0x0f, 0x3b, 0xee, 0x32,
    0xee, 0x32, 0x0f, 0x3b, 0xee, 0x32, 0x0e, 0x33, 0x0f, 0x3b, 0xee, 0x32,
    0xee, 0x32, 0x0f, 0x3b, 0xee, 0x32, 0x0e, 0x33, 0x0f, 0x3b, 0xee, 0x32,
    0x0e, 0x33, 0xef, 0x3a, 0xee, 0x32, 0x0e, 0x33, 0xef, 0x3a, 0x0e, 0x33,
    0x0e, 0x33, 0xef, 0x3a, 0x0e, 0x33, 0x0e, 0x33, 0xef, 0x3a, 0xee, 0x32,
    0x0e, 0x33, 0x0f, 0x3b, 0xee, 0x32, 0xee, 0x32, 0x0f, 0x3b, 0xee, 0x32,
    0x0e, 0x33, 0xef, 0x3a, 0x0e, 0x33, 0x0e, 0x33, 0xef, 0x3a, 0x0e, 0x33,
    0xee, 0x32, 0x0f, 0x3b, 0xee, 0x32, 0x0e, 0x33, 0x0f, 0x3b, 0xee, 0x32,
    0x0e, 0x33, 0xef, 0x3a, 0xee, 0x32, 0x0e, 0x33, 0x0f, 0x3b, 0xee, 0x32,
    0x0e, 0x33, 0xef, 0x3a, 0xee, 0x32, 0x0e, 0x33, 0xef, 0x3a, 0x0e, 0x33,
    0x0e, 0x33, 0xef, 0x3a, 0x0e, 0x33, 0x0e, 0x33, 0xef, 0x3a, 0xee, 0x32,
    0x0e, 0x33, 0x0f, 0x3b, 0xee, 0x32, 0xee, 0x32, 0x0f, 0x3b, 0xee, 0x32,
    0x0e, 0x33, 0xef, 0x3a, 0x0e, 0x33, 0x0e, 0x33, 0xef, 0x3a, 0x0e, 0x33,
    0xee, 0x32, 0x0f, 0x3b, 0xee, 0x32, 0x0e, 0x33, 0x0f, 0x3b, 0xee, 0x32,
    0x0e, 0x33, 0xef, 0x3a, 0xee, 0x32, 0x0e, 0x33, 0x0f, 0x3b, 0xee, 0x32,
    0x0e, 0x33, 0xef, 0x3a, 0xee, 0x32, 0x0e, 0x33, 0xef, 0x3a, 0x0e, 0x33,
    0x0e, 0x33, 0xef, 0x3a, 0x0e, 0x33, 0x0e, 0x33, 0xef, 0x3a, 0xee, 0x32,
    0x0e, 0x33, 0x0f, 0x3b, 0xee, 0x32, 0xee, 0x32, 0x0f, 0x3b, 0xee, 0x32,
    0x0e, 0x33, 0xef, 0x3a, 0x0e, 0x33, 0x0e, 0x33, 0xef, 0x3a, 0x0e, 0x33,
    0xee, 0x32, 0x0f, 0x3b, 0xee, 0x32, 0x0e, 0x33, 0x0f, 0x3b, 0xee, 0x32,
    0x0e, 0x33, 0xef, 0x3a, 0xee, 0x32, 0x0e, 0x33, 0x0f, 0x3b, 0xee, 0x32,
    0x0e, 0x33, 0xef, 0x3a, 0xee, 0x32, 0x0e, 0x33, 0xef, 0x3a, 0x0e, 0x33,
    0x0e, 0x33, 0xef, 0x3a, 0x0e, 0x33, 0x0e, 0x33, 0xef, 0x3a, 0xee, 0x32,
    0x0e, 0x33, 0x0f, 0x3b, 0xee, 0x32, 0xee, 0x32, 0x0f, 0x3b, 0xee, 0x32,
    0x0e, 0x33, 0xef, 0x3a, 0x0e, 0x33, 0x0e, 0x33, 0xef, 0x3a, 0x0e, 0x33,
    0xee, 0x32, 0x0f, 0x3b, 0xee, 0x32, 0x0e, 0x33, 0x0f, 0x3b, 0xee, 0x32,
    0x0e, 0x33, 0xef, 0x3a, 0xee, 0x32, 0x0e, 0x33, 0x0f, 0x3b, 0xee, 0x32,
    0x0e, 0x33, 0xef, 0x3a, 0xee, 0x32, 0x0e, 0x33, 0xef, 0x3a, 0x0e, 0x33,
    0x0e, 0x33, 0xef, 0x3a, 0x0e, 0x33, 0x0e, 0x33, 0xef, 0x3a, 0xee, 0x32,
    0x0e, 0x33, 0x0f, 0x3b, 0xee, 0x32, 0xee, 0x32, 0x0f, 0x3b, 0xee, 0x32,
    0x0e, 0x33, 0xef, 0x3a, 0x0e, 0x33, 0x0e, 0x33, 0xef, 0x3a, 0x0e, 0x33,
    0xee, 0x32, 0x0f, 0x3b, 0xee, 0x32, 0x0e, 0x33, 0x0f, 0x3b, 0xee, 0x32,
    0x0e, 0x33, 0xef, 0x3a, 0xee, 0x32, 0x0e, 0x33, 0x0f, 0x3b, 0xee, 0x32,
    0x0e, 0x33, 0xef, 0x3a, 0xee, 0x32, 0x0e, 0x33, 0xef, 0x3a, 0x0e, 0x33,
    0x0e, 0x33, 0xef, 0x3a, 0x0e, 0x33, 0x0e, 0x33, 0xef, 0x3a, 0xee, 0x32,
    0x0e, 0x33, 0x0f, 0x3b, 0xee, 0x32, 0xee, 0x32, 0x0f, 0x3b, 0xee, 0x32,
    0x0e, 0x33, 0xef, 0x3a, 0x0e, 0x33, 0x0e, 0x33, 0xef, 0x3a, 0x0e, 0x33,
    0xee, 0x32, 0x0f, 0x3b, 0xee, 0x32, 0x0e, 0x33, 0x0f, 0x3b, 0xee, 0x32,
    0x0e, 0x33, 0xef, 0x3a, 0xee, 0x32, 0x0e, 0x33, 0x0f, 0x3b, 0xee, 0x32,
    0x0e, 0x33, 0xef, 0x3a, 0xee, 0x32, 0x0e, 0x33, 0xef, 0x3a, 0x0e, 0x33,
    0x0e, 0x33, 0xef, 0x3a, 0x0e, 0x33, 0x0e, 0x33, 0xef, 0x3a, 0xee, 0x32,
    0x0e, 0x33, 0x0f, 0x3b, 0xee, 0x32, 0xee, 0x32, 0x0f, 0x3b, 0xee, 0x32,
    0x0e, 0x33, 0xef, 0x3a, 0x0e, 0x33, 0x0e, 0x33, 0xef, 0x3a, 0x0e, 0x33,
    0xee, 0x32, 0x0f, 0x3b, 0xee, 0x32, 0x0e, 0x33, 0x0f, 0x3b, 0xee, 0x32,
    0x0e, 0x33, 0xef, 0x3a, 0xee, 0x32, 0x0e, 0x33, 0x0f, 0x3b, 0xee, 0x32,
    0x0e, 0x33, 0xef, 0x3a, 0xee, 0x32, 0x0e, 0x33, 0xef, 0x3a, 0x0e, 0x33,
    0x0e, 0x33, 0xef, 0x3a, 0x0e, 0x33, 0x0e, 0x33, 0xef, 0x3a, 0xee, 0x32,
    0x0e, 0x33, 0x0f, 0x3b, 0xee, 0x32, 0xee, 0x32, 0x0f, 0x3b, 0xee, 0x32,
    0x0e, 0x33, 0xef, 0x3a, 0x0e, 0x33, 0x0e, 0x33, 0xef, 0x3a, 0x0e, 0x33,
    0xee, 0x32, 0x0f, 0x3b, 0xee, 0x32, 0x0e, 0x33, 0x0f, 0x3b, 0xee, 0x32,
    0x0e, 0x33, 0xef, 0x3a, 0xee, 0x32, 0x0e, 0x33, 0x0f, 0x3b, 0xee, 0x32,
    0x0e, 0x33, 0xef, 0x3a, 0xee, 0x32, 0x0e, 0x33, 0xef, 0x3a, 0x0e, 0x33,
    0x0e, 0x33, 0xef, 0x3a, 0x0e, 0x33, 0x0e, 0x33, 0xef, 0x3a, 0xee, 0x32,
    0x0e, 0x33, 0x0f, 0x3b, 0xee, 0x32, 0xee, 0x32, 0x0f, 0x3b, 0xee, 0x32,
    0x0e, 0x33, 0xef, 0x3a, 0x0e, 0x33, 0x0e, 0x33, 0xef, 0x3a, 0x0e, 0x33,
    0xef, 0x3a, 0x0f, 0x3b, 0xee, 0x32, 0x0e, 0x33, 0x0f, 0x3b, 0xee, 0x32,
    0x0f, 0x3b, 0xee, 0x32, 0xef, 0x3a, 0x0f, 0x3b, 0x0e, 0x33, 0xee, 0x32,
    0x0f, 0x3b, 0xee, 0x32, 0xef, 0x3a, 0x0e, 0x33, 0xef, 0x3a, 0x0e, 0x33,
    0x0f, 0x3b, 0xee, 0x32, 0x0e, 0x33, 0x0f, 0x3b, 0xee, 0x32, 0xee, 0x32,
    0x0f, 0x3b, 0x0f, 0x3b, 0xee, 0x32, 0xef, 0x3a, 0x0e, 0x33, 0x0f, 0x3b,
    0xee, 0x32, 0x0e, 0x33, 0xef, 0x3a, 0xee, 0x32, 0x0f, 0x3b, 0xef, 0x3a,
    0x0e, 0x33, 0x0e, 0x33, 0xef, 0x3a, 0x0e, 0x33, 0x0f, 0x3b, 0xef, 0x3a,
    0x0e, 0x33, 0x0f, 0x3b, 0xee, 0x32, 0xee, 0x32, 0x0f, 0x3b, 0xef, 0x3a,
    0xee, 0x32, 0x0e, 0x33, 0x0f, 0x3b, 0xef, 0x3a, 0x0e, 0x33, 0x0f, 0x3b,
    0xef, 0x3a, 0x0e, 0x33, 0xef, 0x3a, 0xef, 0x3a, 0x0f, 0x3b, 0x0e, 0x33,
    0xef, 0x3a, 0x0f, 0x3b, 0x0e, 0x33, 0xee, 0x32, 0x0f, 0x3b, 0xee, 0x32,
    0x0e, 0x33, 0xef, 0x3a, 0xee, 0x32, 0x0e, 0x33, 0xef, 0x3a, 0x0e, 0x33,
    0x0e, 0x33, 0xef, 0x3a, 0x0e, 0x33, 0x0f, 0x3b, 0xee, 0x32, 0xef, 0x3a,
    0x0f, 0x3b, 0xee, 0x32, 0xee, 0x32, 0xef, 0x3a, 0x0e, 0x33, 0xef, 0x3a,
    0x0f, 0x3b, 0x0e, 0x33, 0xef, 0x3a, 0x0e, 0x33, 0x0e, 0x33, 0xef, 0x3a,
    0x0f, 0x3b, 0x0e, 0x33, 0xef, 0x3a, 0x0e, 0x33, 0xef, 0x3a, 0xef, 0x3a,
    0x0e, 0x33, 0xef, 0x3a, 0x0f, 0x3b, 0x0e, 0x33, 0xef, 0x3a, 0x0f, 0x3b,
    0xee, 0x32, 0x0e, 0x33, 0x0f, 0x3b, 0xee, 0x32, 0xee, 0x32, 0x0f, 0x3b,
    0xee, 0x32, 0xef, 0x3a, 0x0f, 0x3b, 0x0e, 0x33, 0xef, 0x3a, 0xee, 0x32,
    0x0e, 0x33, 0x0f, 0x3b, 0x0e, 0x33, 0xee, 0x32, 0xef, 0x3a, 0x0f, 0x3b,
    0xee, 0x32, 0x0f, 0x3b, 0xef, 0x3a, 0xee, 0x32, 0x0f, 0x3b, 0x0f, 0x3b,
    0xee, 0x32, 0x0f, 0x3b, 0x0f, 0x3b, 0xee, 0x32, 0xee, 0x32, 0x0f, 0x3b,
    0xee, 0x32, 0x0e, 0x33, 0x0f, 0x3b, 0xee, 0x32, 0xef, 0x3a, 0x0f, 0x3b,
    0xee, 0x32, 0x0f, 0x3b, 0xee, 0x32, 0x0e, 0x33, 0x0f, 0x3b, 0xee, 0x32,
    0x0e, 0x33, 0xef, 0x3a, 0xee, 0x32, 0x0f, 0x3b, 0xee, 0x32, 0x0e, 0x33,
    0xef, 0x3a, 0x0e, 0x33, 0x0f, 0x3b, 0xef, 0x3a, 0x0e, 0x33, 0x0f, 0x3b,
    0xef, 0x3a, 0x0e, 0x33, 0x0f, 0x3b, 0xef, 0x3a, 0xee, 0x32, 0x0f, 0x3b,
    0xee, 0x32, 0x0e, 0x33, 0xef, 0x3a, 0xee, 0x32, 0x0e, 0x33, 0xef, 0x3a,
    0x0e, 0x33, 0x0f, 0x3b, 0xef, 0x3a, 0x0e, 0x33, 0xef, 0x3a, 0xee, 0x32,
    0x0f, 0x3b, 0xef, 0x3a, 0xee, 0x32, 0x0f, 0x3b, 0xef, 0x3a, 0xee, 0x32,
    0x0f, 0x3b, 0x0e, 0x33, 0xef, 0x3a, 0x0f, 0x3b, 0x0e, 0x33, 0xef, 0x3a,
    0x0e, 0x33, 0xee, 0x32, 0x0f, 0x3b, 0x0e, 0x33, 0xef, 0x3a, 0xef, 0x3a,
    0x0e, 0x33, 0xef, 0x3a, 0x0f, 0x3b, 0xee, 0x32, 0x0f, 0x3b, 0x0f, 0x3b,
    0xee, 0x32, 0x0f, 0x3b, 0xef, 0x3a, 0xee, 0x32, 0x0f, 0x3b, 0x0f, 0x3b,
    0xee, 0x32, 0xef, 0x3a, 0x0f, 0x3b, 0xee, 0x32, 0xef, 0x3a, 0x0f, 0x3b,
    0xee, 0x32, 0xef, 0x3a, 0x0f, 0x3b, 0xee, 0x32, 0xef, 0x3a, 0x0f, 0x3b,
    0xee, 0x32, 0x0f, 0x3b, 0x0f, 0x3b, 0xee, 0x32, 0x0f, 0x3b, 0x0f, 0x3b,
    0xee, 0x32, 0x0f, 0x3b, 0x0f, 0x3b, 0xee, 0x32, 0xef, 0x3a, 0x0f, 0x3b,
    0xee, 0x32, 0x0f, 0x3b, 0x0f, 0x3b, 0xee, 0x32, 0x0f, 0x3b, 0xef, 0x3a,
    0xee, 0x32, 0x0f, 0x3b, 0xef, 0x3a, 0x0e, 0x33, 0x0f, 0x3b, 0xef, 0x3a,
    0xee, 0x32, 0x0f, 0x3b, 0xef, 0x3a, 0x0e, 0x33, 0xef, 0x3a, 0x0f, 0x3b,
    0x0e, 0x33, 0xef, 0x3a, 0x0f, 0x3b, 0xee, 0x32, 0xef, 0x3a, 0x0f, 0x3b,
    0xee, 0x32, 0xef, 0x3a, 0x0f, 0x3b, 0x0e, 0x33, 0x0f, 0x3b, 0xef, 0x3a,
    0x0e, 0x33, 0x0f, 0x3b, 0xef, 0x3a, 0x0e, 0x33, 0xef, 0x3a, 0xef, 0x3a,
    0x0e, 0x33, 0xef, 0x3a, 0x0f, 0x3b, 0x0e, 0x33, 0xef, 0x3a, 0x0f, 0x3b,
    0x0e, 0x33, 0xef, 0x3a, 0xef, 0x3a, 0x0e, 0x33, 0x0f, 0x3b, 0xef, 0x3a,
    0x0e, 0x33, 0x0f, 0x3b, 0xef, 0x3a, 0xee, 0x32, 0x0f, 0x3b, 0xef, 0x3a,
    0xee, 0x32, 0x0f, 0x3b, 0x0f, 0x3b, 0xee, 0x32, 0x0f, 0x3b, 0xef, 0x3a,
    0x0e, 0x33, 0x0f, 0x3b, 0xef, 0x3a, 0x0e, 0x33, 0x0f, 0x3b, 0xef, 0x3a,
    0x0e, 0x33, 0x0f, 0x3b, 0xef, 0x3a, 0xee, 0x32, 0x0f, 0x3b, 0x0f, 0x3b,
    0xee, 0x32, 0x0f, 0x3b, 0x0f, 0x3b, 0xee, 0x32, 0x0f, 0x3b, 0xef, 0x3a,
    0x0e, 0x33, 0xef, 0x3a, 0xef, 0x3a, 0x0e, 0x33, 0xef, 0x3a, 0x0f, 0x3b,
    0x0e, 0x33, 0xef, 0x3a, 0x0f, 0x3b, 0xee, 0x32, 0xef, 0x3a, 0x0f, 0x3b,
    0xee, 0x32, 0x0f, 0x3b, 0x0f, 0x3b, 0xee, 0x32, 0x0f, 0x3b, 0xef, 0x3a,
    0xee, 0x32, 0x0f, 0x3b, 0xef, 0x3a, 0x0e, 0x33, 0x0f, 0x3b, 0xef, 0x3a,
    0xee, 0x32, 0x0f, 0x3b, 0xef, 0x3a, 0x0e, 0x33, 0x0f, 0x3b, 0xef, 0x3a,
    0xee, 0x32, 0x0f, 0x3b, 0x0f, 0x3b, 0xee, 0x32, 0xef, 0x3a, 0x0f, 0x3b,
    0xee, 0x32, 0x0f, 0x3b, 0xef, 0x3a, 0xee, 0x32, 0x0f, 0x3b, 0xef, 0x3a,
    0xee, 0x32, 0x0f, 0x3b, 0x0f, 0x3b, 0xee, 0x32, 0x0f, 0x3b, 0x0f, 0x3b,
    0xee, 0x32, 0x0f, 0x3b, 0x0f, 0x3b, 0xee, 0x32, 0x0f, 0x3b, 0x0f, 0x3b,
    0xee, 0x32, 0x0f, 0x3b, 0x0f, 0x3b, 0xee, 0x32, 0x0f, 0x3b, 0xef, 0x3a,
    0x0e, 0x33, 0xef, 0x3a, 0x0f, 0x3b, 0xee, 0x32, 0x0f, 0x3b, 0xef, 0x3a,
    0x0e, 0x33, 0xef, 0x3a, 0x0f, 0x3b, 0x0e, 0x33, 0xef, 0x3a, 0x0f, 0x3b,
    0x0e, 0x33, 0xef, 0x3a, 0x0f, 0x3b, 0xee, 0x32, 0xef, 0x3a, 0x0f, 0x3b,
    0xee, 0x32, 0x0f, 0x3b, 0x0f, 0x3b, 0xee, 0x32, 0x0f, 0x3b, 0x0f, 0x3b,
    0xee, 0x32, 0xef, 0x3a, 0x0f, 0x3b, 0xee, 0x32, 0x0f, 0x3b, 0xef, 0x3a,
    0x0e, 0x33, 0x0f, 0x3b, 0xef, 0x3a, 0x0e, 0x33, 0x0f, 0x3b, 0xef, 0x3a,
    0xee, 0x32, 0x0f, 0x3b, 0x0f, 0x3b, 0xee, 0x32, 0xef, 0x3a, 0x0f, 0x3b,
    0xee, 0x32, 0x0f, 0x3b, 0x0f, 0x3b, 0x0e, 0x33, 0xef, 0x3a, 0x0f, 0x3b,
    0xee, 0x32, 0xef, 0x3a, 0x0f, 0x3b, 0xee, 0x32, 0x0f, 0x3b, 0x0f, 0x3b,
    0xee, 0x32, 0x0f, 0x3b, 0xef, 0x3a, 0xee, 0x32, 0x0f, 0x3b, 0x0f, 0x3b,
    0xee, 0x32, 0x0f, 0x3b, 0xef, 0x3a, 0x0e, 0x33, 0xef, 0x3a, 0xef, 0x3a,
    0x0e, 0x33, 0xef, 0x3a, 0x0f, 0x3b, 0x0e, 0x33, 0xef, 0x3a, 0x0f, 0x3b,
    0x0e, 0x33, 0xef, 0x3a, 0x0f, 0x3b, 0xee, 0x32, 0xef, 0x3a, 0x0f, 0x3b,
    0xee, 0x32, 0x0f, 0x3b, 0x0f, 0x3b, 0x0e, 0x33, 0xef, 0x3a, 0xef, 0x3a,
    0x0e, 0x33, 0xef, 0x3a, 0x0f, 0x3b, 0x0e, 0x33, 0xef, 0x3a, 0x0f, 0x3b,
    0xee, 0x32, 0xef, 0x3a, 0x0f, 0x3b, 0xee, 0x32, 0x0f, 0x3b, 0x0f, 0x3b,
    0xee, 0x32, 0x0f, 0x3b, 0x0f, 0x3b, 0xee, 0x32, 0x0f, 0x3b, 0x0f, 0x3b,
    0xee, 0x32, 0x0f, 0x3b, 0xef, 0x3a, 0x0e, 0x33, 0xef, 0x3a, 0x0f, 0x3b,
    0x0e, 0x33, 0xef, 0x3a, 0x0f, 0x3b, 0xee, 0x32, 0xef, 0x3a, 0xef, 0x3a,
    0x0e, 0x33, 0x0f, 0x3b, 0xef, 0x3a, 0x0e, 0x33, 0xef, 0x3a, 0xef, 0x3a,
    0x0e, 0x33, 0x0f, 0x3b, 0xef, 0x3a, 0x0e, 0x33, 0x0f, 0x3b, 0xef, 0x3a,
    0xee, 0x32, 0x0f, 0x3b, 0xef, 0x3a, 0xee, 0x32, 0x0f, 0x3b, 0x0f, 0x3b,
    0xee, 0x32, 0x0f, 0x3b, 0x0f, 0x3b, 0xee, 0x32, 0x0f, 0x3b, 0x0f, 0x3b,
    0xee, 0x32, 0x0f, 0x3b, 0xef, 0x3a, 0xee, 0x32, 0x0f, 0x3b, 0xef, 0x3a,
    0x0e, 0x33, 0x0f, 0x3b, 0xef, 0x3a, 0xee, 0x32, 0x0f, 0x3b, 0xef, 0x3a,
    0xee, 0x32, 0x0f, 0x3b, 0x0f, 0x3b, 0xee, 0x32, 0x0f, 0x3b, 0xef, 0x3a,
    0xee, 0x32, 0x0f, 0x3b, 0x0f, 0x3b, 0xee, 0x32, 0x0f, 0x3b, 0xef, 0x3a,
    0xee, 0x32, 0x0f, 0x3b, 0xef, 0x3a, 0xee, 0x32, 0x0f, 0x3b, 0x0f, 0x3b,
    0xee, 0x32, 0x0f, 0x3b, 0x0f, 0x3b, 0xee, 0x32, 0x0f, 0x3b, 0x0f, 0x3b,
    0xee, 0x32, 0x0f, 0x3b, 0xef, 0x3a, 0xee, 0x32, 0x0f, 0x3b, 0xef, 0x3a,
    0x0e, 0x33, 0x0f, 0x3b, 0xef, 0x3a, 0xee, 0x32, 0x0f, 0x3b, 0xef, 0x3a,
    0xee, 0x32, 0x0f, 0x3b, 0x0f, 0x3b, 0xee, 0x32, 0x0f, 0x3b, 0xef, 0x3a,
    0xee, 0x32, 0x0f, 0x3b, 0x0f, 0x3b, 0xee, 0x32, 0x0f, 0x3b, 0xef, 0x3a,
    0xee, 0x32, 0x0f, 0x3b, 0xef, 0x3a, 0xee, 0x32, 0x0f, 0x3b, 0x0f, 0x3b,
    0xee, 0x32, 0x0f, 0x3b, 0x0f, 0x3b, 0xee, 0x32, 0x0f, 0x3b, 0x0f, 0x3b,
    0xee, 0x32, 0x0f, 0x3b, 0xef, 0x3a, 0xee, 0x32, 0x0f, 0x3b, 0xef, 0x3a,
    0x0e, 0x33, 0x0f, 0x3b, 0xef, 0x3a, 0xee, 0x32, 0x0f, 0x3b, 0xef, 0x3a,
    0xee, 0x32, 0x0f, 0x3b, 0x0f, 0x3b, 0xee, 0x32, 0x0f, 0x3b, 0xef, 0x3a,
    0xee, 0x32, 0x0f, 0x3b, 0x0f, 0x3b, 0xee, 0x32, 0x0f, 0x3b, 0xef, 0x3a,
    0xee, 0x32, 0x0f, 0x3b, 0xef, 0x3a, 0xee, 0x32, 0x0f, 0x3b, 0x0f, 0x3b,
    0xee, 0x32, 0x0f, 0x3b, 0x0f, 0x3b, 0xee, 0x32, 0x0f, 0x3b, 0x0f, 0x3b,
    0xee, 0x32, 0x0f, 0x3b, 0xef, 0x3a, 0xee, 0x32, 0x0f, 0x3b, 0xef, 0x3a,
    0x0e, 0x33, 0x0f, 0x3b, 0xef, 0x3a, 0xee, 0x32, 0x0f, 0x3b, 0xef, 0x3a,
    0xee, 0x32, 0x0f, 0x3b, 0x0f, 0x3b, 0xee, 0x32, 0x0f, 0x3b, 0xef, 0x3a,
    0xee, 0x32, 0x0f, 0x3b, 0x0f, 0x3b, 0xee, 0x32, 0x0f, 0x3b, 0xef, 0x3a,
    0xee, 0x32, 0x0f, 0x3b, 0xef, 0x3a, 0xee, 0x32, 0x0f, 0x3b, 0x0f, 0x3b,
    0xee, 0x32, 0x0f, 0x3b, 0x0f, 0x3b, 0xee, 0x32, 0x0f, 0x3b, 0x0f, 0x3b,
    0xee, 0x32, 0x0f, 0x3b, 0xef, 0x3a, 0xee, 0x32, 0x0f, 0x3b, 0xef, 0x3a,
    0x0e, 0x33, 0x0f, 0x3b, 0xef, 0x3a, 0xee, 0x32, 0x0f, 0x3b, 0xef, 0x3a,
    0xee, 0x32, 0x0f, 0x3b, 0x0f, 0x3b, 0xee, 0x32, 0x0f, 0x3b, 0xef, 0x3a,
    0xee, 0x32, 0x0f, 0x3b, 0x0f, 0x3b, 0xee, 0x32, 0x0f, 0x3b, 0xef, 0x3a,
    0xee, 0x32, 0x0f, 0x3b, 0xef, 0x3a, 0xee, 0x32, 0x0f, 0x3b, 0x0f, 0x3b,
    0xee, 0x32, 0x0f, 0x3b, 0x0f, 0x3b, 0xee, 0x32, 0x0f, 0x3b, 0x0f, 0x3b,
    0xee, 0x32, 0x0f, 0x3b, 0xef, 0x3a, 0xee, 0x32, 0x0f, 0x3b, 0xef, 0x3a,
    0x0e, 0x33, 0x0f, 0x3b, 0xef, 0x3a, 0xee, 0x32, 0x0f, 0x3b, 0xef, 0x3a,
    0xee, 0x32, 0x0f, 0x3b, 0x0f, 0x3b, 0xee, 0x32, 0x0f, 0x3b, 0xef, 0x3a,
    0xee, 0x32, 0x0f, 0x3b, 0x0f, 0x3b, 0xee, 0x32, 0x0f, 0x3b, 0xef, 0x3a,
    0xee, 0x32, 0x0f, 0x3b, 0xef, 0x3a, 0xee, 0x32, 0x0f, 0x3b, 0x0f, 0x3b,
    0xee, 0x32, 0x0f, 0x3b, 0x0f, 0x3b, 0xee, 0x32, 0x0f, 0x3b, 0x0f, 0x3b,
    0xee, 0x32, 0x0f, 0x3b, 0xef, 0x3a, 0xee, 0x32, 0x0f, 0x3b, 0xef, 0x3a,
    0x0e, 0x33, 0x0f, 0x3b, 0xef, 0x3a, 0xee, 0x32, 0x0f, 0x3b, 0xef, 0x3a,
    0xee, 0x32, 0x0f, 0x3b, 0x0f, 0x3b, 0xee, 0x32, 0x0f, 0x3b, 0xef, 0x3a,
    0xee, 0x32, 0x0f, 0x3b, 0x0f, 0x3b, 0xee, 0x32, 0x0f, 0x3b, 0xef, 0x3a,
    0xee, 0x32, 0x0f, 0x3b, 0xef, 0x3a, 0xee, 0x32, 0x0f, 0x3b, 0x0f, 0x3b,
    0xee, 0x32, 0x0f, 0x3b, 0x0f, 0x3b, 0xee, 0x32, 0x0f, 0x3b, 0x0f, 0x3b,
    0xee, 0x32, 0x0f, 0x3b, 0xef, 0x3a, 0xee, 0x32, 0x0f, 0x3b, 0xef, 0x3a,
    0x0e, 0x33, 0x0f, 0x3b, 0xef, 0x3a, 0xee, 0x32, 0x0f, 0x3b, 0xef, 0x3a,
    0xee, 0x32, 0x0f, 0x3b, 0x0f, 0x3b, 0xee, 0x32, 0x0f, 0x3b, 0xef, 0x3a,
    0xee, 0x32, 0x0f, 0x3b, 0x0f, 0x3b, 0xee, 0x32, 0x0f, 0x3b, 0xef, 0x3a,
    0xee, 0x32, 0x0f, 0x3b, 0xef, 0x3a, 0xee, 0x32, 0x0f, 0x3b, 0x0f, 0x3b,
    0xee, 0x32, 0x0f, 0x3b, 0x0f, 0x3b, 0xee, 0x32, 0x0f, 0x3b, 0x0f, 0x3b,
    0xee, 0x32, 0x0f, 0x3b, 0xef, 0x3a, 0xee, 0x32, 0x0f, 0x3b, 0xef, 0x3a,
    0x0e, 0x33, 0x0e, 0x33, 0xef, 0x3a, 0xee, 0x32, 0x0f, 0x3b, 0xef, 0x3a,
    0xee, 0x32, 0x0f, 0x3b, 0x0e, 0x33, 0xee, 0x32, 0x0f, 0x3b, 0xee, 0x32,
    0xef, 0x3a, 0x0f, 0x3b, 0x0e, 0x33, 0xee, 0x32, 0x0f, 0x3b, 0xef, 0x3a,
    0xee, 0x32, 0x0f, 0x3b, 0xef, 0x3a, 0xee, 0x32, 0x0f, 0x3b, 0x0f, 0x3b,
    0xee, 0x32, 0x0e, 0x33, 0x0f, 0x3b, 0xee, 0x32, 0xef, 0x3a, 0x0f, 0x3b,
    0x0e, 0x33, 0xef, 0x3a, 0x0f, 0x3b, 0x0e, 0x33, 0xef, 0x3a, 0x0e, 0x33,
    0xee, 0x32, 0xef, 0x3a, 0x0f, 0x3b, 0xee, 0x32, 0xee, 0x32, 0x0f, 0x3b,
    0xee, 0x32, 0xee, 0x32, 0x0f, 0x3b, 0x0f, 0x3b, 0xef, 0x3a, 0x0e, 0x33,
    0xee, 0x32, 0x0f, 0x3b, 0xef, 0x3a, 0xee, 0x32, 0x0e, 0x33, 0xef, 0x3a,
    0xee, 0x32, 0x0f, 0x3b, 0x0e, 0x33, 0xee, 0x32, 0x0f, 0x3b, 0x0e, 0x33,
    0xee, 0x32, 0xef, 0x3a, 0x0e, 0x33, 0xef, 0x3a, 0xef, 0x3a, 0x0e, 0x33,
    0x0f, 0x3b, 0xee, 0x32, 0x0f, 0x3b, 0x0f, 0x3b, 0xee, 0x32, 0x0f, 0x3b,
    0xef, 0x3a, 0xee, 0x32, 0x0f, 0x3b, 0xee, 0x32, 0xef, 0x3a, 0x0e, 0x33,
    0x0e, 0x33, 0xef, 0x3a, 0x0e, 0x33, 0x0f, 0x3b, 0x0e, 0x33, 0xef, 0x3a,
    0xee, 0x32, 0x0e, 0x33, 0xef, 0x3a, 0xef, 0x3a, 0x0e, 0x33, 0xef, 0x3a,
    0xee, 0x32, 0x0f, 0x3b, 0xee, 0x32, 0xef, 0x3a, 0x0e, 0x33, 0x0f, 0x3b,
    0x0e, 0x33, 0x0e, 0x33, 0xef, 0x3a, 0xee, 0x32, 0x0e, 0x33, 0xef, 0x3a,
    0x0e, 0x33, 0xef, 0x3a, 0xef, 0x3a, 0x0e, 0x33, 0xef, 0x3a, 0xef, 0x3a,
    0x0e, 0x33, 0x0f, 0x3b, 0xee, 0x32, 0xee, 0x32, 0x0f, 0x3b, 0xef, 0x3a,
    0x0e, 0x33, 0xef, 0x3a, 0xef, 0x3a, 0x0e, 0x33, 0xef, 0x3a, 0x0e, 0x33,
    0x0e, 0x33, 0xef, 0x3a, 0x0e, 0x33, 0xef, 0x3a, 0x0e, 0x33, 0xee, 0x32,
    0xef, 0x3a, 0x0e, 0x33, 0xee, 0x32, 0xef, 0x3a, 0x0e, 0x33, 0x0f, 0x3b,
    0xef, 0x3a, 0xee, 0x32, 0x0f, 0x3b, 0xee, 0x32, 0xee, 0x32, 0x0f, 0x3b,
    0x0e, 0x33, 0xee, 0x32, 0x0f, 0x3b, 0xef, 0x3a, 0x0e, 0x33, 0xef, 0x3a,
    0xef, 0x3a, 0x0e, 0x33, 0x0f, 0x3b, 0xee, 0x32, 0x0f, 0x3b, 0xee, 0x32,
    0x0f, 0x3b, 0xef, 0x3a, 0xee, 0x32, 0x0e, 0x33, 0xee, 0x32, 0xef, 0x3a,
    0x0e, 0x33, 0xef, 0x3a, 0xee, 0x32, 0x0e, 0x33, 0x0f, 0x3b, 0xee, 0x32,
    0x0f, 0x3b, 0xef, 0x3a, 0x0e, 0x33, 0xef, 0x3a, 0x0f, 0x3b, 0x0e, 0x33,
    0xef, 0x3a, 0xee, 0x32, 0x0e, 0x33, 0xef, 0x3a, 0x0e, 0x33, 0x0f, 0x3b,
    0xee, 0x32, 0x0f, 0x3b, 0x0e, 0x33, 0xee, 0x32, 0x0f, 0x3b, 0x0e, 0x33,
    0xee, 0x32, 0xef, 0x3a, 0x0e, 0x33, 0xee, 0x32, 0xef, 0x3a, 0x0e, 0x33,
    0xef, 0x3a, 0x0f, 0x3b, 0xee, 0x32, 0xef, 0x3a, 0x0f, 0x3b, 0x0e, 0x33,
    0xee, 0x32, 0x0f, 0x3b, 0xee, 0x32, 0x0f, 0x3b, 0xee, 0x32, 0x0e, 0x33,
    0xef, 0x3a, 0xee, 0x32, 0x0e, 0x33, 0x0f, 0x3b, 0xee, 0x32, 0xee, 0x32,
    0x0f, 0x3b, 0x0e, 0x33, 0xee, 0x32, 0x0f, 0x3b, 0x0e, 0x33, 0xee, 0x32,
    0x0f, 0x3b, 0x0e, 0x33, 0xee, 0x32, 0x0f, 0x3b, 0x0e, 0x33, 0xee, 0x32,
    0x0f, 0x3b, 0xee, 0x32, 0xee, 0x32, 0x0f, 0x3b, 0xee, 0x32, 0xee, 0x32,
    0x0f, 0x3b, 0xee, 0x32, 0xee, 0x32, 0x0f, 0x3b, 0x0e, 0x33, 0xee, 0x32,
    0x0f, 0x3b, 0xee, 0x32, 0xee, 0x32, 0x0f, 0x3b, 0xee, 0x32, 0x0e, 0x33,
    0x0f, 0x3b, 0xee, 0x32, 0x0e, 0x33, 0xef, 0x3a, 0xee, 0x32, 0x0e, 0x33,
    0xef, 0x3a, 0x0e, 0x33, 0x0e, 0x33, 0xef, 0x3a, 0x0e, 0x33, 0xee, 0x32,
    0xef, 0x3a, 0xee, 0x32, 0x0e, 0x33, 0xef, 0x3a, 0x0e, 0x33, 0x0e, 0x33,
    0xef, 0x3a, 0x0e, 0x33, 0x0e, 0x33, 0xef, 0x3a, 0xee, 0x32, 0x0e, 0x33,
    0xef, 0x3a, 0xee, 0x32, 0x0e, 0x33, 0xef, 0x3a, 0x0e, 0x33, 0x0e, 0x33,
    0xef, 0x3a, 0x0e, 0x33, 0x0e, 0x33, 0xef, 0x3a, 0xee, 0x32, 0x0e, 0x33,
    0xef, 0x3a, 0xee, 0x32, 0x0e, 0x33, 0x0f, 0x3b, 0xee, 0x32, 0xee, 0x32,
    0x0f, 0x3b, 0xee, 0x32, 0xee, 0x32, 0x0f, 0x3b, 0xee, 0x32, 0xee, 0x32,
    0x0f, 0x3b, 0x0e, 0x33, 0xee, 0x32, 0xef, 0x3a, 0xee, 0x32, 0x0e, 0x33,
    0xef, 0x3a, 0xee, 0x32, 0x0e, 0x33, 0xef, 0x3a, 0xee, 0x32, 0x0e, 0x33,
    0xef, 0x3a, 0xee, 0x32, 0x0e, 0x33, 0x0f, 0x3b, 0xee, 0x32, 0xee, 0x32,
    0x0f, 0x3b, 0xee, 0x32, 0x0e, 0x33, 0xef, 0x3a, 0xee, 0x32, 0x0e, 0x33,
    0x0f, 0x3b, 0xee, 0x32, 0x0e, 0x33, 0x0f, 0x3b, 0xee, 0x32, 0xee, 0x32,
    0x0f, 0x3b, 0xee, 0x32, 0xee, 0x32, 0x0f, 0x3b, 0x0e, 0x33, 0xee, 0x32,
    0x0f, 0x3b, 0xee, 0x32, 0xee, 0x32, 0x0f, 0x3b, 0xee, 0x32, 0x0e, 0x33,
    0x0f, 0x3b, 0xee, 0x32, 0x0e, 0x33, 0xef, 0x3a, 0xee, 0x32, 0x0e, 0x33,
    0xef, 0x3a, 0x0e, 0x33, 0xee, 0x32, 0xef, 0x3a, 0x0e, 0x33, 0xee, 0x32,
    0x0f, 0x3b, 0xee, 0x32, 0x0e, 0x33, 0xef, 0x3a, 0xee, 0x32, 0x0e, 0x33,
    0xef, 0x3a, 0x0e, 0x33, 0x0e, 0x33, 0xef, 0x3a, 0x0e, 0x33, 0x0e, 0x33,
    0xef, 0x3a, 0x0e, 0x33, 0x0e, 0x33, 0xef, 0x3a, 0xee, 0x32, 0x0e, 0x33,
    0xef, 0x3a, 0xee, 0x32, 0x0e, 0x33, 0xef, 0x3a, 0xee, 0x32, 0x0e, 0x33,
    0xef, 0x3a, 0xee, 0x32, 0x0e, 0x33, 0xef, 0x3a, 0xee, 0x32, 0x0e, 0x33,
    0x0f, 0x3b, 0xee, 0x32, 0xee, 0x32, 0x0f, 0x3b, 0xee, 0x32, 0x0e, 0x33,
    0x0f, 0x3b, 0xee, 0x32, 0xee, 0x32, 0x0f, 0x3b, 0xee, 0x32, 0x0e, 0x33,
    0xef, 0x3a, 0x0e, 0x33, 0xee, 0x32, 0x0f, 0x3b, 0x0e, 0x33, 0xee, 0x32,
    0x0f, 0x3b, 0xee, 0x32, 0xee, 0x32, 0xef, 0x3a, 0xee, 0x32, 0x0e, 0x33,
    0xef, 0x3a, 0x0e, 0x33, 0x0e, 0x33, 0xef, 0x3a, 0x0e, 0x33, 0xee, 0x32,
    0x0f, 0x3b, 0x0e, 0x33, 0xee, 0x32, 0xef, 0x3a, 0x0e, 0x33, 0xee, 0x32,
    0x0f, 0x3b, 0xee, 0x32, 0x0e, 0x33, 0xef, 0x3a, 0x0e, 0x33, 0xee, 0x32,
    0x0f, 0x3b, 0xee, 0x32, 0xee, 0x32, 0xef, 0x3a, 0x0e, 0x33, 0xee, 0x32,
    0x0f, 0x3b, 0x0e, 0x33, 0xee, 0x32, 0x0f, 0x3b, 0xee, 0x32, 0xee, 0x32,
    0x0f, 0x3b, 0xee, 0x32, 0x0e, 0x33, 0x0f, 0x3b, 0xee, 0x32, 0x0e, 0x33,
    0xef, 0x3a, 0xee, 0x32, 0x0e, 0x33, 0xef, 0x3a, 0x0e, 0x33, 0xee, 0x32,
    0x0f, 0x3b, 0x0e, 0x33, 0xee, 0x32, 0xef, 0x3a, 0x0e, 0x33, 0xee, 0x32,
    0xef, 0x3a, 0x0e, 0x33, 0xee, 0x32, 0x0f, 0x3b, 0x0e, 0x33, 0xee, 0x32,
    0x0f, 0x3b, 0xee, 0x32, 0xee, 0x32, 0xef, 0x3a, 0x0e, 0x33, 0xee, 0x32,
    0x0f, 0x3b, 0x0e, 0x33, 0xee, 0x32, 0xef, 0x3a, 0x0e, 0x33, 0xee, 0x32,
    0x0f, 0x3b, 0x0e, 0x33, 0xee, 0x32, 0x0f, 0x3b, 0xee, 0x32, 0xee, 0x32,
    0x0f, 0x3b, 0xee, 0x32, 0xee, 0x32, 0x0f, 0x3b, 0xee, 0x32, 0xee, 0x32,
    0x0f, 0x3b, 0xee, 0x32, 0x0e, 0x33, 0xef, 0x3a, 0x0e, 0x33, 0xee, 0x32,
    0xef, 0x3a, 0x0e, 0x33, 0xee, 0x32, 0x0f, 0x3b, 0x0e, 0x33, 0x0e, 0x33,
    0xef, 0x3a, 0x0e, 0x33, 0xee, 0x32, 0xef, 0x3a, 0x0e, 0x33, 0x0e, 0x33,
    0xef, 0x3a, 0xee, 0x32, 0x0e, 0x33, 0xef, 0x3a, 0xee, 0x32, 0x0e, 0x33,
    0x0f, 0x3b, 0xee, 0x32, 0x0e, 0x33, 0x0f, 0x3b, 0xee, 0x32, 0x0e, 0x33,
    0xef, 0x3a, 0xee, 0x32, 0x0e, 0x33, 0xef, 0x3a, 0xee, 0x32, 0x0e, 0x33,
    0xef, 0x3a, 0x0e, 0x33, 0xee, 0x32, 0x0f, 0x3b, 0x0e, 0x33, 0xee, 0x32,
    0x0f, 0x3b, 0xee, 0x32, 0xee, 0x32, 0x0f, 0x3b, 0x0e, 0x33, 0xee, 0x32,
    0x0f, 0x3b, 0x0e, 0x33, 0xee, 0x32, 0xef, 0x3a, 0x0e, 0x33, 0x0e, 0x33,
    0xef, 0x3a, 0x0e, 0x33, 0xee, 0x32, 0x0f, 0x3b, 0xee, 0x32, 0x0e, 0x33,
    0x0f, 0x3b, 0xee, 0x32, 0x0e, 0x33, 0x0f, 0x3b, 0xee, 0x32, 0x0e, 0x33,
    0xef, 0x3a, 0xee, 0x32, 0x0e, 0x33, 0xef, 0x3a, 0xee, 0x32, 0x0e, 0x33,
    0xef, 0x3a, 0x0e, 0x33, 0xee, 0x32, 0x0f, 0x3b, 0x0e, 0x33, 0xee, 0x32,
    0x0f, 0x3b, 0xee, 0x32, 0xee, 0x32, 0x0f, 0x3b, 0x0e, 0x33, 0xee, 0x32,
    0x0f, 0x3b, 0x0e, 0x33, 0xee, 0x32, 0xef, 0x3a, 0x0e, 0x33, 0x0e, 0x33,
    0xef, 0x3a, 0x0e, 0x33, 0xee, 0x32, 0x0f, 0x3b, 0xee, 0x32, 0x0e, 0x33,
    0x0f, 0x3b, 0xee, 0x32, 0x0e, 0x33, 0x0f, 0x3b, 0xee, 0x32, 0x0e, 0x33,
    0xef, 0x3a, 0xee, 0x32, 0x0e, 0x33, 0xef, 0x3a, 0xee, 0x32, 0x0e, 0x33,
    0xef, 0x3a, 0x0e, 0x33, 0xee, 0x32, 0x0f, 0x3b, 0x0e, 0x33, 0xee, 0x32,
    0x0f, 0x3b, 0xee, 0x32, 0xee, 0x32, 0x0f, 0x3b, 0x0e, 0x33, 0xee, 0x32,
    0x0f, 0x3b, 0x0e, 0x33, 0xee, 0x32, 0xef, 0x3a, 0x0e, 0x33, 0x0e, 0x33,
    0xef, 0x3a, 0x0e, 0x33, 0xee, 0x32, 0x0f, 0x3b, 0xee, 0x32, 0x0e, 0x33,
    0x0f, 0x3b, 0xee, 0x32, 0x0e, 0x33, 0x0f, 0x3b, 0xee, 0x32, 0x0e, 0x33,
    0xef, 0x3a, 0xee, 0x32, 0x0e, 0x33, 0xef, 0x3a, 0xee, 0x32, 0x0e, 0x33,
    0xef, 0x3a, 0x0e, 0x33, 0xee, 0x32, 0x0f, 0x3b, 0x0e, 0x33, 0xee, 0x32,
    0x0f, 0x3b, 0xee, 0x32, 0xee, 0x32, 0x0f, 0x3b, 0x0e, 0x33, 0xee, 0x32,
    0x0f, 0x3b, 0x0e, 0x33, 0xee, 0x32, 0xef, 0x3a, 0x0e, 0x33, 0x0e, 0x33,
    0xef, 0x3a, 0x0e, 0x33, 0xee, 0x32, 0x0f, 0x3b, 0xee, 0x32, 0x0e, 0x33,
    0x0f, 0x3b, 0xee, 0x32, 0x0e, 0x33, 0x0f, 0x3b, 0xee, 0x32, 0x0e, 0x33,
    0xef, 0x3a, 0xee, 0x32, 0x0e, 0x33, 0xef, 0x3a, 0xee, 0x32, 0x0e, 0x33,
    0xef, 0x3a, 0x0e, 0x33, 0xee, 0x32, 0x0f, 0x3b, 0x0e, 0x33, 0xee, 0x32,
    0x0f, 0x3b, 0xee, 0x32, 0xee, 0x32, 0x0f, 0x3b, 0x0e, 0x33, 0xee, 0x32,
    0x0f, 0x3b, 0x0e, 0x33, 0xee, 0x32, 0xef, 0x3a, 0x0e, 0x33, 0x0e, 0x33,
    0xef, 0x3a, 0x0e, 0x33, 0xee, 0x32, 0x0f, 0x3b, 0xee, 0x32, 0x0e, 0x33,
    0x0f, 0x3b, 0xee, 0x32, 0x0e, 0x33, 0x0f, 0x3b, 0xee, 0x32, 0x0e, 0x33,
    0xef, 0x3a, 0xee, 0x32, 0x0e, 0x33, 0xef, 0x3a, 0xee, 0x32, 0x0e, 0x33,
    0xef, 0x3a, 0x0e, 0x33, 0xee, 0x32, 0x0f, 0x3b, 0x0e, 0x33, 0xee, 0x32,
    0x0f, 0x3b, 0xee, 0x32, 0xee, 0x32, 0x0f, 0x3b, 0x0e, 0x33, 0xee, 0x32,
    0x0f, 0x3b, 0x0e, 0x33, 0xee, 0x32, 0xef, 0x3a, 0x0e, 0x33, 0x0e, 0x33,
    0xef, 0x3a, 0x0e, 0x33, 0xee, 0x32, 0x0f, 0x3b, 0xee, 0x32, 0x0e, 0x33,
    0x0f, 0x3b, 0xee, 0x32, 0x0e, 0x33, 0x0f, 0x3b, 0xee, 0x32, 0x0e, 0x33,
    0xef, 0x3a, 0xee, 0x32, 0x0e, 0x33, 0xef, 0x3a, 0xee, 0x32, 0x0e, 0x33,
    0xef, 0x3a, 0x0e, 0x33, 0xee, 0x32, 0x0f, 0x3b, 0x0e, 0x33, 0xee, 0x32,
    0x0f, 0x3b, 0xee, 0x32, 0xee, 0x32, 0x0f, 0x3b, 0x0e, 0x33, 0xee, 0x32,
    0x0f, 0x3b, 0x0e, 0x33, 0xee, 0x32, 0xef, 0x3a, 0x0e, 0x33, 0x0e, 0x33,
    0xef, 0x3a, 0x0e, 0x33, 0xee, 0x32, 0x0f, 0x3b, 0xee, 0x32, 0x0e, 0x33,
    0x0f, 0x3b, 0xee, 0x32, 0x0e, 0x33, 0x0f, 0x3b, 0xee, 0x32, 0x0e, 0x33,
    0xef, 0x3a, 0xee, 0x32, 0x0e, 0x33, 0xef, 0x3a, 0xee, 0x32, 0x0e, 0x33,
    0xef, 0x3a, 0x0e, 0x33, 0xee, 0x32, 0x0f, 0x3b, 0x0e, 0x33, 0xee, 0x32,
    0x0f, 0x3b, 0xee, 0x32, 0xee, 0x32, 0x0f, 0x3b, 0x0e, 0x33, 0xee, 0x32,
    0x0f, 0x3b, 0x0e, 0x33, 0xee, 0x32, 0xef, 0x3a, 0x0e, 0x33, 0x0e, 0x33,
    0xef, 0x3a, 0x0e, 0x33, 0xee, 0x32, 0x0f, 0x3b, 0xee, 0x32, 0x0e, 0x33,
    0x0f, 0x3b, 0xee, 0x32, 0x0e, 0x33, 0x0f, 0x3b, 0xee, 0x32, 0x0e, 0x33,
    0xef, 0x3a, 0xee, 0x32, 0x0e, 0x33, 0xef, 0x3a, 0xee, 0x32, 0x0e, 0x33,
    0xef, 0x3a, 0x0e, 0x33, 0xee, 0x32, 0x0f, 0x3b, 0x0e, 0x33, 0xee, 0x32,
    0x0f, 0x3b, 0xef, 0x3a, 0xee, 0x32, 0x0f, 0x3b, 0x0e, 0x33, 0xee, 0x32,
    0x0f, 0x3b, 0x0e, 0x33, 0xee, 0x32, 0xef, 0x3a, 0x0f, 0x3b, 0x0e, 0x33,
    0xee, 0x32, 0x0f, 0x3b, 0xee, 0x32, 0x0f, 0x3b, 0xef, 0x3a, 0x0e, 0x33,
    0x0e, 0x33, 0xef, 0x3a, 0x0e, 0x33, 0x0e, 0x33, 0xef, 0x3a, 0x0e, 0x33,
    0xee, 0x32, 0xef, 0x3a, 0x0f, 0x3b, 0xee, 0x32, 0xef, 0x3a, 0x0e, 0x33,
    0x0e, 0x33, 0xef, 0x3a, 0xee, 0x32, 0xee, 0x32, 0x0f, 0x3b, 0xee, 0x32,
    0x0f, 0x3b, 0x0f, 0x3b, 0xee, 0x32, 0x0e, 0x33, 0x0f, 0x3b, 0xef, 0x3a,
    0x0e, 0x33, 0x0f, 0x3b, 0xef, 0x3a, 0x0e, 0x33, 0xee, 0x32, 0xef, 0x3a,
    0x0e, 0x33, 0xef, 0x3a, 0x0e, 0x33, 0x0e, 0x33, 0xef, 0x3a, 0x0f, 0x3b,
    0x0e, 0x33, 0xee, 0x32, 0xef, 0x3a, 0x0e, 0x33, 0xef, 0x3a, 0xef, 0x3a,
    0x0e, 0x33, 0xee, 0x32, 0xef, 0x3a, 0x0e, 0x33, 0x0e, 0x33, 0xef, 0x3a,
    0xee, 0x32, 0x0f, 0x3b, 0xee, 0x32, 0xef, 0x3a, 0x0e, 0x33, 0xee, 0x32,
    0x0f, 0x3b, 0x0e, 0x33, 0xee, 0x32, 0x0f, 0x3b, 0xef, 0x3a, 0x0e, 0x33,
    0xef, 0x3a, 0xef, 0x3a, 0x0e, 0x33, 0xee, 0x32, 0xef, 0x3a, 0x0e, 0x33,
    0x0f, 0x3b, 0xee, 0x32, 0x0f, 0x3b, 0x0e, 0x33, 0xee, 0x32, 0x0f, 0x3b,
    0x0e, 0x33, 0xef, 0x3a, 0x0f, 0x3b, 0x0e, 0x33, 0xee, 0x32, 0xef, 0x3a,
    0x0f, 0x3b, 0xee, 0x32, 0xef, 0x3a, 0x0f, 0x3b, 0xee, 0x32, 0x0f, 0x3b,
    0xef, 0x3a, 0x0e, 0x33, 0x0e, 0x33, 0xef, 0x3a, 0x0e, 0x33, 0x0e, 0x33,
    0xef, 0x3a, 0x0e, 0x33, 0x0f, 0x3b, 0xef, 0x3a, 0x0e, 0x33, 0x0e, 0x33,
    0xef, 0x3a, 0x0e, 0x33, 0x0e, 0x33, 0xef, 0x3a, 0x0e, 0x33, 0xef, 0x3a,
    0xef, 0x3a, 0x0e, 0x33, 0xef, 0x3a, 0x0e, 0x33, 0xef, 0x3a, 0x0e, 0x33,
    0x0f, 0x3b, 0xef, 0x3a, 0x0e, 0x33, 0x0f, 0x3b, 0xee, 0x32, 0xee, 0x32,
    0x0f, 0x3b, 0xee, 0x32, 0x0e, 0x33, 0x0f, 0x3b, 0xef, 0x3a, 0x0f, 0x3b,
    0xee, 0x32, 0x0f, 0x3b, 0xef, 0x3a, 0x0e, 0x33, 0xee, 0x32, 0x0f, 0x3b,
    0xee, 0x32, 0x0e, 0x33, 0xef, 0x3a, 0x0e, 0x33, 0xef, 0x3a, 0x0f, 0x3b,
    0x0e, 0x33, 0xee, 0x32, 0x0f, 0x3b, 0x0f, 0x3b, 0xee, 0x32, 0x0f, 0x3b,
    0xef, 0x3a, 0x0e, 0x33, 0x0f, 0x3b, 0xee, 0x32, 0x0f, 0x3b, 0xef, 0x3a,
    0xee, 0x32, 0x0e, 0x33, 0x0f, 0x3b, 0xee, 0x32, 0xee, 0x32, 0x0f, 0x3b,
    0xee, 0x32, 0x0f, 0x3b, 0xef, 0x3a, 0x0e, 0x33, 0xef, 0x3a, 0xee, 0x32,
    0x0f, 0x3b, 0xee, 0x32, 0xef, 0x3a, 0x0e, 0x33, 0xef, 0x3a, 0x0e, 0x33,
    0xef, 0x3a, 0x0f, 0x3b, 0x0e, 0x33, 0xef, 0x3a, 0x0f, 0x3b, 0x0e, 0x33,
    0xef, 0x3a, 0x0e, 0x33, 0xee, 0x32, 0x0f, 0x3b, 0x0e, 0x33, 0xee, 0x32,
    0xef, 0x3a, 0x0e, 0x33, 0xef, 0x3a, 0x0e, 0x33, 0x0f, 0x3b, 0xee, 0x32,
    0x0f, 0x3b, 0xef, 0x3a, 0x0e, 0x33, 0xef, 0x3a, 0x0f, 0x3b, 0xee, 0x32,
    0x0f, 0x3b, 0x0f, 0x3b, 0xee, 0x32, 0xef, 0x3a, 0x0f, 0x3b, 0xee, 0x32,
    0xef, 0x3a, 0x0f, 0x3b, 0xee, 0x32, 0x0f, 0x3b, 0xef, 0x3a, 0xee, 0x32,
    0x0f, 0x3b, 0xef, 0x3a, 0x0e, 0x33, 0x0f, 0x3b, 0xef, 0x3a, 0x0e, 0x33,
    0x0f, 0x3b, 0xef, 0x3a, 0x0e, 0x33, 0x0f, 0x3b, 0xef, 0x3a, 0xee, 0x32,
    0x0f, 0x3b, 0xef, 0x3a, 0x0e, 0x33, 0x0f, 0x3b, 0xef, 0x3a, 0xee, 0x32,
    0x0f, 0x3b, 0xef, 0x3a, 0xee, 0x32, 0x0f, 0x3b, 0x0f, 0x3b, 0xee, 0x32,
    0x0f, 0x3b, 0xef, 0x3a, 0xee, 0x32, 0x0f, 0x3b, 0xef, 0x3a, 0x0e, 0x33,
    0x0f, 0x3b, 0xef, 0x3a, 0x0e, 0x33, 0x0f, 0x3b, 0xef, 0x3a, 0xee, 0x32,
    0x0f, 0x3b, 0xef, 0x3a, 0xee, 0x32, 0x0f, 0x3b, 0x0f, 0x3b, 0xee, 0x32,
    0x0f, 0x3b, 0xef, 0x3a, 0x0e, 0x33, 0x0f, 0x3b, 0xef, 0x3a, 0xee, 0x32,
    0x0f, 0x3b, 0xef, 0x3a, 0xee, 0x32, 0x0f, 0x3b, 0xef, 0x3a, 0x0e, 0x33,
    0xef, 0x3a, 0x0f, 0x3b, 0x0e, 0x33, 0xef, 0x3a, 0xef, 0x3a, 0x0e, 0x33,
    0x0f, 0x3b, 0xef, 0x3a, 0x0e, 0x33, 0x0f, 0x3b, 0xef, 0x3a, 0x0e, 0x33,
    0x0f, 0x3b, 0xef, 0x3a, 0x0e, 0x33, 0x0f, 0x3b, 0xef, 0x3a, 0x0e, 0x33,
    0x0f, 0x3b, 0xef, 0x3a, 0x0e, 0x33, 0x0f, 0x3b, 0xef, 0x3a, 0x0e, 0x33,
    0x0f, 0x3b, 0xef, 0x3a, 0x0e, 0x33, 0xef, 0x3a, 0xef, 0x3a, 0x0e, 0x33,
    0x0f, 0x3b, 0xef, 0x3a, 0x0e, 0x33, 0xef, 0x3a, 0x0f, 0x3b, 0x0e, 0x33,
    0xef, 0x3a, 0xef, 0x3a, 0x0e, 0x33, 0xef, 0x3a, 0xef, 0x3a, 0x0e, 0x33,
    0x0f, 0x3b, 0xef, 0x3a, 0x0e, 0x33, 0xef, 0x3a, 0xef, 0x3a, 0x0e, 0x33,
    0xef, 0x3a, 0x0f, 0x3b, 0x0e, 0x33, 0xef, 0x3a, 0x0f, 0x3b, 0xee, 0x32,
    0xef, 0x3a, 0x0f, 0x3b, 0xee, 0x32, 0x0f, 0x3b, 0x0f, 0x3b, 0xee, 0x32,
    0x0f, 0x3b, 0xef, 0x3a, 0x0e, 0x33, 0x0f, 0x3b, 0x0f, 0x3b, 0xee, 0x32,
    0x0f, 0x3b, 0xef, 0x3a, 0xee, 0x32, 0x0f, 0x3b, 0x0f, 0x3b, 0xee, 0x32,
    0x0f, 0x3b, 0x0f, 0x3b, 0xee, 0x32, 0xef, 0x3a, 0x0f, 0x3b, 0xee, 0x32,
    0xef, 0x3a, 0x0f, 0x3b, 0xee, 0x32, 0x0f, 0x3b, 0x0f, 0x3b, 0xee, 0x32,
    0x0f, 0x3b, 0x0f, 0x3b, 0xee, 0x32, 0x0f, 0x3b, 0x0f, 0x3b, 0xee, 0x32,
    0x0f, 0x3b, 0x0f, 0x3b, 0xee, 0x32, 0x0f, 0x3b, 0x0f, 0x3b, 0xee, 0x32,
    0xef, 0x3a, 0x0f, 0x3b, 0xee, 0x32, 0x0f, 0x3b, 0x0f, 0x3b, 0xee, 0x32,
    0xef, 0x3a, 0x0f, 0x3b, 0xee, 0x32, 0x0f, 0x3b, 0x0f, 0x3b, 0xee, 0x32,
    0xef, 0x3a, 0x0f, 0x3b, 0xee, 0x32, 0xef, 0x3a, 0x0f, 0x3b, 0xee, 0x32,
    0xef, 0x3a, 0x0f, 0x3b, 0x0e, 0x33, 0x0f, 0x3b, 0x0f, 0x3b, 0x0e, 0x33,
    0xef, 0x3a, 0x0f, 0x3b, 0xee, 0x32, 0xef, 0x3a, 0x0f, 0x3b, 0x0e, 0x33,
    0xef, 0x3a, 0xef, 0x3a, 0x0e, 0x33, 0xef, 0x3a, 0xef, 0x3a, 0x0e, 0x33,
    0xef, 0x3a, 0x0f, 0x3b, 0xee, 0x32, 0x0f, 0x3b, 0xef, 0x3a, 0x0e, 0x33,
    0xef, 0x3a, 0x0f, 0x3b, 0x0e, 0x33, 0x0f, 0x3b, 0xef, 0x3a, 0x0e, 0x33,
    0xef, 0x3a, 0xef, 0x3a, 0x0e, 0x33, 0xef, 0x3a, 0x0f, 0x3b, 0x0e, 0x33,
    0xef, 0x3a, 0x0f, 0x3b, 0xee, 0x32, 0xef, 0x3a, 0x0f, 0x3b, 0xee, 0x32,
    0x0f, 0x3b, 0x0f, 0x3b, 0xee, 0x32, 0x0f, 0x3b, 0x0f, 0x3b, 0xee, 0x32,
    0xef, 0x3a, 0x0f, 0x3b, 0xee, 0x32, 0x0f, 0x3b, 0xef, 0x3a, 0x0e, 0x33,
    0x0f, 0x3b, 0xef, 0x3a, 0x0e, 0x33, 0xef, 0x3a, 0xef, 0x3a, 0x0e, 0x33,
    0xef, 0x3a, 0x0f, 0x3b, 0x0e, 0x33, 0x0f, 0x3b, 0xef, 0x3a, 0x0e, 0x33,
    0xef, 0x3a, 0xef, 0x3a, 0x0e, 0x33, 0x0f, 0x3b, 0xef, 0x3a, 0x0e, 0x33,
    0xef, 0x3a, 0xef, 0x3a, 0x0e, 0x33, 0xef, 0x3a, 0x0f, 0x3b, 0x0e, 0x33,
    0xef, 0x3a, 0x0f, 0x3b, 0x0e, 0x33, 0xef, 0x3a, 0x0f, 0x3b, 0x0e, 0x33,
    0xef, 0x3a, 0x0f, 0x3b, 0xee, 0x32, 0x0f, 0x3b, 0xef, 0x3a, 0x0e, 0x33,
    0x0f, 0x3b, 0xef, 0x3a, 0x0e, 0x33, 0xef, 0x3a, 0xef, 0x3a, 0xee, 0x32,
    0x0f, 0x3b, 0xef, 0x3a, 0x0e, 0x33, 0x0f, 0x3b, 0xef, 0x3a, 0xee, 0x32,
    0x0f, 0x3b, 0xef, 0x3a, 0x0e, 0x33, 0x0f, 0x3b, 0xef, 0x3a, 0x0e, 0x33,
    0xef, 0x3a, 0xef, 0x3a, 0x0e, 0x33, 0xef, 0x3a, 0xef, 0x3a, 0x0e, 0x33,
    0xef, 0x3a, 0x0f, 0x3b, 0x0e, 0x33, 0xef, 0x3a, 0x0f, 0x3b, 0xee, 0x32,
    0x0f, 0x3b, 0xef, 0x3a, 0xee, 0x32, 0x0f, 0x3b, 0xef, 0x3a, 0xee, 0x32,
    0x0f, 0x3b, 0x0f, 0x3b, 0xee, 0x32, 0x0f, 0x3b, 0xef, 0x3a, 0xee, 0x32,
    0x0f, 0x3b, 0xef, 0x3a, 0xee, 0x32, 0x0f, 0x3b, 0x0f, 0x3b, 0xee, 0x32,
    0xef, 0x3a, 0x0f, 0x3b, 0xee, 0x32, 0x0f, 0x3b, 0x0f, 0x3b, 0xee, 0x32,
    0xef, 0x3a, 0x0f, 0x3b, 0xee, 0x32, 0xef, 0x3a, 0x0f, 0x3b, 0xee, 0x32,
    0x0f, 0x3b, 0x0f, 0x3b, 0xee, 0x32, 0x0f, 0x3b, 0x0f, 0x3b, 0xee, 0x32,
    0x0f, 0x3b, 0xef, 0x3a, 0xee, 0x32, 0x0f, 0x3b, 0xef, 0x3a, 0xee, 0x32,
    0x0f, 0x3b, 0x0f, 0x3b, 0xee, 0x32, 0x0f, 0x3b, 0xef, 0x3a, 0xee, 0x32,
    0x0f, 0x3b, 0xef, 0x3a, 0xee, 0x32, 0x0f, 0x3b, 0x0f, 0x3b, 0xee, 0x32,
    0xef, 0x3a, 0x0f, 0x3b, 0xee, 0x32, 0x0f, 0x3b, 0x0f, 0x3b, 0xee, 0x32,
    0xef, 0x3a, 0x0f, 0x3b, 0xee, 0x32, 0xef, 0x3a, 0x0f, 0x3b, 0xee, 0x32,
    0x0f, 0x3b, 0x0f, 0x3b, 0xee, 0x32, 0x0f, 0x3b, 0x0f, 0x3b, 0xee, 0x32,
    0x0f, 0x3b, 0xef, 0x3a, 0xee, 0x32, 0x0f, 0x3b, 0xef, 0x3a, 0xee, 0x32,
    0x0f, 0x3b, 0x0f, 0x3b, 0xee, 0x32, 0x0f, 0x3b, 0xef, 0x3a, 0xee, 0x32,
    0x0f, 0x3b, 0xef, 0x3a, 0xee, 0x32, 0x0f, 0x3b, 0x0f, 0x3b, 0xee, 0x32,
    0xef, 0x3a, 0x0f, 0x3b, 0xee, 0x32, 0x0f, 0x3b, 0x0f, 0x3b, 0xee, 0x32,
    0xef, 0x3a, 0x0f, 0x3b, 0xee, 0x32, 0xef, 0x3a, 0x0f, 0x3b, 0xee, 0x32,
    0x0f, 0x3b, 0x0f, 0x3b, 0xee, 0x32, 0x0f, 0x3b, 0x0f, 0x3b, 0xee, 0x32,
    0x0f, 0x3b, 0xef, 0x3a, 0xee, 0x32, 0x0f, 0x3b, 0xef, 0x3a, 0xee, 0x32,
    0x0f, 0x3b, 0x0f, 0x3b, 0xee, 0x32, 0x0f, 0x3b, 0xef, 0x3a, 0xee, 0x32,
    0x0f, 0x3b, 0xef, 0x3a, 0xee, 0x32, 0x0f, 0x3b, 0x0f, 0x3b, 0xee, 0x32,
    0xef, 0x3a, 0x0f, 0x3b, 0xee, 0x32, 0x0f, 0x3b, 0x0f, 0x3b, 0xee, 0x32,
    0xef, 0x3a, 0x0f, 0x3b, 0xee, 0x32, 0xef, 0x3a, 0x0f, 0x3b, 0xee, 0x32,
    0x0f, 0x3b, 0x0f, 0x3b, 0xee, 0x32, 0x0f, 0x3b, 0x0f, 0x3b, 0xee, 0x32,
    0x0f, 0x3b, 0xef, 0x3a, 0xee, 0x32, 0x0f, 0x3b, 0xef, 0x3a, 0xee, 0x32,
    0x0f, 0x3b, 0x0f, 0x3b, 0xee, 0x32, 0x0f, 0x3b, 0xef, 0x3a, 0xee, 0x32,
    0x0f, 0x3b, 0xef, 0x3a, 0xee, 0x32, 0x0f, 0x3b, 0x0f, 0x3b, 0xee, 0x32,
    0xef, 0x3a, 0x0f, 0x3b, 0xee, 0x32, 0x0f, 0x3b, 0x0f, 0x3b, 0xee, 0x32,
    0xef, 0x3a, 0x0f, 0x3b, 0xee, 0x32, 0xef, 0x3a, 0x0f, 0x3b, 0xee, 0x32,
    0x0f, 0x3b, 0x0f, 0x3b, 0xee, 0x32, 0x0f, 0x3b, 0x0f, 0x3b, 0xee, 0x32,
    0x0f, 0x3b, 0xef, 0x3a, 0xee, 0x32, 0x0f, 0x3b, 0xef, 0x3a, 0xee, 0x32,
    0x0f, 0x3b, 0x0f, 0x3b, 0xee, 0x32, 0x0f, 0x3b, 0xef, 0x3a, 0xee, 0x32,
    0x0f, 0x3b, 0xef, 0x3a, 0xee, 0x32, 0x0f, 0x3b, 0x0f, 0x3b, 0xee, 0x32,
    0xef, 0x3a, 0x0f, 0x3b, 0xee, 0x32, 0x0f, 0x3b, 0x0f, 0x3b, 0xee, 0x32,
    0xef, 0x3a, 0x0f, 0x3b, 0xee, 0x32, 0xef, 0x3a, 0x0f, 0x3b, 0xee, 0x32,
    0x0f, 0x3b, 0x0f, 0x3b, 0xee, 0x32, 0x0f, 0x3b, 0x0f, 0x3b, 0xee, 0x32,
    0x0f, 0x3b, 0xef, 0x3a, 0xee, 0x32, 0x0f, 0x3b, 0xef, 0x3a, 0xee, 0x32,
    0x0f, 0x3b, 0x0f, 0x3b, 0xee, 0x32, 0x0f, 0x3b, 0xef, 0x3a, 0xee, 0x32,
    0x0f, 0x3b, 0xef, 0x3a, 0xee, 0x32, 0x0f, 0x3b, 0x0f, 0x3b, 0xee, 0x32,
    0xef, 0x3a, 0x0f, 0x3b, 0xee, 0x32, 0x0f, 0x3b, 0x0f, 0x3b, 0xee, 0x32,
    0xef, 0x3a, 0x0f, 0x3b, 0xee, 0x32, 0xef, 0x3a, 0x0f, 0x3b, 0xee, 0x32,
    0x0f, 0x3b, 0x0f, 0x3b, 0xee, 0x32, 0x0f, 0x3b, 0x0f, 0x3b, 0xee, 0x32,
    0x0f, 0x3b, 0xef, 0x3a, 0xee, 0x32, 0x0f, 0x3b, 0xef, 0x3a, 0xee, 0x32,
    0x0f, 0x3b, 0x0f, 0x3b, 0xee, 0x32, 0x0f, 0x3b, 0xef, 0x3a, 0xee, 0x32,
    0x0f, 0x3b, 0xef, 0x3a, 0xee, 0x32, 0x0f, 0x3b, 0x0f, 0x3b, 0xee, 0x32,
    0xef, 0x3a, 0x0f, 0x3b, 0xee, 0x32, 0x0f, 0x3b, 0x0f, 0x3b, 0xee, 0x32,
    0xef, 0x3a, 0x0f, 0x3b, 0xee, 0x32, 0xef, 0x3a, 0x0f, 0x3b, 0xee, 0x32,
    0x0f, 0x3b, 0x0f, 0x3b, 0xee, 0x32, 0x0f, 0x3b, 0x0f, 0x3b, 0xee, 0x32,
    0x0f, 0x3b, 0xef, 0x3a, 0xee, 0x32, 0x0f, 0x3b, 0xef, 0x3a, 0xee, 0x32,
    0x0f, 0x3b, 0x0e, 0x33, 0xee, 0x32, 0x0f, 0x3b, 0xee, 0x32, 0xef, 0x3a,
    0x0f, 0x3b, 0xee, 0x32, 0xef, 0x3a, 0x0f, 0x3b, 0x0e, 0x33, 0xef, 0x3a,
    0xef, 0x3a, 0x0e, 0x33, 0xef, 0x3a, 0x0f, 0x3b, 0x0e, 0x33, 0xee, 0x32,
    0xef, 0x3a, 0x0f, 0x3b, 0xee, 0x32, 0xef, 0x3a, 0x0f, 0x3b, 0xee, 0x32,
    0x0f, 0x3b, 0x0f, 0x3b, 0xee, 0x32, 0x0e, 0x33, 0x0f, 0x3b, 0xef, 0x3a,
    0xee, 0x32, 0x0f, 0x3b, 0x0f, 0x3b, 0xee, 0x32, 0x0f, 0x3b, 0x0e, 0x33,
    0xef, 0x3a, 0xee, 0x32, 0x0e, 0x33, 0xef, 0x3a, 0xef, 0x3a, 0x0e, 0x33,
    0xee, 0x32, 0xef, 0x3a, 0x0e, 0x33, 0xee, 0x32, 0x0f, 0x3b, 0x0f, 0x3b,
    0xee, 0x32, 0x0e, 0x33, 0xef, 0x3a, 0xef, 0x3a, 0x0e, 0x33, 0xef, 0x3a,
    0xee, 0x32, 0x0f, 0x3b, 0x0f, 0x3b, 0xee, 0x32, 0x0f, 0x3b, 0x0e, 0x33,
    0xef, 0x3a, 0x0f, 0x3b, 0x0e, 0x33, 0xef, 0x3a, 0x0f, 0x3b, 0x0e, 0x33,
    0xef, 0x3a, 0x0e, 0x33, 0x0e, 0x33, 0xef, 0x3a, 0x0f, 0x3b, 0x0e, 0x33,
    0xef, 0x3a, 0xee, 0x32, 0x0f, 0x3b, 0xef, 0x3a, 0x0e, 0x33, 0xee, 0x32,
    0x0f, 0x3b, 0x0e, 0x33, 0x0e, 0x33, 0xef, 0x3a, 0x0f, 0x3b, 0x0e, 0x33,
    0xef, 0x3a, 0xee, 0x32, 0xee, 0x32, 0x0f, 0x3b, 0xef, 0x3a, 0xef, 0x3a,
    0x0e, 0x33, 0xef, 0x3a, 0xee, 0x32, 0x0e, 0x33, 0xef, 0x3a, 0x0e, 0x33,
    0x0f, 0x3b, 0xee, 0x32, 0x0e, 0x33, 0xef, 0x3a, 0xee, 0x32, 0x0e, 0x33,
    0x0f, 0x3b, 0xee, 0x32, 0xef, 0x3a, 0x0e, 0x33, 0xef, 0x3a, 0xef, 0x3a,
    0x0e, 0x33, 0xef, 0x3a, 0xee, 0x32, 0x0e, 0x33, 0xef, 0x3a, 0xee, 0x32,
    0x0f, 0x3b, 0xef, 0x3a, 0xee, 0x32, 0x0f, 0x3b, 0xef, 0x3a, 0x0e, 0x33,
    0x0e, 0x33, 0xef, 0x3a, 0x0e, 0x33, 0xef, 0x3a, 0x0e, 0x33, 0xef, 0x3a,
    0xee, 0x32, 0x0e, 0x33, 0xef, 0x3a, 0xee, 0x32, 0x0f, 0x3b, 0x0f, 0x3b,
    0xee, 0x32, 0x0f, 0x3b, 0xef, 0x3a, 0xee, 0x32, 0x0e, 0x33, 0xef, 0x3a,
    0x0e, 0x33, 0xee, 0x32, 0x0f, 0x3b, 0xee, 0x32, 0x0f, 0x3b, 0xef, 0x3a,
    0x0e, 0x33, 0xef, 0x3a, 0x0f, 0x3b, 0xee, 0x32, 0x0e, 0x33, 0xef, 0x3a,
    0xee, 0x32, 0x0e, 0x33, 0xef, 0x3a, 0xee, 0x32, 0x0e, 0x33, 0xef, 0x3a,
    0x0e, 0x33, 0xef, 0x3a, 0x0e, 0x33, 0xee, 0x32, 0xef, 0x3a, 0x0e, 0x33,
    0x0e, 0x33, 0xef, 0x3a, 0xef, 0x3a, 0x0e, 0x33, 0xef, 0x3a, 0x0e, 0x33,
    0x0f, 0x3b, 0xee, 0x32, 0xee, 0x32, 0x0f, 0x3b, 0x0e, 0x33, 0xef, 0x3a,
    0x0f, 0x3b, 0x0e, 0x33, 0xef, 0x3a, 0x0e, 0x33, 0x0f, 0x3b, 0xef, 0x3a,
    0x0e, 0x33, 0xef, 0x3a, 0xee, 0x32, 0xee, 0x32, 0x0f, 0x3b, 0xee, 0x32,
    0xef, 0x3a, 0x0e, 0x33, 0xef, 0x3a, 0x0f, 0x3b, 0xee, 0x32, 0xef, 0x3a,
    0x0f, 0x3b, 0x0e, 0x33, 0xef, 0x3a, 0xef, 0x3a, 0x0e, 0x33, 0xef, 0x3a,
    0xee, 0x32, 0x0e, 0x33, 0xef, 0x3a, 0x0e, 0x33, 0xee, 0x32, 0x0f, 0x3b,
    0xee, 0x32, 0xee, 0x32, 0x0f, 0x3b, 0x0e, 0x33, 0xee, 0x32, 0x0f, 0x3b,
    0x0e, 0x33, 0xee, 0x32, 0x0f, 0x3b, 0xee, 0x32, 0x0e, 0x33, 0xef, 0x3a,
    0x0e, 0x33, 0x0e, 0x33, 0xef, 0x3a, 0xee, 0x32, 0x0e, 0x33, 0xef, 0x3a,
    0xee, 0x32, 0x0e, 0x33, 0xef, 0x3a, 0xee, 0x32, 0x0e, 0x33, 0x0f, 0x3b,
    0xee, 0x32, 0x0e, 0x33, 0xef, 0x3a, 0xee, 0x32, 0x0e, 0x33, 0x0f, 0x3b,
    0xee, 0x32, 0x0e, 0x33, 0x0f, 0x3b, 0xee, 0x32, 0xee, 0x32, 0x0f, 0x3b,
    0xee, 0x32, 0x0e, 0x33, 0x0f, 0x3b, 0x0e, 0x33, 0xee, 0x32, 0x0f, 0x3b,
    0xee, 0x32, 0xee, 0x32, 0x0f, 0x3b, 0xee, 0x32, 0x0e, 0x33, 0x0f, 0x3b,
    0xee, 0x32, 0x0e, 0x33, 0x0f, 0x3b, 0xee, 0x32, 0x0e, 0x33, 0xef, 0x3a,
    0xee, 0x32, 0x0e, 0x33, 0xef, 0x3a, 0x0e, 0x33, 0xee, 0x32, 0x0f, 0x3b,
    0xee, 0x32, 0x0e, 0x33, 0x0f, 0x3b, 0xee, 0x32, 0x0e, 0x33, 0xef, 0x3a,
    0x0e, 0x33, 0xee, 0x32, 0x0f, 0x3b, 0xee, 0x32, 0x0e, 0x33, 0xef, 0x3a,
    0xee, 0x32, 0x0e, 0x33, 0xef, 0x3a, 0xee, 0x32, 0x0e, 0x33, 0xef, 0x3a,
    0xee, 0x32, 0x0e, 0x33, 0xef, 0x3a, 0xee, 0x32, 0x0e, 0x33, 0xef, 0x3a,
    0xee, 0x32, 0x0e, 0x33, 0x0f, 0x3b, 0xee, 0x32, 0xee, 0x32, 0x0f, 0x3b,
    0xee, 0x32, 0xee, 0x32, 0x0f, 0x3b, 0xee, 0x32, 0x0e, 0x33, 0x0f, 0x3b,
    0xee, 0x32, 0xee, 0x32, 0x0f, 0x3b, 0x0e, 0x33, 0xee, 0x32, 0xef, 0x3a,
    0x0e, 0x33, 0x0e, 0x33, 0xef, 0x3a, 0x0e, 0x33, 0x0e, 0x33, 0xef, 0x3a,
    0xee, 0x32, 0x0e, 0x33, 0xef, 0x3a, 0x0e, 0x33, 0x0e, 0x33, 0x0f, 0x3b,
    0xee, 0x32, 0x0e, 0x33, 0xef, 0x3a, 0xee, 0x32, 0x0e, 0x33, 0x0f, 0x3b,
    0xee, 0x32, 0x0e, 0x33, 0x0f, 0x3b, 0xee, 0x32, 0xee, 0x32, 0x0f, 0x3b,
    0xee, 0x32, 0x0e, 0x33, 0x0f, 0x3b, 0xee, 0x32, 0xee, 0x32, 0xef, 0x3a,
    0x0e, 0x33, 0x0e, 0x33, 0xef, 0x3a, 0x0e, 0x33, 0xee, 0x32, 0x0f, 0x3b,
    0xee, 0x32, 0xee, 0x32, 0x0f, 0x3b, 0xee, 0x32, 0x0e, 0x33, 0xef, 0x3a,
    0x0e, 0x33, 0x0e, 0x33, 0xef, 0x3a, 0xee, 0x32, 0x0e, 0x33, 0xef, 0x3a,
    0xee, 0x32, 0x0e, 0x33, 0xef, 0x3a, 0xee, 0x32, 0x0e, 0x33, 0xef, 0x3a,
    0xee, 0x32, 0x0e, 0x33, 0xef, 0x3a, 0xee, 0x32, 0x0e, 0x33, 0xef, 0x3a,
    0x0e, 0x33, 0x0e, 0x33, 0xef, 0x3a, 0x0e, 0x33, 0xee, 0x32, 0xef, 0x3a,
    0x0e, 0x33, 0x0e, 0x33, 0xef, 0x3a, 0x0e, 0x33, 0xee, 0x32, 0xef, 0x3a,
    0x0e, 0x33, 0x0e, 0x33, 0xef, 0x3a, 0x0e, 0x33, 0x0e, 0x33, 0xef, 0x3a,
    0x0e, 0x33, 0x0e, 0x33, 0xef, 0x3a, 0xee, 0x32, 0xee, 0x32, 0xef, 0x3a,
    0x0e, 0x33, 0xee, 0x32, 0x0f, 0x3b, 0x0e, 0x33, 0xee, 0x32, 0xef, 0x3a,
    0x0e, 0x33, 0xee, 0x32, 0x0f, 0x3b, 0x0e, 0x33, 0xee, 0x32, 0x0f, 0x3b,
    0x0e, 0x33, 0xee, 0x32, 0x0f, 0x3b, 0xee, 0x32, 0x0e, 0x33, 0xef, 0x3a,
    0x0e, 0x33, 0xee, 0x32, 0xef, 0x3a, 0x0e, 0x33, 0xee, 0x32, 0xef, 0x3a,
    0x0e, 0x33, 0x0e, 0x33, 0xef, 0x3a, 0x0e, 0x33, 0xee, 0x32, 0xef, 0x3a,
    0x0e, 0x33, 0xee, 0x32, 0x0f, 0x3b, 0x0e, 0x33, 0xee, 0x32, 0x0f, 0x3b,
    0xee, 0x32, 0xee, 0x32, 0x0f, 0x3b, 0xee, 0x32, 0xee, 0x32, 0x0f, 0x3b,
    0xee, 0x32, 0x0e, 0x33, 0x0f, 0x3b, 0xee, 0x32, 0x0e, 0x33, 0xef, 0x3a,
    0x0e, 0x33, 0xee, 0x32, 0xef, 0x3a, 0x0e, 0x33, 0x0e, 0x33, 0xef, 0x3a,
    0x0e, 0x33, 0xee, 0x32, 0xef, 0x3a, 0xee, 0x32, 0x0e, 0x33, 0xef, 0x3a,
    0x0e, 0x33, 0x0e, 0x33, 0xef, 0x3a, 0x0e, 0x33, 0xee, 0x32, 0xef, 0x3a,
    0x0e, 0x33, 0x0e, 0x33, 0xef, 0x3a, 0x0e, 0x33, 0xee, 0x32, 0xef, 0x3a,
    0x0e, 0x33, 0xee, 0x32, 0xef, 0x3a, 0x0e, 0x33, 0xee, 0x32, 0xef, 0x3a,
    0x0e, 0x33, 0xee, 0x32, 0x0f, 0x3b, 0xee, 0x32, 0x0e, 0x33, 0xef, 0x3a,
    0xee, 0x32, 0x0e, 0x33, 0xef, 0x3a, 0x0e, 0x33, 0x0e, 0x33, 0x0f, 0x3b,
    0xee, 0x32, 0x0e, 0x33, 0xef, 0x3a, 0xee, 0x32, 0x0e, 0x33, 0xef, 0x3a,
    0x0e, 0x33, 0x0e, 0x33, 0xef, 0x3a, 0xee, 0x32, 0x0e, 0x33, 0xef, 0x3a,
    0x0e, 0x33, 0x0e, 0x33, 0xef, 0x3a, 0x0e, 0x33, 0x0e, 0x33, 0xef, 0x3a,
    0x0e, 0x33, 0xee, 0x32, 0xef, 0x3a, 0x0e, 0x33, 0xee, 0x32, 0x0f, 0x3b,
    0xee, 0x32, 0x0e, 0x33, 0x0f, 0x3b, 0xee, 0x32, 0x0e, 0x33, 0x0f, 0x3b,
    0xee, 0x32, 0xee, 0x32, 0x0f, 0x3b, 0xee, 0x32, 0xee, 0x32, 0x0f, 0x3b,
    0x0e, 0x33, 0xee, 0x32, 0x0f, 0x3b, 0x0e, 0x33, 0xee, 0x32, 0xef, 0x3a,
    0x0e, 0x33, 0x0e, 0x33, 0xef, 0x3a, 0xee, 0x32, 0x0e, 0x33, 0xef, 0x3a,
    0x0e, 0x33, 0xee, 0x32, 0x0f, 0x3b, 0x0e, 0x33, 0xee, 0x32, 0x0f, 0x3b,
    0xee, 0x32, 0xee, 0x32, 0x0f, 0x3b, 0xee, 0x32, 0xee, 0x32, 0x0f, 0x3b,
    0xee, 0x32, 0x0e, 0x33, 0x0f, 0x3b, 0xee, 0x32, 0x0e, 0x33, 0x0f, 0x3b,
    0xee, 0x32, 0xee, 0x32, 0x0f, 0x3b, 0xee, 0x32, 0xee, 0x32, 0x0f, 0x3b,
    0x0e, 0x33, 0xee, 0x32, 0x0f, 0x3b, 0x0e, 0x33, 0xee, 0x32, 0xef, 0x3a,
    0x0e, 0x33, 0x0e, 0x33, 0xef, 0x3a, 0xee, 0x32, 0x0e, 0x33, 0xef, 0x3a,
    0x0e, 0x33, 0xee, 0x32, 0x0f, 0x3b, 0x0e, 0x33, 0xee, 0x32, 0x0f, 0x3b,
    0xee, 0x32, 0xee, 0x32, 0x0f, 0x3b, 0xee, 0x32, 0xee, 0x32, 0x0f, 0x3b,
    0xee, 0x32, 0x0e, 0x33, 0x0f, 0x3b, 0xee, 0x32, 0x0e, 0x33, 0x0f, 0x3b,
    0xee, 0x32, 0xee, 0x32, 0x0f, 0x3b, 0xee, 0x32, 0xee, 0x32, 0x0f, 0x3b,
    0x0e, 0x33, 0xee, 0x32, 0x0f, 0x3b, 0x0e, 0x33, 0xee, 0x32, 0xef, 0x3a,
    0x0e, 0x33, 0x0e, 0x33, 0xef, 0x3a, 0xee, 0x32, 0x0e, 0x33, 0xef, 0x3a,
    0x0e, 0x33, 0xee, 0x32, 0x0f, 0x3b, 0x0e, 0x33, 0xee, 0x32, 0x0f, 0x3b,
    0xee, 0x32, 0xee, 0x32, 0x0f, 0x3b, 0xee, 0x32, 0xee, 0x32, 0x0f, 0x3b,
    0xee, 0x32, 0x0e, 0x33, 0x0f, 0x3b, 0xee, 0x32, 0x0e, 0x33, 0x0f, 0x3b,
    0xee, 0x32, 0xee, 0x32, 0x0f, 0x3b, 0xee, 0x32, 0xee, 0x32, 0x0f, 0x3b,
    0x0e, 0x33, 0xee, 0x32, 0x0f, 0x3b, 0x0e, 0x33, 0xee, 0x32, 0xef, 0x3a,
    0x0e, 0x33, 0x0e, 0x33, 0xef, 0x3a, 0xee, 0x32, 0x0e, 0x33, 0xef, 0x3a,
    0x0e, 0x33, 0xee, 0x32, 0x0f, 0x3b, 0x0e, 0x33, 0xee, 0x32, 0x0f, 0x3b,
    0xee, 0x32, 0xee, 0x32, 0x0f, 0x3b, 0xee, 0x32, 0xee, 0x32, 0x0f, 0x3b,
    0xee, 0x32, 0x0e, 0x33, 0x0f, 0x3b, 0xee, 0x32, 0x0e, 0x33, 0x0f, 0x3b,
    0xee, 0x32, 0xee, 0x32, 0x0f, 0x3b, 0xee, 0x32, 0xee, 0x32, 0x0f, 0x3b,
    0x0e, 0x33, 0xee, 0x32, 0x0f, 0x3b, 0x0e, 0x33, 0xee, 0x32, 0xef, 0x3a,
    0x0e, 0x33, 0x0e, 0x33, 0xef, 0x3a, 0xee, 0x32, 0x0e, 0x33, 0xef, 0x3a,
    0x0e, 0x33, 0xee, 0x32, 0x0f, 0x3b, 0x0e, 0x33, 0xee, 0x32, 0x0f, 0x3b,
    0xee, 0x32, 0xee, 0x32, 0x0f, 0x3b, 0xee, 0x32, 0xee, 0x32, 0x0f, 0x3b,
    0xee, 0x32, 0x0e, 0x33, 0x0f, 0x3b, 0xee, 0x32, 0x0e, 0x33, 0x0f, 0x3b,
    0xee, 0x32, 0xee, 0x32, 0x0f, 0x3b, 0xee, 0x32, 0xee, 0x32, 0x0f, 0x3b,
    0x0e, 0x33, 0xee, 0x32, 0x0f, 0x3b, 0x0e, 0x33, 0xee, 0x32, 0xef, 0x3a,
    0x0e, 0x33, 0x0e, 0x33, 0xef, 0x3a, 0xee, 0x32, 0x0e, 0x33, 0xef, 0x3a,
    0x0e, 0x33, 0xee, 0x32, 0x0f, 0x3b, 0x0e, 0x33, 0xee, 0x32, 0x0f, 0x3b,
    0xee, 0x32, 0xee, 0x32, 0x0f, 0x3b, 0xee, 0x32, 0xee, 0x32, 0x0f, 0x3b,
    0xee, 0x32, 0x0e, 0x33, 0x0f, 0x3b, 0xee, 0x32, 0x0e, 0x33, 0x0f, 0x3b,
    0xee, 0x32, 0xee, 0x32, 0x0f, 0x3b, 0xee, 0x32, 0xee, 0x32, 0x0f, 0x3b,
    0x0e, 0x33, 0xee, 0x32, 0x0f, 0x3b, 0x0e, 0x33, 0xee, 0x32, 0xef, 0x3a,
    0x0e, 0x33, 0x0e, 0x33, 0xef, 0x3a, 0xee, 0x32, 0x0e, 0x33, 0xef, 0x3a,
    0x0e, 0x33, 0xee, 0x32, 0x0f, 0x3b, 0x0e, 0x33, 0xee, 0x32, 0x0f, 0x3b,
    0xee, 0x32, 0xee, 0x32, 0x0f, 0x3b, 0xee, 0x32, 0xee, 0x32, 0x0f, 0x3b,
    0xee, 0x32, 0x0e, 0x33, 0x0f, 0x3b, 0xee, 0x32, 0x0e, 0x33, 0x0f, 0x3b,
    0xee, 0x32, 0xee, 0x32, 0x0f, 0x3b, 0xee, 0x32, 0xee, 0x32, 0x0f, 0x3b,
    0x0e, 0x33, 0xee, 0x32, 0x0f, 0x3b, 0x0e, 0x33, 0xee, 0x32, 0xef, 0x3a,
    0x0e, 0x33, 0x0e, 0x33, 0xef, 0x3a, 0xee, 0x32, 0x0e, 0x33, 0xef, 0x3a,
    0x0e, 0x33, 0xee, 0x32, 0x0f, 0x3b, 0x0e, 0x33, 0xee, 0x32, 0x0f, 0x3b,
    0xee, 0x32, 0xee, 0x32, 0x0f, 0x3b, 0xee, 0x32, 0xee, 0x32, 0x0f, 0x3b,
    0xee, 0x32, 0x0e, 0x33, 0x0f, 0x3b, 0xee, 0x32, 0x0e, 0x33, 0x0f, 0x3b,
    0xee, 0x32, 0xef, 0x3a, 0x0f, 0x3b, 0xee, 0x32, 0xef, 0x3a, 0x0e, 0x33,
    0x0e, 0x33, 0xef, 0x3a, 0x0e, 0x33, 0x0e, 0x33, 0xef, 0x3a, 0xee, 0x32,
    0x0e, 0x33, 0x0f, 0x3b, 0xee, 0x32, 0xee, 0x32, 0x0f, 0x3b, 0xee, 0x32,
    0x0f, 0x3b, 0xee, 0x32, 0x0e, 0x33, 0x0f, 0x3b, 0xee, 0x32, 0x0e, 0x33,
    0xef, 0x3a, 0xee, 0x32, 0x0e, 0x33, 0xef, 0x3a, 0xef, 0x3a, 0x0e, 0x33,
    0xee, 0x32, 0x0f, 0x3b, 0x0e, 0x33, 0xee, 0x32, 0xef, 0x3a, 0x0e, 0x33,
    0xef, 0x3a, 0x0f, 0x3b, 0xee, 0x32, 0x0f, 0x3b, 0xee, 0x32, 0x0e, 0x33,
    0x0f, 0x3b, 0xef, 0x3a, 0x0e, 0x33, 0x0f, 0x3b, 0xef, 0x3a, 0xee, 0x32,
    0x0e, 0x33, 0xef, 0x3a, 0x0f, 0x3b, 0x0e, 0x33, 0xef, 0x3a, 0x0e, 0x33,
    0x0f, 0x3b, 0xee, 0x32, 0x0e, 0x33, 0xef, 0x3a, 0xee, 0x32, 0x0f, 0x3b,
    0xee, 0x32, 0xee, 0x32, 0x0f, 0x3b, 0xee, 0x32, 0xee, 0x32, 0x0f, 0x3b,
    0xee, 0x32, 0xef, 0x3a, 0xef, 0x3a, 0x0e, 0x33, 0xef, 0x3a, 0xee, 0x32,
    0x0e, 0x33, 0x0f, 0x3b, 0xef, 0x3a, 0x0e, 0x33, 0xee, 0x32, 0xef, 0x3a,
    0x0f, 0x3b, 0xee, 0x32, 0xef, 0x3a, 0x0f, 0x3b, 0xee, 0x32, 0xee, 0x32,
    0x0f, 0x3b, 0x0f, 0x3b, 0xee, 0x32, 0x0f, 0x3b, 0xee, 0x32, 0x0e, 0x33,
    0x0f, 0x3b, 0xee, 0x32, 0x0f, 0x3b, 0xef, 0x3a, 0x0e, 0x33, 0xef, 0x3a,
    0xee, 0x32, 0x0f, 0x3b, 0xef, 0x3a, 0x0e, 0x33, 0x0f, 0x3b, 0xef, 0x3a,
    0x0e, 0x33, 0xef, 0x3a, 0x0e, 0x33, 0xef, 0x3a, 0x0e, 0x33, 0x0f, 0x3b,
    0xee, 0x32, 0x0e, 0x33, 0x0f, 0x3b, 0xef, 0x3a, 0x0e, 0x33, 0x0f, 0x3b,
    0xee, 0x32, 0x0e, 0x33, 0x0f, 0x3b, 0xee, 0x32, 0x0e, 0x33, 0xef, 0x3a,
    0xef, 0x3a, 0x0e, 0x33, 0xef, 0x3a, 0x0e, 0x33, 0x0e, 0x33, 0xef, 0x3a,
    0x0f, 0x3b, 0x0e, 0x33, 0xef, 0x3a, 0x0f, 0x3b, 0x0e, 0x33, 0xee, 0x32,
    0xef, 0x3a, 0x0e, 0x33, 0xee, 0x32, 0x0f, 0x3b, 0x0f, 0x3b, 0xee, 0x32,
    0x0f, 0x3b, 0xef, 0x3a, 0xee, 0x32, 0x0f, 0x3b, 0xee, 0x32, 0x0e, 0x33,
    0xef, 0x3a, 0x0e, 0x33, 0xee, 0x32, 0x0f, 0x3b, 0xef, 0x3a, 0x0e, 0x33,
    0x0f, 0x3b, 0xef, 0x3a, 0x0e, 0x33, 0x0f, 0x3b, 0xef, 0x3a, 0x0e, 0x33,
    0xef, 0x3a, 0xee, 0x32, 0x0f, 0x3b, 0x0e, 0x33, 0xef, 0x3a, 0x0f, 0x3b,
    0xee, 0x32, 0x0f, 0x3b, 0xee, 0x32, 0x0e, 0x33, 0x0f, 0x3b, 0xef, 0x3a,
    0xee, 0x32, 0x0f, 0x3b, 0x0f, 0x3b, 0xee, 0x32, 0x0f, 0x3b, 0xee, 0x32,
    0xee, 0x32, 0x0f, 0x3b, 0xee, 0x32, 0xee, 0x32, 0x0f, 0x3b, 0xee, 0x32,
    0xee, 0x32, 0x0f, 0x3b, 0x0e, 0x33, 0xef, 0x3a, 0x0e, 0x33, 0x0f, 0x3b,
    0xee, 0x32, 0x0f, 0x3b, 0x0e, 0x33, 0xee, 0x32, 0x0f, 0x3b, 0xee, 0x32,
    0x0e, 0x33, 0xef, 0x3a, 0xee, 0x32, 0x0e, 0x33, 0x0f, 0x3b, 0xee, 0x32,
    0x0e, 0x33, 0x0f, 0x3b, 0xef, 0x3a, 0x0e, 0x33, 0xef, 0x3a, 0x0f, 0x3b,
    0x0e, 0x33, 0xef, 0x3a, 0x0f, 0x3b, 0xee, 0x32, 0xef, 0x3a, 0x0f, 0x3b,
    0xee, 0x32, 0xef, 0x3a, 0x0f, 0x3b, 0xee, 0x32, 0x0f, 0x3b, 0x0f, 0x3b,
    0xee, 0x32, 0xef, 0x3a, 0x0f, 0x3b, 0x0e, 0x33, 0xef, 0x3a, 0x0f, 0x3b,
    0x0e, 0x33, 0xef, 0x3a, 0x0f, 0x3b, 0x0e, 0x33, 0xef, 0x3a, 0xef, 0x3a,
    0x0e, 0x33, 0xef, 0x3a, 0xef, 0x3a, 0x0e, 0x33, 0x0f, 0x3b, 0xef, 0x3a,
    0xee, 0x32, 0x0f, 0x3b, 0xef, 0x3a, 0xee, 0x32, 0x0f, 0x3b, 0x0f, 0x3b,
    0xee, 0x32, 0x0f, 0x3b, 0xef, 0x3a, 0xee, 0x32, 0x0f, 0x3b, 0xef, 0x3a,
    0x0e, 0x33, 0x0f, 0x3b, 0xef, 0x3a, 0x0e, 0x33, 0xef, 0x3a, 0xef, 0x3a,
    0x0e, 0x33, 0xef, 0x3a, 0xef, 0x3a, 0x0e, 0x33, 0xef, 0x3a, 0x0f, 0x3b,
    0x0e, 0x33, 0xef, 0x3a, 0x0f, 0x3b, 0xee, 0x32, 0x0f, 0x3b, 0xef, 0x3a,
    0xee, 0x32, 0x0f, 0x3b, 0xef, 0x3a, 0xee, 0x32, 0x0f, 0x3b, 0xef, 0x3a,
    0x0e, 0x33, 0x0f, 0x3b, 0xef, 0x3a, 0x0e, 0x33, 0xef, 0x3a, 0xef, 0x3a,
    0x0e, 0x33, 0x0f, 0x3b, 0xef, 0x3a, 0x0e, 0x33, 0x0f, 0x3b, 0xef, 0x3a,
    0x0e, 0x33, 0x0f, 0x3b, 0xef, 0x3a, 0x0e, 0x33, 0x0f, 0x3b, 0xef, 0x3a,
    0x0e, 0x33, 0xef, 0x3a, 0x0f, 0x3b, 0xee, 0x32, 0xef, 0x3a, 0x0f, 0x3b,
    0x0e, 0x33, 0xef, 0x3a, 0x0f, 0x3b, 0x0e, 0x33, 0xef, 0x3a, 0xef, 0x3a,
    0x0e, 0x33, 0x0f, 0x3b, 0xef, 0x3a, 0xee, 0x32, 0x0f, 0x3b, 0xef, 0x3a,
    0x0e, 0x33, 0xef, 0x3a, 0xef, 0x3a, 0x0e, 0x33, 0xef, 0x3a, 0xef, 0x3a,
    0x0e, 0x33, 0x0f, 0x3b, 0x0f, 0x3b, 0xee, 0x32, 0xef, 0x3a, 0xef, 0x3a,
    0x0e, 0x33, 0xef, 0x3a, 0x0f, 0x3b, 0x0e, 0x33, 0xef, 0x3a, 0xef, 0x3a,
    0x0e, 0x33, 0xef, 0x3a, 0xef, 0x3a, 0x0e, 0x33, 0x0f, 0x3b, 0xef, 0x3a,
    0x0e, 0x33, 0xef, 0x3a, 0xef, 0x3a, 0x0e, 0x33, 0xef, 0x3a, 0x0f, 0x3b,
    0x0e, 0x33, 0xef, 0x3a, 0xef, 0x3a, 0x0e, 0x33, 0xef, 0x3a, 0x0f, 0x3b,
    0x0e, 0x33, 0xef, 0x3a, 0x0f, 0x3b, 0x0e, 0x33, 0xef, 0x3a, 0xef, 0x3a,
    0x0e, 0x33, 0x0f, 0x3b, 0xef, 0x3a, 0x0e, 0x33, 0x0f, 0x3b, 0xef, 0x3a,
    0x0e, 0x33, 0xef, 0x3a, 0x0f, 0x3b, 0xee, 0x32, 0x0f, 0x3b, 0xef, 0x3a,
    0x0e, 0x33, 0x0f, 0x3b, 0xef, 0x3a, 0x0e, 0x33, 0x0f, 0x3b, 0xef, 0x3a,
    0x0e, 0x33, 0xef, 0x3a, 0xef, 0x3a, 0x0e, 0x33, 0x0f, 0x3b, 0xef, 0x3a,
    0x0e, 0x33, 0xef, 0x3a, 0x0f, 0x3b, 0xee, 0x32, 0x0f, 0x3b, 0x0f, 0x3b,
    0xee, 0x32, 0xef, 0x3a, 0x0f, 0x3b, 0xee, 0x32, 0xef, 0x3a, 0x0f, 0x3b,
    0xee, 0x32, 0xef, 0x3a, 0x0f, 0x3b, 0x0e, 0x33, 0xef, 0x3a, 0x0f, 0x3b,
    0x0e, 0x33, 0xef, 0x3a, 0xef, 0x3a, 0x0e, 0x33, 0xef, 0x3a, 0xef, 0x3a,
    0x0e, 0x33, 0x0f, 0x3b, 0xef, 0x3a, 0xee, 0x32, 0x0f, 0x3b, 0xef, 0x3a,
    0xee, 0x32, 0x0f, 0x3b, 0xef, 0x3a, 0x0e, 0x33, 0xef, 0x3a, 0x0f, 0x3b,
    0xee, 0x32, 0x0f, 0x3b, 0x0f, 0x3b, 0xee, 0x32, 0x0f, 0x3b, 0xef, 0x3a,
    0xee, 0x32, 0x0f, 0x3b, 0xef, 0x3a, 0xee, 0x32, 0x0f, 0x3b, 0x0f, 0x3b,
    0xee, 0x32, 0x0f, 0x3b, 0xef, 0x3a, 0xee, 0x32, 0x0f, 0x3b, 0xef, 0x3a,
    0x0e, 0x33, 0x0f, 0x3b, 0xef, 0x3a, 0x0e, 0x33, 0x0f, 0x3b, 0xef, 0x3a,
    0x0e, 0x33, 0xef, 0x3a, 0xef, 0x3a, 0x0e, 0x33, 0xef, 0x3a, 0x0f, 0x3b,
    0xee, 0x32, 0x0f, 0x3b, 0xef, 0x3a, 0x0e, 0x33, 0xef, 0x3a, 0x0f, 0x3b,
    0xee, 0x32, 0x0f, 0x3b, 0x0f, 0x3b, 0xee, 0x32, 0x0f, 0x3b, 0x0f, 0x3b,
    0xee, 0x32, 0xef, 0x3a, 0x0f, 0x3b, 0xee, 0x32, 0x0f, 0x3b, 0x0f, 0x3b,
    0xee, 0x32, 0xef, 0x3a, 0x0f, 0x3b, 0xee, 0x32, 0x0f, 0x3b, 0x0f, 0x3b,
    0xee, 0x32, 0x0f, 0x3b, 0x0f, 0x3b, 0xee, 0x32, 0x0f, 0x3b, 0x0f, 0x3b,
    0xee, 0x32, 0x0f, 0x3b, 0xef, 0x3a, 0x0e, 0x33, 0xef, 0x3a, 0x0f, 0x3b,
    0x0e, 0x33, 0xef, 0x3a, 0x0f, 0x3b, 0xee, 0x32, 0xef, 0x3a, 0xef, 0x3a,
    0x0e, 0x33, 0xef, 0x3a, 0x0f, 0x3b, 0x0e, 0x33, 0xef, 0x3a, 0x0f, 0x3b,
    0xee, 0x32, 0xef, 0x3a, 0x0f, 0x3b, 0x0e, 0x33, 0xef, 0x3a, 0x0f, 0x3b,
    0xee, 0x32, 0xef, 0x3a, 0x0f, 0x3b, 0xee, 0x32, 0xef, 0x3a, 0x0f, 0x3b,
    0xee, 0x32, 0x0f, 0x3b, 0x0f, 0x3b, 0xee, 0x32, 0x0f, 0x3b, 0xef, 0x3a,
    0x0e, 0x33, 0xef, 0x3a, 0xef, 0x3a, 0x0e, 0x33, 0xef, 0x3a, 0x0f, 0x3b,
    0xee, 0x32, 0x0f, 0x3b, 0x0f, 0x3b, 0xee, 0x32, 0x0f, 0x3b, 0x0f, 0x3b,
    0xee, 0x32, 0x0f, 0x3b, 0xef, 0x3a, 0xee, 0x32, 0x0f, 0x3b, 0x0f, 0x3b,
    0xee, 0x32, 0x0f, 0x3b, 0xef, 0x3a, 0x0e, 0x33, 0x0f, 0x3b, 0xef, 0x3a,
    0x0e, 0x33, 0xef, 0x3a, 0xef, 0x3a, 0x0e, 0x33, 0xef, 0x3a, 0xef, 0x3a,
    0x0e, 0x33, 0x0f, 0x3b, 0xef, 0x3a, 0x0e, 0x33, 0x0f, 0x3b, 0xef, 0x3a,
    0x0e, 0x33, 0xef, 0x3a, 0xef, 0x3a, 0x0e, 0x33, 0xef, 0x3a, 0xef, 0x3a,
    0x0e, 0x33, 0x0f, 0x3b, 0xef, 0x3a, 0x0e, 0x33, 0x0f, 0x3b, 0xef, 0x3a,
    0x0e, 0x33, 0xef, 0x3a, 0x0f, 0x3b, 0xee, 0x32, 0xef, 0x3a, 0x0f, 0x3b,
    0x0e, 0x33, 0xef, 0x3a, 0xef, 0x3a, 0x0e, 0x33, 0x0f, 0x3b, 0xef, 0x3a,
    0x0e, 0x33, 0xef, 0x3a, 0xef, 0x3a, 0x0e, 0x33, 0xef, 0x3a, 0xef, 0x3a,
    0x0e, 0x33, 0x0f, 0x3b, 0xef, 0x3a, 0x0e, 0x33, 0x0f, 0x3b, 0xef, 0x3a,
    0x0e, 0x33, 0xef, 0x3a, 0xef, 0x3a, 0x0e, 0x33, 0xef, 0x3a, 0xef, 0x3a,
    0x0e, 0x33, 0x0f, 0x3b, 0xef, 0x3a, 0x0e, 0x33, 0x0f, 0x3b, 0xef, 0x3a,
    0x0e, 0x33, 0xef, 0x3a, 0x0f, 0x3b, 0xee, 0x32, 0xef, 0x3a, 0x0f, 0x3b,
    0x0e, 0x33, 0xef, 0x3a, 0xef, 0x3a, 0x0e, 0x33, 0x0f, 0x3b, 0xef, 0x3a,
    0x0e, 0x33, 0xef, 0x3a, 0xef, 0x3a, 0x0e, 0x33, 0xef, 0x3a, 0xef, 0x3a,
    0x0e, 0x33, 0x0f, 0x3b, 0xef, 0x3a, 0x0e, 0x33, 0x0f, 0x3b, 0xef, 0x3a,
    0x0e, 0x33, 0xef, 0x3a, 0xef, 0x3a, 0x0e, 0x33, 0xef, 0x3a, 0xef, 0x3a,
    0x0e, 0x33, 0x0f, 0x3b, 0xef, 0x3a, 0x0e, 0x33, 0x0f, 0x3b, 0xef, 0x3a,
    0x0e, 0x33, 0xef, 0x3a, 0x0f, 0x3b, 0xee, 0x32, 0xef, 0x3a, 0x0f, 0x3b,
    0x0e, 0x33, 0xef, 0x3a, 0xef, 0x3a, 0x0e, 0x33, 0x0f, 0x3b, 0xef, 0x3a,
    0x0e, 0x33, 0xef, 0x3a, 0xef, 0x3a, 0x0e, 0x33, 0xef, 0x3a, 0xef, 0x3a,
    0x0e, 0x33, 0x0f, 0x3b, 0xef, 0x3a, 0x0e, 0x33, 0x0f, 0x3b, 0xef, 0x3a,
    0x0e, 0x33, 0xef, 0x3a, 0xef, 0x3a, 0x0e, 0x33, 0xef, 0x3a, 0xef, 0x3a,
    0x0e, 0x33, 0x0f, 0x3b, 0xef, 0x3a, 0x0e, 0x33, 0x0f, 0x3b, 0xef, 0x3a,
    0x0e, 0x33, 0xef, 0x3a, 0x0f, 0x3b, 0xee, 0x32, 0xef, 0x3a, 0x0f, 0x3b,
    0x0e, 0x33, 0xef, 0x3a, 0xef, 0x3a, 0x0e, 0x33, 0x0f, 0x3b, 0xef, 0x3a,
    0x0e, 0x33, 0xef, 0x3a, 0xef, 0x3a, 0x0e, 0x33, 0xef, 0x3a, 0xef, 0x3a,
    0x0e, 0x33, 0x0f, 0x3b, 0xef, 0x3a, 0x0e, 0x33, 0x0f, 0x3b, 0xef, 0x3a,
    0x0e, 0x33, 0xef, 0x3a, 0xef, 0x3a, 0x0e, 0x33, 0xef, 0x3a, 0xef, 0x3a,
    0x0e, 0x33, 0x0f, 0x3b, 0xef, 0x3a, 0x0e, 0x33, 0x0f, 0x3b, 0xef, 0x3a,
    0x0e, 0x33, 0xef, 0x3a, 0x0f, 0x3b, 0xee, 0x32, 0xef, 0x3a, 0x0f, 0x3b,
    0x0e, 0x33, 0xef, 0x3a, 0xef, 0x3a, 0x0e, 0x33, 0x0f, 0x3b, 0xef, 0x3a,
    0x0e, 0x33, 0xef, 0x3a, 0xef, 0x3a, 0x0e, 0x33, 0xef, 0x3a, 0xef, 0x3a,
    0x0e, 0x33, 0x0f, 0x3b, 0xef, 0x3a, 0x0e, 0x33, 0x0f, 0x3b, 0xef, 0x3a,
    0x0e, 0x33, 0xef, 0x3a, 0xef, 0x3a, 0x0e, 0x33, 0xef, 0x3a, 0xef, 0x3a,
    0x0e, 0x33, 0x0f, 0x3b, 0xef, 0x3a, 0x0e, 0x33, 0x0f, 0x3b, 0xef, 0x3a,
    0x0e, 0x33, 0xef, 0x3a, 0x0f, 0x3b, 0xee, 0x32, 0xef, 0x3a, 0x0f, 0x3b,
    0x0e, 0x33, 0xef, 0x3a, 0xef, 0x3a, 0x0e, 0x33, 0x0f, 0x3b, 0xef, 0x3a,
    0x0e, 0x33, 0xef, 0x3a, 0xef, 0x3a, 0x0e, 0x33, 0xef, 0x3a, 0xef, 0x3a,
    0x0e, 0x33, 0x0f, 0x3b, 0xef, 0x3a, 0x0e, 0x33, 0x0f, 0x3b, 0xef, 0x3a,
    0x0e, 0x33, 0xef, 0x3a, 0xef, 0x3a, 0x0e, 0x33, 0xef, 0x3a, 0xef, 0x3a,
    0x0e, 0x33, 0x0f, 0x3b, 0xef, 0x3a, 0x0e, 0x33, 0x0f, 0x3b, 0xef, 0x3a,
    0x0e, 0x33, 0xef, 0x3a, 0x0f, 0x3b, 0xee, 0x32, 0xef, 0x3a, 0x0f, 0x3b,
    0x0e, 0x33, 0xef, 0x3a, 0xef, 0x3a, 0x0e, 0x33, 0x0f, 0x3b, 0xef, 0x3a,
    0x0e, 0x33, 0xef, 0x3a, 0xef, 0x3a, 0x0e, 0x33, 0xef, 0x3a, 0xef, 0x3a,
    0x0e, 0x33, 0x0f, 0x3b, 0xef, 0x3a, 0x0e, 0x33, 0x0f, 0x3b, 0xef, 0x3a,
    0x0e, 0x33, 0xef, 0x3a, 0xef, 0x3a, 0x0e, 0x33, 0xef, 0x3a, 0xef, 0x3a,
    0x0e, 0x33, 0x0f, 0x3b, 0xee, 0x32, 0x0e, 0x33, 0x0f, 0x3b, 0xef, 0x3a,
    0x0e, 0x33, 0xef, 0x3a, 0x0f, 0x3b, 0xee, 0x32, 0xef, 0x3a, 0x0f, 0x3b,
    0x0e, 0x33, 0xef, 0x3a, 0xef, 0x3a, 0x0e, 0x33, 0x0f, 0x3b, 0xee, 0x32,
    0x0e, 0x33, 0xef, 0x3a, 0xef, 0x3a, 0x0e, 0x33, 0xef, 0x3a, 0xef, 0x3a,
    0x0e, 0x33, 0x0f, 0x3b, 0xef, 0x3a, 0x0e, 0x33, 0x0e, 0x33, 0xef, 0x3a,
    0x0e, 0x33, 0xef, 0x3a, 0xef, 0x3a, 0x0e, 0x33, 0xef, 0x3a, 0xee, 0x32,
    0x0f, 0x3b, 0xee, 0x32, 0x0e, 0x33, 0xef, 0x3a, 0x0e, 0x33, 0xef, 0x3a,
    0x0f, 0x3b, 0xee, 0x32, 0xee, 0x32, 0x0f, 0x3b, 0xee, 0x32, 0x0e, 0x33,
    0xef, 0x3a, 0x0f, 0x3b, 0xee, 0x32, 0xee, 0x32, 0x0f, 0x3b, 0xee, 0x32,
    0xee, 0x32, 0x0f, 0x3b, 0xef, 0x3a, 0x0e, 0x33, 0x0f, 0x3b, 0xee, 0x32,
    0x0f, 0x3b, 0x0f, 0x3b, 0xee, 0x32, 0x0f, 0x3b, 0x0f, 0x3b, 0xee, 0x32,
    0x0f, 0x3b, 0x0e, 0x33, 0xee, 0x32, 0x0f, 0x3b, 0x0e, 0x33, 0xef, 0x3a,
    0x0f, 0x3b, 0xee, 0x32, 0xee, 0x32, 0x0f, 0x3b, 0xee, 0x32, 0x0f, 0x3b,
    0x0e, 0x33, 0xee, 0x32, 0x0f, 0x3b, 0x0e, 0x33, 0xee, 0x32, 0xef, 0x3a,
    0x0f, 0x3b, 0xee, 0x32, 0xee, 0x32, 0x0f, 0x3b, 0xee, 0x32, 0xee, 0x32,
    0xef, 0x3a, 0x0e, 0x33, 0xee, 0x32, 0x0f, 0x3b, 0xee, 0x32, 0x0e, 0x33,
    0x0f, 0x3b, 0xef, 0x3a, 0x0e, 0x33, 0xee, 0x32, 0xef, 0x3a, 0x0e, 0x33,
    0xee, 0x32, 0x0f, 0x3b, 0xef, 0x3a, 0x0e, 0x33, 0xef, 0x3a, 0x0e, 0x33,
    0xef, 0x3a, 0xee, 0x32, 0x0f, 0x3b, 0xee, 0x32, 0xef, 0x3a, 0x0e, 0x33,
    0xef, 0x3a, 0xef, 0x3a, 0x0e, 0x33, 0xef, 0x3a, 0xef, 0x3a, 0x0e, 0x33,
    0x0e, 0x33, 0xef, 0x3a, 0x0e, 0x33, 0xee, 0x32, 0xef, 0x3a, 0x0f, 0x3b,
    0xee, 0x32, 0xef, 0x3a, 0x0e, 0x33, 0xee, 0x32, 0xef, 0x3a, 0x0f, 0x3b,
    0x0e, 0x33, 0xef, 0x3a, 0x0e, 0x33, 0xef, 0x3a, 0xee, 0x32, 0x0e, 0x33,
    0xef, 0x3a, 0x0e, 0x33, 0x0f, 0x3b, 0xee, 0x32, 0x0f, 0x3b, 0x0f, 0x3b,
    0xee, 0x32, 0x0f, 0x3b, 0xef, 0x3a, 0xee, 0x32, 0x0e, 0x33, 0xef, 0x3a,
    0xee, 0x32, 0x0e, 0x33, 0xef, 0x3a, 0xee, 0x32, 0x0e, 0x33, 0xef, 0x3a,
    0x0e, 0x33, 0x0f, 0x3b, 0xef, 0x3a, 0x0e, 0x33, 0xee, 0x32, 0xef, 0x3a,
    0x0e, 0x33, 0xef, 0x3a, 0x0e, 0x33, 0xef, 0x3a, 0xef, 0x3a, 0x0e, 0x33,
    0x0e, 0x33, 0xef, 0x3a, 0x0e, 0x33, 0xee, 0x32, 0xef, 0x3a, 0x0f, 0x3b,
    0x0e, 0x33, 0xef, 0x3a, 0x0f, 0x3b, 0x0e, 0x33, 0xef, 0x3a, 0x0f, 0x3b,
    0x0e, 0x33, 0xef, 0x3a, 0xee, 0x32, 0x0e, 0x33, 0xef, 0x3a, 0xee, 0x32,
    0x0f, 0x3b, 0x0f, 0x3b, 0xee, 0x32, 0xef, 0x3a, 0x0f, 0x3b, 0xee, 0x32,
    0x0f, 0x3b, 0x0e, 0x33, 0xef, 0x3a, 0x0f, 0x3b, 0x0e, 0x33, 0xef, 0x3a,
    0xee, 0x32, 0x0f, 0x3b, 0xee, 0x32, 0xef, 0x3a, 0x0e, 0x33, 0xef, 0x3a,
    0x0e, 0x33, 0xef, 0x3a, 0xee, 0x32, 0x0e, 0x33, 0x0f, 0x3b, 0xee, 0x32,
    0x0e, 0x33, 0x0f, 0x3b, 0xee, 0x32, 0x0e, 0x33, 0xef, 0x3a, 0xee, 0x32,
    0x0e, 0x33, 0xef, 0x3a, 0x0e, 0x33, 0xee, 0x32, 0xef, 0x3a, 0x0e, 0x33,
    0xee, 0x32, 0xef, 0x3a, 0x0e, 0x33, 0xee, 0x32, 0x0f, 0x3b, 0xee, 0x32,
    0x0e, 0x33, 0x0f, 0x3b, 0xee, 0x32, 0x0e, 0x33, 0xef, 0x3a, 0x0e, 0x33,
    0x0e, 0x33, 0xef, 0x3a, 0x0e, 0x33, 0x0e, 0x33, 0xef, 0x3a, 0xee, 0x32,
    0x0e, 0x33, 0xef, 0x3a, 0x0e, 0x33, 0x0e, 0x33, 0xef, 0x3a, 0x0e, 0x33,
    0xee, 0x32, 0xef, 0x3a, 0x0e, 0x33, 0xee, 0x32, 0x0f, 0x3b, 0x0e, 0x33,
    0xee, 0x32, 0x0f, 0x3b, 0x0e, 0x33, 0xee, 0x32, 0x0f, 0x3b, 0xee, 0x32,
    0xee, 0x32, 0x0f, 0x3b, 0xee, 0x32, 0x0e, 0x33, 0xef, 0x3a, 0x0e, 0x33,
    0x0e, 0x33, 0xef, 0x3a, 0x0e, 0x33, 0x0e, 0x33, 0xef, 0x3a, 0x0e, 0x33,
    0xee, 0x32, 0xef, 0x3a, 0x0e, 0x33, 0xee, 0x32, 0xef, 0x3a, 0x0e, 0x33,
    0x0e, 0x33, 0xef, 0x3a, 0x0e, 0x33, 0xee, 0x32, 0x0f, 0x3b, 0xee, 0x32,
    0x0e, 0x33, 0xef, 0x3a, 0xee, 0x32, 0x0e, 0x33, 0xef, 0x3a, 0xee, 0x32,
    0x0e, 0x33, 0x0f, 0x3b, 0xee, 0x32, 0x0e, 0x33, 0x0f, 0x3b, 0xee, 0x32,
    0xee, 0x32, 0x0f, 0x3b, 0xee, 0x32, 0xee, 0x32, 0x0f, 0x3b, 0x0e, 0x33,
    0xee, 0x32, 0x0f, 0x3b, 0xee, 0x32, 0xee, 0x32, 0x0f, 0x3b, 0x0e, 0x33,
    0xee, 0x32, 0x0f, 0x3b, 0x0e, 0x33, 0xee, 0x32, 0x0f, 0x3b, 0x0e, 0x33,
    0xee, 0x32, 0xef, 0x3a, 0x0e, 0x33, 0xee, 0x32, 0xef, 0x3a, 0x0e, 0x33,
    0x0e, 0x33, 0xef, 0x3a, 0xee, 0x32, 0x0e, 0x33, 0xef, 0x3a, 0xee, 0x32,
    0x0e, 0x33, 0x0f, 0x3b, 0xee, 0x32, 0x0e, 0x33, 0xef, 0x3a, 0xee, 0x32,
    0x0e, 0x33, 0xef, 0x3a, 0x0e, 0x33, 0x0e, 0x33, 0xef, 0x3a, 0xee, 0x32,
    0x0e, 0x33, 0xef, 0x3a, 0x0e, 0x33, 0x0e, 0x33, 0xef, 0x3a, 0xee, 0x32,
    0x0e, 0x33, 0xef, 0x3a, 0xee, 0x32, 0x0e, 0x33, 0xef, 0x3a, 0x0e, 0x33,
    0xee, 0x32, 0x0f, 0x3b, 0xee, 0x32, 0xee, 0x32, 0xef, 0x3a, 0xee, 0x32,
    0x0e, 0x33, 0x0f, 0x3b, 0xee, 0x32, 0x0e, 0x33, 0xef, 0x3a, 0x0e, 0x33,
    0x0e, 0x33, 0xef, 0x3a, 0xee, 0x32, 0x0e, 0x33, 0xef, 0x3a, 0xee, 0x32,
    0x0e, 0x33, 0x0f, 0x3b, 0xee, 0x32, 0x0e, 0x33, 0xef, 0x3a, 0xee, 0x32,
    0x0e, 0x33, 0xef, 0x3a, 0x0e, 0x33, 0x0e, 0x33, 0xef, 0x3a, 0xee, 0x32,
    0x0e, 0x33, 0xef, 0x3a, 0x0e, 0x33, 0x0e, 0x33, 0xef, 0x3a, 0x0e, 0x33,
    0x0e, 0x33, 0xef, 0x3a, 0x0e, 0x33, 0xee, 0x32, 0xef, 0x3a, 0x0e, 0x33,
    0xee, 0x32, 0x0f, 0x3b, 0x0e, 0x33, 0xee, 0x32, 0x0f, 0x3b, 0x0e, 0x33,
    0xee, 0x32, 0xef, 0x3a, 0x0e, 0x33, 0x0e, 0x33, 0xef, 0x3a, 0x0e, 0x33,
    0x0e, 0x33, 0xef, 0x3a, 0x0e, 0x33, 0xee, 0x32, 0x0f, 0x3b, 0xee, 0x32,
    0x0e, 0x33, 0xef, 0x3a, 0xee, 0x32, 0x0e, 0x33, 0xef, 0x3a, 0x0e, 0x33,
    0x0e, 0x33, 0xef, 0x3a, 0x0e, 0x33, 0x0e, 0x33, 0xef, 0x3a, 0x0e, 0x33,
    0x0e, 0x33, 0xef, 0x3a, 0x0e, 0x33, 0x0e, 0x33, 0xef, 0x3a, 0x0e, 0x33,
    0xee, 0x32, 0xef, 0x3a, 0x0e, 0x33, 0xee, 0x32, 0xef, 0x3a, 0x0e, 0x33,
    0xee, 0x32, 0x0f, 0x3b, 0x0e, 0x33, 0xee, 0x32, 0x0f, 0x3b, 0xee, 0x32,
    0x0e, 0x33, 0xef, 0x3a, 0x0e, 0x33, 0xee, 0x32, 0x0f, 0x3b, 0xee, 0x32,
    0x0e, 0x33, 0xef, 0x3a, 0xee, 0x32, 0x0e, 0x33, 0xef, 0x3a, 0xee, 0x32,
    0x0e, 0x33, 0x0f, 0x3b, 0xee, 0x32, 0x0e, 0x33, 0xef, 0x3a, 0xee, 0x32,
    0x0e, 0x33, 0xef, 0x3a, 0x0e, 0x33, 0x0e, 0x33, 0xef, 0x3a, 0xee, 0x32,
    0x0e, 0x33, 0xef, 0x3a, 0xee, 0x32, 0x0e, 0x33, 0xef, 0x3a, 0xee, 0x32,
    0x0e, 0x33, 0xef, 0x3a, 0x0e, 0x33, 0xee, 0x32, 0x0f, 0x3b, 0xee, 0x32,
    0xee, 0x32, 0x0f, 0x3b, 0xee, 0x32, 0x0e, 0x33, 0x0f, 0x3b, 0x0e, 0x33,
    0xee, 0x32, 0x0f, 0x3b, 0xee, 0x32, 0xee, 0x32, 0x0f, 0x3b, 0xee, 0x32,
    0x0e, 0x33, 0x0f, 0x3b, 0xee, 0x32, 0x0e, 0x33, 0xef, 0x3a, 0xee, 0x32,
    0x0e, 0x33, 0x0f, 0x3b, 0xee, 0x32, 0x0e, 0x33, 0x0f, 0x3b, 0xee, 0x32,
    0x0e, 0x33, 0xef, 0x3a, 0xee, 0x32, 0x0e, 0x33, 0xef, 0x3a, 0x0e, 0x33,
    0x0e, 0x33, 0xef, 0x3a, 0x0e, 0x33, 0x0e, 0x33, 0xef, 0x3a, 0x0e, 0x33,
    0xee, 0x32, 0xef, 0x3a, 0x0e, 0x33, 0xee, 0x32, 0xef, 0x3a, 0x0e, 0x33,
    0xee, 0x32, 0x0f, 0x3b, 0xee, 0x32, 0x0e, 0x33, 0x0f, 0x3b, 0xee, 0x32,
    0xee, 0x32, 0x0f, 0x3b, 0xee, 0x32, 0x0e, 0x33, 0xef, 0x3a, 0xee, 0x32,
    0x0e, 0x33, 0xef, 0x3a, 0x0e, 0x33, 0x0e, 0x33, 0xef, 0x3a, 0x0e, 0x33,
    0x0e, 0x33, 0xef, 0x3a, 0x0e, 0x33, 0xee, 0x32, 0xef, 0x3a, 0x0e, 0x33,
    0xee, 0x32, 0x0f, 0x3b, 0x0e, 0x33, 0xee, 0x32, 0x0f, 0x3b, 0x0e, 0x33,
    0xee, 0x32, 0xef, 0x3a, 0x0e, 0x33, 0xee, 0x32, 0xef, 0x3a, 0x0e, 0x33,
    0xee, 0x32, 0x0f, 0x3b, 0xee, 0x32, 0x0e, 0x33, 0xef, 0x3a, 0x0e, 0x33,
    0xee, 0x32, 0xef, 0x3a, 0x0e, 0x33, 0x0e, 0x33, 0xef, 0x3a, 0xee, 0x32,
    0x0e, 0x33, 0x0f, 0x3b, 0xee, 0x32, 0x0e, 0x33, 0x0f, 0x3b, 0xee, 0x32,
    0x0e, 0x33, 0xef, 0x3a, 0x0e, 0x33, 0xee, 0x32, 0x0f, 0x3b, 0xee, 0x32,
    0xee, 0x32, 0x0f, 0x3b, 0x0e, 0x33, 0xee, 0x32, 0x0f, 0x3b, 0x0e, 0x33,
    0xee, 0x32, 0xef, 0x3a, 0x0e, 0x33, 0xee, 0x32, 0xef, 0x3a, 0x0e, 0x33,
    0xee, 0x32, 0x0f, 0x3b, 0xee, 0x32, 0x0e, 0x33, 0xef, 0x3a, 0x0e, 0x33,
    0xee, 0x32, 0xef, 0x3a, 0x0e, 0x33, 0x0e, 0x33, 0xef, 0x3a, 0xee, 0x32,
    0x0e, 0x33, 0x0f, 0x3b, 0xee, 0x32, 0x0e, 0x33, 0x0f, 0x3b, 0xee, 0x32,
    0x0e, 0x33, 0xef, 0x3a, 0x0e, 0x33, 0xee, 0x32, 0x0f, 0x3b, 0xee, 0x32,
    0xee, 0x32, 0x0f, 0x3b, 0x0e, 0x33, 0xee, 0x32, 0x0f, 0x3b, 0x0e, 0x33,
    0xee, 0x32, 0xef, 0x3a, 0x0e, 0x33, 0xee, 0x32, 0xef, 0x3a, 0x0e, 0x33,
    0xee, 0x32, 0x0f, 0x3b, 0xee, 0x32, 0x0e, 0x33, 0xef, 0x3a, 0x0e, 0x33,
    0xee, 0x32, 0xef, 0x3a, 0x0e, 0x33, 0x0e, 0x33, 0xef, 0x3a, 0xee, 0x32,
    0x0e, 0x33, 0x0f, 0x3b, 0xee, 0x32, 0x0e, 0x33, 0x0f, 0x3b, 0xee, 0x32,
    0x0e, 0x33, 0xef, 0x3a, 0x0e, 0x33, 0xee, 0x32, 0x0f, 0x3b, 0xee, 0x32,
    0xee, 0x32, 0x0f, 0x3b, 0x0e, 0x33, 0xee, 0x32, 0x0f, 0x3b, 0x0e, 0x33,
    0xee, 0x32, 0xef, 0x3a, 0x0e, 0x33, 0xee, 0x32, 0xef, 0x3a, 0x0e, 0x33,
    0xee, 0x32, 0x0f, 0x3b, 0xee, 0x32, 0x0e, 0x33, 0xef, 0x3a, 0x0e, 0x33,
    0xee, 0x32, 0xef, 0x3a, 0x0e, 0x33, 0x0e, 0x33, 0xef, 0x3a, 0xee, 0x32,
    0x0e, 0x33, 0x0f, 0x3b, 0xee, 0x32, 0x0e, 0x33, 0x0f, 0x3b, 0xee, 0x32,
    0x0e, 0x33, 0xef, 0x3a, 0x0e, 0x33, 0xee, 0x32, 0x0f, 0x3b, 0xee, 0x32,
    0xee, 0x32, 0x0f, 0x3b, 0x0e, 0x33, 0xee, 0x32, 0x0f, 0x3b, 0x0e, 0x33,
    0xee, 0x32, 0xef, 0x3a, 0x0e, 0x33, 0xee, 0x32, 0xef, 0x3a, 0x0e, 0x33,
    0xee, 0x32, 0x0f, 0x3b, 0xee, 0x32, 0x0e, 0x33, 0xef, 0x3a, 0x0e, 0x33,
    0xee, 0x32, 0xef, 0x3a, 0x0e, 0x33, 0x0e, 0x33, 0xef, 0x3a, 0xee, 0x32,
    0x0e, 0x33, 0x0f, 0x3b, 0xee, 0x32, 0x0e, 0x33, 0x0f, 0x3b, 0xee, 0x32,
    0x0e, 0x33, 0xef, 0x3a, 0x0e, 0x33, 0xee, 0x32, 0x0f, 0x3b, 0xee, 0x32,
    0xee, 0x32, 0x0f, 0x3b, 0x0e, 0x33, 0xee, 0x32, 0x0f, 0x3b, 0x0e, 0x33,
    0xee, 0x32, 0xef, 0x3a, 0x0e, 0x33, 0xee, 0x32, 0xef, 0x3a, 0x0e, 0x33,
    0xee, 0x32, 0x0f, 0x3b, 0xee, 0x32, 0x0e, 0x33, 0xef, 0x3a, 0x0e, 0x33,
    0xee, 0x32, 0xef, 0x3a, 0x0e, 0x33, 0x0e, 0x33, 0xef, 0x3a, 0xee, 0x32,
    0x0e, 0x33, 0x0f, 0x3b, 0xee, 0x32, 0x0e, 0x33, 0x0f, 0x3b, 0xee, 0x32,
    0x0e, 0x33, 0xef, 0x3a, 0x0e, 0x33, 0xee, 0x32, 0x0f, 0x3b, 0xee, 0x32,
    0xee, 0x32, 0x0f, 0x3b, 0x0e, 0x33, 0xee, 0x32, 0x0f, 0x3b, 0x0e, 0x33,
    0xee, 0x32, 0xef, 0x3a, 0x0e, 0x33, 0xee, 0x32, 0xef, 0x3a, 0x0e, 0x33,
    0xee, 0x32, 0x0f, 0x3b, 0xee, 0x32, 0x0e, 0x33, 0xef, 0x3a, 0x0e, 0x33,
    0xee, 0x32, 0xef, 0x3a, 0x0e, 0x33, 0x0e, 0x33, 0xef, 0x3a, 0xee, 0x32,
    0x0e, 0x33, 0x0f, 0x3b, 0xee, 0x32, 0x0e, 0x33, 0x0f, 0x3b, 0xee, 0x32,
    0x0e, 0x33, 0xef, 0x3a, 0x0e, 0x33, 0xee, 0x32, 0x0f, 0x3b, 0xee, 0x32,
    0xee, 0x32, 0x0f, 0x3b, 0x0e, 0x33, 0xee, 0x32, 0x0f, 0x3b, 0x0e, 0x33,
    0xee, 0x32, 0xef, 0x3a, 0x0f, 0x3b, 0xee, 0x32, 0xef, 0x3a, 0x0e, 0x33,
    0xee, 0x32, 0x0f, 0x3b, 0xee, 0x32, 0x0f, 0x3b, 0xee, 0x32, 0x0e, 0x33,
    0xef, 0x3a, 0xee, 0x32, 0x0e, 0x33, 0x0f, 0x3b, 0xee, 0x32, 0xee, 0x32,
    0x0f, 0x3b, 0x0f, 0x3b, 0xee, 0x32, 0x0f, 0x3b, 0x0e, 0x33, 0xee, 0x32,
    0x0f, 0x3b, 0xee, 0x32, 0x0e, 0x33, 0xef, 0x3a, 0x0e, 0x33, 0xef, 0x3a,
    0xef, 0x3a, 0x0e, 0x33, 0x0e, 0x33, 0xef, 0x3a, 0x0e, 0x33, 0x0f, 0x3b,
    0xee, 0x32, 0x0f, 0x3b, 0x0f, 0x3b, 0xee, 0x32, 0x0f, 0x3b, 0x0e, 0x33,
    0xee, 0x32, 0x0f, 0x3b, 0xef, 0x3a, 0x0e, 0x33, 0x0f, 0x3b, 0xef, 0x3a,
    0xee, 0x32, 0x0f, 0x3b, 0x0e, 0x33, 0xef, 0x3a, 0x0f, 0x3b, 0x0e, 0x33,
    0xef, 0x3a, 0x0f, 0x3b, 0x0e, 0x33, 0xef, 0x3a, 0xee, 0x32, 0x0f, 0x3b,
    0xee, 0x32, 0xef, 0x3a, 0x0e, 0x33, 0xee, 0x32, 0xef, 0x3a, 0x0e, 0x33,
    0xee, 0x32, 0xef, 0x3a, 0x0f, 0x3b, 0xee, 0x32, 0x0f, 0x3b, 0xee, 0x32,
    0x0e, 0x33, 0xef, 0x3a, 0x0e, 0x33, 0x0f, 0x3b, 0xef, 0x3a, 0xee, 0x32,
    0x0f, 0x3b, 0xef, 0x3a, 0xee, 0x32, 0x0f, 0x3b, 0xef, 0x3a, 0x0e, 0x33,
    0x0e, 0x33, 0xef, 0x3a, 0x0e, 0x33, 0x0f, 0x3b, 0xef, 0x3a, 0x0e, 0x33,
    0x0f, 0x3b, 0xef, 0x3a, 0xef, 0x3a, 0x0f, 0x3b, 0xee, 0x32, 0xef, 0x3a,
    0x0e, 0x33, 0xee, 0x32, 0xef, 0x3a, 0x0e, 0x33, 0x0f, 0x3b, 0xee, 0x32,
    0x0f, 0x3b, 0xef, 0x3a, 0xee, 0x32, 0x0e, 0x33, 0x0f, 0x3b, 0xee, 0x32,
    0x0e, 0x33, 0xef, 0x3a, 0x0e, 0x33, 0x0f, 0x3b, 0xee, 0x32, 0x0f, 0x3b,
    0xee, 0x32, 0x0e, 0x33, 0x0f, 0x3b, 0xee, 0x32, 0x0e, 0x33, 0xef, 0x3a,
    0xef, 0x3a, 0x0e, 0x33, 0xef, 0x3a, 0x0f, 0x3b, 0x0e, 0x33, 0xef, 0x3a,
    0x0e, 0x33, 0x0f, 0x3b, 0xee, 0x32, 0x0f, 0x3b, 0x0e, 0x33, 0xee, 0x32,
    0xef, 0x3a, 0x0e, 0x33, 0xee, 0x32, 0xef, 0x3a, 0x0f, 0x3b, 0x0e, 0x33,
    0xef, 0x3a, 0x0f, 0x3b, 0xee, 0x32, 0xef, 0x3a, 0x0e, 0x33, 0xee, 0x32,
    0x0f, 0x3b, 0xee, 0x32, 0x0e, 0x33, 0x0f, 0x3b, 0xee, 0x32, 0x0f, 0x3b,
    0x0f, 0x3b, 0xee, 0x32, 0x0f, 0x3b, 0x0f, 0x3b, 0xee, 0x32, 0x0f, 0x3b,
    0xef, 0x3a, 0xee, 0x32, 0x0e, 0x33, 0xef, 0x3a, 0x0e, 0x33, 0x0f, 0x3b,
    0xef, 0x3a, 0x0e, 0x33, 0x0f, 0x3b, 0xee, 0x32, 0x0e, 0x33, 0x0f, 0x3b,
    0xef, 0x3a, 0xee, 0x32, 0x0f, 0x3b, 0xef, 0x3a, 0x0e, 0x33, 0x0e, 0x33,
    0xef, 0x3a, 0xee, 0x32, 0x0e, 0x33, 0xef, 0x3a, 0xee, 0x32, 0x0e, 0x33,
    0xef, 0x3a, 0xee, 0x32, 0x0f, 0x3b, 0x0f, 0x3b, 0xef, 0x3a, 0x0e, 0x33,
    0x0f, 0x3b, 0xee, 0x32, 0xee, 0x32, 0x0f, 0x3b, 0xee, 0x32, 0x0e, 0x33,
    0xef, 0x3a, 0xef, 0x3a, 0x0e, 0x33, 0xef, 0x3a, 0xee, 0x32, 0x0e, 0x33,
    0x0f, 0x3b, 0xef, 0x3a, 0x0e, 0x33, 0x0f, 0x3b, 0xef, 0x3a, 0x0e, 0x33,
    0x0e, 0x33, 0xef, 0x3a, 0x0e, 0x33, 0xee, 0x32, 0xef, 0x3a, 0x0f, 0x3b,
    0xee, 0x32, 0x0f, 0x3b, 0xef, 0x3a, 0xee, 0x32, 0x0f, 0x3b, 0x0f, 0x3b,
    0xee, 0x32, 0x0f, 0x3b, 0xef, 0x3a, 0x0e, 0x33, 0x0f, 0x3b, 0xef, 0x3a,
    0x0e, 0x33, 0x0f, 0x3b, 0xef, 0x3a, 0x0e, 0x33, 0xef, 0x3a, 0x0f, 0x3b,
    0xee, 0x32, 0xef, 0x3a, 0x0f, 0x3b, 0xee, 0x32, 0x0f, 0x3b, 0x0f, 0x3b,
    0xee, 0x32, 0xef, 0x3a, 0x0f, 0x3b, 0xee, 0x32, 0xef, 0x3a, 0x0f, 0x3b,
    0x0e, 0x33, 0xef, 0x3a, 0x0f, 0x3b, 0xee, 0x32, 0xef, 0x3a, 0x0f, 0x3b,
    0xee, 0x32, 0x0f, 0x3b, 0x0f, 0x3b, 0xee, 0x32, 0xef, 0x3a, 0x0f, 0x3b,
    0xee, 0x32, 0xef, 0x3a, 0x0f, 0x3b, 0xee, 0x32, 0xef, 0x3a, 0x0f, 0x3b,
    0x0e, 0x33, 0xef, 0x3a, 0x0f, 0x3b, 0xee, 0x32, 0xef, 0x3a, 0x0f, 0x3b,
    0xee, 0x32, 0xef, 0x3a, 0x0f, 0x3b, 0xee, 0x32, 0x0f, 0x3b, 0xef, 0x3a,
    0x0e, 0x33, 0x0f, 0x3b, 0xef, 0x3a, 0x0e, 0x33, 0x0f, 0x3b, 0xef, 0x3a,
    0xee, 0x32, 0x0f, 0x3b, 0xef, 0x3a, 0x0e, 0x33, 0xef, 0x3a, 0x0f, 0x3b,
    0xee, 0x32, 0xef, 0x3a, 0x0f, 0x3b, 0x0e, 0x33, 0xef, 0x3a, 0x0f, 0x3b,
    0x0e, 0x33, 0xef, 0x3a, 0xef, 0x3a, 0x0e, 0x33, 0xef, 0x3a, 0xef, 0x3a,
    0x0e, 0x33, 0x0f, 0x3b, 0xef, 0x3a, 0x0e, 0x33, 0x0f, 0x3b, 0xef, 0x3a,
    0xee, 0x32, 0x0f, 0x3b, 0xef, 0x3a, 0x0e, 0x33, 0x0f, 0x3b, 0xef, 0x3a,
    0x0e, 0x33, 0xef, 0x3a, 0xef, 0x3a, 0x0e, 0x33, 0xef, 0x3a, 0xef, 0x3a,
    0x0e, 0x33, 0xef, 0x3a, 0x0f, 0x3b, 0x0e, 0x33, 0xef, 0x3a, 0x0f, 0x3b,
    0xee, 0x32, 0x0f, 0x3b, 0x0f, 0x3b, 0xee, 0x32, 0x0f, 0x3b, 0x0f, 0x3b,
    0xee, 0x32, 0x0f, 0x3b, 0x0f, 0x3b, 0xee, 0x32, 0x0f, 0x3b, 0x0f, 0x3b,
    0xee, 0x32, 0x0f, 0x3b, 0xef, 0x3a, 0xee, 0x32, 0x0f, 0x3b, 0x0f, 0x3b,
    0xee, 0x32, 0x0f, 0x3b, 0x0f, 0x3b, 0xee, 0x32, 0xef, 0x3a, 0x0f, 0x3b,
    0x0e, 0x33, 0xef, 0x3a, 0x0f, 0x3b, 0xee, 0x32, 0x0f, 0x3b, 0xef, 0x3a,
    0xee, 0x32, 0x0f, 0x3b, 0x0f, 0x3b, 0xee, 0x32, 0x0f, 0x3b, 0x0f, 0x3b,
    0x0e, 0x33, 0xef, 0x3a, 0xef, 0x3a, 0x0e, 0x33, 0xef, 0x3a, 0x0f, 0x3b,
    0xee, 0x32, 0xef, 0x3a, 0x0f, 0x3b, 0xee, 0x32, 0x0f, 0x3b, 0x0f, 0x3b,
    0xee, 0x32, 0xef, 0x3a, 0x0f, 0x3b, 0xee, 0x32, 0xef, 0x3a, 0x0f, 0x3b,
    0x0e, 0x33, 0xef, 0x3a, 0xef, 0x3a, 0x0e, 0x33, 0xef, 0x3a, 0xef, 0x3a,
    0x0e, 0x33, 0x0f, 0x3b, 0xef, 0x3a, 0xee, 0x32, 0x0f, 0x3b, 0xef, 0x3a,
    0xee, 0x32, 0x0f, 0x3b, 0xef, 0x3a, 0x0e, 0x33, 0x0f, 0x3b, 0xef, 0x3a,
    0x0e, 0x33, 0xef, 0x3a, 0xef, 0x3a, 0x0e, 0x33, 0xef, 0x3a, 0xef, 0x3a,
    0x0e, 0x33, 0x0f, 0x3b, 0xef, 0x3a, 0x0e, 0x33, 0xef, 0x3a, 0xef, 0x3a,
    0x0e, 0x33, 0xef, 0x3a, 0xef, 0x3a, 0x0e, 0x33, 0x0f, 0x3b, 0xef, 0x3a,
    0xee, 0x32, 0x0f, 0x3b, 0x0f, 0x3b, 0xee, 0x32, 0x0f, 0x3b, 0xef, 0x3a,
    0xee, 0x32, 0x0f, 0x3b, 0xef, 0x3a, 0x0e, 0x33, 0xef, 0x3a, 0x0f, 0x3b,
    0xee, 0x32, 0xef, 0x3a, 0x0f, 0x3b, 0xee, 0x32, 0xef, 0x3a, 0x0f, 0x3b,
    0x0e, 0x33, 0xef, 0x3a, 0x0f, 0x3b, 0x0e, 0x33, 0xef, 0x3a, 0x0f, 0x3b,
    0x0e, 0x33, 0xef, 0x3a, 0xef, 0x3a, 0x0e, 0x33, 0xef, 0x3a, 0x0f, 0x3b,
    0x0e, 0x33, 0xef, 0x3a, 0xef, 0x3a, 0x0e, 0x33, 0xef, 0x3a, 0x0f, 0x3b,
    0xee, 0x32, 0x0f, 0x3b, 0x0f, 0x3b, 0xee, 0x32, 0x0f, 0x3b, 0x0f, 0x3b,
    0xee, 0x32, 0x0f, 0x3b, 0xef, 0x3a, 0xee, 0x32, 0x0f, 0x3b, 0x0f, 0x3b,
    0xee, 0x32, 0x0f, 0x3b, 0xef, 0x3a, 0xee, 0x32, 0x0f, 0x3b, 0x0f, 0x3b,
    0xee, 0x32, 0x0f, 0x3b, 0x0f, 0x3b, 0xee, 0x32, 0x0f, 0x3b, 0x0f, 0x3b,
    0xee, 0x32, 0x0f, 0x3b, 0xef, 0x3a, 0x0e, 0x33, 0xef, 0x3a, 0x0f, 0x3b,
    0x0e, 0x33, 0xef, 0x3a, 0x0f, 0x3b, 0xee, 0x32, 0xef, 0x3a, 0xef, 0x3a,
    0x0e, 0x33, 0xef, 0x3a, 0x0f, 0x3b, 0x0e, 0x33, 0xef, 0x3a, 0x0f, 0x3b,
    0xee, 0x32, 0xef, 0x3a, 0x0f, 0x3b, 0xee, 0x32, 0x0f, 0x3b, 0x0f, 0x3b,
    0xee, 0x32, 0xef, 0x3a, 0x0f, 0x3b, 0xee, 0x32, 0x0f, 0x3b, 0xef, 0x3a,
    0xee, 0x32, 0x0f, 0x3b, 0x0f, 0x3b, 0xee, 0x32, 0x0f, 0x3b, 0xef, 0x3a,
    0xee, 0x32, 0x0f, 0x3b, 0xef, 0x3a, 0xee, 0x32, 0x0f, 0x3b, 0xef, 0x3a,
    0x0e, 0x33, 0x0f, 0x3b, 0xef, 0x3a, 0x0e, 0x33, 0x0f, 0x3b, 0xef, 0x3a,
    0x0e, 0x33, 0xef, 0x3a, 0x0f, 0x3b, 0xee, 0x32, 0xef, 0x3a, 0x0f, 0x3b,
    0x0e, 0x33, 0xef, 0x3a, 0x0f, 0x3b, 0xee, 0x32, 0x0f, 0x3b, 0xef, 0x3a,
    0x0e, 0x33, 0xef, 0x3a, 0x0f, 0x3b, 0xee, 0x32, 0xef, 0x3a, 0x0f, 0x3b,
    0xee, 0x32, 0x0f, 0x3b, 0xef, 0x3a, 0x0e, 0x33, 0xef, 0x3a, 0x0f, 0x3b,
    0x0e, 0x33, 0xef, 0x3a, 0xef, 0x3a, 0x0e, 0x33, 0xef, 0x3a, 0xef, 0x3a,
    0x0e, 0x33, 0xef, 0x3a, 0x0f, 0x3b, 0x0e, 0x33, 0xef, 0x3a, 0x0f, 0x3b,
    0x0e, 0x33, 0xef, 0x3a, 0xef, 0x3a, 0x0e, 0x33, 0x0f, 0x3b, 0xef, 0x3a,
    0x0e, 0x33, 0x0f, 0x3b, 0x0f, 0x3b, 0xee, 0x32, 0xef, 0x3a, 0x0f, 0x3b,
    0x0e, 0x33, 0xef, 0x3a, 0xef, 0x3a, 0x0e, 0x33, 0xef, 0x3a, 0x0f, 0x3b,
    0xee, 0x32, 0x0f, 0x3b, 0x0f, 0x3b, 0xee, 0x32, 0xef, 0x3a, 0x0f, 0x3b,
    0xee, 0x32, 0x0f, 0x3b, 0xef, 0x3a, 0x0e, 0x33, 0xef, 0x3a, 0xef, 0x3a,
    0x0e, 0x33, 0xef, 0x3a, 0x0f, 0x3b, 0x0e, 0x33, 0xef, 0x3a, 0x0f, 0x3b,
    0x0e, 0x33, 0xef, 0x3a, 0xef, 0x3a, 0x0e, 0x33, 0x0f, 0x3b, 0xef, 0x3a,
    0x0e, 0x33, 0x0f, 0x3b, 0x0f, 0x3b, 0xee, 0x32, 0xef, 0x3a, 0x0f, 0x3b,
    0x0e, 0x33, 0xef, 0x3a, 0xef, 0x3a, 0x0e, 0x33, 0xef, 0x3a, 0x0f, 0x3b,
    0xee, 0x32, 0x0f, 0x3b, 0x0f, 0x3b, 0xee, 0x32, 0xef, 0x3a, 0x0f, 0x3b,
    0xee, 0x32, 0x0f, 0x3b, 0xef, 0x3a, 0x0e, 0x33, 0xef, 0x3a, 0xef, 0x3a,
    0x0e, 0x33, 0xef, 0x3a, 0x0f, 0x3b, 0x0e, 0x33, 0xef, 0x3a, 0x0f, 0x3b,
    0x0e, 0x33, 0xef, 0x3a, 0xef, 0x3a, 0x0e, 0x33, 0x0f, 0x3b, 0xef, 0x3a,
    0x0e, 0x33, 0x0f, 0x3b, 0x0f, 0x3b, 0xee, 0x32, 0xef, 0x3a, 0x0f, 0x3b,
    0x0e, 0x33, 0xef, 0x3a, 0xef, 0x3a, 0x0e, 0x33, 0xef, 0x3a, 0x0f, 0x3b,
    0xee, 0x32, 0x0f, 0x3b, 0x0f, 0x3b, 0xee, 0x32, 0xef, 0x3a, 0x0f, 0x3b,
    0xee, 0x32, 0x0f, 0x3b, 0xef, 0x3a, 0x0e, 0x33, 0xef, 0x3a, 0xef, 0x3a,
    0x0e, 0x33, 0xef, 0x3a, 0x0f, 0x3b, 0x0e, 0x33, 0xef, 0x3a, 0x0f, 0x3b,
    0x0e, 0x33, 0xef, 0x3a, 0xef, 0x3a, 0x0e, 0x33, 0x0f, 0x3b, 0xef, 0x3a,
    0x0e, 0x33, 0x0f, 0x3b, 0x0f, 0x3b, 0xee, 0x32, 0xef, 0x3a, 0x0f, 0x3b,
    0x0e, 0x33, 0xef, 0x3a, 0xef, 0x3a, 0x0e, 0x33, 0xef, 0x3a, 0x0f, 0x3b,
    0xee, 0x32, 0x0f, 0x3b, 0x0f, 0x3b, 0xee, 0x32, 0xef, 0x3a, 0x0f, 0x3b,
    0xee, 0x32, 0x0f, 0x3b, 0xef, 0x3a, 0x0e, 0x33, 0xef, 0x3a, 0xef, 0x3a,
    0x0e, 0x33, 0xef, 0x3a, 0x0f, 0x3b, 0x0e, 0x33, 0xef, 0x3a, 0x0f, 0x3b,
    0x0e, 0x33, 0xef, 0x3a, 0xef, 0x3a, 0x0e, 0x33, 0x0f, 0x3b, 0xef, 0x3a,
    0x0e, 0x33, 0x0f, 0x3b, 0x0f, 0x3b, 0xee, 0x32, 0xef, 0x3a, 0x0f, 0x3b,
    0x0e, 0x33, 0xef, 0x3a, 0xef, 0x3a, 0x0e, 0x33, 0xef, 0x3a, 0x0f, 0x3b,
    0xee, 0x32, 0x0f, 0x3b, 0x0f, 0x3b, 0xee, 0x32, 0xef, 0x3a, 0x0f, 0x3b,
    0xee, 0x32, 0x0f, 0x3b, 0xef, 0x3a, 0x0e, 0x33, 0xef, 0x3a, 0xef, 0x3a,
    0x0e, 0x33, 0xef, 0x3a, 0x0f, 0x3b, 0x0e, 0x33, 0xef, 0x3a, 0x0f, 0x3b,
    0x0e, 0x33, 0xef, 0x3a, 0xef, 0x3a, 0x0e, 0x33, 0x0f, 0x3b, 0xef, 0x3a,
    0x0e, 0x33, 0x0f, 0x3b, 0x0f, 0x3b, 0xee, 0x32, 0xef, 0x3a, 0x0f, 0x3b,
    0x0e, 0x33, 0xef, 0x3a, 0xef, 0x3a, 0x0e, 0x33, 0xef, 0x3a, 0x0f, 0x3b,
    0xee, 0x32, 0x0f, 0x3b, 0x0f, 0x3b, 0xee, 0x32, 0xef, 0x3a, 0x0f, 0x3b,
    0xee, 0x32, 0x0f, 0x3b, 0xef, 0x3a, 0x0e, 0x33, 0xef, 0x3a, 0xef, 0x3a,
    0x0e, 0x33, 0xef, 0x3a, 0x0f, 0x3b, 0x0e, 0x33, 0xef, 0x3a, 0x0f, 0x3b,
    0x0e, 0x33, 0xef, 0x3a, 0xef, 0x3a, 0x0e, 0x33, 0x0f, 0x3b, 0xef, 0x3a,
    0x0e, 0x33, 0x0f, 0x3b, 0x0f, 0x3b, 0xee, 0x32, 0xef, 0x3a, 0x0f, 0x3b,
    0x0e, 0x33, 0xef, 0x3a, 0xef, 0x3a, 0x0e, 0x33, 0xef, 0x3a, 0x0f, 0x3b,
    0xee, 0x32, 0x0f, 0x3b, 0x0f, 0x3b, 0xee, 0x32, 0xef, 0x3a, 0x0f, 0x3b,
    0xee, 0x32, 0x0f, 0x3b, 0xef, 0x3a, 0x0e, 0x33, 0xef, 0x3a, 0xef, 0x3a,
    0x0e, 0x33, 0xef, 0x3a, 0x0e, 0x33, 0x0e, 0x33, 0xef, 0x3a, 0x0e, 0x33,
    0x0f, 0x3b, 0xef, 0x3a, 0xee, 0x32, 0x0e, 0x33, 0x0f, 0x3b, 0xee, 0x32,
    0x0f, 0x3b, 0x0f, 0x3b, 0x0e, 0x33, 0xef, 0x3a, 0xef, 0x3a, 0x0e, 0x33,
    0x0f, 0x3b, 0xee, 0x32, 0xef, 0x3a, 0x0e, 0x33, 0xef, 0x3a, 0x0e, 0x33,
    0xef, 0x3a, 0x0f, 0x3b, 0x0e, 0x33, 0xef, 0x3a, 0xef, 0x3a, 0x0e, 0x33,
    0xee, 0x32, 0x0f, 0x3b, 0xef, 0x3a, 0x0e, 0x33, 0xef, 0x3a, 0xee, 0x32,
    0x0e, 0x33, 0xef, 0x3a, 0x0e, 0x33, 0xee, 0x32, 0xef, 0x3a, 0x0f, 0x3b,
    0xee, 0x32, 0xef, 0x3a, 0x0f, 0x3b, 0xee, 0x32, 0xee, 0x32, 0x0f, 0x3b,
    0x0e, 0x33, 0xee, 0x32, 0x0f, 0x3b, 0xef, 0x3a, 0xee, 0x32, 0x0e, 0x33,
    0xef, 0x3a, 0xee, 0x32, 0x0e, 0x33, 0xef, 0x3a, 0x0e, 0x33, 0xee, 0x32,
    0x0f, 0x3b, 0x0e, 0x33, 0xef, 0x3a, 0x0e, 0x33, 0xef, 0x3a, 0x0e, 0x33,
    0x0f, 0x3b, 0xef, 0x3a, 0x0e, 0x33, 0x0e, 0x33, 0xef, 0x3a, 0xef, 0x3a,
    0x0e, 0x33, 0xef, 0x3a, 0xef, 0x3a, 0x0e, 0x33, 0xee, 0x32, 0x0f, 0x3b,
    0x0e, 0x33, 0xee, 0x32, 0x0f, 0x3b, 0x0e, 0x33, 0xee, 0x32, 0x0f, 0x3b,
    0xef, 0x3a, 0xee, 0x32, 0x0f, 0x3b, 0xef, 0x3a, 0x0e, 0x33, 0xee, 0x32,
    0xef, 0x3a, 0x0e, 0x33, 0xee, 0x32, 0x0f, 0x3b, 0x0e, 0x33, 0xee, 0x32,
    0x0f, 0x3b, 0x0f, 0x3b, 0xef, 0x3a, 0x0e, 0x33, 0xef, 0x3a, 0x0e, 0x33,
    0xef, 0x3a, 0x0e, 0x33, 0x0e, 0x33, 0xef, 0x3a, 0x0f, 0x3b, 0xee, 0x32,
    0xef, 0x3a, 0x0f, 0x3b, 0xee, 0x32, 0xef, 0x3a, 0x0f, 0x3b, 0xee, 0x32,
    0x0f, 0x3b, 0x0f, 0x3b, 0xee, 0x32, 0xef, 0x3a, 0x0f, 0x3b, 0x0e, 0x33,
    0xef, 0x3a, 0x0e, 0x33, 0x0e, 0x33, 0xef, 0x3a, 0xee, 0x32, 0x0e, 0x33,
    0xef, 0x3a, 0xee, 0x32, 0x0f, 0x3b, 0xee, 0x32, 0xef, 0x3a, 0x0f, 0x3b,
    0xee, 0x32, 0x0f, 0x3b, 0x0f, 0x3b, 0xee, 0x32, 0x0f, 0x3b, 0xee, 0x32,
    0x0e, 0x33, 0xef, 0x3a, 0x0e, 0x33, 0x0f, 0x3b, 0xee, 0x32, 0x0f, 0x3b,
    0xef, 0x3a, 0x0e, 0x33, 0xef, 0x3a, 0xee, 0x32, 0x0f, 0x3b, 0xee, 0x32,
    0xee, 0x32, 0x0f, 0x3b, 0xee, 0x32, 0x0e, 0x33, 0xef, 0x3a, 0xee, 0x32,
    0x0e, 0x33, 0x0f, 0x3b, 0xef, 0x3a, 0x0e, 0x33, 0xef, 0x3a, 0xee, 0x32,
    0x0e, 0x33, 0xef, 0x3a, 0xee, 0x32, 0x0f, 0x3b, 0xef, 0x3a, 0xee, 0x32,
    0x0f, 0x3b, 0x0e, 0x33, 0xee, 0x32, 0x0f, 0x3b, 0xee, 0x32, 0xef, 0x3a,
    0x0f, 0x3b, 0xee, 0x32, 0x0f, 0x3b, 0x0f, 0x3b, 0xee, 0x32, 0x0f, 0x3b,
    0xef, 0x3a, 0x0e, 0x33, 0x0e, 0x33, 0xef, 0x3a, 0xee, 0x32, 0x0e, 0x33,
    0xef, 0x3a, 0xef, 0x3a, 0x0e, 0x33, 0x0f, 0x3b, 0xef, 0x3a, 0x0e, 0x33,
    0x0f, 0x3b, 0xee, 0x32, 0x0e, 0x33, 0x0f, 0x3b, 0xee, 0x32, 0x0f, 0x3b,
    0xee, 0x32, 0xee, 0x32, 0x0f, 0x3b, 0xee, 0x32, 0xee, 0x32, 0x0f, 0x3b,
    0xee, 0x32, 0xef, 0x3a, 0x0f, 0x3b, 0xee, 0x32, 0x0f, 0x3b, 0x0f, 0x3b,
    0xee, 0x32, 0x0f, 0x3b, 0xee, 0x32, 0x0e, 0x33, 0x0f, 0x3b, 0xee, 0x32,
    0xef, 0x3a, 0x0e, 0x33, 0x0e, 0x33, 0xef, 0x3a, 0xee, 0x32, 0x0e, 0x33,
    0xef, 0x3a, 0xee, 0x32, 0x0e, 0x33, 0xef, 0x3a, 0x0e, 0x33, 0xee, 0x32,
    0x0f, 0x3b, 0x0e, 0x33, 0xee, 0x32, 0x0f, 0x3b, 0xee, 0x32, 0xee, 0x32,
    0x0f, 0x3b, 0xee, 0x32, 0x0e, 0x33, 0xef, 0x3a, 0x0e, 0x33, 0x0e, 0x33,
    0xef, 0x3a, 0xee, 0x32, 0x0e, 0x33, 0x0f, 0x3b, 0xee, 0x32, 0x0e, 0x33,
    0xef, 0x3a, 0x0e, 0x33, 0xee, 0x32, 0xef, 0x3a, 0x0e, 0x33, 0x0e, 0x33,
    0xef, 0x3a, 0x0e, 0x33, 0xee, 0x32, 0x0f, 0x3b, 0x0e, 0x33, 0xee, 0x32,
    0xef, 0x3a, 0x0e, 0x33, 0xee, 0x32, 0x0f, 0x3b, 0x0e, 0x33, 0xee, 0x32,
    0x0f, 0x3b, 0x0e, 0x33, 0xee, 0x32, 0x0f, 0x3b, 0xee, 0x32, 0x0e, 0x33,
    0xef, 0x3a, 0xee, 0x32, 0x0e, 0x33, 0xef, 0x3a, 0xee, 0x32, 0x0e, 0x33,
    0x0f, 0x3b, 0xee, 0x32, 0x0e, 0x33, 0x0f, 0x3b, 0xee, 0x32, 0xee, 0x32,
    0x0f, 0x3b, 0x0e, 0x33, 0xee, 0x32, 0x0f, 0x3b, 0xee, 0x32, 0xee, 0x32,
    0x0f, 0x3b, 0xee, 0x32, 0x0e, 0x33, 0x0f, 0x3b, 0xee, 0x32, 0x0e, 0x33,
    0xef, 0x3a, 0xee, 0x32, 0x0e, 0x33, 0xef, 0x3a, 0x0e, 0x33, 0xee, 0x32,
    0x0f, 0x3b, 0x0e, 0x33, 0xee, 0x32, 0xef, 0x3a, 0x0e, 0x33, 0xee, 0x32,
    0xef, 0x3a, 0x0e, 0x33, 0x0e, 0x33, 0xef, 0x3a, 0x0e, 0x33, 0x0e, 0x33,
    0xef, 0x3a, 0x0e, 0x33, 0xee, 0x32, 0xef, 0x3a, 0x0e, 0x33, 0xee, 0x32,
    0x0f, 0x3b, 0xee, 0x32, 0x0e, 0x33, 0xef, 0x3a, 0xee, 0x32, 0x0e, 0x33,
    0xef, 0x3a, 0xee, 0x32, 0x0e, 0x33, 0xef, 0x3a, 0xee, 0x32, 0xee, 0x32,
    0x0f, 0x3b, 0xee, 0x32, 0x0e, 0x33, 0x0f, 0x3b, 0xee, 0x32, 0x0e, 0x33,
    0xef, 0x3a, 0xee, 0x32, 0x0e, 0x33, 0xef, 0x3a, 0x0e, 0x33, 0xee, 0x32,
    0xef, 0x3a, 0x0e, 0x33, 0xee, 0x32, 0x0f, 0x3b, 0xee, 0x32, 0x0e, 0x33,
    0x0f, 0x3b, 0xee, 0x32, 0x0e, 0x33, 0xef, 0x3a, 0xee, 0x32, 0x0e, 0x33,
    0xef, 0x3a, 0x0e, 0x33, 0x0e, 0x33, 0xef, 0x3a, 0x0e, 0x33, 0xee, 0x32,
    0x0f, 0x3b, 0xee, 0x32, 0x0e, 0x33, 0x0f, 0x3b, 0xee, 0x32, 0x0e, 0x33,
    0xef, 0x3a, 0x0e, 0x33, 0x0e, 0x33, 0xef, 0x3a, 0x0e, 0x33, 0x0e, 0x33,
    0xef, 0x3a, 0x0e, 0x33, 0x0e, 0x33, 0xef, 0x3a, 0x0e, 0x33, 0x0e, 0x33,
    0xef, 0x3a, 0xee, 0x32, 0x0e, 0x33, 0x0f, 0x3b, 0xee, 0x32, 0x0e, 0x33,
    0x0f, 0x3b, 0xee, 0x32, 0x0e, 0x33, 0xef, 0x3a, 0xee, 0x32, 0x0e, 0x33,
    0xef, 0x3a, 0x0e, 0x33, 0x0e, 0x33, 0xef, 0x3a, 0x0e, 0x33, 0x0e, 0x33,
    0xef, 0x3a, 0xee, 0x32, 0x0e, 0x33, 0xef, 0x3a, 0x0e, 0x33, 0x0e, 0x33,
    0xef, 0x3a, 0x0e, 0x33, 0x0e, 0x33, 0xef, 0x3a, 0xee, 0x32, 0x0e, 0x33,
    0xef, 0x3a, 0x0e, 0x33, 0xee, 0x32, 0x0f, 0x3b, 0xee, 0x32, 0x0e, 0x33,
    0x0f, 0x3b, 0xee, 0x32, 0x0e, 0x33, 0xef, 0x3a, 0x0e, 0x33, 0xee, 0x32,
    0x0f, 0x3b, 0xee, 0x32, 0x0e, 0x33, 0xef, 0x3a, 0x0e, 0x33, 0xee, 0x32,
    0xef, 0x3a, 0x0e, 0x33, 0xee, 0x32, 0xef, 0x3a, 0x0e, 0x33, 0xee, 0x32,
    0xef, 0x3a, 0x0e, 0x33, 0x0e, 0x33, 0xef, 0x3a, 0x0e, 0x33, 0xee, 0x32,
    0xef, 0x3a, 0x0e, 0x33, 0xee, 0x32, 0x0f, 0x3b, 0x0e, 0x33, 0xee, 0x32,
    0x0f, 0x3b, 0xee, 0x32, 0xee, 0x32, 0x0f, 0x3b, 0xee, 0x32, 0xee, 0x32,
    0x0f, 0x3b, 0xee, 0x32, 0x0e, 0x33, 0x0f, 0x3b, 0xee, 0x32, 0xee, 0x32,
    0x0f, 0x3b, 0xee, 0x32, 0x0e, 0x33, 0x0f, 0x3b, 0xee, 0x32, 0x0e, 0x33,
    0xef, 0x3a, 0xee, 0x32, 0x0e, 0x33, 0xef, 0x3a, 0xee, 0x32, 0x0e, 0x33,
    0xef, 0x3a, 0xee, 0x32, 0x0e, 0x33, 0x0f, 0x3b, 0xee, 0x32, 0xee, 0x32,
    0x0f, 0x3b, 0xee, 0x32, 0xee, 0x32, 0x0f, 0x3b, 0x0e, 0x33, 0x0e, 0x33,
    0xef, 0x3a, 0x0e, 0x33, 0xee, 0x32, 0xef, 0x3a, 0x0e, 0x33, 0xee, 0x32,
    0x0f, 0x3b, 0x0e, 0x33, 0xee, 0x32, 0x0f, 0x3b, 0xee, 0x32, 0xee, 0x32,
    0x0f, 0x3b, 0xee, 0x32, 0x0e, 0x33, 0x0f, 0x3b, 0xee, 0x32, 0x0e, 0x33,
    0xef, 0x3a, 0x0e, 0x33, 0xee, 0x32, 0x0f, 0x3b, 0xee, 0x32, 0x0e, 0x33,
    0x0f, 0x3b, 0xee, 0x32, 0x0e, 0x33, 0x0f, 0x3b, 0xee, 0x32, 0x0e, 0x33,
    0xef, 0x3a, 0xee, 0x32, 0x0e, 0x33, 0xef, 0x3a, 0xee, 0x32, 0x0e, 0x33,
    0xef, 0x3a, 0x0e, 0x33, 0xee, 0x32, 0x0f, 0x3b, 0x0e, 0x33, 0xee, 0x32,
    0xef, 0x3a, 0x0e, 0x33, 0xee, 0x32, 0xef, 0x3a, 0x0e, 0x33, 0x0e, 0x33,
    0xef, 0x3a, 0x0e, 0x33, 0xee, 0x32, 0x0f, 0x3b, 0x0e, 0x33, 0xee, 0x32,
    0x0f, 0x3b, 0xee, 0x32, 0x0e, 0x33, 0xef, 0x3a, 0xee, 0x32, 0x0e, 0x33,
    0xef, 0x3a, 0xee, 0x32, 0x0e, 0x33, 0x0f, 0x3b, 0xee, 0x32, 0x0e, 0x33,
    0xef, 0x3a, 0x0e, 0x33, 0xee, 0x32, 0xef, 0x3a, 0x0e, 0x33, 0xee, 0x32,
    0xef, 0x3a, 0x0e, 0x33, 0x0e, 0x33, 0xef, 0x3a, 0x0e, 0x33, 0xee, 0x32,
    0xef, 0x3a, 0x0e, 0x33, 0xee, 0x32, 0xef, 0x3a, 0x0e, 0x33, 0x0e, 0x33,
    0xef, 0x3a, 0xee, 0x32, 0x0e, 0x33, 0x0f, 0x3b, 0xee, 0x32, 0xee, 0x32,
    0x0f, 0x3b, 0xee, 0x32, 0xee, 0x32, 0x0f, 0x3b, 0xee, 0x32, 0x0e, 0x33,
    0x0f, 0x3b, 0xee, 0x32, 0x0e, 0x33, 0x0f, 0x3b, 0xee, 0x32, 0x0e, 0x33,
    0x0f, 0x3b, 0xee, 0x32, 0x0e, 0x33, 0xef, 0x3a, 0xee, 0x32, 0x0e, 0x33,
    0xef, 0x3a, 0x0e, 0x33, 0x0e, 0x33, 0xef, 0x3a, 0x0e, 0x33, 0xee, 0x32,
    0xef, 0x3a, 0x0e, 0x33, 0xee, 0x32, 0xef, 0x3a, 0x0e, 0x33, 0x0e, 0x33,
    0xef, 0x3a, 0xee, 0x32, 0x0e, 0x33, 0x0f, 0x3b, 0xee, 0x32, 0xee, 0x32,
    0x0f, 0x3b, 0xee, 0x32, 0xee, 0x32, 0x0f, 0x3b, 0xee, 0x32, 0x0e, 0x33,
    0x0f, 0x3b, 0xee, 0x32, 0x0e, 0x33, 0x0f, 0x3b, 0xee, 0x32, 0x0e, 0x33,
    0x0f, 0x3b, 0xee, 0x32, 0x0e, 0x33, 0xef, 0x3a, 0xee, 0x32, 0x0e, 0x33,
    0xef, 0x3a, 0x0e, 0x33, 0x0e, 0x33, 0xef, 0x3a, 0x0e, 0x33, 0xee, 0x32,
    0xef, 0x3a, 0x0e, 0x33, 0xee, 0x32, 0xef, 0x3a, 0x0e, 0x33, 0x0e, 0x33,
    0xef, 0x3a, 0xee, 0x32, 0x0e, 0x33, 0x0f, 0x3b, 0xee, 0x32, 0xee, 0x32,
    0x0f, 0x3b, 0xee, 0x32, 0xee, 0x32, 0x0f, 0x3b, 0xee, 0x32, 0x0e, 0x33,
    0x0f, 0x3b, 0xee, 0x32, 0x0e, 0x33, 0x0f, 0x3b, 0xee, 0x32, 0x0e, 0x33,
    0x0f, 0x3b, 0xee, 0x32, 0x0e, 0x33, 0xef, 0x3a, 0xee, 0x32, 0x0e, 0x33,
    0xef, 0x3a, 0x0e, 0x33, 0x0e, 0x33, 0xef, 0x3a, 0x0e, 0x33, 0xee, 0x32,
    0xef, 0x3a, 0x0e, 0x33, 0xee, 0x32, 0xef, 0x3a, 0x0e, 0x33, 0x0e, 0x33,
    0xef, 0x3a, 0xee, 0x32, 0x0e, 0x33, 0x0f, 0x3b, 0xee, 0x32, 0xee, 0x32,
    0x0f, 0x3b, 0xee, 0x32, 0xee, 0x32, 0x0f, 0x3b, 0xee, 0x32, 0x0e, 0x33,
    0x0f, 0x3b, 0xee, 0x32, 0x0e, 0x33, 0x0f, 0x3b, 0xee, 0x32, 0x0e, 0x33,
    0x0f, 0x3b, 0xee, 0x32, 0x0e, 0x33, 0xef, 0x3a, 0xee, 0x32, 0x0e, 0x33,
    0xef, 0x3a, 0x0e, 0x33, 0x0e, 0x33, 0xef, 0x3a, 0x0e, 0x33, 0xee, 0x32,
    0xef, 0x3a, 0x0e, 0x33, 0xee, 0x32, 0xef, 0x3a, 0x0e, 0x33, 0x0e, 0x33,
    0xef, 0x3a, 0xee, 0x32, 0x0e, 0x33, 0x0f, 0x3b, 0xee, 0x32, 0xee, 0x32,
    0x0f, 0x3b, 0xee, 0x32, 0xee, 0x32, 0x0f, 0x3b, 0xee, 0x32, 0x0e, 0x33,
    0x0f, 0x3b, 0xee, 0x32, 0x0e, 0x33, 0x0f, 0x3b, 0xee, 0x32, 0x0e, 0x33,
    0x0f, 0x3b, 0xee, 0x32, 0x0e, 0x33, 0xef, 0x3a, 0xee, 0x32, 0x0e, 0x33,
    0xef, 0x3a, 0x0e, 0x33, 0x0e, 0x33, 0xef, 0x3a, 0x0e, 0x33, 0xee, 0x32,
    0xef, 0x3a, 0x0e, 0x33, 0xee, 0x32, 0xef, 0x3a, 0x0e, 0x33, 0x0e, 0x33,
    0xef, 0x3a, 0xee, 0x32, 0x0e, 0x33, 0x0f, 0x3b, 0xee, 0x32, 0xee, 0x32,
    0x0f, 0x3b, 0xee, 0x32, 0xee, 0x32, 0x0f, 0x3b, 0xee, 0x32, 0x0e, 0x33,
    0x0f, 0x3b, 0xee, 0x32, 0x0e, 0x33, 0x0f, 0x3b, 0xee, 0x32, 0x0e, 0x33,
    0x0f, 0x3b, 0xee, 0x32, 0x0e, 0x33, 0xef, 0x3a, 0xee, 0x32, 0x0e, 0x33,
    0xef, 0x3a, 0x0e, 0x33, 0x0e, 0x33, 0xef, 0x3a, 0x0e, 0x33, 0xee, 0x32,
    0xef, 0x3a, 0x0e, 0x33, 0xee, 0x32, 0xef, 0x3a, 0x0e, 0x33, 0x0e, 0x33,
    0xef, 0x3a, 0xee, 0x32, 0x0e, 0x33, 0x0f, 0x3b, 0xee, 0x32, 0xee, 0x32,
    0x0f, 0x3b, 0xee, 0x32, 0xee, 0x32, 0x0f, 0x3b, 0xee, 0x32, 0x0e, 0x33,
    0x0f, 0x3b, 0xee, 0x32, 0x0e, 0x33, 0x0f, 0x3b, 0xee, 0x32, 0x0e, 0x33,
    0x0f, 0x3b, 0xee, 0x32, 0x0f, 0x3b, 0xef, 0x3a, 0xee, 0x32, 0x0f, 0x3b,
    0xee, 0x32, 0x0e, 0x33, 0x0f, 0x3b, 0xef, 0x3a, 0x0e, 0x33, 0xef, 0x3a,
    0xef, 0x3a, 0x0e, 0x33, 0xef, 0x3a, 0xee, 0x32, 0x0e, 0x33, 0x0f, 0x3b,
    0xee, 0x32, 0xef, 0x3a, 0x0f, 0x3b, 0x0e, 0x33, 0xee, 0x32, 0xef, 0x3a,
    0x0e, 0x33, 0xef, 0x3a, 0xee, 0x32, 0x0e, 0x33, 0xef, 0x3a, 0x0e, 0x33,
    0x0f, 0x3b, 0xee, 0x32, 0x0f, 0x3b, 0x0e, 0x33, 0xee, 0x32, 0x0f, 0x3b,
    0x0f, 0x3b, 0xee, 0x32, 0x0f, 0x3b, 0xef, 0x3a, 0x0e, 0x33, 0x0e, 0x33,
    0xef, 0x3a, 0x0e, 0x33, 0xee, 0x32, 0x0f, 0x3b, 0x0e, 0x33, 0xee, 0x32,
    0x0f, 0x3b, 0xef, 0x3a, 0xee, 0x32, 0x0e, 0x33, 0x0f, 0x3b, 0xee, 0x32,
    0x0f, 0x3b, 0x0e, 0x33, 0xef, 0x3a, 0x0f, 0x3b, 0xee, 0x32, 0xef, 0x3a,
    0x0f, 0x3b, 0xee, 0x32, 0xef, 0x3a, 0x0f, 0x3b, 0xee, 0x32, 0x0f, 0x3b,
    0xee, 0x32, 0xef, 0x3a, 0x0e, 0x33, 0xef, 0x3a, 0xef, 0x3a, 0x0e, 0x33,
    0x0e, 0x33, 0xef, 0x3a, 0x0e, 0x33, 0x0f, 0x3b, 0xef, 0x3a, 0x0e, 0x33,
    0xef, 0x3a, 0xef, 0x3a, 0x0e, 0x33, 0xef, 0x3a, 0xef, 0x3a, 0x0e, 0x33,
    0x0f, 0x3b, 0xee, 0x32, 0x0e, 0x33, 0xef, 0x3a, 0x0e, 0x33, 0xef, 0x3a,
    0x0e, 0x33, 0x0f, 0x3b, 0xef, 0x3a, 0x0e, 0x33, 0xee, 0x32, 0xef, 0x3a,
    0xee, 0x32, 0xef, 0x3a, 0x0e, 0x33, 0xee, 0x32, 0x0f, 0x3b, 0x0f, 0x3b,
    0xee, 0x32, 0xef, 0x3a, 0x0e, 0x33, 0xef, 0x3a, 0xee, 0x32, 0x0e, 0x33,
    0x0f, 0x3b, 0xee, 0x32, 0x0e, 0x33, 0x0f, 0x3b, 0xee, 0x32, 0x0e, 0x33,
    0xef, 0x3a, 0xee, 0x32, 0x0e, 0x33, 0xef, 0x3a, 0x0e, 0x33, 0xee, 0x32,
    0xef, 0x3a, 0x0e, 0x33, 0xef, 0x3a, 0x0f, 0x3b, 0x0e, 0x33, 0xef, 0x3a,
    0x0f, 0x3b, 0x0e, 0x33, 0xef, 0x3a, 0x0f, 0x3b, 0x0e, 0x33, 0xee, 0x32,
    0x0f, 0x3b, 0xee, 0x32, 0xee, 0x32, 0x0f, 0x3b, 0xee, 0x32, 0x0f, 0x3b,
    0xef, 0x3a, 0x0e, 0x33, 0xef, 0x3a, 0xee, 0x32, 0x0f, 0x3b, 0xee, 0x32,
    0x0e, 0x33, 0xef, 0x3a, 0x0e, 0x33, 0x0f, 0x3b, 0xee, 0x32, 0x0f, 0x3b,
    0xef, 0x3a, 0x0e, 0x33, 0x0f, 0x3b, 0xef, 0x3a, 0x0e, 0x33, 0xef, 0x3a,
    0x0f, 0x3b, 0xee, 0x32, 0x0e, 0x33, 0xef, 0x3a, 0x0e, 0x33, 0x0e, 0x33,
    0xef, 0x3a, 0x0f, 0x3b, 0x0e, 0x33, 0xef, 0x3a, 0x0e, 0x33, 0x0e, 0x33,
    0xef, 0x3a, 0xee, 0x32, 0x0f, 0x3b, 0xef, 0x3a, 0xee, 0x32, 0x0f, 0x3b,
    0x0e, 0x33, 0xee, 0x32, 0x0f, 0x3b, 0xee, 0x32, 0xee, 0x32, 0x0f, 0x3b,
    0xee, 0x32, 0x0e, 0x33, 0x0f, 0x3b, 0xef, 0x3a, 0x0e, 0x33, 0x0f, 0x3b,
    0xee, 0x32, 0x0e, 0x33, 0x0f, 0x3b, 0xee, 0x32, 0xee, 0x32, 0x0f, 0x3b,
    0xee, 0x32, 0xef, 0x3a, 0x0f, 0x3b, 0xee, 0x32, 0xef, 0x3a, 0x0e, 0x33,
    0xef, 0x3a, 0x0f, 0x3b, 0x0e, 0x33, 0xef, 0x3a, 0x0f, 0x3b, 0xee, 0x32,
    0x0f, 0x3b, 0x0e, 0x33, 0xee, 0x32, 0x0f, 0x3b, 0xee, 0x32, 0xee, 0x32,
    0x0f, 0x3b, 0xee, 0x32, 0x0e, 0x33, 0xef, 0x3a, 0x0f, 0x3b, 0xee, 0x32,
    0x0e, 0x33, 0xef, 0x3a, 0xee, 0x32, 0x0f, 0x3b, 0xef, 0x3a, 0x0e, 0x33,
    0x0f, 0x3b, 0xef, 0x3a, 0x0e, 0x33, 0x0f, 0x3b, 0xef, 0x3a, 0xee, 0x32,
    0x0f, 0x3b, 0xef, 0x3a, 0xee, 0x32, 0x0f, 0x3b, 0xef, 0x3a, 0x0e, 0x33,
    0x0f, 0x3b, 0xef, 0x3a, 0x0e, 0x33, 0xef, 0x3a, 0xef, 0x3a, 0x0e, 0x33,
    0xef, 0x3a, 0x0f, 0x3b, 0x0e, 0x33, 0xef, 0x3a, 0xef, 0x3a, 0x0e, 0x33,
    0xef, 0x3a, 0x0f, 0x3b, 0x0e, 0x33, 0xef, 0x3a, 0x0f, 0x3b, 0xee, 0x32,
    0xef, 0x3a, 0x0f, 0x3b, 0x0e, 0x33, 0xef, 0x3a, 0x0f, 0x3b, 0xee, 0x32,
    0x0f, 0x3b, 0x0f, 0x3b, 0xee, 0x32, 0x0f, 0x3b, 0xef, 0x3a, 0xee, 0x32,
    0x0f, 0x3b, 0xef, 0x3a, 0x0e, 0x33, 0xef, 0x3a, 0x0f, 0x3b, 0xee, 0x32,
    0x0f, 0x3b, 0x0f, 0x3b, 0xee, 0x32, 0x0f, 0x3b, 0x0f, 0x3b, 0xee, 0x32,
    0x0f, 0x3b, 0xef, 0x3a, 0xee, 0x32, 0x0f, 0x3b, 0xef, 0x3a, 0x0e, 0x33,
    0xef, 0x3a, 0x0f, 0x3b, 0xee, 0x32, 0xef, 0x3a, 0x0f, 0x3b, 0x0e, 0x33,
    0xef, 0x3a, 0x0f, 0x3b, 0xee, 0x32, 0xef, 0x3a, 0x0f, 0x3b, 0xee, 0x32,
    0x0f, 0x3b, 0x0f, 0x3b, 0xee, 0x32, 0x0f, 0x3b, 0x0f, 0x3b, 0xee, 0x32,
    0xef, 0x3a, 0x0f, 0x3b, 0xee, 0x32, 0x0f, 0x3b, 0x0f, 0x3b, 0xee, 0x32,
    0x0f, 0x3b, 0x0f, 0x3b, 0xee, 0x32, 0xef, 0x3a, 0x0f, 0x3b, 0xee, 0x32,
    0xef, 0x3a, 0x0f, 0x3b, 0xee, 0x32, 0x0f, 0x3b, 0x0f, 0x3b, 0xee, 0x32,
    0x0f, 0x3b, 0xef, 0x3a, 0xee, 0x32, 0x0f, 0x3b, 0x0f, 0x3b, 0xee, 0x32,
    0x0f, 0x3b, 0x0f, 0x3b, 0xee, 0x32, 0x0f, 0x3b, 0x0f, 0x3b, 0xee, 0x32,
    0x0f, 0x3b, 0x0f, 0x3b, 0xee, 0x32, 0xef, 0x3a, 0x0f, 0x3b, 0xee, 0x32,
    0x0f, 0x3b, 0x0f, 0x3b, 0xee, 0x32, 0x0f, 0x3b, 0xef, 0x3a, 0xee, 0x32,
    0x0f, 0x3b, 0x0f, 0x3b, 0xee, 0x32, 0x0f, 0x3b, 0xef, 0x3a, 0xee, 0x32,
    0x0f, 0x3b, 0xef, 0x3a, 0xee, 0x32, 0x0f, 0x3b, 0x0f, 0x3b, 0xee, 0x32,
    0x0f, 0x3b, 0xef, 0x3a, 0xee, 0x32, 0xef, 0x3a, 0xef, 0x3a, 0x0e, 0x33,
    0xef, 0x3a, 0x0f, 0x3b, 0xee, 0x32, 0xef, 0x3a, 0x0f, 0x3b, 0xee, 0x32,
    0x0f, 0x3b, 0xef, 0x3a, 0xee, 0x32, 0x0f, 0x3b, 0xef, 0x3a, 0xee, 0x32,
    0x0f, 0x3b, 0xef, 0x3a, 0xee, 0x32, 0x0f, 0x3b, 0xef, 0x3a, 0xee, 0x32,
    0x0f, 0x3b, 0x0f, 0x3b, 0xee, 0x32, 0x0f, 0x3b, 0xef, 0x3a, 0xee, 0x32,
    0x0f, 0x3b, 0xef, 0x3a, 0xee, 0x32, 0x0f, 0x3b, 0x0f, 0x3b, 0xee, 0x32,
    0x0f, 0x3b, 0xef, 0x3a, 0xee, 0x32, 0x0f, 0x3b, 0xef, 0x3a, 0xee, 0x32,
    0x0f, 0x3b, 0x0f, 0x3b, 0xee, 0x32, 0x0f, 0x3b, 0xef, 0x3a, 0xee, 0x32,
    0x0f, 0x3b, 0xef, 0x3a, 0xee, 0x32, 0x0f, 0x3b, 0xef, 0x3a, 0x0e, 0x33,
    0x0f, 0x3b, 0xef, 0x3a, 0x0e, 0x33, 0xef, 0x3a, 0x0f, 0x3b, 0xee, 0x32,
    0xef, 0x3a, 0x0f, 0x3b, 0xee, 0x32, 0x0f, 0x3b, 0x0f, 0x3b, 0xee, 0x32,
    0xef, 0x3a, 0x0f, 0x3b, 0xee, 0x32, 0x0f, 0x3b, 0x0f, 0x3b, 0xee, 0x32,
    0x0f, 0x3b, 0x0f, 0x3b, 0xee, 0x32, 0x0f, 0x3b, 0x0f, 0x3b, 0xee, 0x32,
    0x0f, 0x3b, 0x0f, 0x3b, 0xee, 0x32, 0xef, 0x3a, 0xef, 0x3a, 0x0e, 0x33,
    0x0f, 0x3b, 0xef, 0x3a, 0x0e, 0x33, 0xef, 0x3a, 0xef, 0x3a, 0x0e, 0x33,
    0xef, 0x3a, 0x0f, 0x3b, 0x0e, 0x33, 0xef, 0x3a, 0x0f, 0x3b, 0x0e, 0x33,
    0xef, 0x3a, 0x0f, 0x3b, 0xee, 0x32, 0xef, 0x3a, 0x0f, 0x3b, 0xee, 0x32,
    0x0f, 0x3b, 0x0f, 0x3b, 0xee, 0x32, 0xef, 0x3a, 0x0f, 0x3b, 0xee, 0x32,
    0x0f, 0x3b, 0x0f, 0x3b, 0xee, 0x32, 0x0f, 0x3b, 0x0f, 0x3b, 0xee, 0x32,
    0x0f, 0x3b, 0x0f, 0x3b, 0xee, 0x32, 0xef, 0x3a, 0x0f, 0x3b, 0xee, 0x32,
    0x0f, 0x3b, 0x0f, 0x3b, 0xee, 0x32, 0x0f, 0x3b, 0xef, 0x3a, 0xee, 0x32,
    0x0f, 0x3b, 0xef, 0x3a, 0x0e, 0x33, 0x0f, 0x3b, 0xef, 0x3a, 0x0e, 0x33,
    0xef, 0x3a, 0xef, 0x3a, 0x0e, 0x33, 0xef, 0x3a, 0x0f, 0x3b, 0x0e, 0x33,
    0xef, 0x3a, 0x0f, 0x3b, 0xee, 0x32, 0xef, 0x3a, 0x0f, 0x3b, 0xee, 0x32,
    0x0f, 0x3b, 0xef, 0x3a, 0x0e, 0x33, 0x0f, 0x3b, 0xef, 0x3a, 0xee, 0x32,
    0x0f, 0x3b, 0xef, 0x3a, 0xee, 0x32, 0x0f, 0x3b, 0xef, 0x3a, 0xee, 0x32,
    0x0f, 0x3b, 0x0f, 0x3b, 0xee, 0x32, 0x0f, 0x3b, 0x0f, 0x3b, 0xee, 0x32,
    0x0f, 0x3b, 0xef, 0x3a, 0x0e, 0x33, 0xef, 0x3a, 0xef, 0x3a, 0x0e, 0x33,
    0xef, 0x3a, 0x0f, 0x3b, 0x0e, 0x33, 0xef, 0x3a, 0x0f, 0x3b, 0xee, 0x32,
    0xef, 0x3a, 0x0f, 0x3b, 0xee, 0x32, 0xef, 0x3a, 0x0f, 0x3b, 0xee, 0x32,
    0xef, 0x3a, 0x0f, 0x3b, 0x0e, 0x33, 0xef, 0x3a, 0x0f, 0x3b, 0x0e, 0x33,
    0xef, 0x3a, 0x0f, 0x3b, 0x0e, 0x33, 0xef, 0x3a, 0xef, 0x3a, 0x0e, 0x33,
    0x0f, 0x3b, 0xef, 0x3a, 0x0e, 0x33, 0x0f, 0x3b, 0xef, 0x3a, 0x0e, 0x33,
    0x0f, 0x3b, 0xef, 0x3a, 0x0e, 0x33, 0xef, 0x3a, 0xef, 0x3a, 0x0e, 0x33,
    0x0f, 0x3b, 0xef, 0x3a, 0x0e, 0x33, 0x0f, 0x3b, 0xef, 0x3a, 0xee, 0x32,
    0x0f, 0x3b, 0xef, 0x3a, 0x0e, 0x33, 0xef, 0x3a, 0xef, 0x3a, 0x0e, 0x33,
    0x0f, 0x3b, 0xef, 0x3a, 0x0e, 0x33, 0x0f, 0x3b, 0xef, 0x3a, 0xee, 0x32,
    0x0f, 0x3b, 0xef, 0x3a, 0x0e, 0x33, 0xef, 0x3a, 0xef, 0x3a, 0x0e, 0x33,
    0xef, 0x3a, 0xef, 0x3a, 0x0e, 0x33, 0xef, 0x3a, 0x0f, 0x3b, 0x0e, 0x33,
    0xef, 0x3a, 0x0f, 0x3b, 0xee, 0x32, 0xef, 0x3a, 0xef, 0x3a, 0x0e, 0x33,
    0x0f, 0x3b, 0xef, 0x3a, 0x0e, 0x33, 0x0f, 0x3b, 0xef, 0x3a, 0xee, 0x32,
    0x0f, 0x3b, 0xef, 0x3a, 0x0e, 0x33, 0xef, 0x3a, 0xef, 0x3a, 0x0e, 0x33,
    0x0f, 0x3b, 0xef, 0x3a, 0x0e, 0x33, 0x0f, 0x3b, 0xef, 0x3a, 0xee, 0x32,
    0x0f, 0x3b, 0xef, 0x3a, 0x0e, 0x33, 0xef, 0x3a, 0xef, 0x3a, 0x0e, 0x33,
    0xef, 0x3a, 0xef, 0x3a, 0x0e, 0x33, 0xef, 0x3a, 0x0f, 0x3b, 0x0e, 0x33,
    0xef, 0x3a, 0x0f, 0x3b, 0xee, 0x32, 0xef, 0x3a, 0xef, 0x3a, 0x0e, 0x33,
    0x0f, 0x3b, 0xef, 0x3a, 0x0e, 0x33, 0x0f, 0x3b, 0xef, 0x3a, 0xee, 0x32,
    0x0f, 0x3b, 0xef, 0x3a, 0x0e, 0x33, 0xef, 0x3a, 0xef, 0x3a, 0x0e, 0x33,
    0x0f, 0x3b, 0xef, 0x3a, 0x0e, 0x33, 0x0f, 0x3b, 0xef, 0x3a, 0xee, 0x32,
    0x0f, 0x3b, 0xef, 0x3a, 0x0e, 0x33, 0xef, 0x3a, 0xef, 0x3a, 0x0e, 0x33,
    0xef, 0x3a, 0xef, 0x3a, 0x0e, 0x33, 0xef, 0x3a, 0x0f, 0x3b, 0x0e, 0x33,
    0xef, 0x3a, 0x0f, 0x3b, 0xee, 0x32, 0xef, 0x3a, 0xef, 0x3a, 0x0e, 0x33,
    0x0f, 0x3b, 0xef, 0x3a, 0x0e, 0x33, 0x0f, 0x3b, 0xef, 0x3a, 0xee, 0x32,
    0x0f, 0x3b, 0xef, 0x3a, 0x0e, 0x33, 0xef, 0x3a, 0xef, 0x3a, 0x0e, 0x33,
    0x0f, 0x3b, 0xef, 0x3a, 0x0e, 0x33, 0x0f, 0x3b, 0xef, 0x3a, 0xee, 0x32,
    0x0f, 0x3b, 0xef, 0x3a, 0x0e, 0x33, 0xef, 0x3a, 0xef, 0x3a, 0x0e, 0x33,
    0xef, 0x3a, 0xef, 0x3a, 0x0e, 0x33, 0xef, 0x3a, 0x0f, 0x3b, 0x0e, 0x33,
    0xef, 0x3a, 0x0f, 0x3b, 0xee, 0x32, 0xef, 0x3a, 0xef, 0x3a, 0x0e, 0x33,
    0x0f, 0x3b, 0xef, 0x3a, 0x0e, 0x33, 0x0f, 0x3b, 0xef, 0x3a, 0xee, 0x32,
    0x0f, 0x3b, 0xef, 0x3a, 0x0e, 0x33, 0xef, 0x3a, 0xef, 0x3a, 0x0e, 0x33,
    0x0f, 0x3b, 0xef, 0x3a, 0x0e, 0x33, 0x0f, 0x3b, 0xef, 0x3a, 0xee, 0x32,
    0x0f, 0x3b, 0xef, 0x3a, 0x0e, 0x33, 0xef, 0x3a, 0xef, 0x3a, 0x0e, 0x33,
    0xef, 0x3a, 0xef, 0x3a, 0x0e, 0x33, 0xef, 0x3a, 0x0f, 0x3b, 0x0e, 0x33,
    0xef, 0x3a, 0x0f, 0x3b, 0xee, 0x32, 0xef, 0x3a, 0xef, 0x3a, 0x0e, 0x33,
    0x0f, 0x3b, 0xef, 0x3a, 0x0e, 0x33, 0x0f, 0x3b, 0xef, 0x3a, 0xee, 0x32,
    0x0f, 0x3b, 0xef, 0x3a, 0x0e, 0x33, 0xef, 0x3a, 0xef, 0x3a, 0x0e, 0x33,
    0x0f, 0x3b, 0xef, 0x3a, 0x0e, 0x33, 0x0f, 0x3b, 0xef, 0x3a, 0xee, 0x32,
    0x0f, 0x3b, 0xef, 0x3a, 0x0e, 0x33, 0xef, 0x3a, 0xef, 0x3a, 0x0e, 0x33,
    0xef, 0x3a, 0xef, 0x3a, 0x0e, 0x33, 0xef, 0x3a, 0x0f, 0x3b, 0x0e, 0x33,
    0xef, 0x3a, 0x0f, 0x3b, 0xee, 0x32, 0xef, 0x3a, 0xef, 0x3a, 0x0e, 0x33,
    0x0f, 0x3b, 0xef, 0x3a, 0x0e, 0x33, 0x0f, 0x3b, 0xef, 0x3a, 0xee, 0x32,
    0x0f, 0x3b, 0xef, 0x3a, 0x0e, 0x33, 0xef, 0x3a, 0xef, 0x3a, 0x0e, 0x33,
    0x0f, 0x3b, 0xef, 0x3a, 0x0e, 0x33, 0x0f, 0x3b, 0xef, 0x3a, 0xee, 0x32,
    0x0f, 0x3b, 0xef, 0x3a, 0x0e, 0x33, 0xef, 0x3a, 0xef, 0x3a, 0x0e, 0x33,
    0xef, 0x3a, 0xef, 0x3a, 0x0e, 0x33, 0xee, 0x32, 0x0f, 0x3b, 0x0e, 0x33,
    0xef, 0x3a, 0x0f, 0x3b, 0xee, 0x32, 0xef, 0x3a, 0xee, 0x32, 0x0e, 0x33,
    0x0f, 0x3b, 0xee, 0x32, 0x0e, 0x33, 0x0f, 0x3b, 0xee, 0x32, 0xef, 0x3a,
    0x0f, 0x3b, 0xee, 0x32, 0x0e, 0x33, 0xef, 0x3a, 0xee, 0x32, 0x0f, 0x3b,
    0x0f, 0x3b, 0xee, 0x32, 0x0f, 0x3b, 0x0f, 0x3b, 0xee, 0x32, 0xef, 0x3a,
    0x0e, 0x33, 0xef, 0x3a, 0x0e, 0x33, 0xef, 0x3a, 0xef, 0x3a, 0x0e, 0x33,
    0xee, 0x32, 0xef, 0x3a, 0x0e, 0x33, 0xef, 0x3a, 0x0e, 0x33, 0xef, 0x3a,
    0xef, 0x3a, 0x0e, 0x33, 0x0f, 0x3b, 0xef, 0x3a, 0x0e, 0x33, 0xef, 0x3a,
    0xef, 0x3a, 0x0e, 0x33, 0x0f, 0x3b, 0xef, 0x3a, 0xee, 0x32, 0x0f, 0x3b,
    0xef, 0x3a, 0xee, 0x32, 0x0e, 0x33, 0xef, 0x3a, 0x0e, 0x33, 0x0e, 0x33,
    0xef, 0x3a, 0x0e, 0x33, 0x0f, 0x3b, 0xee, 0x32, 0x0e, 0x33, 0xef, 0x3a,
    0x0e, 0x33, 0x0e, 0x33, 0xef, 0x3a, 0x0e, 0x33, 0x0e, 0x33, 0xef, 0x3a,
    0xee, 0x32, 0x0f, 0x3b, 0xef, 0x3a, 0xee, 0x32, 0x0e, 0x33, 0xee, 0x32,
    0x0f, 0x3b, 0x0e, 0x33, 0xee, 0x32, 0x0f, 0x3b, 0x0e, 0x33, 0xee, 0x32,
    0xef, 0x3a, 0x0e, 0x33, 0xef, 0x3a, 0xef, 0x3a, 0x0e, 0x33, 0x0f, 0x3b,
    0xee, 0x32, 0xee, 0x32, 0x0f, 0x3b, 0xee, 0x32, 0x0f, 0x3b, 0x0f, 0x3b,
    0xee, 0x32, 0x0f, 0x3b, 0xef, 0x3a, 0x0f, 0x3b, 0x0e, 0x33, 0xee, 0x32,
    0xef, 0x3a, 0x0e, 0x33, 0x0e, 0x33, 0xef, 0x3a, 0x0f, 0x3b, 0x0e, 0x33,
    0xef, 0x3a, 0x0f, 0x3b, 0xee, 0x32, 0xef, 0x3a, 0x0e, 0x33, 0xef, 0x3a,
    0x0f, 0x3b, 0x0e, 0x33, 0xef, 0x3a, 0x0e, 0x33, 0xef, 0x3a, 0x0f, 0x3b,
    0x0e, 0x33, 0xef, 0x3a, 0x0e, 0x33, 0xee, 0x32, 0xef, 0x3a, 0xee, 0x32,
    0x0e, 0x33, 0xef, 0x3a, 0xee, 0x32, 0x0e, 0x33, 0xef, 0x3a, 0xee, 0x32,
    0x0f, 0x3b, 0x0f, 0x3b, 0xee, 0x32, 0x0f, 0x3b, 0x0f, 0x3b, 0xee, 0x32,
    0x0e, 0x33, 0xef, 0x3a, 0x0e, 0x33, 0x0f, 0x3b, 0xef, 0x3a, 0x0e, 0x33,
    0xef, 0x3a, 0x0f, 0x3b, 0xee, 0x32, 0xee, 0x32, 0x0f, 0x3b, 0xee, 0x32,
    0x0e, 0x33, 0xef, 0x3a, 0x0e, 0x33, 0xee, 0x32, 0xef, 0x3a, 0x0e, 0x33,
    0xee, 0x32, 0x0f, 0x3b, 0x0f, 0x3b, 0xee, 0x32, 0xef, 0x3a, 0x0f, 0x3b,
    0xee, 0x32, 0xef, 0x3a, 0x0e, 0x33, 0xef, 0x3a, 0xef, 0x3a, 0x0e, 0x33,
    0xef, 0x3a, 0x0e, 0x33, 0x0e, 0x33, 0xef, 0x3a, 0x0e, 0x33, 0xee, 0x32,
    0x0f, 0x3b, 0xef, 0x3a, 0x0e, 0x33, 0x0f, 0x3b, 0xee, 0x32, 0x0f, 0x3b,
    0xef, 0x3a, 0x0e, 0x33, 0xef, 0x3a, 0xee, 0x32, 0x0e, 0x33, 0xef, 0x3a,
    0xef, 0x3a, 0x0e, 0x33, 0xef, 0x3a, 0xef, 0x3a, 0x0e, 0x33, 0x0f, 0x3b,
    0xef, 0x3a, 0x0e, 0x33, 0x0e, 0x33, 0xef, 0x3a, 0x0e, 0x33, 0x0f, 0x3b,
    0xee, 0x32, 0x0e, 0x33, 0xef, 0x3a, 0xee, 0x32, 0x0e, 0x33, 0x0f, 0x3b,
    0xee, 0x32, 0x0f, 0x3b, 0xef, 0x3a, 0xee, 0x32, 0x0f, 0x3b, 0x0f, 0x3b,
    0xee, 0x32, 0x0f, 0x3b, 0xef, 0x3a, 0x0e, 0x33, 0xef, 0x3a, 0x0e, 0x33,
    0xef, 0x3a, 0xef, 0x3a, 0x0e, 0x33, 0x0f, 0x3b, 0xee, 0x32, 0x0f, 0x3b,
    0xee, 0x32, 0xee, 0x32, 0x0f, 0x3b, 0xee, 0x32, 0xee, 0x32, 0x0f, 0x3b,
    0x0e, 0x33, 0xee, 0x32, 0x0f, 0x3b, 0x0e, 0x33, 0xee, 0x32, 0xef, 0x3a,
    0x0e, 0x33, 0xee, 0x32, 0x0f, 0x3b, 0x0e, 0x33, 0xee, 0x32, 0x0f, 0x3b,
    0x0e, 0x33, 0xee, 0x32, 0xef, 0x3a, 0xee, 0x32, 0x0e, 0x33, 0x0f, 0x3b,
    0xee, 0x32, 0xee, 0x32, 0x0f, 0x3b, 0xee, 0x32, 0xee, 0x32, 0x0f, 0x3b,
    0x0e, 0x33, 0x0e, 0x33, 0xef, 0x3a, 0xee, 0x32, 0x0e, 0x33, 0xef, 0x3a,
    0xee, 0x32, 0x0e, 0x33, 0xef, 0x3a, 0xee, 0x32, 0x0e, 0x33, 0x0f, 0x3b,
    0xee, 0x32, 0x0e, 0x33, 0xef, 0x3a, 0x0e, 0x33, 0xee, 0x32, 0xef, 0x3a,
    0x0e, 0x33, 0xee, 0x32, 0xef, 0x3a, 0x0e, 0x33, 0xee, 0x32, 0xef, 0x3a,
    0x0e, 0x33, 0xee, 0x32, 0x0f, 0x3b, 0x0e, 0x33, 0xee, 0x32, 0x0f, 0x3b,
    0xee, 0x32, 0xee, 0x32, 0x0f, 0x3b, 0x0e, 0x33, 0xee, 0x32, 0xef, 0x3a,
    0x0e, 0x33, 0xee, 0x32, 0x0f, 0x3b, 0x0e, 0x33, 0xee, 0x32, 0x0f, 0x3b,
    0xee, 0x32, 0xee, 0x32, 0x0f, 0x3b, 0xee, 0x32, 0xee, 0x32, 0x0f, 0x3b,
    0xee, 0x32, 0x0e, 0x33, 0x0f, 0x3b, 0xee, 0x32, 0xee, 0x32, 0xef, 0x3a,
    0x0e, 0x33, 0xee, 0x32, 0xef, 0x3a, 0x0e, 0x33, 0x0e, 0x33, 0xef, 0x3a,
    0x0e, 0x33, 0x0e, 0x33, 0xef, 0x3a, 0xee, 0x32, 0x0e, 0x33, 0xef, 0x3a,
    0x0e, 0x33, 0x0e, 0x33, 0xef, 0x3a, 0x0e, 0x33, 0xee, 0x32, 0x0f, 0x3b,
    0xee, 0x32, 0xee, 0x32, 0x0f, 0x3b, 0xee, 0x32, 0xee, 0x32, 0x0f, 0x3b,
    0xee, 0x32, 0x0e, 0x33, 0xef, 0x3a, 0x0e, 0x33, 0xee, 0x32, 0x0f, 0x3b,
    0xee, 0x32, 0xee, 0x32, 0x0f, 0x3b, 0xee, 0x32, 0x0e, 0x33, 0x0f, 0x3b,
    0xee, 0x32, 0x0e, 0x33, 0xef, 0x3a, 0x0e, 0x33, 0x0e, 0x33, 0xef, 0x3a,
    0x0e, 0x33, 0x0e, 0x33, 0xef, 0x3a, 0x0e, 0x33, 0xee, 0x32, 0x0f, 0x3b,
    0xee, 0x32, 0x0e, 0x33, 0x0f, 0x3b, 0x0e, 0x33, 0x0e, 0x33, 0xef, 0x3a,
    0x0e, 0x33, 0x0e, 0x33, 0xef, 0x3a, 0x0e, 0x33, 0x0e, 0x33, 0xef, 0x3a,
    0x0e, 0x33, 0xee, 0x32, 0x0f, 0x3b, 0x0e, 0x33, 0xee, 0x32, 0x0f, 0x3b,
    0xee, 0x32, 0x0e, 0x33, 0x0f, 0x3b, 0xee, 0x32, 0x0e, 0x33, 0xef, 0x3a,
    0x0e, 0x33, 0xee, 0x32, 0xef, 0x3a, 0x0e, 0x33, 0xee, 0x32, 0x0f, 0x3b,
    0x0e, 0x33, 0xee, 0x32, 0x0f, 0x3b, 0xee, 0x32, 0xee, 0x32, 0x0f, 0x3b,
    0xee, 0x32, 0x0e, 0x33, 0x0f, 0x3b, 0xee, 0x32, 0x0e, 0x33, 0x0f, 0x3b,
    0xee, 0x32, 0x0e, 0x33, 0xef, 0x3a, 0xee, 0x32, 0x0e, 0x33, 0x0f, 0x3b,
    0xee, 0x32, 0x0e, 0x33, 0x0f, 0x3b, 0xee, 0x32, 0x0e, 0x33, 0xef, 0x3a,
    0xee, 0x32, 0x0e, 0x33, 0xef, 0x3a, 0x0e, 0x33, 0xee, 0x32, 0x0f, 0x3b,
    0x0e, 0x33, 0xee, 0x32, 0x0f, 0x3b, 0xee, 0x32, 0xee, 0x32, 0x0f, 0x3b,
    0xee, 0x32, 0x0e, 0x33, 0x0f, 0x3b, 0xee, 0x32, 0xee, 0x32, 0x0f, 0x3b,
    0xee, 0x32, 0xee, 0x32, 0x0f, 0x3b, 0xee, 0x32, 0x0e, 0x33, 0xef, 0x3a,
    0xee, 0x32, 0x0e, 0x33, 0xef, 0x3a, 0x0e, 0x33, 0x0e, 0x33, 0xef, 0x3a,
    0x0e, 0x33, 0xee, 0x32, 0xef, 0x3a, 0x0e, 0x33, 0x0e, 0x33, 0xef, 0x3a,
    0x0e, 0x33, 0xee, 0x32, 0xef, 0x3a, 0x0e, 0x33, 0xee, 0x32, 0xef, 0x3a,
    0x0e, 0x33, 0xee, 0x32, 0x0f, 0x3b, 0x0e, 0x33, 0xee, 0x32, 0x0f, 0x3b,
    0xee, 0x32, 0xee, 0x32, 0x0f, 0x3b, 0x0e, 0x33, 0xee, 0x32, 0x0f, 0x3b,
    0xee, 0x32, 0xee, 0x32, 0x0f, 0x3b, 0xee, 0x32, 0xee, 0x32, 0x0f, 0x3b,
    0xee, 0x32, 0xee, 0x32, 0x0f, 0x3b, 0xee, 0x32, 0x0e, 0x33, 0x0f, 0x3b,
    0xee, 0x32, 0xee, 0x32, 0x0f, 0x3b, 0xee, 0x32, 0x0e, 0x33, 0x0f, 0x3b,
    0xee, 0x32, 0x0e, 0x33, 0xef, 0x3a, 0xee, 0x32, 0x0e, 0x33, 0xef, 0x3a,
    0x0e, 0x33, 0x0e, 0x33, 0xef, 0x3a, 0x0e, 0x33, 0xee, 0x32, 0xef, 0x3a,
    0x0e, 0x33, 0xee, 0x32, 0x0f, 0x3b, 0x0e, 0x33, 0xee, 0x32, 0x0f, 0x3b,
    0xee, 0x32, 0x0e, 0x33, 0xef, 0x3a, 0xee, 0x32, 0x0e, 0x33, 0xef, 0x3a,
    0x0e, 0x33, 0x0e, 0x33, 0xef, 0x3a, 0x0e, 0x33, 0x0e, 0x33, 0xef, 0x3a,
    0x0e, 0x33, 0xee, 0x32, 0xef, 0x3a, 0x0e, 0x33, 0xee, 0x32, 0xef, 0x3a,
    0x0e, 0x33, 0xee, 0x32, 0x0f, 0x3b, 0x0e, 0x33, 0xee, 0x32, 0x0f, 0x3b,
    0x0e, 0x33, 0xee, 0x32, 0xef, 0x3a, 0x0e, 0x33, 0xee, 0x32, 0x0f, 0x3b,
    0x0e, 0x33, 0xee, 0x32, 0x0f, 0x3b, 0x0e, 0x33, 0xee, 0x32, 0x0f, 0x3b,
    0x0e, 0x33, 0xee, 0x32, 0xef, 0x3a, 0x0e, 0x33, 0xee, 0x32, 0xef, 0x3a,
    0x0e, 0x33, 0xee, 0x32, 0xef, 0x3a, 0x0e, 0x33, 0x0e, 0x33, 0xef, 0x3a,
    0x0e, 0x33, 0xee, 0x32, 0xef, 0x3a, 0x0e, 0x33, 0xee, 0x32, 0xef, 0x3a,
    0x0e, 0x33, 0xee, 0x32, 0x0f, 0x3b, 0x0e, 0x33, 0xee, 0x32, 0x0f, 0x3b,
    0xee, 0x32, 0xee, 0x32, 0x0f, 0x3b, 0xee, 0x32, 0xee, 0x32, 0x0f, 0x3b,
    0x0e, 0x33, 0xee, 0x32, 0xef, 0x3a, 0x0e, 0x33, 0x0e, 0x33, 0x0f, 0x3b,
    0xee, 0x32, 0xee, 0x32, 0x0f, 0x3b, 0xee, 0x32, 0x0e, 0x33, 0x0f, 0x3b,
    0xee, 0x32, 0x0e, 0x33, 0x0f, 0x3b, 0xee, 0x32, 0xee, 0x32, 0x0f, 0x3b,
    0xee, 0x32, 0x0e, 0x33, 0x0f, 0x3b, 0xee, 0x32, 0xee, 0x32, 0x0f, 0x3b,
    0xee, 0x32, 0xee, 0x32, 0x0f, 0x3b, 0x0e, 0x33, 0xee, 0x32, 0x0f, 0x3b,
    0xee, 0x32, 0xee, 0x32, 0x0f, 0x3b, 0xee, 0x32, 0xee, 0x32, 0x0f, 0x3b,
    0x0e, 0x33, 0xee, 0x32, 0xef, 0x3a, 0x0e, 0x33, 0x0e, 0x33, 0x0f, 0x3b,
    0xee, 0x32, 0xee, 0x32, 0x0f, 0x3b, 0xee, 0x32, 0x0e, 0x33, 0x0f, 0x3b,
    0xee, 0x32, 0x0e, 0x33, 0x0f, 0x3b, 0xee, 0x32, 0xee, 0x32, 0x0f, 0x3b,
    0xee, 0x32, 0x0e, 0x33, 0x0f, 0x3b, 0xee, 0x32, 0xee, 0x32, 0x0f, 0x3b,
    0xee, 0x32, 0xee, 0x32, 0x0f, 0x3b, 0x0e, 0x33, 0xee, 0x32, 0x0f, 0x3b,
    0xee, 0x32, 0xee, 0x32, 0x0f, 0x3b, 0xee, 0x32, 0xee, 0x32, 0x0f, 0x3b,
    0x0e, 0x33, 0xee, 0x32, 0xef, 0x3a, 0x0e, 0x33, 0x0e, 0x33, 0x0f, 0x3b,
    0xee, 0x32, 0xee, 0x32, 0x0f, 0x3b, 0xee, 0x32, 0x0e, 0x33, 0x0f, 0x3b,
    0xee, 0x32, 0x0e, 0x33, 0x0f, 0x3b, 0xee, 0x32, 0xee, 0x32, 0x0f, 0x3b,
    0xee, 0x32, 0x0e, 0x33, 0x0f, 0x3b, 0xee, 0x32, 0xee, 0x32, 0x0f, 0x3b,
    0xee, 0x32, 0xee, 0x32, 0x0f, 0x3b, 0x0e, 0x33, 0xee, 0x32, 0x0f, 0x3b,
    0xee, 0x32, 0xee, 0x32, 0x0f, 0x3b, 0xee, 0x32, 0xee, 0x32, 0x0f, 0x3b,
    0x0e, 0x33, 0xee, 0x32, 0xef, 0x3a, 0x0e, 0x33, 0x0e, 0x33, 0x0f, 0x3b,
    0xee, 0x32, 0xee, 0x32, 0x0f, 0x3b, 0xee, 0x32, 0x0e, 0x33, 0x0f, 0x3b,
    0xee, 0x32, 0x0e, 0x33, 0x0f, 0x3b, 0xee, 0x32, 0xee, 0x32, 0x0f, 0x3b,
    0xee, 0x32, 0x0e, 0x33, 0x0f, 0x3b, 0xee, 0x32, 0xee, 0x32, 0x0f, 0x3b,
    0xee, 0x32, 0xee, 0x32, 0x0f, 0x3b, 0x0e, 0x33, 0xee, 0x32, 0x0f, 0x3b,
    0xee, 0x32, 0xee, 0x32, 0x0f, 0x3b, 0xee, 0x32, 0xee, 0x32, 0x0f, 0x3b,
    0x0e, 0x33, 0xee, 0x32, 0xef, 0x3a, 0x0e, 0x33, 0x0e, 0x33, 0x0f, 0x3b,
    0xee, 0x32, 0xee, 0x32, 0x0f, 0x3b, 0xee, 0x32, 0x0e, 0x33, 0x0f, 0x3b,
    0xee, 0x32, 0x0e, 0x33, 0x0f, 0x3b, 0xee, 0x32, 0xee, 0x32, 0x0f, 0x3b,
    0xee, 0x32, 0x0e, 0x33, 0x0f, 0x3b, 0xee, 0x32, 0xee, 0x32, 0x0f, 0x3b,
    0xee, 0x32, 0xee, 0x32, 0x0f, 0x3b, 0x0e, 0x33, 0xee, 0x32, 0x0f, 0x3b,
    0xee, 0x32, 0xee, 0x32, 0x0f, 0x3b, 0xee, 0x32, 0xee, 0x32, 0x0f, 0x3b,
    0x0e, 0x33, 0xee, 0x32, 0xef, 0x3a, 0x0e, 0x33, 0x0e, 0x33, 0x0f, 0x3b,
    0xee, 0x32, 0xee, 0x32, 0x0f, 0x3b, 0xee, 0x32, 0x0e, 0x33, 0x0f, 0x3b,
    0xee, 0x32, 0x0e, 0x33, 0x0f, 0x3b, 0xee, 0x32, 0xee, 0x32, 0x0f, 0x3b,
    0xee, 0x32, 0x0e, 0x33, 0x0f, 0x3b, 0xee, 0x32, 0xee, 0x32, 0x0f, 0x3b,
    0xee, 0x32, 0xee, 0x32, 0x0f, 0x3b, 0x0e, 0x33, 0xee, 0x32, 0x0f, 0x3b,
    0xee, 0x32, 0xee, 0x32, 0x0f, 0x3b, 0xee, 0x32, 0xee, 0x32, 0x0f, 0x3b,
    0x0e, 0x33, 0xee, 0x32, 0xef, 0x3a, 0x0e, 0x33, 0x0e, 0x33, 0x0f, 0x3b,
    0xee, 0x32, 0xee, 0x32, 0x0f, 0x3b, 0xee, 0x32, 0x0e, 0x33, 0x0f, 0x3b,
    0xee, 0x32, 0x0e, 0x33, 0x0f, 0x3b, 0xee, 0x32, 0xee, 0x32, 0x0f, 0x3b,
    0xee, 0x32, 0x0e, 0x33, 0x0f, 0x3b, 0xef, 0x3a, 0xee, 0x32, 0x0f, 0x3b,
    0xee, 0x32, 0xee, 0x32, 0x0f, 0x3b, 0x0e, 0x33, 0xef, 0x3a, 0x0f, 0x3b,
    0xee, 0x32, 0xef, 0x3a, 0x0f, 0x3b, 0xee, 0x32, 0xef, 0x3a, 0x0e, 0x33,
    0x0f, 0x3b, 0xee, 0x32, 0xef, 0x3a, 0x0e, 0x33, 0x0f, 0x3b, 0x0e, 0x33,
    0xee, 0x32, 0xef, 0x3a, 0x0e, 0x33, 0xee, 0x32, 0x0f, 0x3b, 0x0e, 0x33,
    0xef, 0x3a, 0x0e, 0x33, 0x0f, 0x3b, 0xee, 0x32, 0xee, 0x32, 0x0f, 0x3b,
    0xee, 0x32, 0x0f, 0x3b, 0x0f, 0x3b, 0xee, 0x32, 0xef, 0x3a, 0x0e, 0x33,
    0x0e, 0x33, 0xef, 0x3a, 0xee, 0x32, 0x0e, 0x33, 0xef, 0x3a, 0xee, 0x32,
    0x0e, 0x33, 0x0f, 0x3b, 0xee, 0x32, 0xee, 0x32, 0x0f, 0x3b, 0x0e, 0x33,
    0xee, 0x32, 0x0f, 0x3b, 0x0e, 0x33, 0xef, 0x3a, 0xef, 0x3a, 0x0e, 0x33,
    0xef, 0x3a, 0xef, 0x3a, 0x0e, 0x33, 0xee, 0x32, 0x0f, 0x3b, 0x0f, 0x3b,
    0xee, 0x32, 0xef, 0x3a, 0x0f, 0x3b, 0xee, 0x32, 0xef, 0x3a, 0x0f, 0x3b,
    0x0e, 0x33, 0xee, 0x32, 0x0f, 0x3b, 0x0e, 0x33, 0xef, 0x3a, 0x0f, 0x3b,
    0xee, 0x32, 0xef, 0x3a, 0x0f, 0x3b, 0xee, 0x32, 0xef, 0x3a, 0x0f, 0x3b,
    0x0e, 0x33, 0xef, 0x3a, 0x0e, 0x33, 0x0e, 0x33, 0xef, 0x3a, 0x0e, 0x33,
    0xef, 0x3a, 0x0f, 0x3b, 0xee, 0x32, 0x0f, 0x3b, 0xef, 0x3a, 0xee, 0x32,
    0x0e, 0x33, 0xef, 0x3a, 0xee, 0x32, 0x0e, 0x33, 0x0e, 0x33, 0xef, 0x3a,
    0x0f, 0x3b, 0xee, 0x32, 0xef, 0x3a, 0x0e, 0x33, 0xef, 0x3a, 0xee, 0x32,
    0x0e, 0x33, 0xef, 0x3a, 0x0e, 0x33, 0xef, 0x3a, 0x0e, 0x33, 0x0f, 0x3b,
    0xef, 0x3a, 0xee, 0x32, 0x0e, 0x33, 0xef, 0x3a, 0x0e, 0x33, 0x0f, 0x3b,
    0xee, 0x32, 0xee, 0x32, 0x0f, 0x3b, 0xef, 0x3a, 0x0e, 0x33, 0x0f, 0x3b,
    0xef, 0x3a, 0x0e, 0x33, 0x0f, 0x3b, 0xef, 0x3a, 0x0e, 0x33, 0x0f, 0x3b,
    0xee, 0x32, 0xee, 0x32, 0x0f, 0x3b, 0xee, 0x32, 0xee, 0x32, 0x0f, 0x3b,
    0xef, 0x3a, 0x0e, 0x33, 0xef, 0x3a, 0xee, 0x32, 0x0e, 0x33, 0xef, 0x3a,
    0x0e, 0x33, 0x0e, 0x33, 0xef, 0x3a, 0x0e, 0x33, 0x0f, 0x3b, 0xef, 0x3a,
    0xee, 0x32, 0x0f, 0x3b, 0xef, 0x3a, 0x0e, 0x33, 0xef, 0x3a, 0x0f, 0x3b,
    0x0e, 0x33, 0xef, 0x3a, 0xee, 0x32, 0x0e, 0x33, 0xef, 0x3a, 0x0e, 0x33,
    0x0e, 0x33, 0xef, 0x3a, 0x0f, 0x3b, 0xee, 0x32, 0x0e, 0x33, 0x0f, 0x3b,
    0xee, 0x32, 0xee, 0x32, 0x0f, 0x3b, 0xef, 0x3a, 0xee, 0x32, 0x0f, 0x3b,
    0xef, 0x3a, 0x0e, 0x33, 0x0e, 0x33, 0xef, 0x3a, 0xee, 0x32, 0x0f, 0x3b,
    0xee, 0x32, 0x0e, 0x33, 0x0f, 0x3b, 0xee, 0x32, 0x0f, 0x3b, 0xef, 0x3a,
    0x0e, 0x33, 0xee, 0x32, 0xef, 0x3a, 0x0e, 0x33, 0x0f, 0x3b, 0xee, 0x32,
    0xee, 0x32, 0x0f, 0x3b, 0xee, 0x32, 0xef, 0x3a, 0x0f, 0x3b, 0xee, 0x32,
    0xee, 0x32, 0x0f, 0x3b, 0xef, 0x3a, 0x0e, 0x33, 0x0f, 0x3b, 0xef, 0x3a,
    0xee, 0x32, 0x0f, 0x3b, 0xee, 0x32, 0x0e, 0x33, 0xef, 0x3a, 0xee, 0x32,
    0x0f, 0x3b, 0xee, 0x32, 0x0e, 0x33, 0x0f, 0x3b, 0xee, 0x32, 0x0f, 0x3b,
    0xee, 0x32, 0x0e, 0x33, 0x0f, 0x3b, 0xee, 0x32, 0x0f, 0x3b, 0xee, 0x32,
    0x0f, 0x3b, 0x0e, 0x33, 0xef, 0x3a, 0x0f, 0x3b, 0x0e, 0x33, 0xef, 0x3a,
    0xef, 0x3a, 0x0e, 0x33, 0xef, 0x3a, 0xef, 0x3a, 0x0e, 0x33, 0x0f, 0x3b,
    0xef, 0x3a, 0x0e, 0x33, 0x0f, 0x3b, 0xef, 0x3a, 0xee, 0x32, 0x0f, 0x3b,
    0xef, 0x3a, 0xee, 0x32, 0x0f, 0x3b, 0x0f, 0x3b, 0x0e, 0x33, 0xef, 0x3a,
    0xef, 0x3a, 0x0e, 0x33, 0x0f, 0x3b, 0xef, 0x3a, 0x0e, 0x33, 0x0f, 0x3b,
    0xef, 0x3a, 0xee, 0x32, 0x0f, 0x3b, 0xef, 0x3a, 0x0e, 0x33, 0x0f, 0x3b,
    0xef, 0x3a, 0x0e, 0x33, 0x0f, 0x3b, 0xef, 0x3a, 0x0e, 0x33, 0xef, 0x3a,
    0x0f, 0x3b, 0xee, 0x32, 0x0f, 0x3b, 0xef, 0x3a, 0x0e, 0x33, 0x0f, 0x3b,
    0xef, 0x3a, 0x0e, 0x33, 0x0f, 0x3b, 0xef, 0x3a, 0x0e, 0x33, 0x0f, 0x3b,
    0xef, 0x3a, 0x0e, 0x33, 0xef, 0x3a, 0xef, 0x3a, 0x0e, 0x33, 0xef, 0x3a,
    0x0f, 0x3b, 0xee, 0x32, 0x0f, 0x3b, 0x0f, 0x3b, 0xee, 0x32, 0x0f, 0x3b,
    0x0f, 0x3b, 0xee, 0x32, 0x0f, 0x3b, 0xef, 0x3a, 0xee, 0x32, 0x0f, 0x3b,
    0x0f, 0x3b, 0xee, 0x32, 0x0f, 0x3b, 0x0f, 0x3b, 0xee, 0x32, 0x0f, 0x3b,
    0x0f, 0x3b, 0xee, 0x32, 0xef, 0x3a, 0x0f, 0x3b, 0xee, 0x32, 0x0f, 0x3b,
    0x0f, 0x3b, 0xee, 0x32, 0x0f, 0x3b, 0x0f, 0x3b, 0xee, 0x32, 0xef, 0x3a,
    0x0f, 0x3b, 0xee, 0x32, 0xef, 0x3a, 0x0f, 0x3b, 0x0e, 0x33, 0xef, 0x3a,
    0x0f, 0x3b, 0xee, 0x32, 0xef, 0x3a, 0x0f, 0x3b, 0xee, 0x32, 0x0f, 0x3b,
    0x0f, 0x3b, 0xee, 0x32, 0x0f, 0x3b, 0x0f, 0x3b, 0xee, 0x32, 0x0f, 0x3b,
    0x0f, 0x3b, 0xee, 0x32, 0xef, 0x3a, 0x0f, 0x3b, 0xee, 0x32, 0xef, 0x3a,
    0x0f, 0x3b, 0x0e, 0x33, 0xef, 0x3a, 0x0f, 0x3b, 0xee, 0x32, 0xef, 0x3a,
    0x0f, 0x3b, 0xee, 0x32, 0x0f, 0x3b, 0xef, 0x3a, 0xee, 0x32, 0x0f, 0x3b,
    0xef, 0x3a, 0xee, 0x32, 0x0f, 0x3b, 0xef, 0x3a, 0x0e, 0x33, 0x0f, 0x3b,
    0xef, 0x3a, 0xee, 0x32, 0x0f, 0x3b, 0xef, 0x3a, 0xee, 0x32, 0xef, 0x3a,
    0x0f, 0x3b, 0x0e, 0x33, 0xef, 0x3a, 0xef, 0x3a, 0x0e, 0x33, 0xef, 0x3a,
    0x0f, 0x3b, 0xee, 0x32, 0x0f, 0x3b, 0xef, 0x3a, 0xee, 0x32, 0x0f, 0x3b,
    0xef, 0x3a, 0x0e, 0x33, 0x0f, 0x3b, 0xef, 0x3a, 0xee, 0x32, 0x0f, 0x3b,
    0x0f, 0x3b, 0xee, 0x32, 0x0f, 0x3b, 0x0f, 0x3b, 0xee, 0x32, 0x0f, 0x3b,
    0xef, 0x3a, 0xee, 0x32, 0x0f, 0x3b, 0xef, 0x3a, 0x0e, 0x33, 0x0f, 0x3b,
    0x0f, 0x3b, 0xee, 0x32, 0xef, 0x3a, 0x0f, 0x3b, 0xee, 0x32, 0x0f, 0x3b,
    0xef, 0x3a, 0xee, 0x32, 0x0f, 0x3b, 0x0f, 0x3b, 0xee, 0x32, 0xef, 0x3a,
    0x0f, 0x3b, 0xee, 0x32, 0x0f, 0x3b, 0xef, 0x3a, 0xee, 0x32, 0x0f, 0x3b,
    0x0f, 0x3b, 0xee, 0x32, 0x0f, 0x3b, 0xef, 0x3a, 0x0e, 0x33, 0xef, 0x3a,
    0xef, 0x3a, 0x0e, 0x33, 0xef, 0x3a, 0x0f, 0x3b, 0x0e, 0x33, 0xef, 0x3a,
    0x0f, 0x3b, 0xee, 0x32, 0xef, 0x3a, 0x0f, 0x3b, 0x0e, 0x33, 0xef, 0x3a,
    0x0f, 0x3b, 0x0e, 0x33, 0xef, 0x3a, 0x0f, 0x3b, 0xee, 0x32, 0x0f, 0x3b,
    0xef, 0x3a, 0x0e, 0x33, 0x0f, 0x3b, 0xef, 0x3a, 0xee, 0x32, 0x0f, 0x3b,
    0xef, 0x3a, 0x0e, 0x33, 0x0f, 0x3b, 0xef, 0x3a, 0x0e, 0x33, 0xef, 0x3a,
    0xef, 0x3a, 0x0e, 0x33, 0x0f, 0x3b, 0xef, 0x3a, 0x0e, 0x33, 0x0f, 0x3b,
    0xef, 0x3a, 0x0e, 0x33, 0xef, 0x3a, 0xef, 0x3a, 0x0e, 0x33, 0xef, 0x3a,
    0x0f, 0x3b, 0x0e, 0x33, 0xef, 0x3a, 0x0f, 0x3b, 0xee, 0x32, 0xef, 0x3a,
    0x0f, 0x3b, 0x0e, 0x33, 0xef, 0x3a, 0x0f, 0x3b, 0xee, 0x32, 0x0f, 0x3b,
    0xef, 0x3a, 0x0e, 0x33, 0xef, 0x3a, 0x0f, 0x3b, 0xee, 0x32, 0xef, 0x3a,
    0x0f, 0x3b, 0x0e, 0x33, 0xef, 0x3a, 0x0f, 0x3b, 0xee, 0x32, 0xef, 0x3a,
    0x0f, 0x3b, 0xee, 0x32, 0x0f, 0x3b, 0x0f, 0x3b, 0xee, 0x32, 0x0f, 0x3b,
    0xef, 0x3a, 0xee, 0x32, 0x0f, 0x3b, 0xef, 0x3a, 0x0e, 0x33, 0x0f, 0x3b,
    0xef, 0x3a, 0x0e, 0x33, 0xef, 0x3a, 0xef, 0x3a, 0x0e, 0x33, 0xef, 0x3a,
    0x0f, 0x3b, 0x0e, 0x33, 0xef, 0x3a, 0x0f, 0x3b, 0x0e, 0x33, 0xef, 0x3a,
    0x0f, 0x3b, 0xee, 0x32, 0xef, 0x3a, 0x0f, 0x3b, 0xee, 0x32, 0xef, 0x3a,
    0x0f, 0x3b, 0xee, 0x32, 0x0f, 0x3b, 0x0f, 0x3b, 0xee, 0x32, 0x0f, 0x3b,
    0x0f, 0x3b, 0xee, 0x32, 0xef, 0x3a, 0x0f, 0x3b, 0xee, 0x32, 0xef, 0x3a,
    0x0f, 0x3b, 0xee, 0x32, 0x0f, 0x3b, 0xef, 0x3a, 0x0e, 0x33, 0xef, 0x3a,
    0xef, 0x3a, 0x0e, 0x33, 0xef, 0x3a, 0xef, 0x3a, 0x0e, 0x33, 0xef, 0x3a,
    0xef, 0x3a, 0x0e, 0x33, 0x0f, 0x3b, 0xef, 0x3a, 0x0e, 0x33, 0x0f, 0x3b,
    0xef, 0x3a, 0x0e, 0x33, 0x0f, 0x3b, 0xef, 0x3a, 0x0e, 0x33, 0xef, 0x3a,
    0xef, 0x3a, 0x0e, 0x33, 0x0f, 0x3b, 0xef, 0x3a, 0x0e, 0x33, 0x0f, 0x3b,
    0xef, 0x3a, 0x0e, 0x33, 0xef, 0x3a, 0xef, 0x3a, 0x0e, 0x33, 0xef, 0x3a,
    0xef, 0x3a, 0x0e, 0x33, 0x0f, 0x3b, 0xef, 0x3a, 0x0e, 0x33, 0x0f, 0x3b,
    0xef, 0x3a, 0xee, 0x32, 0x0f, 0x3b, 0x0f, 0x3b, 0xee, 0x32, 0xef, 0x3a,
    0x0f, 0x3b, 0xee, 0x32, 0x0f, 0x3b, 0x0f, 0x3b, 0xee, 0x32, 0xef, 0x3a,
    0xef, 0x3a, 0x0e, 0x33, 0xef, 0x3a, 0xef, 0x3a, 0x0e, 0x33, 0xef, 0x3a,
    0x0f, 0x3b, 0x0e, 0x33, 0xef, 0x3a, 0xef, 0x3a, 0x0e, 0x33, 0x0f, 0x3b,
    0xef, 0x3a, 0x0e, 0x33, 0x0f, 0x3b, 0xef, 0x3a, 0xee, 0x32, 0x0f, 0x3b,
    0x0f, 0x3b, 0x0e, 0x33, 0x0f, 0x3b, 0xef, 0x3a, 0x0e, 0x33, 0x0f, 0x3b,
    0xef, 0x3a, 0xee, 0x32, 0x0f, 0x3b, 0x0f, 0x3b, 0xee, 0x32, 0xef, 0x3a,
    0x0f, 0x3b, 0xee, 0x32, 0x0f, 0x3b, 0x0f, 0x3b, 0xee, 0x32, 0xef, 0x3a,
    0xef, 0x3a, 0x0e, 0x33, 0xef, 0x3a, 0xef, 0x3a, 0x0e, 0x33, 0xef, 0x3a,
    0x0f, 0x3b, 0x0e, 0x33, 0xef, 0x3a, 0xef, 0x3a, 0x0e, 0x33, 0x0f, 0x3b,
    0xef, 0x3a, 0x0e, 0x33, 0x0f, 0x3b, 0xef, 0x3a, 0xee, 0x32, 0x0f, 0x3b,
    0x0f, 0x3b, 0x0e, 0x33, 0x0f, 0x3b, 0xef, 0x3a, 0x0e, 0x33, 0x0f, 0x3b,
    0xef, 0x3a, 0xee, 0x32, 0x0f, 0x3b, 0x0f, 0x3b, 0xee, 0x32, 0xef, 0x3a,
    0x0f, 0x3b, 0xee, 0x32, 0x0f, 0x3b, 0x0f, 0x3b, 0xee, 0x32, 0xef, 0x3a,
    0xef, 0x3a, 0x0e, 0x33, 0xef, 0x3a, 0xef, 0x3a, 0x0e, 0x33, 0xef, 0x3a,
    0x0f, 0x3b, 0x0e, 0x33, 0xef, 0x3a, 0xef, 0x3a, 0x0e, 0x33, 0x0f, 0x3b,
    0xef, 0x3a, 0x0e, 0x33, 0x0f, 0x3b, 0xef, 0x3a, 0xee, 0x32, 0x0f, 0x3b,
    0x0f, 0x3b, 0x0e, 0x33, 0x0f, 0x3b, 0xef, 0x3a, 0x0e, 0x33, 0x0f, 0x3b,
    0xef, 0x3a, 0xee, 0x32, 0x0f, 0x3b, 0x0f, 0x3b, 0xee, 0x32, 0xef, 0x3a,
    0x0f, 0x3b, 0xee, 0x32, 0x0f, 0x3b, 0x0f, 0x3b, 0xee, 0x32, 0xef, 0x3a,
    0xef, 0x3a, 0x0e, 0x33, 0xef, 0x3a, 0xef, 0x3a, 0x0e, 0x33, 0xef, 0x3a,
    0x0f, 0x3b, 0x0e, 0x33, 0xef, 0x3a, 0xef, 0x3a, 0x0e, 0x33, 0x0f, 0x3b,
    0xef, 0x3a, 0x0e, 0x33, 0x0f, 0x3b, 0xef, 0x3a, 0xee, 0x32, 0x0f, 0x3b,
    0x0f, 0x3b, 0x0e, 0x33, 0x0f, 0x3b, 0xef, 0x3a, 0x0e, 0x33, 0x0f, 0x3b,
    0xef, 0x3a, 0xee, 0x32, 0x0f, 0x3b, 0x0f, 0x3b, 0xee, 0x32, 0xef, 0x3a,
    0x0f, 0x3b, 0xee, 0x32, 0x0f, 0x3b, 0x0f, 0x3b, 0xee, 0x32, 0xef, 0x3a,
    0xef, 0x3a, 0x0e, 0x33, 0xef, 0x3a, 0xef, 0x3a, 0x0e, 0x33, 0xef, 0x3a,
    0x0f, 0x3b, 0x0e, 0x33, 0xef, 0x3a, 0xef, 0x3a, 0x0e, 0x33, 0x0f, 0x3b,
    0xef, 0x3a, 0x0e, 0x33, 0x0f, 0x3b, 0xef, 0x3a, 0xee, 0x32, 0x0f, 0x3b,
    0x0f, 0x3b, 0x0e, 0x33, 0x0f, 0x3b, 0xef, 0x3a, 0x0e, 0x33, 0x0f, 0x3b,
    0xef, 0x3a, 0xee, 0x32, 0x0f, 0x3b, 0x0f, 0x3b, 0xee, 0x32, 0xef, 0x3a,
    0x0f, 0x3b, 0xee, 0x32, 0x0f, 0x3b, 0x0f, 0x3b, 0xee, 0x32, 0xef, 0x3a,
    0xef, 0x3a, 0x0e, 0x33, 0xef, 0x3a, 0xef, 0x3a, 0x0e, 0x33, 0xef, 0x3a,
    0x0f, 0x3b, 0x0e, 0x33, 0xef, 0x3a, 0xef, 0x3a, 0x0e, 0x33, 0x0f, 0x3b,
    0xef, 0x3a, 0x0e, 0x33, 0x0f, 0x3b, 0xef, 0x3a, 0xee, 0x32, 0x0f, 0x3b,
    0x0f, 0x3b, 0x0e, 0x33, 0x0f, 0x3b, 0xef, 0x3a, 0x0e, 0x33, 0x0f, 0x3b,
    0xef, 0x3a, 0xee, 0x32, 0x0f, 0x3b, 0x0f, 0x3b, 0xee, 0x32, 0xef, 0x3a,
    0x0f, 0x3b, 0xee, 0x32, 0x0f, 0x3b, 0x0f, 0x3b, 0xee, 0x32, 0xef, 0x3a,
    0xef, 0x3a, 0x0e, 0x33, 0xef, 0x3a, 0xef, 0x3a, 0x0e, 0x33, 0xef, 0x3a,
    0x0f, 0x3b, 0x0e, 0x33, 0xef, 0x3a, 0xee, 0x32, 0x0e, 0x33, 0x0f, 0x3b,
    0xee, 0x32, 0x0f, 0x3b, 0x0f, 0x3b, 0xee, 0x32, 0xef, 0x3a, 0x0e, 0x33,
    0x0e, 0x33, 0x0f, 0x3b, 0x0e, 0x33, 0xee, 0x32, 0x0f, 0x3b, 0x0f, 0x3b,
    0xee, 0x32, 0xef, 0x3a, 0x0e, 0x33, 0x0e, 0x33, 0xef, 0x3a, 0xef, 0x3a,
    0x0e, 0x33, 0xef, 0x3a, 0x0f, 0x3b, 0x0e, 0x33, 0xef, 0x3a, 0xef, 0x3a,
    0xee, 0x32, 0x0e, 0x33, 0xef, 0x3a, 0xef, 0x3a, 0x0e, 0x33, 0xef, 0x3a,
    0x0f, 0x3b, 0x0e, 0x33, 0xee, 0x32, 0xef, 0x3a, 0x0e, 0x33, 0x0f, 0x3b,
    0xef, 0x3a, 0x0e, 0x33, 0xef, 0x3a, 0x0f, 0x3b, 0x0e, 0x33, 0xef, 0x3a,
    0x0f, 0x3b, 0xee, 0x32, 0x0f, 0x3b, 0x0f, 0x3b, 0xee, 0x32, 0xef, 0x3a,
    0x0f, 0x3b, 0xee, 0x32, 0x0f, 0x3b, 0xee, 0x32, 0x0e, 0x33, 0x0f, 0x3b,
    0xee, 0x32, 0x0e, 0x33, 0xef, 0x3a, 0x0f, 0x3b, 0xee, 0x32, 0xef, 0x3a,
    0x0e, 0x33, 0xee, 0x32, 0x0f, 0x3b, 0x0e, 0x33, 0xee, 0x32, 0x0f, 0x3b,
    0xee, 0x32, 0xef, 0x3a, 0x0f, 0x3b, 0xee, 0x32, 0x0f, 0x3b, 0xee, 0x32,
    0x0e, 0x33, 0x0f, 0x3b, 0xee, 0x32, 0x0f, 0x3b, 0x0e, 0x33, 0xee, 0x32,
    0xef, 0x3a, 0x0e, 0x33, 0xef, 0x3a, 0xef, 0x3a, 0x0e, 0x33, 0xef, 0x3a,
    0x0e, 0x33, 0xee, 0x32, 0x0f, 0x3b, 0xee, 0x32, 0x0e, 0x33, 0x0f, 0x3b,
    0xee, 0x32, 0x0e, 0x33, 0x0f, 0x3b, 0xef, 0x3a, 0x0e, 0x33, 0xef, 0x3a,
    0xee, 0x32, 0xee, 0x32, 0x0f, 0x3b, 0x0e, 0x33, 0xef, 0x3a, 0x0f, 0x3b,
    0x0e, 0x33, 0xef, 0x3a, 0x0f, 0x3b, 0xee, 0x32, 0xef, 0x3a, 0x0e, 0x33,
    0xee, 0x32, 0x0f, 0x3b, 0xee, 0x32, 0x0e, 0x33, 0xef, 0x3a, 0xef, 0x3a,
    0x0e, 0x33, 0xef, 0x3a, 0x0e, 0x33, 0xee, 0x32, 0xef, 0x3a, 0x0e, 0x33,
    0xef, 0x3a, 0x0e, 0x33, 0x0e, 0x33, 0xef, 0x3a, 0xee, 0x32, 0x0e, 0x33,
    0xef, 0x3a, 0x0f, 0x3b, 0x0e, 0x33, 0xef, 0x3a, 0x0f, 0x3b, 0x0e, 0x33,
    0xee, 0x32, 0xef, 0x3a, 0x0e, 0x33, 0x0e, 0x33, 0xef, 0x3a, 0x0f, 0x3b,
    0xee, 0x32, 0xef, 0x3a, 0x0e, 0x33, 0xef, 0x3a, 0xee, 0x32, 0x0e, 0x33,
    0x0f, 0x3b, 0xee, 0x32, 0x0e, 0x33, 0x0f, 0x3b, 0xee, 0x32, 0xee, 0x32,
    0x0f, 0x3b, 0xee, 0x32, 0x0f, 0x3b, 0x0f, 0x3b, 0xee, 0x32, 0xef, 0x3a,
    0x0f, 0x3b, 0xee, 0x32, 0xee, 0x32, 0x0f, 0x3b, 0x0e, 0x33, 0xef, 0x3a,
    0xef, 0x3a, 0x0e, 0x33, 0x0f, 0x3b, 0xee, 0x32, 0x0f, 0x3b, 0xef, 0x3a,
    0x0e, 0x33, 0x0e, 0x33, 0xef, 0x3a, 0xef, 0x3a, 0x0e, 0x33, 0xee, 0x32,
    0x0f, 0x3b, 0xef, 0x3a, 0xee, 0x32, 0x0f, 0x3b, 0xee, 0x32, 0xef, 0x3a,
    0x0e, 0x33, 0x0f, 0x3b, 0xef, 0x3a, 0x0e, 0x33, 0x0e, 0x33, 0xef, 0x3a,
    0x0e, 0x33, 0x0f, 0x3b, 0xef, 0x3a, 0x0e, 0x33, 0x0e, 0x33, 0xef, 0x3a,
    0x0e, 0x33, 0x0f, 0x3b, 0xee, 0x32, 0xef, 0x3a, 0x0e, 0x33, 0xee, 0x32,
    0x0f, 0x3b, 0x0e, 0x33, 0xef, 0x3a, 0xef, 0x3a, 0x0e, 0x33, 0x0f, 0x3b,
    0x0e, 0x33, 0xef, 0x3a, 0x0e, 0x33, 0xef, 0x3a, 0xef, 0x3a, 0x0e, 0x33,
    0xee, 0x32, 0xef, 0x3a, 0x0f, 0x3b, 0xee, 0x32, 0xef, 0x3a, 0x0e, 0x33,
    0xee, 0x32, 0xef, 0x3a, 0x0e, 0x33, 0xef, 0x3a, 0xee, 0x32, 0x0f, 0x3b,
    0x0e, 0x33, 0xee, 0x32, 0x0f, 0x3b, 0x0e, 0x33, 0xef, 0x3a, 0x0e, 0x33,
    0xee, 0x32, 0xef, 0x3a, 0x0e, 0x33, 0xee, 0x32, 0x0f, 0x3b, 0xee, 0x32,
    0xee, 0x32, 0x0f, 0x3b, 0x0e, 0x33, 0xee, 0x32, 0xef, 0x3a, 0x0e, 0x33,
    0xee, 0x32, 0x0f, 0x3b, 0xee, 0x32, 0xee, 0x32, 0x0f, 0x3b, 0xee, 0x32,
    0xee, 0x32, 0x0f, 0x3b, 0x0e, 0x33, 0xee, 0x32, 0xef, 0x3a, 0x0e, 0x33,
    0xee, 0x32, 0xef, 0x3a, 0x0e, 0x33, 0xee, 0x32, 0xef, 0x3a, 0x0e, 0x33,
    0xee, 0x32, 0x0f, 0x3b, 0xee, 0x32, 0xee, 0x32, 0x0f, 0x3b, 0xee, 0x32,
    0xee, 0x32, 0x0f, 0x3b, 0xee, 0x32, 0x0e, 0x33, 0xef, 0x3a, 0xee, 0x32,
    0x0e, 0x33, 0xef, 0x3a, 0x0e, 0x33, 0x0e, 0x33, 0xef, 0x3a, 0x0e, 0x33,
    0xee, 0x32, 0x0f, 0x3b, 0xee, 0x32, 0xee, 0x32, 0x0f, 0x3b, 0xee, 0x32,
    0xee, 0x32, 0x0f, 0x3b, 0xee, 0x32, 0x0e, 0x33, 0x0f, 0x3b, 0xee, 0x32,
    0xee, 0x32, 0x0f, 0x3b, 0xee, 0x32, 0xee, 0x32, 0x0f, 0x3b, 0xee, 0x32,
    0xee, 0x32, 0x0f, 0x3b, 0x0e, 0x33, 0xee, 0x32, 0x0f, 0x3b, 0xee, 0x32,
    0xee, 0x32, 0x0f, 0x3b, 0x0e, 0x33, 0xee, 0x32, 0xef, 0x3a, 0x0e, 0x33,
    0x0e, 0x33, 0xef, 0x3a, 0x0e, 0x33, 0x0e, 0x33, 0xef, 0x3a, 0xee, 0x32,
    0x0e, 0x33, 0x0f, 0x3b, 0xee, 0x32, 0x0e, 0x33, 0xef, 0x3a, 0xee, 0x32,
    0x0e, 0x33, 0xef, 0x3a, 0xee, 0x32, 0x0e, 0x33, 0xef, 0x3a, 0xee, 0x32,
    0x0e, 0x33, 0xef, 0x3a, 0x0e, 0x33, 0xee, 0x32, 0x0f, 0x3b, 0x0e, 0x33,
    0xee, 0x32, 0x0f, 0x3b, 0x0e, 0x33, 0xee, 0x32, 0x0f, 0x3b, 0x0e, 0x33,
    0xee, 0x32, 0x0f, 0x3b, 0xee, 0x32, 0xee, 0x32, 0x0f, 0x3b, 0x0e, 0x33,
    0xee, 0x32, 0x0f, 0x3b, 0xee, 0x32, 0x0e, 0x33, 0xef, 0x3a, 0xee, 0x32,
    0x0e, 0x33, 0xef, 0x3a, 0x0e, 0x33, 0x0e, 0x33, 0xef, 0x3a, 0x0e, 0x33,
    0xee, 0x32, 0xef, 0x3a, 0x0e, 0x33, 0xee, 0x32, 0xef, 0x3a, 0x0e, 0x33,
    0xee, 0x32, 0x0f, 0x3b, 0xee, 0x32, 0x0e, 0x33, 0xef, 0x3a, 0x0e, 0x33,
    0x0e, 0x33, 0xef, 0x3a, 0xee, 0x32, 0x0e, 0x33, 0xef, 0x3a, 0xee, 0x32,
    0x0e, 0x33, 0xef, 0x3a, 0xee, 0x32, 0x0e, 0x33, 0xef, 0x3a, 0x0e, 0x33,
    0xee, 0x32, 0x0f, 0x3b, 0x0e, 0x33, 0xee, 0x32, 0x0f, 0x3b, 0xee, 0x32,
    0xee, 0x32, 0x0f, 0x3b, 0xee, 0x32, 0x0e, 0x33, 0x0f, 0x3b, 0xee, 0x32,
    0xee, 0x32, 0x0f, 0x3b, 0x0e, 0x33, 0xee, 0x32, 0xef, 0x3a, 0x0e, 0x33,
    0x0e, 0x33, 0xef, 0x3a, 0x0e, 0x33, 0xee, 0x32, 0x0f, 0x3b, 0xee, 0x32,
    0xee, 0x32, 0x0f, 0x3b, 0xee, 0x32, 0x0e, 0x33, 0x0f, 0x3b, 0xee, 0x32,
    0x0e, 0x33, 0x0f, 0x3b, 0xee, 0x32, 0xee, 0x32, 0x0f, 0x3b, 0xee, 0x32,
    0xee, 0x32, 0x0f, 0x3b, 0x0e, 0x33, 0xee, 0x32, 0x0f, 0x3b, 0xee, 0x32,
    0xee, 0x32, 0x0f, 0x3b, 0xee, 0x32, 0xee, 0x32, 0x0f, 0x3b, 0x0e, 0x33,
    0xee, 0x32, 0xef, 0x3a, 0x0e, 0x33, 0xee, 0x32, 0x0f, 0x3b, 0xee, 0x32,
    0x0e, 0x33, 0xef, 0x3a, 0xee, 0x32, 0x0e, 0x33, 0xef, 0x3a, 0x0e, 0x33,
    0x0e, 0x33, 0xef, 0x3a, 0x0e, 0x33, 0xee, 0x32, 0xef, 0x3a, 0x0e, 0x33,
    0xee, 0x32, 0xef, 0x3a, 0x0e, 0x33, 0x0e, 0x33, 0xef, 0x3a, 0x0e, 0x33,
    0xee, 0x32, 0xef, 0x3a, 0x0e, 0x33, 0xee, 0x32, 0x0f, 0x3b, 0x0e, 0x33,
    0xee, 0x32, 0xef, 0x3a, 0x0e, 0x33, 0xee, 0x32, 0x0f, 0x3b, 0xee, 0x32,
    0x0e, 0x33, 0x0f, 0x3b, 0xee, 0x32, 0x0e, 0x33, 0x0f, 0x3b, 0xee, 0x32,
    0x0e, 0x33, 0x0f, 0x3b, 0xee, 0x32, 0xee, 0x32, 0x0f, 0x3b, 0x0e, 0x33,
    0xee, 0x32, 0x0f, 0x3b, 0xee, 0x32, 0xee, 0x32, 0x0f, 0x3b, 0xee, 0x32,
    0x0e, 0x33, 0x0f, 0x3b, 0xee, 0x32, 0x0e, 0x33, 0xef, 0x3a, 0xee, 0x32,
    0x0e, 0x33, 0xef, 0x3a, 0x0e, 0x33, 0x0e, 0x33, 0xef, 0x3a, 0x0e, 0x33,
    0xee, 0x32, 0xef, 0x3a, 0x0e, 0x33, 0xee, 0x32, 0xef, 0x3a, 0x0e, 0x33,
    0xee, 0x32, 0x0f, 0x3b, 0x0e, 0x33, 0xee, 0x32, 0x0f, 0x3b, 0x0e, 0x33,
    0xee, 0x32, 0x0f, 0x3b, 0xee, 0x32, 0x0e, 0x33, 0xef, 0x3a, 0x0e, 0x33,
    0xee, 0x32, 0xef, 0x3a, 0x0e, 0x33, 0x0e, 0x33, 0xef, 0x3a, 0x0e, 0x33,
    0x0e, 0x33, 0xef, 0x3a, 0xee, 0x32, 0x0e, 0x33, 0xef, 0x3a, 0x0e, 0x33,
    0x0e, 0x33, 0xef, 0x3a, 0x0e, 0x33, 0x0e, 0x33, 0xef, 0x3a, 0x0e, 0x33,
    0x0e, 0x33, 0xef, 0x3a, 0x0e, 0x33, 0xee, 0x32, 0xef, 0x3a, 0x0e, 0x33,
    0xee, 0x32, 0x0f, 0x3b, 0xee, 0x32, 0xee, 0x32, 0x0f, 0x3b, 0xee, 0x32,
    0x0e, 0x33, 0x0f, 0x3b, 0xee, 0x32, 0xee, 0x32, 0x0f, 0x3b, 0xee, 0x32,
    0xee, 0x32, 0x0f, 0x3b, 0xee, 0x32, 0x0e, 0x33, 0x0f, 0x3b, 0xee, 0x32,
    0x0e, 0x33, 0xef, 0x3a, 0x0e, 0x33, 0xee, 0x32, 0x0f, 0x3b, 0xee, 0x32,
    0xee, 0x32, 0x0f, 0x3b, 0x0e, 0x33, 0xee, 0x32, 0xef, 0x3a, 0x0e, 0x33,
    0x0e, 0x33, 0xef, 0x3a, 0xee, 0x32, 0x0e, 0x33, 0xef, 0x3a, 0x0e, 0x33,
    0x0e, 0x33, 0xef, 0x3a, 0x0e, 0x33, 0x0e, 0x33, 0xef, 0x3a, 0x0e, 0x33,
    0xee, 0x32, 0x0f, 0x3b, 0xee, 0x32, 0x0e, 0x33, 0x0f, 0x3b, 0xee, 0x32,
    0xee, 0x32, 0x0f, 0x3b, 0xee, 0x32, 0xee, 0x32, 0x0f, 0x3b, 0x0e, 0x33,
    0xee, 0x32, 0xef, 0x3a, 0xee, 0x32, 0xee, 0x32, 0x0f, 0x3b, 0xee, 0x32,
    0xee, 0x32, 0x0f, 0x3b, 0x0e, 0x33, 0xee, 0x32, 0xef, 0x3a, 0x0e, 0x33,
    0x0e, 0x33, 0xef, 0x3a, 0xee, 0x32, 0x0e, 0x33, 0xef, 0x3a, 0x0e, 0x33,
    0x0e, 0x33, 0xef, 0x3a, 0x0e, 0x33, 0x0e, 0x33, 0xef, 0x3a, 0x0e, 0x33,
    0xee, 0x32, 0x0f, 0x3b, 0xee, 0x32, 0x0e, 0x33, 0x0f, 0x3b, 0xee, 0x32,
    0xee, 0x32, 0x0f, 0x3b, 0xee, 0x32, 0xee, 0x32, 0x0f, 0x3b, 0x0e, 0x33,
    0xee, 0x32, 0xef, 0x3a, 0xee, 0x32, 0xee, 0x32, 0x0f, 0x3b, 0xee, 0x32,
    0xee, 0x32, 0x0f, 0x3b, 0x0e, 0x33, 0xee, 0x32, 0xef, 0x3a, 0x0e, 0x33,
    0x0e, 0x33, 0xef, 0x3a, 0xee, 0x32, 0x0e, 0x33, 0xef, 0x3a, 0x0e, 0x33,
    0x0e, 0x33, 0xef, 0x3a, 0x0e, 0x33, 0x0e, 0x33, 0xef, 0x3a, 0x0e, 0x33,
    0xee, 0x32, 0x0f, 0x3b, 0xee, 0x32, 0x0e, 0x33, 0x0f, 0x3b, 0xee, 0x32,
    0xee, 0x32, 0x0f, 0x3b, 0xee, 0x32, 0xee, 0x32, 0x0f, 0x3b, 0x0e, 0x33,
    0xee, 0x32, 0xef, 0x3a, 0xee, 0x32, 0xee, 0x32, 0x0f, 0x3b, 0xee, 0x32,
    0xee, 0x32, 0x0f, 0x3b, 0x0e, 0x33, 0xee, 0x32, 0xef, 0x3a, 0x0e, 0x33,
    0x0e, 0x33, 0xef, 0x3a, 0xee, 0x32, 0x0e, 0x33, 0xef, 0x3a, 0x0e, 0x33,
    0x0e, 0x33, 0xef, 0x3a, 0x0e, 0x33, 0x0e, 0x33, 0xef, 0x3a, 0x0e, 0x33,
    0xee, 0x32, 0x0f, 0x3b, 0xee, 0x32, 0x0e, 0x33, 0x0f, 0x3b, 0xee, 0x32,
    0xee, 0x32, 0x0f, 0x3b, 0xee, 0x32, 0xee, 0x32, 0x0f, 0x3b, 0x0e, 0x33,
    0xee, 0x32, 0xef, 0x3a, 0xee, 0x32, 0xee, 0x32, 0x0f, 0x3b, 0xee, 0x32,
    0xee, 0x32, 0x0f, 0x3b, 0x0e, 0x33, 0xee, 0x32, 0xef, 0x3a, 0x0e, 0x33,
    0x0e, 0x33, 0xef, 0x3a, 0xee, 0x32, 0x0e, 0x33, 0xef, 0x3a, 0x0e, 0x33,
    0x0e, 0x33, 0xef, 0x3a, 0x0e, 0x33, 0x0e, 0x33, 0xef, 0x3a, 0x0e, 0x33,
    0xee, 0x32, 0x0f, 0x3b, 0xee, 0x32, 0x0e, 0x33, 0x0f, 0x3b, 0xee, 0x32,
    0xee, 0x32, 0x0f, 0x3b, 0xee, 0x32, 0xee, 0x32, 0x0f, 0x3b, 0x0e, 0x33,
    0xee, 0x32, 0xef, 0x3a, 0xee, 0x32, 0xee, 0x32, 0x0f, 0x3b, 0xee, 0x32,
    0xee, 0x32, 0x0f, 0x3b, 0x0e, 0x33, 0xee, 0x32, 0xef, 0x3a, 0x0e, 0x33,
    0x0e, 0x33, 0xef, 0x3a, 0xee, 0x32, 0x0e, 0x33, 0xef, 0x3a, 0x0e, 0x33,
    0x0e, 0x33, 0xef, 0x3a, 0x0e, 0x33, 0x0e, 0x33, 0xef, 0x3a, 0x0e, 0x33,
    0xee, 0x32, 0x0f, 0x3b, 0xee, 0x32, 0x0e, 0x33, 0x0f, 0x3b, 0xee, 0x32,
    0xee, 0x32, 0x0f, 0x3b, 0xee, 0x32, 0xee, 0x32, 0x0f, 0x3b, 0x0e, 0x33,
    0xee, 0x32, 0xef, 0x3a, 0xee, 0x32, 0xee, 0x32, 0x0f, 0x3b, 0xee, 0x32,
    0xee, 0x32, 0x0f, 0x3b, 0x0e, 0x33, 0xee, 0x32, 0xef, 0x3a, 0x0e, 0x33,
    0x0e, 0x33, 0xef, 0x3a, 0xee, 0x32, 0x0e, 0x33, 0xef, 0x3a, 0x0e, 0x33,
    0x0e, 0x33, 0xef, 0x3a, 0x0e, 0x33, 0x0e, 0x33, 0xef, 0x3a, 0x0e, 0x33,
    0xee, 0x32, 0x0f, 0x3b, 0xee, 0x32, 0x0f, 0x3b, 0x0f, 0x3b, 0xee, 0x32,
    0xef, 0x3a, 0x0e, 0x33, 0xee, 0x32, 0xef, 0x3a, 0x0e, 0x33, 0x0f, 0x3b,
    0xef, 0x3a, 0xee, 0x32, 0xef, 0x3a, 0xef, 0x3a, 0x0e, 0x33, 0xee, 0x32,
    0xef, 0x3a, 0x0e, 0x33, 0x0e, 0x33, 0xef, 0x3a, 0xef, 0x3a, 0x0e, 0x33,
    0x0f, 0x3b, 0xee, 0x32, 0xee, 0x32, 0x0f, 0x3b, 0xee, 0x32, 0x0e, 0x33,
    0x0f, 0x3b, 0xef, 0x3a, 0x0e, 0x33, 0x0f, 0x3b, 0xee, 0x32, 0x0e, 0x33,
    0xef, 0x3a, 0x0e, 0x33, 0xef, 0x3a, 0x0e, 0x33, 0x0f, 0x3b, 0xee, 0x32,
    0xee, 0x32, 0x0f, 0x3b, 0xee, 0x32, 0xee, 0x32, 0x0f, 0x3b, 0xee, 0x32,
    0x0e, 0x33, 0xef, 0x3a, 0x0e, 0x33, 0xee, 0x32, 0xef, 0x3a, 0x0e, 0x33,
    0x0e, 0x33, 0xef, 0x3a, 0x0e, 0x33, 0xef, 0x3a, 0xef, 0x3a, 0x0e, 0x33,
    0xef, 0x3a, 0xef, 0x3a, 0x0e, 0x33, 0x0f, 0x3b, 0xee, 0x32, 0x0e, 0x33,
    0x0f, 0x3b, 0xef, 0x3a, 0xee, 0x32, 0x0f, 0x3b, 0xef, 0x3a, 0xee, 0x32,
    0x0f, 0x3b, 0x0e, 0x33, 0xee, 0x32, 0x0f, 0x3b, 0xee, 0x32, 0x0f, 0x3b,
    0xef, 0x3a, 0xee, 0x32, 0x0f, 0x3b, 0xee, 0x32, 0xef, 0x3a, 0x0e, 0x33,
    0x0f, 0x3b, 0xef, 0x3a, 0x0e, 0x33, 0x0e, 0x33, 0xef, 0x3a, 0x0e, 0x33,
    0xef, 0x3a, 0x0f, 0x3b, 0xee, 0x32, 0x0f, 0x3b, 0xef, 0x3a, 0xee, 0x32,
    0x0f, 0x3b, 0xef, 0x3a, 0xee, 0x32, 0x0f, 0x3b, 0xef, 0x3a, 0x0e, 0x33,
    0xee, 0x32, 0x0f, 0x3b, 0xef, 0x3a, 0x0e, 0x33, 0xee, 0x32, 0x0f, 0x3b,
    0xee, 0x32, 0xee, 0x32, 0x0f, 0x3b, 0x0e, 0x33, 0xee, 0x32, 0x0f, 0x3b,
    0x0f, 0x3b, 0xee, 0x32, 0xef, 0x3a, 0x0f, 0x3b, 0x0e, 0x33, 0xef, 0x3a,
    0x0f, 0x3b, 0x0e, 0x33, 0xee, 0x32, 0xef, 0x3a, 0x0f, 0x3b, 0x0f, 0x3b,
    0xee, 0x32, 0x0f, 0x3b, 0xee, 0x32, 0xef, 0x3a, 0x0f, 0x3b, 0xee, 0x32,
    0x0f, 0x3b, 0xee, 0x32, 0xef, 0x3a, 0x0e, 0x33, 0xee, 0x32, 0xef, 0x3a,
    0x0f, 0x3b, 0x0e, 0x33, 0xef, 0x3a, 0x0f, 0x3b, 0xee, 0x32, 0xef, 0x3a,
    0x0e, 0x33, 0x0f, 0x3b, 0xee, 0x32, 0x0f, 0x3b, 0x0f, 0x3b, 0xee, 0x32,
    0xef, 0x3a, 0x0f, 0x3b, 0xee, 0x32, 0xef, 0x3a, 0x0f, 0x3b, 0xee, 0x32,
    0x0f, 0x3b, 0x0f, 0x3b, 0xee, 0x32, 0xee, 0x32, 0x0f, 0x3b, 0xee, 0x32,
    0x0e, 0x33, 0x0f, 0x3b, 0xef, 0x3a, 0x0e, 0x33, 0xef, 0x3a, 0x0e, 0x33,
    0xee, 0x32, 0x0f, 0x3b, 0xee, 0x32, 0xee, 0x32, 0x0f, 0x3b, 0x0e, 0x33,
    0xee, 0x32, 0x0f, 0x3b, 0xee, 0x32, 0x0e, 0x33, 0xef, 0x3a, 0x0f, 0x3b,
    0xee, 0x32, 0x0f, 0x3b, 0x0e, 0x33, 0xee, 0x32, 0x0f, 0x3b, 0x0f, 0x3b,
    0xee, 0x32, 0x0e, 0x33, 0xef, 0x3a, 0xee, 0x32, 0x0f, 0x3b, 0xef, 0x3a,
    0xee, 0x32, 0x0f, 0x3b, 0xee, 0x32, 0xef, 0x3a, 0x0f, 0x3b, 0xee, 0x32,
    0xef, 0x3a, 0x0e, 0x33, 0xef, 0x3a, 0x0e, 0x33, 0x0f, 0x3b, 0xee, 0x32,
    0x0f, 0x3b, 0xef, 0x3a, 0xee, 0x32, 0x0e, 0x33, 0x0f, 0x3b, 0xee, 0x32,
    0xef, 0x3a, 0x0e, 0x33, 0xef, 0x3a, 0x0e, 0x33, 0x0e, 0x33, 0xef, 0x3a,
    0x0f, 0x3b, 0x0e, 0x33, 0xef, 0x3a, 0x0e, 0x33, 0x0f, 0x3b, 0xef, 0x3a,
    0x0e, 0x33, 0x0f, 0x3b, 0xef, 0x3a, 0x0e, 0x33, 0x0f, 0x3b, 0xee, 0x32,
    0xee, 0x32, 0x0f, 0x3b, 0xef, 0x3a, 0xee, 0x32, 0x0e, 0x33, 0xef, 0x3a,
    0x0e, 0x33, 0x0f, 0x3b, 0xef, 0x3a, 0x0e, 0x33, 0xef, 0x3a, 0xef, 0x3a,
    0x0e, 0x33, 0x0f, 0x3b, 0xef, 0x3a, 0x0e, 0x33, 0x0f, 0x3b, 0xef, 0x3a,
    0x0e, 0x33, 0xef, 0x3a, 0x0f, 0x3b, 0x0e, 0x33, 0xef, 0x3a, 0x0f, 0x3b,
    0x0e, 0x33, 0xef, 0x3a, 0xef, 0x3a, 0x0e, 0x33, 0xef, 0x3a, 0x0f, 0x3b,
    0x0e, 0x33, 0xef, 0x3a, 0x0f, 0x3b, 0xee, 0x32, 0x0f, 0x3b, 0x0f, 0x3b,
    0xee, 0x32, 0x0f, 0x3b, 0x0f, 0x3b, 0xee, 0x32, 0x0f, 0x3b, 0x0f, 0x3b,
    0xee, 0x32, 0x0f, 0x3b, 0x0f, 0x3b, 0xee, 0x32, 0xef, 0x3a, 0x0f, 0x3b,
    0x0e, 0x33, 0xef, 0x3a, 0xef, 0x3a, 0x0e, 0x33, 0xef, 0x3a, 0xef, 0x3a,
    0x0e, 0x33, 0x0f, 0x3b, 0xef, 0x3a, 0x0e, 0x33, 0x0f, 0x3b, 0xef, 0x3a,
    0x0e, 0x33, 0xef, 0x3a, 0x0f, 0x3b, 0xee, 0x32, 0xef, 0x3a, 0x0f, 0x3b,
    0xee, 0x32, 0x0f, 0x3b, 0x0f, 0x3b, 0xee, 0x32, 0x0f, 0x3b, 0x0f, 0x3b,
    0xee, 0x32, 0x0f, 0x3b, 0xef, 0x3a, 0xee, 0x32, 0xef, 0x3a, 0x0f, 0x3b,
    0x0e, 0x33, 0xef, 0x3a, 0x0f, 0x3b, 0xee, 0x32, 0xef, 0x3a, 0x0f, 0x3b,
    0xee, 0x32, 0xef, 0x3a, 0x0f, 0x3b, 0xee, 0x32, 0xef, 0x3a, 0x0f, 0x3b,
    0x0e, 0x33, 0xef, 0x3a, 0xef, 0x3a, 0x0e, 0x33, 0xef, 0x3a, 0x0f, 0x3b,
    0x0e, 0x33, 0xef, 0x3a, 0x0f, 0x3b, 0x0e, 0x33, 0xef, 0x3a, 0x0f, 0x3b,
    0xee, 0x32, 0x0f, 0x3b, 0xef, 0x3a, 0x0e, 0x33, 0xef, 0x3a, 0x0f, 0x3b,
    0xee, 0x32, 0xef, 0x3a, 0x0f, 0x3b, 0xee, 0x32, 0xef, 0x3a, 0xef, 0x3a,
    0x0e, 0x33, 0xef, 0x3a, 0x0f, 0x3b, 0x0e, 0x33, 0xef, 0x3a, 0x0f, 0x3b,
    0xee, 0x32, 0x0f, 0x3b, 0x0f, 0x3b, 0xee, 0x32, 0x0f, 0x3b, 0x0f, 0x3b,
    0xee, 0x32, 0x0f, 0x3b, 0xef, 0x3a, 0xee, 0x32, 0x0f, 0x3b, 0xef, 0x3a,
    0x0e, 0x33, 0x0f, 0x3b, 0x0f, 0x3b, 0xee, 0x32, 0x0f, 0x3b, 0x0f, 0x3b,
    0xee, 0x32, 0x0f, 0x3b, 0x0f, 0x3b, 0xee, 0x32, 0x0f, 0x3b, 0xef, 0x3a,
    0xee, 0x32, 0x0f, 0x3b, 0x0f, 0x3b, 0xee, 0x32, 0x0f, 0x3b, 0x0f, 0x3b,
    0xee, 0x32, 0x0f, 0x3b, 0x0f, 0x3b, 0xee, 0x32, 0x0f, 0x3b, 0xef, 0x3a,
    0x0e, 0x33, 0xef, 0x3a, 0xef, 0x3a, 0x0e, 0x33, 0xef, 0x3a, 0x0f, 0x3b,
    0x0e, 0x33, 0xef, 0x3a, 0x0f, 0x3b, 0xee, 0x32, 0xef, 0x3a, 0x0f, 0x3b,
    0x0e, 0x33, 0xef, 0x3a, 0x0f, 0x3b, 0xee, 0x32, 0x0f, 0x3b, 0x0f, 0x3b,
    0xee, 0x32, 0xef, 0x3a, 0x0f, 0x3b, 0x0e, 0x33, 0xef, 0x3a, 0x0f, 0x3b,
    0x0e, 0x33, 0x0f, 0x3b, 0xef, 0x3a, 0x0e, 0x33, 0xef, 0x3a, 0xef, 0x3a,
    0x0e, 0x33, 0xef, 0x3a, 0xef, 0x3a, 0x0e, 0x33, 0x0f, 0x3b, 0xef, 0x3a,
    0x0e, 0x33, 0x0f, 0x3b, 0xef, 0x3a, 0xee, 0x32, 0x0f, 0x3b, 0x0f, 0x3b,
    0xee, 0x32, 0x0f, 0x3b, 0xef, 0x3a, 0x0e, 0x33, 0x0f, 0x3b, 0xef, 0x3a,
    0xee, 0x32, 0x0f, 0x3b, 0x0f, 0x3b, 0xee, 0x32, 0x0f, 0x3b, 0xef, 0x3a,
    0xee, 0x32, 0x0f, 0x3b, 0x0f, 0x3b, 0xee, 0x32, 0x0f, 0x3b, 0xef, 0x3a,
    0xee, 0x32, 0x0f, 0x3b, 0xef, 0x3a, 0x0e, 0x33, 0x0f, 0x3b, 0xef, 0x3a,
    0x0e, 0x33, 0x0f, 0x3b, 0xef, 0x3a, 0xee, 0x32, 0x0f, 0x3b, 0xef, 0x3a,
    0x0e, 0x33, 0x0f, 0x3b, 0xef, 0x3a, 0x0e, 0x33, 0xef, 0x3a, 0xef, 0x3a,
    0x0e, 0x33, 0xef, 0x3a, 0x0f, 0x3b, 0x0e, 0x33, 0xef, 0x3a, 0xef, 0x3a,
    0x0e, 0x33, 0xef, 0x3a, 0xef, 0x3a, 0x0e, 0x33, 0xef, 0x3a, 0xef, 0x3a,
    0x0e, 0x33, 0xef, 0x3a, 0xef, 0x3a, 0x0e, 0x33, 0xef, 0x3a, 0xef, 0x3a,
    0x0e, 0x33, 0xef, 0x3a, 0x0f, 0x3b, 0x0e, 0x33, 0xef, 0x3a, 0x0f, 0x3b,
    0xee, 0x32, 0xef, 0x3a, 0x0f, 0x3b, 0xee, 0x32, 0x0f, 0x3b, 0x0f, 0x3b,
    0xee, 0x32, 0x0f, 0x3b, 0xef, 0x3a, 0xee, 0x32, 0x0f, 0x3b, 0xef, 0x3a,
    0x0e, 0x33, 0x0f, 0x3b, 0xef, 0x3a, 0x0e, 0x33, 0x0f, 0x3b, 0xef, 0x3a,
    0x0e, 0x33, 0xef, 0x3a, 0xef, 0x3a, 0x0e, 0x33, 0xef, 0x3a, 0xef, 0x3a,
    0x0e, 0x33, 0xef, 0x3a, 0x0f, 0x3b, 0x0e, 0x33, 0xef, 0x3a, 0xef, 0x3a,
    0x0e, 0x33, 0xef, 0x3a, 0x0f, 0x3b, 0xee, 0x32, 0x0f, 0x3b, 0xef, 0x3a,
    0xee, 0x32, 0x0f, 0x3b, 0x0f, 0x3b, 0xee, 0x32, 0x0f, 0x3b, 0x0f, 0x3b,
    0xee, 0x32, 0xef, 0x3a, 0x0f, 0x3b, 0xee, 0x32, 0x0f, 0x3b, 0xef, 0x3a,
    0xee, 0x32, 0x0f, 0x3b, 0xef, 0x3a, 0x0e, 0x33, 0x0f, 0x3b, 0xef, 0x3a,
    0x0e, 0x33, 0xef, 0x3a, 0x0f, 0x3b, 0xee, 0x32, 0x0f, 0x3b, 0x0f, 0x3b,
    0xee, 0x32, 0xef, 0x3a, 0x0f, 0x3b, 0x0e, 0x33, 0xef, 0x3a, 0x0f, 0x3b,
    0xee, 0x32, 0x0f, 0x3b, 0xef, 0x3a, 0xee, 0x32, 0x0f, 0x3b, 0xef, 0x3a,
    0x0e, 0x33, 0x0f, 0x3b, 0xef, 0x3a, 0x0e, 0x33, 0xef, 0x3a, 0x0f, 0x3b,
    0xee, 0x32, 0x0f, 0x3b, 0xef, 0x3a, 0xee, 0x32, 0x0f, 0x3b, 0x0f, 0x3b,
    0xee, 0x32, 0xef, 0x3a, 0x0f, 0x3b, 0x0e, 0x33, 0xef, 0x3a, 0x0f, 0x3b,
    0xee, 0x32, 0xef, 0x3a, 0x0f, 0x3b, 0xee, 0x32, 0x0f, 0x3b, 0xef, 0x3a,
    0x0e, 0x33, 0x0f, 0x3b, 0xef, 0x3a, 0xee, 0x32, 0x0f, 0x3b, 0xef, 0x3a,
    0x0e, 0x33, 0xef, 0x3a, 0x0f, 0x3b, 0x0e, 0x33, 0xef, 0x3a, 0x0f, 0x3b,
    0xee, 0x32, 0x0f, 0x3b, 0x0f, 0x3b, 0xee, 0x32, 0x0f, 0x3b, 0xef, 0x3a,
    0x0e, 0x33, 0x0f, 0x3b, 0xef, 0x3a, 0xee, 0x32, 0x0f, 0x3b, 0x0f, 0x3b,
    0xee, 0x32, 0xef, 0x3a, 0x0f, 0x3b, 0x0e, 0x33, 0xef, 0x3a, 0x0f, 0x3b,
    0xee, 0x32, 0xef, 0x3a, 0x0f, 0x3b, 0xee, 0x32, 0x0f, 0x3b, 0xef, 0x3a,
    0x0e, 0x33, 0x0f, 0x3b, 0xef, 0x3a, 0xee, 0x32, 0x0f, 0x3b, 0xef, 0x3a,
    0x0e, 0x33, 0xef, 0x3a, 0x0f, 0x3b, 0x0e, 0x33, 0xef, 0x3a, 0x0f, 0x3b,
    0xee, 0x32, 0x0f, 0x3b, 0x0f, 0x3b, 0xee, 0x32, 0x0f, 0x3b, 0xef, 0x3a,
    0x0e, 0x33, 0x0f, 0x3b, 0xef, 0x3a, 0xee, 0x32, 0x0f, 0x3b, 0x0f, 0x3b,
    0xee, 0x32, 0xef, 0x3a, 0x0f, 0x3b, 0x0e, 0x33, 0xef, 0x3a, 0x0f, 0x3b,
    0xee, 0x32, 0xef, 0x3a, 0x0f, 0x3b, 0xee, 0x32, 0x0f, 0x3b, 0xef, 0x3a,
    0x0e, 0x33, 0x0f, 0x3b, 0xef, 0x3a, 0xee, 0x32, 0x0f, 0x3b, 0xef, 0x3a,
    0x0e, 0x33, 0xef, 0x3a, 0x0f, 0x3b, 0x0e, 0x33, 0xef, 0x3a, 0x0f, 0x3b,
    0xee, 0x32, 0x0f, 0x3b, 0x0f, 0x3b, 0xee, 0x32, 0x0f, 0x3b, 0xef, 0x3a,
    0x0e, 0x33, 0x0f, 0x3b, 0xef, 0x3a, 0xee, 0x32, 0x0f, 0x3b, 0x0f, 0x3b,
    0xee, 0x32, 0xef, 0x3a, 0x0f, 0x3b, 0x0e, 0x33, 0xef, 0x3a, 0x0f, 0x3b,
    0xee, 0x32, 0xef, 0x3a, 0x0f, 0x3b, 0xee, 0x32, 0x0f, 0x3b, 0xef, 0x3a,
    0x0e, 0x33, 0x0f, 0x3b, 0xef, 0x3a, 0xee, 0x32, 0x0f, 0x3b, 0xef, 0x3a,
    0x0e, 0x33, 0xef, 0x3a, 0x0f, 0x3b, 0x0e, 0x33, 0xef, 0x3a, 0x0f, 0x3b,
    0xee, 0x32, 0x0f, 0x3b, 0x0f, 0x3b, 0xee, 0x32, 0x0f, 0x3b, 0xef, 0x3a,
    0x0e, 0x33, 0x0f, 0x3b, 0xef, 0x3a, 0xee, 0x32, 0x0f, 0x3b, 0x0f, 0x3b,
    0xee, 0x32, 0xef, 0x3a, 0x0f, 0x3b, 0x0e, 0x33, 0xef, 0x3a, 0x0f, 0x3b,
    0xee, 0x32, 0xef, 0x3a, 0x0f, 0x3b, 0xee, 0x32, 0x0f, 0x3b, 0xef, 0x3a,
    0x0e, 0x33, 0x0f, 0x3b, 0xef, 0x3a, 0xee, 0x32, 0x0f, 0x3b, 0xef, 0x3a,
    0x0e, 0x33, 0xef, 0x3a, 0x0f, 0x3b, 0x0e, 0x33, 0xef, 0x3a, 0x0f, 0x3b,
    0xee, 0x32, 0x0f, 0x3b, 0x0f, 0x3b, 0xee, 0x32, 0x0f, 0x3b, 0xef, 0x3a,
    0x0e, 0x33, 0x0f, 0x3b, 0xef, 0x3a, 0xee, 0x32, 0x0f, 0x3b, 0x0f, 0x3b,
    0xee, 0x32, 0xef, 0x3a, 0x0f, 0x3b, 0x0e, 0x33, 0xef, 0x3a, 0x0f, 0x3b,
    0xee, 0x32, 0xef, 0x3a, 0x0f, 0x3b, 0xee, 0x32, 0x0f, 0x3b, 0xef, 0x3a,
    0x0e, 0x33, 0x0f, 0x3b, 0xef, 0x3a, 0xee, 0x32, 0x0f, 0x3b, 0xef, 0x3a,
    0x0e, 0x33, 0xef, 0x3a, 0x0f, 0x3b, 0x0e, 0x33, 0xef, 0x3a, 0x0f, 0x3b,
    0xee, 0x32, 0x0f, 0x3b, 0x0f, 0x3b, 0xee, 0x32, 0x0f, 0x3b, 0xef, 0x3a,
    0x0e, 0x33, 0x0f, 0x3b, 0xef, 0x3a, 0xee, 0x32, 0x0f, 0x3b, 0x0f, 0x3b,
    0xee, 0x32, 0xef, 0x3a, 0x0f, 0x3b, 0x0e, 0x33, 0xef, 0x3a, 0x0f, 0x3b,
    0xee, 0x32, 0xef, 0x3a, 0x0f, 0x3b, 0xee, 0x32, 0x0f, 0x3b, 0xef, 0x3a,
    0x0e, 0x33, 0x0f, 0x3b, 0xef, 0x3a, 0xee, 0x32, 0x0e, 0x33, 0xef, 0x3a,
    0x0e, 0x33, 0xef, 0x3a, 0x0f, 0x3b, 0x0e, 0x33, 0xef, 0x3a, 0x0e, 0x33,
    0xee, 0x32, 0x0f, 0x3b, 0x0e, 0x33, 0xee, 0x32, 0x0f, 0x3b, 0xee, 0x32,
    0x0f, 0x3b, 0x0f, 0x3b, 0xee, 0x32, 0xef, 0x3a, 0x0e, 0x33, 0x0f, 0x3b,
    0xee, 0x32, 0xef, 0x3a, 0x0e, 0x33, 0x0f, 0x3b, 0xef, 0x3a, 0x0e, 0x33,
    0xef, 0x3a, 0xee, 0x32, 0x0e, 0x33, 0xef, 0x3a, 0x0e, 0x33, 0xef, 0x3a,
    0x0f, 0x3b, 0x0e, 0x33, 0xef, 0x3a, 0xee, 0x32, 0x0e, 0x33, 0xef, 0x3a,
    0x0f, 0x3b, 0xee, 0x32, 0x0f, 0x3b, 0x0f, 0x3b, 0xee, 0x32, 0x0f, 0x3b,
    0x0f, 0x3b, 0xee, 0x32, 0xef, 0x3a, 0x0f, 0x3b, 0x0e, 0x33, 0xef, 0x3a,
    0xef, 0x3a, 0x0e, 0x33, 0xef, 0x3a, 0x0e, 0x33, 0x0e, 0x33, 0xef, 0x3a,
    0x0e, 0x33, 0x0e, 0x33, 0xef, 0x3a, 0xee, 0x32, 0x0f, 0x3b, 0xef, 0x3a,
    0xee, 0x32, 0x0e, 0x33, 0x0f, 0x3b, 0xee, 0x32, 0x0e, 0x33, 0x0f, 0x3b,
    0xee, 0x32, 0xef, 0x3a, 0x0f, 0x3b, 0xee, 0x32, 0x0f, 0x3b, 0x0e, 0x33,
    0xee, 0x32, 0x0f, 0x3b, 0x0e, 0x33, 0xef, 0x3a, 0x0e, 0x33, 0x0f, 0x3b,
    0xee, 0x32, 0xee, 0x32, 0x0f, 0x3b, 0xef, 0x3a, 0xee, 0x32, 0x0f, 0x3b,
    0x0e, 0x33, 0xee, 0x32, 0x0f, 0x3b, 0xee, 0x32, 0x0e, 0x33, 0x0f, 0x3b,
    0xee, 0x32, 0x0e, 0x33, 0x0f, 0x3b, 0xee, 0x32, 0x0e, 0x33, 0xef, 0x3a,
    0x0e, 0x33, 0xee, 0x32, 0xef, 0x3a, 0x0e, 0x33, 0x0f, 0x3b, 0xef, 0x3a,
    0x0e, 0x33, 0xef, 0x3a, 0x0f, 0x3b, 0xee, 0x32, 0xef, 0x3a, 0x0e, 0x33,
    0xee, 0x32, 0xef, 0x3a, 0x0e, 0x33, 0x0e, 0x33, 0xef, 0x3a, 0x0e, 0x33,
    0xee, 0x32, 0xef, 0x3a, 0x0e, 0x33, 0x0e, 0x33, 0xef, 0x3a, 0x0e, 0x33,
    0xee, 0x32, 0x0f, 0x3b, 0x0e, 0x33, 0xef, 0x3a, 0x0e, 0x33, 0xee, 0x32,
    0x0f, 0x3b, 0x0e, 0x33, 0xef, 0x3a, 0x0f, 0x3b, 0x0e, 0x33, 0xef, 0x3a,
    0x0e, 0x33, 0xee, 0x32, 0xef, 0x3a, 0x0e, 0x33, 0xee, 0x32, 0x0f, 0x3b,
    0x0e, 0x33, 0xef, 0x3a, 0x0e, 0x33, 0xee, 0x32, 0xef, 0x3a, 0x0e, 0x33,
    0xee, 0x32, 0x0f, 0x3b, 0x0e, 0x33, 0xef, 0x3a, 0x0e, 0x33, 0x0f, 0x3b,
    0xee, 0x32, 0xee, 0x32, 0x0f, 0x3b, 0x0f, 0x3b, 0xee, 0x32, 0x0f, 0x3b,
    0xef, 0x3a, 0xee, 0x32, 0x0f, 0x3b, 0xee, 0x32, 0x0e, 0x33, 0x0f, 0x3b,
    0xef, 0x3a, 0xee, 0x32, 0x0f, 0x3b, 0x0f, 0x3b, 0x0e, 0x33, 0xef, 0x3a,
    0xef, 0x3a, 0x0e, 0x33, 0xef, 0x3a, 0xef, 0x3a, 0x0e, 0x33, 0xef, 0x3a,
    0x0e, 0x33, 0xee, 0x32, 0x0f, 0x3b, 0xef, 0x3a, 0xee, 0x32, 0x0f, 0x3b,
    0xee, 0x32, 0xef, 0x3a, 0x0f, 0x3b, 0x0e, 0x33, 0xef, 0x3a, 0x0e, 0x33,
    0x0e, 0x33, 0xef, 0x3a, 0x0f, 0x3b, 0x0e, 0x33, 0xee, 0x32, 0x0e, 0x33,
    0x0f, 0x3b, 0xee, 0x32, 0x0f, 0x3b, 0xef, 0x3a, 0xee, 0x32, 0x0f, 0x3b,
    0xee, 0x32, 0x0f, 0x3b, 0x0e, 0x33, 0xef, 0x3a, 0xee, 0x32, 0x0f, 0x3b,
    0xee, 0x32, 0x0e, 0x33, 0xef, 0x3a, 0xee, 0x32, 0x0f, 0x3b, 0xef, 0x3a,
    0xee, 0x32, 0x0e, 0x33, 0xee, 0x32, 0xef, 0x3a, 0x0e, 0x33, 0xee, 0x32,
    0xef, 0x3a, 0x0e, 0x33, 0xee, 0x32, 0x0f, 0x3b, 0xee, 0x32, 0xef, 0x3a,
    0x0f, 0x3b, 0x0e, 0x33, 0xef, 0x3a, 0x0e, 0x33, 0x0f, 0x3b, 0xef, 0x3a,
    0x0e, 0x33, 0xef, 0x3a, 0xee, 0x32, 0x0f, 0x3b, 0xee, 0x32, 0x0e, 0x33,
    0x0f, 0x3b, 0xee, 0x32, 0x0e, 0x33, 0xef, 0x3a, 0xee, 0x32, 0x0e, 0x33,
    0xef, 0x3a, 0xee, 0x32, 0x0e, 0x33, 0xef, 0x3a, 0xee, 0x32, 0x0e, 0x33,
    0xef, 0x3a, 0x0e, 0x33, 0x0e, 0x33, 0xef, 0x3a, 0x0e, 0x33, 0x0e, 0x33,
    0xef, 0x3a, 0xee, 0x32, 0x0e, 0x33, 0xef, 0x3a, 0x0e, 0x33, 0x0e, 0x33,
    0xef, 0x3a, 0xee, 0x32, 0x0e, 0x33, 0xef, 0x3a, 0xee, 0x32, 0x0e, 0x33,
    0xef, 0x3a, 0x0e, 0x33, 0xee, 0x32, 0xef, 0x3a, 0x0e, 0x33, 0x0e, 0x33,
    0xef, 0x3a, 0x0e, 0x33, 0x0e, 0x33, 0xef, 0x3a, 0x0e, 0x33, 0x0e, 0x33,
    0xef, 0x3a, 0xee, 0x32, 0x0e, 0x33, 0xef, 0x3a, 0xee, 0x32, 0x0e, 0x33,
    0xef, 0x3a, 0x0e, 0x33, 0xee, 0x32, 0x0f, 0x3b, 0x0e, 0x33, 0xee, 0x32,
    0x0f, 0x3b, 0xee, 0x32, 0xee, 0x32, 0x0f, 0x3b, 0xee, 0x32, 0xee, 0x32,
    0x0f, 0x3b, 0xee, 0x32, 0x0e, 0x33, 0x0f, 0x3b, 0x0e, 0x33, 0xee, 0x32,
    0x0f, 0x3b, 0xee, 0x32, 0xee, 0x32, 0x0f, 0x3b, 0x0e, 0x33, 0xee, 0x32,
    0x0f, 0x3b, 0x0e, 0x33, 0xee, 0x32, 0x0f, 0x3b, 0x0e, 0x33, 0xee, 0x32,
    0xef, 0x3a, 0x0e, 0x33, 0xee, 0x32, 0x0f, 0x3b, 0x0e, 0x33, 0xee, 0x32,
    0xef, 0x3a, 0x0e, 0x33, 0xee, 0x32, 0x0f, 0x3b, 0xee, 0x32, 0xee, 0x32,
    0x0f, 0x3b, 0xee, 0x32, 0x0e, 0x33, 0x0f, 0x3b, 0xee, 0x32, 0xee, 0x32,
    0x0f, 0x3b, 0x0e, 0x33, 0xee, 0x32, 0x0f, 0x3b, 0x0e, 0x33, 0xee, 0x32,
    0x0f, 0x3b, 0x0e, 0x33, 0xee, 0x32, 0xef, 0x3a, 0x0e, 0x33, 0xee, 0x32,
    0x0f, 0x3b, 0xee, 0x32, 0xee, 0x32, 0x0f, 0x3b, 0xee, 0x32, 0xee, 0x32,
    0x0f, 0x3b, 0xee, 0x32, 0x0e, 0x33, 0x0f, 0x3b, 0xee, 0x32, 0x0e, 0x33,
    0xef, 0x3a, 0xee, 0x32, 0xee, 0x32, 0x0f, 0x3b, 0xee, 0x32, 0xee, 0x32,
    0x0f, 0x3b, 0xee, 0x32, 0x0e, 0x33, 0xef, 0x3a, 0xee, 0x32, 0x0e, 0x33,
    0xef, 0x3a, 0x0e, 0x33, 0xee, 0x32, 0xef, 0x3a, 0x0e, 0x33, 0xee, 0x32,
    0xef, 0x3a, 0x0e, 0x33, 0xee, 0x32, 0x0f, 0x3b, 0xee, 0x32, 0x0e, 0x33,
    0x0f, 0x3b, 0xee, 0x32, 0x0e, 0x33, 0x0f, 0x3b, 0xee, 0x32, 0xee, 0x32,
    0x0f, 0x3b, 0xee, 0x32, 0xee, 0x32, 0x0f, 0x3b, 0x0e, 0x33, 0xee, 0x32,
    0x0f, 0x3b, 0xee, 0x32, 0xee, 0x32, 0x0f, 0x3b, 0xee, 0x32, 0xee, 0x32,
    0x0f, 0x3b, 0xee, 0x32, 0x0e, 0x33, 0xef, 0x3a, 0xee, 0x32, 0x0e, 0x33,
    0xef, 0x3a, 0xee, 0x32, 0xee, 0x32, 0x0f, 0x3b, 0x0e, 0x33, 0xee, 0x32,
    0x0f, 0x3b, 0xee, 0x32, 0x0e, 0x33, 0x0f, 0x3b, 0xee, 0x32, 0xee, 0x32,
    0x0f, 0x3b, 0xee, 0x32, 0xee, 0x32, 0x0f, 0x3b, 0x0e, 0x33, 0xee, 0x32,
    0xef, 0x3a, 0x0e, 0x33, 0xee, 0x32, 0x0f, 0x3b, 0xee, 0x32, 0xee, 0x32,
    0x0f, 0x3b, 0x0e, 0x33, 0xee, 0x32, 0xef, 0x3a, 0x0e, 0x33, 0x0e, 0x33,
    0xef, 0x3a, 0x0e, 0x33, 0x0e, 0x33, 0xef, 0x3a, 0xee, 0x32, 0x0e, 0x33,
    0x0f, 0x3b, 0xee, 0x32, 0x0e, 0x33, 0xef, 0x3a, 0xee, 0x32, 0x0e, 0x33,
    0xef, 0x3a, 0xee, 0x32, 0x0e, 0x33, 0x0f, 0x3b, 0xee, 0x32, 0x0e, 0x33,
    0x0f, 0x3b, 0xee, 0x32, 0xee, 0x32, 0x0f, 0x3b, 0x0e, 0x33, 0xee, 0x32,
    0x0f, 0x3b, 0x0e, 0x33, 0xee, 0x32, 0xef, 0x3a, 0x0e, 0x33, 0x0e, 0x33,
    0xef, 0x3a, 0x0e, 0x33, 0x0e, 0x33, 0xef, 0x3a, 0x0e, 0x33, 0x0e, 0x33,
    0xef, 0x3a, 0x0e, 0x33, 0x0e, 0x33, 0xef, 0x3a, 0x0e, 0x33, 0x0e, 0x33,
    0xef, 0x3a, 0x0e, 0x33, 0x0e, 0x33, 0xef, 0x3a, 0xee, 0x32, 0x0e, 0x33,
    0x0f, 0x3b, 0xee, 0x32, 0x0e, 0x33, 0x0f, 0x3b, 0xee, 0x32, 0xee, 0x32,
    0x0f, 0x3b, 0xee, 0x32, 0x0e, 0x33, 0x0f, 0x3b, 0xee, 0x32, 0x0e, 0x33,
    0xef, 0x3a, 0xee, 0x32, 0x0e, 0x33, 0xef, 0x3a, 0xee, 0x32, 0x0e, 0x33,
    0xef, 0x3a, 0x0e, 0x33, 0x0e, 0x33, 0xef, 0x3a, 0x0e, 0x33, 0x0e, 0x33,
    0xef, 0x3a, 0x0e, 0x33, 0xee, 0x32, 0xef, 0x3a, 0x0e, 0x33, 0xee, 0x32,
    0x0f, 0x3b, 0x0e, 0x33, 0xee, 0x32, 0x0f, 0x3b, 0x0e, 0x33, 0xee, 0x32,
    0x0f, 0x3b, 0x0e, 0x33, 0xee, 0x32, 0xef, 0x3a, 0x0e, 0x33, 0xee, 0x32,
    0xef, 0x3a, 0x0e, 0x33, 0xee, 0x32, 0x0f, 0x3b, 0xee, 0x32, 0x0e, 0x33,
    0xef, 0x3a, 0x0e, 0x33, 0x0e, 0x33, 0xef, 0x3a, 0xee, 0x32, 0x0e, 0x33,
    0xef, 0x3a, 0x0e, 0x33, 0xee, 0x32, 0x0f, 0x3b, 0xee, 0x32, 0xee, 0x32,
    0x0f, 0x3b, 0x0e, 0x33, 0xee, 0x32, 0x0f, 0x3b, 0xee, 0x32, 0xee, 0x32,
    0x0f, 0x3b, 0xee, 0x32, 0x0e, 0x33, 0x0f, 0x3b, 0x0e, 0x33, 0xee, 0x32,
    0x0f, 0x3b, 0xee, 0x32, 0xee, 0x32, 0x0f, 0x3b, 0xee, 0x32, 0xee, 0x32,
    0x0f, 0x3b, 0xee, 0x32, 0x0e, 0x33, 0x0f, 0x3b, 0x0e, 0x33, 0xee, 0x32,
    0xef, 0x3a, 0x0e, 0x33, 0x0e, 0x33, 0xef, 0x3a, 0xee, 0x32, 0x0e, 0x33,
    0x0f, 0x3b, 0xee, 0x32, 0x0e, 0x33, 0xef, 0x3a, 0x0e, 0x33, 0xee, 0x32,
    0xef, 0x3a, 0x0e, 0x33, 0xee, 0x32, 0xef, 0x3a, 0x0e, 0x33, 0x0e, 0x33,
    0xef, 0x3a, 0xee, 0x32, 0x0e, 0x33, 0xef, 0x3a, 0x0e, 0x33, 0xee, 0x32,
    0x0f, 0x3b, 0xee, 0x32, 0xee, 0x32, 0x0f, 0x3b, 0xee, 0x32, 0x0e, 0x33,
    0x0f, 0x3b, 0xee, 0x32, 0xee, 0x32, 0x0f, 0x3b, 0x0e, 0x33, 0xee, 0x32,
    0xef, 0x3a, 0x0e, 0x33, 0x0e, 0x33, 0xef, 0x3a, 0xee, 0x32, 0x0e, 0x33,
    0x0f, 0x3b, 0xee, 0x32, 0x0e, 0x33, 0xef, 0x3a, 0x0e, 0x33, 0xee, 0x32,
    0xef, 0x3a, 0x0e, 0x33, 0xee, 0x32, 0xef, 0x3a, 0x0e, 0x33, 0x0e, 0x33,
    0xef, 0x3a, 0xee, 0x32, 0x0e, 0x33, 0xef, 0x3a, 0x0e, 0x33, 0xee, 0x32,
    0x0f, 0x3b, 0xee, 0x32, 0xee, 0x32, 0x0f, 0x3b, 0xee, 0x32, 0x0e, 0x33,
    0x0f, 0x3b, 0xee, 0x32, 0xee, 0x32, 0x0f, 0x3b, 0x0e, 0x33, 0xee, 0x32,
    0xef, 0x3a, 0x0e, 0x33, 0x0e, 0x33, 0xef, 0x3a, 0xee, 0x32, 0x0e, 0x33,
    0x0f, 0x3b, 0xee, 0x32, 0x0e, 0x33, 0xef, 0x3a, 0x0e, 0x33, 0xee, 0x32,
    0xef, 0x3a, 0x0e, 0x33, 0xee, 0x32, 0xef, 0x3a, 0x0e, 0x33, 0x0e, 0x33,
    0xef, 0x3a, 0xee, 0x32, 0x0e, 0x33, 0xef, 0x3a, 0x0e, 0x33, 0xee, 0x32,
    0x0f, 0x3b, 0xee, 0x32, 0xee, 0x32, 0x0f, 0x3b, 0xee, 0x32, 0x0e, 0x33,
    0x0f, 0x3b, 0xee, 0x32, 0xee, 0x32, 0x0f, 0x3b, 0x0e, 0x33, 0xee, 0x32,
    0xef, 0x3a, 0x0e, 0x33, 0x0e, 0x33, 0xef, 0x3a, 0xee, 0x32, 0x0e, 0x33,
    0x0f, 0x3b, 0xee, 0x32, 0x0e, 0x33, 0xef, 0x3a, 0x0e, 0x33, 0xee, 0x32,
    0xef, 0x3a, 0x0e, 0x33, 0xee, 0x32, 0xef, 0x3a, 0x0e, 0x33, 0x0e, 0x33,
    0xef, 0x3a, 0xee, 0x32, 0x0e, 0x33, 0xef, 0x3a, 0x0e, 0x33, 0xee, 0x32,
    0x0f, 0x3b, 0xee, 0x32, 0xee, 0x32, 0x0f, 0x3b, 0xee, 0x32, 0x0e, 0x33,
    0x0f, 0x3b, 0xee, 0x32, 0xee, 0x32, 0x0f, 0x3b, 0x0e, 0x33, 0xee, 0x32,
    0xef, 0x3a, 0x0e, 0x33, 0x0e, 0x33, 0xef, 0x3a, 0xee, 0x32, 0x0e, 0x33,
    0x0f, 0x3b, 0xee, 0x32, 0x0e, 0x33, 0xef, 0x3a, 0x0e, 0x33, 0xee, 0x32,
    0xef, 0x3a, 0x0e, 0x33, 0xee, 0x32, 0xef, 0x3a, 0x0e, 0x33, 0x0e, 0x33,
    0xef, 0x3a, 0xee, 0x32, 0x0e, 0x33, 0xef, 0x3a, 0x0e, 0x33, 0xee, 0x32,
    0x0f, 0x3b, 0xee, 0x32, 0xee, 0x32, 0x0f, 0x3b, 0xee, 0x32, 0x0e, 0x33,
    0x0f, 0x3b, 0xee, 0x32, 0xee, 0x32, 0x0f, 0x3b, 0x0e, 0x33, 0xee, 0x32,
    0xef, 0x3a, 0x0e, 0x33, 0x0e, 0x33, 0xef, 0x3a, 0xee, 0x32, 0x0e, 0x33,
    0x0f, 0x3b, 0xee, 0x32, 0x0e, 0x33, 0xef, 0x3a, 0x0e, 0x33, 0xee, 0x32,
    0xef, 0x3a, 0x0e, 0x33, 0xee, 0x32, 0xef, 0x3a, 0x0e, 0x33, 0x0e, 0x33,
    0xef, 0x3a, 0xee, 0x32, 0x0e, 0x33, 0xef, 0x3a, 0x0e, 0x33, 0xee, 0x32,
    0x0f, 0x3b, 0xee, 0x32, 0xee, 0x32, 0x0f, 0x3b, 0xee, 0x32, 0x0e, 0x33,
    0x0f, 0x3b, 0xee, 0x32, 0xee, 0x32, 0x0f, 0x3b, 0x0e, 0x33, 0xee, 0x32,
    0xef, 0x3a, 0x0e, 0x33, 0x0e, 0x33, 0xef, 0x3a, 0xee, 0x32, 0x0e, 0x33,
    0x0f, 0x3b, 0xee, 0x32, 0x0e, 0x33, 0xef, 0x3a, 0x0e, 0x33, 0xee, 0x32,
    0xef, 0x3a, 0x0e, 0x33, 0xee, 0x32, 0xef, 0x3a, 0x0f, 0x3b, 0x0e, 0x33,
    0xef, 0x3a, 0xee, 0x32, 0x0e, 0x33, 0xef, 0x3a, 0x0e, 0x33, 0xef, 0x3a,
    0x0f, 0x3b, 0xee, 0x32, 0xef, 0x3a, 0x0f, 0x3b, 0xee, 0x32, 0x0f, 0x3b,
    0x0e, 0x33, 0xee, 0x32, 0xef, 0x3a, 0x0e, 0x33, 0x0f, 0x3b, 0xee, 0x32,
    0xef, 0x3a, 0x0e, 0x33, 0x0f, 0x3b, 0xee, 0x32, 0xee, 0x32, 0x0f, 0x3b,
    0x0e, 0x33, 0xef, 0x3a, 0x0f, 0x3b, 0xee, 0x32, 0x0f, 0x3b, 0xee, 0x32,
    0xee, 0x32, 0x0f, 0x3b, 0xee, 0x32, 0xef, 0x3a, 0x0e, 0x33, 0x0f, 0x3b,
    0xef, 0x3a, 0xee, 0x32, 0x0e, 0x33, 0xef, 0x3a, 0x0e, 0x33, 0xee, 0x32,
    0xef, 0x3a, 0x0e, 0x33, 0xee, 0x32, 0x0f, 0x3b, 0xee, 0x32, 0x0e, 0x33,
    0xef, 0x3a, 0x0e, 0x33, 0x0e, 0x33, 0xef, 0x3a, 0xef, 0x3a, 0x0e, 0x33,
    0xef, 0x3a, 0xef, 0x3a, 0x0e, 0x33, 0x0f, 0x3b, 0xee, 0x32, 0x0e, 0x33,
    0x0f, 0x3b, 0xee, 0x32, 0x0f, 0x3b, 0xef, 0x3a, 0xee, 0x32, 0x0f, 0x3b,
    0xef, 0x3a, 0x0e, 0x33, 0x0e, 0x33, 0xef, 0x3a, 0x0e, 0x33, 0xef, 0x3a,
    0xef, 0x3a, 0x0e, 0x33, 0xef, 0x3a, 0xee, 0x32, 0x0e, 0x33, 0xef, 0x3a,
    0xee, 0x32, 0x0f, 0x3b, 0x0f, 0x3b, 0xee, 0x32, 0x0e, 0x33, 0x0e, 0x33,
    0xef, 0x3a, 0xef, 0x3a, 0x0e, 0x33, 0xef, 0x3a, 0xef, 0x3a, 0x0e, 0x33,
    0xef, 0x3a, 0xef, 0x3a, 0x0e, 0x33, 0xef, 0x3a, 0xef, 0x3a, 0x0e, 0x33,
    0x0f, 0x3b, 0xef, 0x3a, 0x0e, 0x33, 0x0f, 0x3b, 0xef, 0x3a, 0xee, 0x32,
    0xee, 0x32, 0x0e, 0x33, 0xef, 0x3a, 0x0e, 0x33, 0x0e, 0x33, 0x0f, 0x3b,
    0xef, 0x3a, 0x0f, 0x3b, 0x0e, 0x33, 0xef, 0x3a, 0xef, 0x3a, 0x0e, 0x33,
    0xef, 0x3a, 0x0f, 0x3b, 0xee, 0x32, 0x0f, 0x3b, 0xef, 0x3a, 0xee, 0x32,
    0x0f, 0x3b, 0xef, 0x3a, 0xee, 0x32, 0x0e, 0x33, 0xef, 0x3a, 0xef, 0x3a,
    0x0e, 0x33, 0x0f, 0x3b, 0xee, 0x32, 0xee, 0x32, 0x0f, 0x3b, 0xee, 0x32,
    0xee, 0x32, 0x0f, 0x3b, 0x0f, 0x3b, 0xee, 0x32, 0x0f, 0x3b, 0xef, 0x3a,
    0xee, 0x32, 0x0e, 0x33, 0xef, 0x3a, 0x0f, 0x3b, 0xee, 0x32, 0x0f, 0x3b,
    0x0f, 0x3b, 0xee, 0x32, 0xef, 0x3a, 0x0e, 0x33, 0xef, 0x3a, 0xee, 0x32,
    0x0e, 0x33, 0xef, 0x3a, 0x0f, 0x3b, 0xee, 0x32, 0xee, 0x32, 0x0f, 0x3b,
    0xee, 0x32, 0x0e, 0x33, 0x0f, 0x3b, 0xee, 0x32, 0x0f, 0x3b, 0xef, 0x3a,
    0xee, 0x32, 0x0e, 0x33, 0x0f, 0x3b, 0xee, 0x32, 0xef, 0x3a, 0x0e, 0x33,
    0xee, 0x32, 0x0f, 0x3b, 0x0e, 0x33, 0xef, 0x3a, 0x0e, 0x33, 0x0e, 0x33,
    0xef, 0x3a, 0x0f, 0x3b, 0xee, 0x32, 0x0e, 0x33, 0x0f, 0x3b, 0xee, 0x32,
    0x0f, 0x3b, 0x0e, 0x33, 0xee, 0x32, 0xef, 0x3a, 0x0e, 0x33, 0xef, 0x3a,
    0xee, 0x32, 0x0f, 0x3b, 0xee, 0x32, 0xee, 0x32, 0x0f, 0x3b, 0xef, 0x3a,
    0xee, 0x32, 0x0f, 0x3b, 0xee, 0x32, 0x0e, 0x33, 0x0f, 0x3b, 0xee, 0x32,
    0x0e, 0x33, 0xef, 0x3a, 0xef, 0x3a, 0x0e, 0x33, 0xee, 0x32, 0x0f, 0x3b,
    0x0f, 0x3b, 0xee, 0x32, 0x0f, 0x3b, 0x0f, 0x3b, 0xee, 0x32, 0x0f, 0x3b,
    0x0e, 0x33, 0xef, 0x3a, 0x0f, 0x3b, 0x0e, 0x33, 0xef, 0x3a, 0x0f, 0x3b,
    0x0e, 0x33, 0xef, 0x3a, 0x0f, 0x3b, 0xee, 0x32, 0x0f, 0x3b, 0xee, 0x32,
    0x0e, 0x33, 0xef, 0x3a, 0xee, 0x32, 0x0f, 0x3b, 0xee, 0x32, 0xee, 0x32,
    0x0f, 0x3b, 0xee, 0x32, 0x0f, 0x3b, 0x0e, 0x33, 0xef, 0x3a, 0xee, 0x32,
    0x0f, 0x3b, 0xef, 0x3a, 0x0e, 0x33, 0xef, 0x3a, 0x0f, 0x3b, 0x0e, 0x33,
    0xef, 0x3a, 0x0f, 0x3b, 0xee, 0x32, 0x0f, 0x3b, 0x0f, 0x3b, 0xee, 0x32,
    0x0f, 0x3b, 0xef, 0x3a, 0xee, 0x32, 0x0f, 0x3b, 0xef, 0x3a, 0xee, 0x32,
    0x0f, 0x3b, 0xef, 0x3a, 0x0e, 0x33, 0xef, 0x3a, 0x0f, 0x3b, 0xee, 0x32,
    0xef, 0x3a, 0x0f, 0x3b, 0xee, 0x32, 0x0f, 0x3b, 0x0f, 0x3b, 0xee, 0x32,
    0x0f, 0x3b, 0xef, 0x3a, 0xee, 0x32, 0x0f, 0x3b, 0x0f, 0x3b, 0xee, 0x32,
    0xef, 0x3a, 0x0f, 0x3b, 0xee, 0x32, 0xef, 0x3a, 0xef, 0x3a, 0x0e, 0x33,
    0xef, 0x3a, 0x0f, 0x3b, 0x0e, 0x33, 0xef, 0x3a, 0x0f, 0x3b, 0x0e, 0x33,
    0xef, 0x3a, 0xef, 0x3a, 0x0e, 0x33, 0xef, 0x3a, 0x0f, 0x3b, 0xee, 0x32,
    0xef, 0x3a, 0x0f, 0x3b, 0x0e, 0x33, 0xef, 0x3a, 0x0f, 0x3b, 0x0e, 0x33,
    0xef, 0x3a, 0x0f, 0x3b, 0xee, 0x32, 0xef, 0x3a, 0xef, 0x3a, 0x0e, 0x33,
    0xef, 0x3a, 0x0f, 0x3b, 0x0e, 0x33, 0xef, 0x3a, 0x0f, 0x3b, 0xee, 0x32,
    0xef, 0x3a, 0x0f, 0x3b, 0xee, 0x32, 0x0f, 0x3b, 0xef, 0x3a, 0x0e, 0x33,
    0x0f, 0x3b, 0xef, 0x3a, 0x0e, 0x33, 0x0f, 0x3b, 0xef, 0x3a, 0xee, 0x32,
    0x0f, 0x3b, 0xef, 0x3a, 0x0e, 0x33, 0xef, 0x3a, 0x0f, 0x3b, 0xee, 0x32,
    0x0f, 0x3b, 0x0f, 0x3b, 0xee, 0x32, 0xef, 0x3a, 0x0f, 0x3b, 0xee, 0x32,
    0x0f, 0x3b, 0xef, 0x3a, 0x0e, 0x33, 0xef, 0x3a, 0xef, 0x3a, 0x0e, 0x33,
    0xef, 0x3a, 0x0f, 0x3b, 0xee, 0x32, 0x0f, 0x3b, 0xef, 0x3a, 0x0e, 0x33,
    0xef, 0x3a, 0xef, 0x3a, 0x0e, 0x33, 0x0f, 0x3b, 0xef, 0x3a, 0x0e, 0x33,
    0xef, 0x3a, 0x0f, 0x3b, 0xee, 0x32, 0xef, 0x3a, 0x0f, 0x3b, 0xee, 0x32,
    0x0f, 0x3b, 0x0f, 0x3b, 0x0e, 0x33, 0xef, 0x3a, 0x0f, 0x3b, 0xee, 0x32,
    0x0f, 0x3b, 0x0f, 0x3b, 0xee, 0x32, 0x0f, 0x3b, 0xef, 0x3a, 0x0e, 0x33,
    0x0f, 0x3b, 0xef, 0x3a, 0x0e, 0x33, 0x0f, 0x3b, 0x0f, 0x3b, 0xee, 0x32,
    0x0f, 0x3b, 0xef, 0x3a, 0x0e, 0x33, 0xef, 0x3a, 0x0f, 0x3b, 0xee, 0x32,
    0xef, 0x3a, 0x0f, 0x3b, 0xee, 0x32, 0xef, 0x3a, 0x0f, 0x3b, 0xee, 0x32,
    0x0f, 0x3b, 0x0f, 0x3b, 0xee, 0x32, 0x0f, 0x3b, 0xef, 0x3a, 0xee, 0x32,
    0x0f, 0x3b, 0x0f, 0x3b, 0xee, 0x32, 0x0f, 0x3b, 0xef, 0x3a, 0x0e, 0x33,
    0x0f, 0x3b, 0xef, 0x3a, 0x0e, 0x33, 0xef, 0x3a, 0x0f, 0x3b, 0x0e, 0x33,
    0xef, 0x3a, 0x0f, 0x3b, 0x0e, 0x33, 0xef, 0x3a, 0xef, 0x3a, 0x0e, 0x33,
    0xef, 0x3a, 0xef, 0x3a, 0x0e, 0x33, 0x0f, 0x3b, 0xef, 0x3a, 0x0e, 0x33,
    0xef, 0x3a, 0x0f, 0x3b, 0x0e, 0x33, 0xef, 0x3a, 0xef, 0x3a, 0x0e, 0x33,
    0x0f, 0x3b, 0xef, 0x3a, 0x0e, 0x33, 0xef, 0x3a, 0x0f, 0x3b, 0xee, 0x32,
    0x0f, 0x3b, 0xef, 0x3a, 0xee, 0x32, 0x0f, 0x3b, 0x0f, 0x3b, 0xee, 0x32,
    0xef, 0x3a, 0x0f, 0x3b, 0xee, 0x32, 0xef, 0x3a, 0x0f, 0x3b, 0xee, 0x32,
    0x0f, 0x3b, 0xef, 0x3a, 0xee, 0x32, 0x0f, 0x3b, 0x0f, 0x3b, 0xee, 0x32,
    0x0f, 0x3b, 0x0f, 0x3b, 0xee, 0x32, 0xef, 0x3a, 0x0f, 0x3b, 0xee, 0x32,
    0xef, 0x3a, 0x0f, 0x3b, 0xee, 0x32, 0x0f, 0x3b, 0xef, 0x3a, 0xee, 0x32,
    0x0f, 0x3b, 0xef, 0x3a, 0xee, 0x32, 0x0f, 0x3b, 0x0f, 0x3b, 0xee, 0x32,
    0xef, 0x3a, 0xef, 0x3a, 0x0e, 0x33, 0xef, 0x3a, 0xef, 0x3a, 0x0e, 0x33,
    0xef, 0x3a, 0xef, 0x3a, 0x0e, 0x33, 0xef, 0x3a, 0xef, 0x3a, 0x0e, 0x33,
    0xef, 0x3a, 0x0f, 0x3b, 0xee, 0x32, 0x0f, 0x3b, 0xef, 0x3a, 0x0e, 0x33,
    0xef, 0x3a, 0xef, 0x3a, 0x0e, 0x33, 0xef, 0x3a, 0xef, 0x3a, 0x0e, 0x33,
    0x0f, 0x3b, 0xef, 0x3a, 0xee, 0x32, 0x0f, 0x3b, 0xef, 0x3a, 0xee, 0x32,
    0x0f, 0x3b, 0x0f, 0x3b, 0xee, 0x32, 0x0f, 0x3b, 0x0f, 0x3b, 0xee, 0x32,
    0x0f, 0x3b, 0xef, 0x3a, 0xee, 0x32, 0x0f, 0x3b, 0xef, 0x3a, 0xee, 0x32,
    0x0f, 0x3b, 0xef, 0x3a, 0x0e, 0x33, 0x0f, 0x3b, 0xef, 0x3a, 0x0e, 0x33,
    0xef, 0x3a, 0xef, 0x3a, 0x0e, 0x33, 0xef, 0x3a, 0xef, 0x3a, 0x0e, 0x33,
    0xef, 0x3a, 0xef, 0x3a, 0x0e, 0x33, 0x0f, 0x3b, 0xef, 0x3a, 0x0e, 0x33,
    0x0f, 0x3b, 0xef, 0x3a, 0x0e, 0x33, 0xef, 0x3a, 0x0f, 0x3b, 0x0e, 0x33,
    0xef, 0x3a, 0xef, 0x3a, 0x0e, 0x33, 0xef, 0x3a, 0x0f, 0x3b, 0xee, 0x32,
    0x0f, 0x3b, 0xef, 0x3a, 0xee, 0x32, 0x0f, 0x3b, 0x0f, 0x3b, 0xee, 0x32,
    0x0f, 0x3b, 0xef, 0x3a, 0xee, 0x32, 0x0f, 0x3b, 0xef, 0x3a, 0x0e, 0x33,
    0xef, 0x3a, 0x0f, 0x3b, 0xee, 0x32, 0xef, 0x3a, 0x0f, 0x3b, 0xee, 0x32,
    0xef, 0x3a, 0x0f, 0x3b, 0x0e, 0x33, 0xef, 0x3a, 0x0f, 0x3b, 0xee, 0x32,
    0x0f, 0x3b, 0x0f, 0x3b, 0xee, 0x32, 0x0f, 0x3b, 0xef, 0x3a, 0xee, 0x32,
    0x0f, 0x3b, 0x0f, 0x3b, 0xee, 0x32, 0xef, 0x3a, 0x0f, 0x3b, 0x0e, 0x33,
    0xef, 0x3a, 0xef, 0x3a, 0x0e, 0x33, 0xef, 0x3a, 0x0f, 0x3b, 0x0e, 0x33,
    0xef, 0x3a, 0x0f, 0x3b, 0x0e, 0x33, 0xef, 0x3a, 0x0f, 0x3b, 0xee, 0x32,
    0x0f, 0x3b, 0x0f, 0x3b, 0xee, 0x32, 0x0f, 0x3b, 0xef, 0x3a, 0x0e, 0x33,
    0xef, 0x3a, 0xef, 0x3a, 0x0e, 0x33, 0x0f, 0x3b, 0xef, 0x3a, 0x0e, 0x33,
    0xef, 0x3a, 0xef, 0x3a, 0x0e, 0x33, 0xef, 0x3a, 0xef, 0x3a, 0x0e, 0x33,
    0xef, 0x3a, 0x0f, 0x3b, 0xee, 0x32, 0xef, 0x3a, 0x0f, 0x3b, 0x0e, 0x33,
    0xef, 0x3a, 0xef, 0x3a, 0x0e, 0x33, 0xef, 0x3a, 0x0f, 0x3b, 0x0e, 0x33,
    0xef, 0x3a, 0x0f, 0x3b, 0x0e, 0x33, 0xef, 0x3a, 0x0f, 0x3b, 0xee, 0x32,
    0x0f, 0x3b, 0x0f, 0x3b, 0xee, 0x32, 0x0f, 0x3b, 0xef, 0x3a, 0x0e, 0x33,
    0xef, 0x3a, 0xef, 0x3a, 0x0e, 0x33, 0x0f, 0x3b, 0xef, 0x3a, 0x0e, 0x33,
    0xef, 0x3a, 0xef, 0x3a, 0x0e, 0x33, 0xef, 0x3a, 0xef, 0x3a, 0x0e, 0x33,
    0xef, 0x3a, 0x0f, 0x3b, 0xee, 0x32, 0xef, 0x3a, 0x0f, 0x3b, 0x0e, 0x33,
    0xef, 0x3a, 0xef, 0x3a, 0x0e, 0x33, 0xef, 0x3a, 0x0f, 0x3b, 0x0e, 0x33,
    0xef, 0x3a, 0x0f, 0x3b, 0x0e, 0x33, 0xef, 0x3a, 0x0f, 0x3b, 0xee, 0x32,
    0x0f, 0x3b, 0x0f, 0x3b, 0xee, 0x32, 0x0f, 0x3b, 0xef, 0x3a, 0x0e, 0x33,
    0xef, 0x3a, 0xef, 0x3a, 0x0e, 0x33, 0x0f, 0x3b, 0xef, 0x3a, 0x0e, 0x33,
    0xef, 0x3a, 0xef, 0x3a, 0x0e, 0x33, 0xef, 0x3a, 0xef, 0x3a, 0x0e, 0x33,
    0xef, 0x3a, 0x0f, 0x3b, 0xee, 0x32, 0xef, 0x3a, 0x0f, 0x3b, 0x0e, 0x33,
    0xef, 0x3a, 0xef, 0x3a, 0x0e, 0x33, 0xef, 0x3a, 0x0f, 0x3b, 0x0e, 0x33,
    0xef, 0x3a, 0x0f, 0x3b, 0x0e, 0x33, 0xef, 0x3a, 0x0f, 0x3b, 0xee, 0x32,
    0x0f, 0x3b, 0x0f, 0x3b, 0xee, 0x32, 0x0f, 0x3b, 0xef, 0x3a, 0x0e, 0x33,
    0xef, 0x3a, 0xef, 0x3a, 0x0e, 0x33, 0x0f, 0x3b, 0xef, 0x3a, 0x0e, 0x33,
    0xef, 0x3a, 0xef, 0x3a, 0x0e, 0x33, 0xef, 0x3a, 0xef, 0x3a, 0x0e, 0x33,
    0xef, 0x3a, 0x0f, 0x3b, 0xee, 0x32, 0xef, 0x3a, 0x0f, 0x3b, 0x0e, 0x33,
    0xef, 0x3a, 0xef, 0x3a, 0x0e, 0x33, 0xef, 0x3a, 0x0f, 0x3b, 0x0e, 0x33,
    0xef, 0x3a, 0x0f, 0x3b, 0x0e, 0x33, 0xef, 0x3a, 0x0f, 0x3b, 0xee, 0x32,
    0x0f, 0x3b, 0x0f, 0x3b, 0xee, 0x32, 0x0f, 0x3b, 0xef, 0x3a, 0x0e, 0x33,
    0xef, 0x3a, 0xef, 0x3a, 0x0e, 0x33, 0x0f, 0x3b, 0xef, 0x3a, 0x0e, 0x33,
    0xef, 0x3a, 0xef, 0x3a, 0x0e, 0x33, 0xef, 0x3a, 0xef, 0x3a, 0x0e, 0x33,
    0xef, 0x3a, 0x0f, 0x3b, 0xee, 0x32, 0xef, 0x3a, 0x0f, 0x3b, 0x0e, 0x33,
    0xef, 0x3a, 0xef, 0x3a, 0x0e, 0x33, 0xef, 0x3a, 0x0f, 0x3b, 0x0e, 0x33,
    0xef, 0x3a, 0x0f, 0x3b, 0x0e, 0x33, 0xef, 0x3a, 0x0f, 0x3b, 0xee, 0x32,
    0x0f, 0x3b, 0x0f, 0x3b, 0xee, 0x32, 0x0f, 0x3b, 0xef, 0x3a, 0x0e, 0x33,
    0xef, 0x3a, 0xef, 0x3a, 0x0e, 0x33, 0x0f, 0x3b, 0xef, 0x3a, 0x0e, 0x33,
    0xef, 0x3a, 0xef, 0x3a, 0x0e, 0x33, 0xef, 0x3a, 0xef, 0x3a, 0x0e, 0x33,
    0xef, 0x3a, 0x0f, 0x3b, 0xee, 0x32, 0xef, 0x3a, 0x0f, 0x3b, 0x0e, 0x33,
    0xef, 0x3a, 0xef, 0x3a, 0x0e, 0x33, 0xef, 0x3a, 0x0f, 0x3b, 0x0e, 0x33,
    0xef, 0x3a, 0x0f, 0x3b, 0x0e, 0x33, 0xef, 0x3a, 0x0e, 0x33, 0xee, 0x32,
    0x0f, 0x3b, 0x0e, 0x33, 0xef, 0x3a, 0x0f, 0x3b, 0xee, 0x32, 0x0f, 0x3b,
    0xee, 0x32, 0xee, 0x32, 0x0f, 0x3b, 0x0e, 0x33, 0xef, 0x3a, 0x0e, 0x33,
    0xef, 0x3a, 0xef, 0x3a, 0x0e, 0x33, 0xef, 0x3a, 0xee, 0x32, 0x0f, 0x3b,
    0xee, 0x32, 0x0f, 0x3b, 0xee, 0x32, 0xef, 0x3a, 0x0f, 0x3b, 0x0e, 0x33,
    0xef, 0x3a, 0xee, 0x32, 0x0e, 0x33, 0xef, 0x3a, 0x0e, 0x33, 0x0f, 0x3b,
    0xef, 0x3a, 0x0e, 0x33, 0x0f, 0x3b, 0xee, 0x32, 0x0e, 0x33, 0xef, 0x3a,
    0x0e, 0x33, 0x0f, 0x3b, 0xef, 0x3a, 0x0e, 0x33, 0xef, 0x3a, 0x0f, 0x3b,
    0xee, 0x32, 0x0f, 0x3b, 0x0f, 0x3b, 0xee, 0x32, 0x0f, 0x3b, 0xef, 0x3a,
    0x0e, 0x33, 0xef, 0x3a, 0xef, 0x3a, 0x0e, 0x33, 0x0e, 0x33, 0xef, 0x3a,
    0x0e, 0x33, 0x0e, 0x33, 0xef, 0x3a, 0xee, 0x32, 0x0f, 0x3b, 0xef, 0x3a,
    0xee, 0x32, 0x0f, 0x3b, 0xee, 0x32, 0x0e, 0x33, 0x0f, 0x3b, 0xee, 0x32,
    0x0e, 0x33, 0xef, 0x3a, 0xef, 0x3a, 0x0e, 0x33, 0xef, 0x3a, 0x0e, 0x33,
    0x0e, 0x33, 0xef, 0x3a, 0x0e, 0x33, 0xef, 0x3a, 0x0f, 0x3b, 0xee, 0x32,
    0x0f, 0x3b, 0x0f, 0x3b, 0xee, 0x32, 0xee, 0x32, 0x0f, 0x3b, 0xef, 0x3a,
    0xee, 0x32, 0x0f, 0x3b, 0x0e, 0x33, 0xee, 0x32, 0x0f, 0x3b, 0x0e, 0x33,
    0xee, 0x32, 0x0f, 0x3b, 0xee, 0x32, 0x0e, 0x33, 0x0f, 0x3b, 0xee, 0x32,
    0xee, 0x32, 0x0f, 0x3b, 0xee, 0x32, 0xee, 0x32, 0x0f, 0x3b, 0x0e, 0x33,
    0xef, 0x3a, 0x0e, 0x33, 0xee, 0x32, 0x0f, 0x3b, 0xef, 0x3a, 0xee, 0x32,
    0x0e, 0x33, 0xef, 0x3a, 0xee, 0x32, 0x0e, 0x33, 0x0f, 0x3b, 0xee, 0x32,
    0x0f, 0x3b, 0xee, 0x32, 0x0e, 0x33, 0xef, 0x3a, 0x0e, 0x33, 0x0e, 0x33,
    0xef, 0x3a, 0x0e, 0x33, 0x0f, 0x3b, 0xef, 0x3a, 0x0e, 0x33, 0x0f, 0x3b,
    0xee, 0x32, 0x0e, 0x33, 0xef, 0x3a, 0xef, 0x3a, 0x0e, 0x33, 0xef, 0x3a,
    0x0f, 0x3b, 0x0e, 0x33, 0xef, 0x3a, 0xef, 0x3a, 0x0e, 0x33, 0x0e, 0x33,
    0xef, 0x3a, 0x0f, 0x3b, 0x0e, 0x33, 0xef, 0x3a, 0xef, 0x3a, 0x0e, 0x33,
    0xee, 0x32, 0xef, 0x3a, 0x0e, 0x33, 0x0f, 0x3b, 0xee, 0x32, 0x0f, 0x3b,
    0x0f, 0x3b, 0xee, 0x32, 0xef, 0x3a, 0x0e, 0x33, 0x0f, 0x3b, 0xef, 0x3a,
    0x0e, 0x33, 0xef, 0x3a, 0xee, 0x32, 0x0f, 0x3b, 0xee, 0x32, 0x0e, 0x33,
    0x0f, 0x3b, 0xef, 0x3a, 0xee, 0x32, 0x0f, 0x3b, 0xee, 0x32, 0x0f, 0x3b,
    0xee, 0x32, 0xef, 0x3a, 0x0f, 0x3b, 0xee, 0x32, 0xee, 0x32, 0x0f, 0x3b,
    0xef, 0x3a, 0xee, 0x32, 0x0f, 0x3b, 0xee, 0x32, 0xef, 0x3a, 0x0f, 0x3b,
    0xee, 0x32, 0xef, 0x3a, 0x0e, 0x33, 0xef, 0x3a, 0x0f, 0x3b, 0x0e, 0x33,
    0xee, 0x32, 0x0f, 0x3b, 0x0f, 0x3b, 0xee, 0x32, 0x0f, 0x3b, 0x0e, 0x33,
    0xee, 0x32, 0x0f, 0x3b, 0x0f, 0x3b, 0xee, 0x32, 0xef, 0x3a, 0x0f, 0x3b,
    0xee, 0x32, 0x0f, 0x3b, 0x0e, 0x33, 0xee, 0x32, 0x0f, 0x3b, 0xee, 0x32,
    0xef, 0x3a, 0x0e, 0x33, 0xee, 0x32, 0xef, 0x3a, 0x0e, 0x33, 0xef, 0x3a,
    0xee, 0x32, 0x0e, 0x33, 0xef, 0x3a, 0xee, 0x32, 0x0e, 0x33, 0xef, 0x3a,
    0xef, 0x3a, 0x0e, 0x33, 0xee, 0x32, 0x0f, 0x3b, 0x0e, 0x33, 0xef, 0x3a,
    0xef, 0x3a, 0x0e, 0x33, 0x0f, 0x3b, 0x0e, 0x33, 0xee, 0x32, 0x0f, 0x3b,
    0x0f, 0x3b, 0xee, 0x32, 0x0f, 0x3b, 0xee, 0x32, 0xee, 0x32, 0x0f, 0x3b,
    0x0e, 0x33, 0xef, 0x3a, 0x0e, 0x33, 0xef, 0x3a, 0xee, 0x32, 0x0e, 0x33,
    0xef, 0x3a, 0xee, 0x32, 0x0f, 0x3b, 0xee, 0x32, 0x0e, 0x33, 0xef, 0x3a,
    0xee, 0x32, 0x0e, 0x33, 0x0f, 0x3b, 0xee, 0x32, 0x0e, 0x33, 0x0f, 0x3b,
    0xee, 0x32, 0x0e, 0x33, 0xef, 0x3a, 0x0e, 0x33, 0xee, 0x32, 0x0f, 0x3b,
    0x0e, 0x33, 0xee, 0x32, 0x0f, 0x3b, 0xee, 0x32, 0xee, 0x32, 0x0f, 0x3b,
    0xee, 0x32, 0x0e, 0x33, 0x0f, 0x3b, 0xee, 0x32, 0x0e, 0x33, 0xef, 0x3a,
    0x0e, 0x33, 0x0e, 0x33, 0xef, 0x3a, 0x0e, 0x33, 0x0e, 0x33, 0xef, 0x3a,
    0x0e, 0x33, 0xee, 0x32, 0xef, 0x3a, 0x0e, 0x33, 0xee, 0x32, 0xef, 0x3a,
    0x0e, 0x33, 0x0e, 0x33, 0xef, 0x3a, 0x0e, 0x33, 0x0e, 0x33, 0xef, 0x3a,
    0x0e, 0x33, 0x0e, 0x33, 0xef, 0x3a, 0x0e, 0x33, 0xee, 0x32, 0xef, 0x3a,
    0x0e, 0x33, 0xee, 0x32, 0x0f, 0x3b, 0x0e, 0x33, 0x0e, 0x33, 0xef, 0x3a,
    0x0e, 0x33, 0xee, 0x32, 0xef, 0x3a, 0x0e, 0x33, 0xee, 0x32, 0x0f, 0x3b,
    0x0e, 0x33, 0xee, 0x32, 0x0f, 0x3b, 0xee, 0x32, 0x0e, 0x33, 0xef, 0x3a,
    0xee, 0x32, 0xee, 0x32, 0x0f, 0x3b, 0xee, 0x32, 0xee, 0x32, 0x0f, 0x3b,
    0xee, 0x32, 0x0e, 0x33, 0xef, 0x3a, 0x0e, 0x33, 0x0e, 0x33, 0xef, 0x3a,
    0x0e, 0x33, 0xee, 0x32, 0xef, 0x3a, 0x0e, 0x33, 0x0e, 0x33, 0xef, 0x3a,
    0x0e, 0x33, 0xee, 0x32, 0x0f, 0x3b, 0x0e, 0x33, 0xee, 0x32, 0x0f, 0x3b,
    0x0e, 0x33, 0xee, 0x32, 0xef, 0x3a, 0x0e, 0x33, 0xee, 0x32, 0xef, 0x3a,
    0x0e, 0x33, 0x0e, 0x33, 0xef, 0x3a, 0x0e, 0x33, 0xee, 0x32, 0x0f, 0x3b,
    0x0e, 0x33, 0xee, 0x32, 0x0f, 0x3b, 0x0e, 0x33, 0xee, 0x32, 0x0f, 0x3b,
    0xee, 0x32, 0xee, 0x32, 0xef, 0x3a, 0x0e, 0x33, 0xee, 0x32, 0x0f, 0x3b,
    0x0e, 0x33, 0xee, 0x32, 0xef, 0x3a, 0x0e, 0x33, 0xee, 0x32, 0xef, 0x3a,
    0x0e, 0x33, 0xee, 0x32, 0xef, 0x3a, 0x0e, 0x33, 0xee, 0x32, 0xef, 0x3a,
    0x0e, 0x33, 0xee, 0x32, 0x0f, 0x3b, 0x0e, 0x33, 0xee, 0x32, 0x0f, 0x3b,
    0xee, 0x32, 0x0e, 0x33, 0x0f, 0x3b, 0xee, 0x32, 0x0e, 0x33, 0xef, 0x3a,
    0xee, 0x32, 0x0e, 0x33, 0xef, 0x3a, 0x0e, 0x33, 0xee, 0x32, 0x0f, 0x3b,
    0x0e, 0x33, 0xee, 0x32, 0xef, 0x3a, 0x0e, 0x33, 0xee, 0x32, 0x0f, 0x3b,
    0x0e, 0x33, 0xee, 0x32, 0xef, 0x3a, 0x0e, 0x33, 0xee, 0x32, 0x0f, 0x3b,
    0xee, 0x32, 0x0e, 0x33, 0xef, 0x3a, 0xee, 0x32, 0x0e, 0x33, 0x0f, 0x3b,
    0x0e, 0x33, 0xee, 0x32, 0x0f, 0x3b, 0xee, 0x32, 0x0e, 0x33, 0xef, 0x3a,
    0xee, 0x32, 0x0e, 0x33, 0xef, 0x3a, 0x0e, 0x33, 0x0e, 0x33, 0xef, 0x3a,
    0x0e, 0x33, 0xee, 0x32, 0xef, 0x3a, 0x0e, 0x33, 0xee, 0x32, 0x0f, 0x3b,
    0xee, 0x32, 0x0e, 0x33, 0x0f, 0x3b, 0x0e, 0x33, 0xee, 0x32, 0xef, 0x3a,
    0x0e, 0x33, 0x0e, 0x33, 0xef, 0x3a, 0x0e, 0x33, 0x0e, 0x33, 0xef, 0x3a,
    0x0e, 0x33, 0x0e, 0x33, 0xef, 0x3a, 0x0e, 0x33, 0xee, 0x32, 0x0f, 0x3b,
    0xee, 0x32, 0xee, 0x32, 0x0f, 0x3b, 0x0e, 0x33, 0xee, 0x32, 0x0f, 0x3b,
    0x0e, 0x33, 0xee, 0x32, 0x0f, 0x3b, 0xee, 0x32, 0x0e, 0x33, 0x0f, 0x3b,
    0xee, 0x32, 0x0e, 0x33, 0x0f, 0x3b, 0xee, 0x32, 0xee, 0x32, 0x0f, 0x3b,
    0xee, 0x32, 0x0e, 0x33, 0x0f, 0x3b, 0xee, 0x32, 0x0e, 0x33, 0x0f, 0x3b,
    0xee, 0x32, 0x0e, 0x33, 0x0f, 0x3b, 0xee, 0x32, 0x0e, 0x33, 0xef, 0x3a,
    0x0e, 0x33, 0xee, 0x32, 0x0f, 0x3b, 0xee, 0x32, 0x0e, 0x33, 0xef, 0x3a,
    0xee, 0x32, 0x0e, 0x33, 0x0f, 0x3b, 0xee, 0x32, 0x0e, 0x33, 0x0f, 0x3b,
    0xee, 0x32, 0xee, 0x32, 0x0f, 0x3b, 0x0e, 0x33, 0xee, 0x32, 0x0f, 0x3b,
    0x0e, 0x33, 0xee, 0x32, 0x0f, 0x3b, 0xee, 0x32, 0xee, 0x32, 0x0f, 0x3b,
    0xee, 0x32, 0x0e, 0x33, 0x0f, 0x3b, 0xee, 0x32, 0x0e, 0x33, 0x0f, 0x3b,
    0xee, 0x32, 0x0e, 0x33, 0xef, 0x3a, 0xee, 0x32, 0x0e, 0x33, 0xef, 0x3a,
    0x0e, 0x33, 0x0e, 0x33, 0xef, 0x3a, 0x0e, 0x33, 0x0e, 0x33, 0xef, 0x3a,
    0x0e, 0x33, 0x0e, 0x33, 0xef, 0x3a, 0xee, 0x32, 0x0e, 0x33, 0xef, 0x3a,
    0xee, 0x32, 0x0e, 0x33, 0xef, 0x3a, 0x0e, 0x33, 0xee, 0x32, 0x0f, 0x3b,
    0xee, 0x32, 0x0e, 0x33, 0xef, 0x3a, 0x0e, 0x33, 0x0e, 0x33, 0xef, 0x3a,
    0xee, 0x32, 0x0e, 0x33, 0x0f, 0x3b, 0xee, 0x32, 0x0e, 0x33, 0xef, 0x3a,
    0xee, 0x32, 0x0e, 0x33, 0x0f, 0x3b, 0x0e, 0x33, 0xee, 0x32, 0xef, 0x3a,
    0x0e, 0x33, 0xee, 0x32, 0x0f, 0x3b, 0x0e, 0x33, 0xee, 0x32, 0x0f, 0x3b,
    0x0e, 0x33, 0xee, 0x32, 0xef, 0x3a, 0x0e, 0x33, 0xee, 0x32, 0x0f, 0x3b,
    0xee, 0x32, 0x0e, 0x33, 0xef, 0x3a, 0x0e, 0x33, 0xee, 0x32, 0x0f, 0x3b,
    0xee, 0x32, 0xee, 0x32, 0x0f, 0x3b, 0xee, 0x32, 0x0e, 0x33, 0xef, 0x3a,
    0xee, 0x32, 0x0e, 0x33, 0x0f, 0x3b, 0xee, 0x32, 0xee, 0x32, 0x0f, 0x3b,
    0xee, 0x32, 0xee, 0x32, 0x0f, 0x3b, 0xee, 0x32, 0x0e, 0x33, 0xef, 0x3a,
    0x0e, 0x33, 0xee, 0x32, 0xef, 0x3a, 0x0e, 0x33, 0xee, 0x32, 0x0f, 0x3b,
    0x0e, 0x33, 0xee, 0x32, 0x0f, 0x3b, 0x0e, 0x33, 0xee, 0x32, 0xef, 0x3a,
    0x0e, 0x33, 0x0e, 0x33, 0xef, 0x3a, 0x0e, 0x33, 0x0e, 0x33, 0x0f, 0x3b,
    0x0e, 0x33, 0xee, 0x32, 0x0f, 0x3b, 0x0e, 0x33, 0xee, 0x32, 0x0f, 0x3b,
    0xee, 0x32, 0x0e, 0x33, 0x0f, 0x3b, 0xee, 0x32, 0xee, 0x32, 0x0f, 0x3b,
    0xee, 0x32, 0xee, 0x32, 0x0f, 0x3b, 0xee, 0x32, 0x0e, 0x33, 0xef, 0x3a,
    0x0e, 0x33, 0xee, 0x32, 0xef, 0x3a, 0x0e, 0x33, 0xee, 0x32, 0x0f, 0x3b,
    0x0e, 0x33, 0xee, 0x32, 0x0f, 0x3b, 0x0e, 0x33, 0xee, 0x32, 0xef, 0x3a,
    0x0e, 0x33, 0x0e, 0x33, 0xef, 0x3a, 0x0e, 0x33, 0x0e, 0x33, 0x0f, 0x3b,
    0x0e, 0x33, 0xee, 0x32, 0x0f, 0x3b, 0x0e, 0x33, 0xee, 0x32, 0x0f, 0x3b,
    0xee, 0x32, 0x0e, 0x33, 0x0f, 0x3b, 0xee, 0x32, 0xee, 0x32, 0x0f, 0x3b,
    0xee, 0x32, 0xee, 0x32, 0x0f, 0x3b, 0xee, 0x32, 0x0e, 0x33, 0xef, 0x3a,
    0x0e, 0x33, 0xee, 0x32, 0xef, 0x3a, 0x0e, 0x33, 0xee, 0x32, 0x0f, 0x3b,
    0x0e, 0x33, 0xee, 0x32, 0x0f, 0x3b, 0x0e, 0x33, 0xee, 0x32, 0xef, 0x3a,
    0x0e, 0x33, 0x0e, 0x33, 0xef, 0x3a, 0x0e, 0x33, 0x0e, 0x33, 0x0f, 0x3b,
    0x0e, 0x33, 0xee, 0x32, 0x0f, 0x3b, 0x0e, 0x33, 0xee, 0x32, 0x0f, 0x3b,
    0xee, 0x32, 0x0e, 0x33, 0x0f, 0x3b, 0xee, 0x32, 0xee, 0x32, 0x0f, 0x3b,
    0xee, 0x32, 0xee, 0x32, 0x0f, 0x3b, 0xee, 0x32, 0x0e, 0x33, 0xef, 0x3a,
    0x0e, 0x33, 0xee, 0x32, 0xef, 0x3a, 0x0e, 0x33, 0xee, 0x32, 0x0f, 0x3b,
    0x0e, 0x33, 0xee, 0x32, 0x0f, 0x3b, 0x0e, 0x33, 0xee, 0x32, 0xef, 0x3a,
    0x0e, 0x33, 0x0e, 0x33, 0xef, 0x3a, 0x0e, 0x33, 0x0e, 0x33, 0x0f, 0x3b,
    0x0e, 0x33, 0xee, 0x32, 0x0f, 0x3b, 0x0e, 0x33, 0xee, 0x32, 0x0f, 0x3b,
    0xee, 0x32, 0x0e, 0x33, 0x0f, 0x3b, 0xee, 0x32, 0xee, 0x32, 0x0f, 0x3b,
    0xee, 0x32, 0xee, 0x32, 0x0f, 0x3b, 0xee, 0x32, 0x0e, 0x33, 0xef, 0x3a,
    0x0e, 0x33, 0xee, 0x32, 0xef, 0x3a, 0x0e, 0x33, 0xee, 0x32, 0x0f, 0x3b,
    0x0e, 0x33, 0xee, 0x32, 0x0f, 0x3b, 0x0e, 0x33, 0xee, 0x32, 0xef, 0x3a,
    0x0e, 0x33, 0x0e, 0x33, 0xef, 0x3a, 0x0e, 0x33, 0x0e, 0x33, 0x0f, 0x3b,
    0x0e, 0x33, 0xee, 0x32, 0x0f, 0x3b, 0x0e, 0x33, 0xee, 0x32, 0x0f, 0x3b,
    0xee, 0x32, 0x0e, 0x33, 0x0f, 0x3b, 0xee, 0x32, 0xee, 0x32, 0x0f, 0x3b,
    0xee, 0x32, 0xee, 0x32, 0x0f, 0x3b, 0xee, 0x32, 0x0e, 0x33, 0xef, 0x3a,
    0x0e, 0x33, 0xee, 0x32, 0xef, 0x3a, 0x0e, 0x33, 0xee, 0x32, 0x0f, 0x3b,
    0x0e, 0x33, 0xee, 0x32, 0x0f, 0x3b, 0x0e, 0x33, 0xee, 0x32, 0xef, 0x3a,
    0x0e, 0x33, 0x0e, 0x33, 0xef, 0x3a, 0x0e, 0x33, 0x0e, 0x33, 0x0f, 0x3b,
    0x0e, 0x33, 0xee, 0x32, 0x0f, 0x3b, 0x0e, 0x33, 0xee, 0x32, 0x0f, 0x3b,
    0xee, 0x32, 0x0e, 0x33, 0x0f, 0x3b, 0xee, 0x32, 0xee, 0x32, 0x0f, 0x3b,
    0xee, 0x32, 0xee, 0x32, 0x0f, 0x3b, 0xee, 0x32, 0x0f, 0x3b, 0xef, 0x3a,
    0x0e, 0x33, 0xef, 0x3a, 0xee, 0x32, 0x0e, 0x33, 0xef, 0x3a, 0x0e, 0x33,
    0x0f, 0x3b, 0xef, 0x3a, 0x0e, 0x33, 0x0f, 0x3b, 0xee, 0x32, 0xef, 0x3a,
    0x0e, 0x33, 0x0e, 0x33, 0xef, 0x3a, 0x0e, 0x33, 0x0f, 0x3b, 0x0f, 0x3b,
    0x0e, 0x33, 0xee, 0x32, 0x0f, 0x3b, 0x0e, 0x33, 0xee, 0x32, 0x0f, 0x3b,
    0xee, 0x32, 0x0f, 0x3b, 0x0f, 0x3b, 0xee, 0x32, 0xef, 0x3a, 0x0e, 0x33,
    0xee, 0x32, 0xef, 0x3a, 0x0e, 0x33, 0xef, 0x3a, 0x0f, 0x3b, 0xee, 0x32,
    0x0f, 0x3b, 0xef, 0x3a, 0xee, 0x32, 0x0e, 0x33, 0xee, 0x32, 0x0f, 0x3b,
    0x0e, 0x33, 0xee, 0x32, 0xef, 0x3a, 0x0e, 0x33, 0xee, 0x32, 0xef, 0x3a,
    0x0e, 0x33, 0x0e, 0x33, 0xef, 0x3a, 0x0e, 0x33, 0xef, 0x3a, 0xef, 0x3a,
    0x0f, 0x3b, 0xee, 0x32, 0xef, 0x3a, 0x0f, 0x3b, 0x0e, 0x33, 0xee, 0x32,
    0x0f, 0x3b, 0x0e, 0x33, 0xef, 0x3a, 0x0f, 0x3b, 0xee, 0x32, 0xef, 0x3a,
    0x0f, 0x3b, 0xee, 0x32, 0x0f, 0x3b, 0x0e, 0x33, 0xee, 0x32, 0x0f, 0x3b,
    0xef, 0x3a, 0xee, 0x32, 0x0f, 0x3b, 0xee, 0x32, 0x0e, 0x33, 0x0f, 0x3b,
    0xee, 0x32, 0x0e, 0x33, 0xef, 0x3a, 0x0e, 0x33, 0xef, 0x3a, 0x0e, 0x33,
    0x0e, 0x33, 0xef, 0x3a, 0xef, 0x3a, 0x0e, 0x33, 0xef, 0x3a, 0xef, 0x3a,
    0x0e, 0x33, 0xef, 0x3a, 0x0f, 0x3b, 0xee, 0x32, 0x0f, 0x3b, 0xef, 0x3a,
    0x0e, 0x33, 0x0f, 0x3b, 0xee, 0x32, 0x0f, 0x3b, 0x0f, 0x3b, 0xee, 0x32,
    0xef, 0x3a, 0xee, 0x32, 0x0e, 0x33, 0xef, 0x3a, 0x0f, 0x3b, 0xee, 0x32,
    0x0f, 0x3b, 0xef, 0x3a, 0x0e, 0x33, 0xef, 0x3a, 0xee, 0x32, 0x0f, 0x3b,
    0xee, 0x32, 0xef, 0x3a, 0x0e, 0x33, 0x0f, 0x3b, 0xee, 0x32, 0xef, 0x3a,
    0x0f, 0x3b, 0xee, 0x32, 0xef, 0x3a, 0x0e, 0x33, 0xee, 0x32, 0xef, 0x3a,
    0x0e, 0x33, 0xef, 0x3a, 0x0f, 0x3b, 0x0e, 0x33, 0xef, 0x3a, 0x0e, 0x33,
    0x0f, 0x3b, 0xee, 0x32, 0xee, 0x32, 0x0f, 0x3b, 0x0e, 0x33, 0xee, 0x32,
    0xef, 0x3a, 0x0e, 0x33, 0xee, 0x32, 0x0f, 0x3b, 0x0e, 0x33, 0xee, 0x32,
    0x0f, 0x3b, 0x0e, 0x33, 0xef, 0x3a, 0xee, 0x32, 0x0f, 0x3b, 0xee, 0x32,
    0xee, 0x32, 0x0f, 0x3b, 0x0e, 0x33, 0xef, 0x3a, 0x0e, 0x33, 0xee, 0x32,
    0xef, 0x3a, 0x0e, 0x33, 0x0f, 0x3b, 0xee, 0x32, 0x0f, 0x3b, 0xef, 0x3a,
    0xee, 0x32, 0x0f, 0x3b, 0xee, 0x32, 0x0e, 0x33, 0x0f, 0x3b, 0xee, 0x32,
    0x0f, 0x3b, 0x0e, 0x33, 0xef, 0x3a, 0x0e, 0x33, 0x0f, 0x3b, 0xef, 0x3a,
    0x0e, 0x33, 0x0f, 0x3b, 0xee, 0x32, 0x0f, 0x3b, 0x0e, 0x33, 0xee, 0x32,
    0x0f, 0x3b, 0x0e, 0x33, 0xef, 0x3a, 0x0e, 0x33, 0xef, 0x3a, 0xee, 0x32,
    0x0f, 0x3b, 0xee, 0x32, 0xef, 0x3a, 0x0e, 0x33, 0xee, 0x32, 0xef, 0x3a,
    0x0f, 0x3b, 0xef, 0x3a, 0xee, 0x32, 0x0e, 0x33, 0xef, 0x3a, 0x0e, 0x33,
    0x0f, 0x3b, 0xee, 0x32, 0xef, 0x3a, 0x0f, 0x3b, 0xee, 0x32, 0x0f, 0x3b,
    0x0e, 0x33, 0xef, 0x3a, 0x0f, 0x3b, 0x0e, 0x33, 0xef, 0x3a, 0x0e, 0x33,
    0x0f, 0x3b, 0xee, 0x32, 0x0f, 0x3b, 0x0f, 0x3b, 0xee, 0x32, 0x0f, 0x3b,
    0x0e, 0x33, 0xee, 0x32, 0x0f, 0x3b, 0xee, 0x32, 0xef, 0x3a, 0x0e, 0x33,
    0xee, 0x32, 0x0f, 0x3b, 0xee, 0x32, 0xef, 0x3a, 0x0f, 0x3b, 0xee, 0x32,
    0xef, 0x3a, 0x0f, 0x3b, 0xee, 0x32, 0x0f, 0x3b, 0x0f, 0x3b, 0xee, 0x32,
    0xef, 0x3a, 0x0f, 0x3b, 0xee, 0x32, 0x0e, 0x33, 0x0f, 0x3b, 0xee, 0x32,
    0x0f, 0x3b, 0x0f, 0x3b, 0xee, 0x32, 0x0f, 0x3b, 0x0e, 0x33, 0xef, 0x3a,
    0x0f, 0x3b, 0x0e, 0x33, 0xef, 0x3a, 0x0f, 0x3b, 0xee, 0x32, 0xef, 0x3a,
    0x0f, 0x3b, 0xee, 0x32, 0x0f, 0x3b, 0xef, 0x3a, 0x0e, 0x33, 0xef, 0x3a,
    0xef, 0x3a, 0x0e, 0x33, 0xef, 0x3a, 0x0f, 0x3b, 0x0e, 0x33, 0xef, 0x3a,
    0x0f, 0x3b, 0xee, 0x32, 0xef, 0x3a, 0x0f, 0x3b, 0xee, 0x32, 0x0f, 0x3b,
    0xef, 0x3a, 0xee, 0x32, 0x0f, 0x3b, 0xef, 0x3a, 0xee, 0x32, 0x0f, 0x3b,
    0xef, 0x3a, 0x0e, 0x33, 0x0f, 0x3b, 0xef, 0x3a, 0x0e, 0x33, 0x0f, 0x3b,
    0xef, 0x3a, 0x0e, 0x33, 0xef, 0x3a, 0xef, 0x3a, 0x0e, 0x33, 0xef, 0x3a,
    0xef, 0x3a, 0x0e, 0x33, 0xef, 0x3a, 0xef, 0x3a, 0x0e, 0x33, 0xef, 0x3a,
    0x0f, 0x3b, 0x0e, 0x33, 0xef, 0x3a, 0xef, 0x3a, 0xee, 0x32, 0x0f, 0x3b,
    0xef, 0x3a, 0x0e, 0x33, 0x0f, 0x3b, 0xef, 0x3a, 0x0e, 0x33, 0xef, 0x3a,
    0xef, 0x3a, 0x0e, 0x33, 0xef, 0x3a, 0x0f, 0x3b, 0xee, 0x32, 0x0f, 0x3b,
    0x0f, 0x3b, 0xee, 0x32, 0x0f, 0x3b, 0x0f, 0x3b, 0xee, 0x32, 0x0f, 0x3b,
    0x0f, 0x3b, 0xee, 0x32, 0x0f, 0x3b, 0x0f, 0x3b, 0xee, 0x32, 0xef, 0x3a,
    0x0f, 0x3b, 0xee, 0x32, 0x0f, 0x3b, 0x0f, 0x3b, 0xee, 0x32, 0xef, 0x3a,
    0x0f, 0x3b, 0x0e, 0x33, 0xef, 0x3a, 0xef, 0x3a, 0x0e, 0x33, 0xef, 0x3a,
    0xef, 0x3a, 0x0e, 0x33, 0x0f, 0x3b, 0xef, 0x3a, 0x0e, 0x33, 0x0f, 0x3b,
    0xef, 0x3a, 0x0e, 0x33, 0x0f, 0x3b, 0xef, 0x3a, 0x0e, 0x33, 0xef, 0x3a,
    0xef, 0x3a, 0x0e, 0x33, 0xef, 0x3a, 0xef, 0x3a, 0x0e, 0x33, 0xef, 0x3a,
    0x0f, 0x3b, 0x0e, 0x33, 0x0f, 0x3b, 0xef, 0x3a, 0x0e, 0x33, 0xef, 0x3a,
    0xef, 0x3a, 0x0e, 0x33, 0xef, 0x3a, 0x0f, 0x3b, 0xee, 0x32, 0x0f, 0x3b,
    0x0f, 0x3b, 0xee, 0x32, 0x0f, 0x3b, 0x0f, 0x3b, 0xee, 0x32, 0x0f, 0x3b,
    0xef, 0x3a, 0xee, 0x32, 0x0f, 0x3b, 0xef, 0x3a, 0xee, 0x32, 0x0f, 0x3b,
    0xef, 0x3a, 0xee, 0x32, 0x0f, 0x3b, 0xef, 0x3a, 0xee, 0x32, 0x0f, 0x3b,
    0x0f, 0x3b, 0xee, 0x32, 0x0f, 0x3b, 0x0f, 0x3b, 0xee, 0x32, 0xef, 0x3a,
    0x0f, 0x3b, 0xee, 0x32, 0x0f, 0x3b, 0x0f, 0x3b, 0xee, 0x32, 0xef, 0x3a,
    0x0f, 0x3b, 0xee, 0x32, 0xef, 0x3a, 0x0f, 0x3b, 0x0e, 0x33, 0xef, 0x3a,
    0x0f, 0x3b, 0xee, 0x32, 0xef, 0x3a, 0x0f, 0x3b, 0x0e, 0x33, 0xef, 0x3a,
    0xef, 0x3a, 0x0e, 0x33, 0xef, 0x3a, 0xef, 0x3a, 0x0e, 0x33, 0x0f, 0x3b,
    0xef, 0x3a, 0x0e, 0x33, 0xef, 0x3a, 0x0f, 0x3b, 0xee, 0x32, 0xef, 0x3a,
    0x0f, 0x3b, 0xee, 0x32, 0x0f, 0x3b, 0x0f, 0x3b, 0xee, 0x32, 0x0f, 0x3b,
    0xef, 0x3a, 0x0e, 0x33, 0xef, 0x3a, 0xef, 0x3a, 0x0e, 0x33, 0xef, 0x3a,
    0x0f, 0x3b, 0xee, 0x32, 0xef, 0x3a, 0x0f, 0x3b, 0xee, 0x32, 0xef, 0x3a,
    0x0f, 0x3b, 0xee, 0x32, 0xef, 0x3a, 0x0f, 0x3b, 0xee, 0x32, 0x0f, 0x3b,
    0x0f, 0x3b, 0xee, 0x32, 0x0f, 0x3b, 0xef, 0x3a, 0xee, 0x32, 0x0f, 0x3b,
    0xef, 0x3a, 0xee, 0x32, 0x0f, 0x3b, 0x0f, 0x3b, 0xee, 0x32, 0x0f, 0x3b,
    0xef, 0x3a, 0xee, 0x32, 0x0f, 0x3b, 0xef, 0x3a, 0x0e, 0x33, 0x0f, 0x3b,
    0xef, 0x3a, 0x0e, 0x33, 0xef, 0x3a, 0x0f, 0x3b, 0x0e, 0x33, 0xef, 0x3a,
    0xef, 0x3a, 0x0e, 0x33, 0xef, 0x3a, 0xef, 0x3a, 0x0e, 0x33, 0x0f, 0x3b,
    0xef, 0x3a, 0x0e, 0x33, 0x0f, 0x3b, 0xef, 0x3a, 0xee, 0x32, 0x0f, 0x3b,
    0x0f, 0x3b, 0xee, 0x32, 0x0f, 0x3b, 0xef, 0x3a, 0x0e, 0x33, 0xef, 0x3a,
    0xef, 0x3a, 0x0e, 0x33, 0x0f, 0x3b, 0xef, 0x3a, 0xee, 0x32, 0x0f, 0x3b,
    0xef, 0x3a, 0xee, 0x32, 0x0f, 0x3b, 0xef, 0x3a, 0x0e, 0x33, 0x0f, 0x3b,
    0xef, 0x3a, 0x0e, 0x33, 0xef, 0x3a, 0xef, 0x3a, 0x0e, 0x33, 0xef, 0x3a,
    0xef, 0x3a, 0x0e, 0x33, 0xef, 0x3a, 0x0f, 0x3b, 0x0e, 0x33, 0xef, 0x3a,
    0xef, 0x3a, 0x0e, 0x33, 0xef, 0x3a, 0xef, 0x3a, 0x0e, 0x33, 0xef, 0x3a,
    0xef, 0x3a, 0x0e, 0x33, 0xef, 0x3a, 0x0f, 0x3b, 0x0e, 0x33, 0xef, 0x3a,
    0x0f, 0x3b, 0xee, 0x32, 0x0f, 0x3b, 0xef, 0x3a, 0xee, 0x32, 0x0f, 0x3b,
    0x0f, 0x3b, 0xee, 0x32, 0xef, 0x3a, 0x0f, 0x3b, 0xee, 0x32, 0x0f, 0x3b,
    0xef, 0x3a, 0x0e, 0x33, 0xef, 0x3a, 0x0f, 0x3b, 0xee, 0x32, 0x0f, 0x3b,
    0x0f, 0x3b, 0xee, 0x32, 0xef, 0x3a, 0x0f, 0x3b, 0xee, 0x32, 0xef, 0x3a,
    0x0f, 0x3b, 0x0e, 0x33, 0xef, 0x3a, 0x0f, 0x3b, 0xee, 0x32, 0xef, 0x3a,
    0x0f, 0x3b, 0xee, 0x32, 0x0f, 0x3b, 0x0f, 0x3b, 0xee, 0x32, 0x0f, 0x3b,
    0xef, 0x3a, 0xee, 0x32, 0x0f, 0x3b, 0xef, 0x3a, 0x0e, 0x33, 0xef, 0x3a,
    0x0f, 0x3b, 0xee, 0x32, 0x0f, 0x3b, 0x0f, 0x3b, 0xee, 0x32, 0x0f, 0x3b,
    0x0f, 0x3b, 0xee, 0x32, 0x0f, 0x3b, 0xef, 0x3a, 0x0e, 0x33, 0x0f, 0x3b,
    0xef, 0x3a, 0x0e, 0x33, 0xef, 0x3a, 0x0f, 0x3b, 0xee, 0x32, 0x0f, 0x3b,
    0xef, 0x3a, 0x0e, 0x33, 0xef, 0x3a, 0x0f, 0x3b, 0x0e, 0x33, 0xef, 0x3a,
    0xef, 0x3a, 0x0e, 0x33, 0xef, 0x3a, 0xef, 0x3a, 0x0e, 0x33, 0xef, 0x3a,
    0x0f, 0x3b, 0xee, 0x32, 0x0f, 0x3b, 0xef, 0x3a, 0xee, 0x32, 0x0f, 0x3b,
    0xef, 0x3a, 0xee, 0x32, 0x0f, 0x3b, 0xef, 0x3a, 0xee, 0x32, 0x0f, 0x3b,
    0x0f, 0x3b, 0xee, 0x32, 0xef, 0x3a, 0x0f, 0x3b, 0xee, 0x32, 0x0f, 0x3b,
    0x0f, 0x3b, 0xee, 0x32, 0x0f, 0x3b, 0xef, 0x3a, 0x0e, 0x33, 0xef, 0x3a,
    0xef, 0x3a, 0x0e, 0x33, 0x0f, 0x3b, 0xef, 0x3a, 0x0e, 0x33, 0xef, 0x3a,
    0xef, 0x3a, 0x0e, 0x33, 0xef, 0x3a, 0xef, 0x3a, 0x0e, 0x33, 0xef, 0x3a,
    0x0f, 0x3b, 0xee, 0x32, 0x0f, 0x3b, 0xef, 0x3a, 0xee, 0x32, 0x0f, 0x3b,
    0xef, 0x3a, 0xee, 0x32, 0x0f, 0x3b, 0xef, 0x3a, 0xee, 0x32, 0x0f, 0x3b,
    0x0f, 0x3b, 0xee, 0x32, 0xef, 0x3a, 0x0f, 0x3b, 0xee, 0x32, 0x0f, 0x3b,
    0x0f, 0x3b, 0xee, 0x32, 0x0f, 0x3b, 0xef, 0x3a, 0x0e, 0x33, 0xef, 0x3a,
    0xef, 0x3a, 0x0e, 0x33, 0x0f, 0x3b, 0xef, 0x3a, 0x0e, 0x33, 0xef, 0x3a,
    0xef, 0x3a, 0x0e, 0x33, 0xef, 0x3a, 0xef, 0x3a, 0x0e, 0x33, 0xef, 0x3a,
    0x0f, 0x3b, 0xee, 0x32, 0x0f, 0x3b, 0xef, 0x3a, 0xee, 0x32, 0x0f, 0x3b,
    0xef, 0x3a, 0xee, 0x32, 0x0f, 0x3b, 0xef, 0x3a, 0xee, 0x32, 0x0f, 0x3b,
    0x0f, 0x3b, 0xee, 0x32, 0xef, 0x3a, 0x0f, 0x3b, 0xee, 0x32, 0x0f, 0x3b,
    0x0f, 0x3b, 0xee, 0x32, 0x0f, 0x3b, 0xef, 0x3a, 0x0e, 0x33, 0xef, 0x3a,
    0xef, 0x3a, 0x0e, 0x33, 0x0f, 0x3b, 0xef, 0x3a, 0x0e, 0x33, 0xef, 0x3a,
    0xef, 0x3a, 0x0e, 0x33, 0xef, 0x3a, 0xef, 0x3a, 0x0e, 0x33, 0xef, 0x3a,
    0x0f, 0x3b, 0xee, 0x32, 0x0f, 0x3b, 0xef, 0x3a, 0xee, 0x32, 0x0f, 0x3b,
    0xef, 0x3a, 0xee, 0x32, 0x0f, 0x3b, 0xef, 0x3a, 0xee, 0x32, 0x0f, 0x3b,
    0x0f, 0x3b, 0xee, 0x32, 0xef, 0x3a, 0x0f, 0x3b, 0xee, 0x32, 0x0f, 0x3b,
    0x0f, 0x3b, 0xee, 0x32, 0x0f, 0x3b, 0xef, 0x3a, 0x0e, 0x33, 0xef, 0x3a,
    0xef, 0x3a, 0x0e, 0x33, 0x0f, 0x3b, 0xef, 0x3a, 0x0e, 0x33, 0xef, 0x3a,
    0xef, 0x3a, 0x0e, 0x33, 0xef, 0x3a, 0xef, 0x3a, 0x0e, 0x33, 0xef, 0x3a,
    0x0f, 0x3b, 0xee, 0x32, 0x0f, 0x3b, 0xef, 0x3a, 0xee, 0x32, 0x0f, 0x3b,
    0xef, 0x3a, 0xee, 0x32, 0x0f, 0x3b, 0xef, 0x3a, 0xee, 0x32, 0x0f, 0x3b,
    0x0f, 0x3b, 0xee, 0x32, 0xef, 0x3a, 0x0f, 0x3b, 0xee, 0x32, 0x0f, 0x3b,
    0x0f, 0x3b, 0xee, 0x32, 0x0f, 0x3b, 0xef, 0x3a, 0x0e, 0x33, 0xef, 0x3a,
    0xef, 0x3a, 0x0e, 0x33, 0x0f, 0x3b, 0xef, 0x3a, 0x0e, 0x33, 0xef, 0x3a,
    0xef, 0x3a, 0x0e, 0x33, 0xef, 0x3a, 0xef, 0x3a, 0x0e, 0x33, 0xef, 0x3a,
    0x0f, 0x3b, 0xee, 0x32, 0x0f, 0x3b, 0xef, 0x3a, 0xee, 0x32, 0x0f, 0x3b,
    0xef, 0x3a, 0xee, 0x32, 0x0f, 0x3b, 0xef, 0x3a, 0xee, 0x32, 0x0f, 0x3b,
    0x0f, 0x3b, 0xee, 0x32, 0xef, 0x3a, 0x0f, 0x3b, 0xee, 0x32, 0x0f, 0x3b,
    0x0f, 0x3b, 0xee, 0x32, 0x0f, 0x3b, 0xef, 0x3a, 0x0e, 0x33, 0xee, 0x32,
    0xef, 0x3a, 0x0e, 0x33, 0x0f, 0x3b, 0xef, 0x3a, 0x0e, 0x33, 0xef, 0x3a,
    0xee, 0x32, 0x0e, 0x33, 0xef, 0x3a, 0xee, 0x32, 0x0f, 0x3b, 0xee, 0x32,
    0x0f, 0x3b, 0xef, 0x3a, 0x0e, 0x33, 0xef, 0x3a, 0xee, 0x32, 0x0e, 0x33,
    0xef, 0x3a, 0xee, 0x32, 0x0f, 0x3b, 0xef, 0x3a, 0xef, 0x3a, 0x0e, 0x33,
    0x0f, 0x3b, 0xee, 0x32, 0xee, 0x32, 0x0f, 0x3b, 0xee, 0x32, 0x0f, 0x3b,
    0x0f, 0x3b, 0xee, 0x32, 0x0f, 0x3b, 0xee, 0x32, 0x0e, 0x33, 0xef, 0x3a,
    0xee, 0x32, 0x0e, 0x33, 0x0f, 0x3b, 0xee, 0x32, 0x0f, 0x3b, 0xef, 0x3a,
    0xee, 0x32, 0x0f, 0x3b, 0xee, 0x32, 0x0f, 0x3b, 0x0f, 0x3b, 0xee, 0x32,
    0x0f, 0x3b, 0xef, 0x3a, 0x0e, 0x33, 0xef, 0x3a, 0xee, 0x32, 0x0e, 0x33,
    0x0e, 0x33, 0xef, 0x3a, 0x0e, 0x33, 0x0e, 0x33, 0xef, 0x3a, 0xef, 0x3a,
    0x0e, 0x33, 0xef, 0x3a, 0xee, 0x32, 0x0e, 0x33, 0xef, 0x3a, 0x0e, 0x33,
    0x0e, 0x33, 0xef, 0x3a, 0xee, 0x32, 0x0f, 0x3b, 0xef, 0x3a, 0x0e, 0x33,
    0xee, 0x32, 0x0f, 0x3b, 0x0e, 0x33, 0xef, 0x3a, 0xef, 0x3a, 0x0e, 0x33,
    0xef, 0x3a, 0xef, 0x3a, 0x0e, 0x33, 0xef, 0x3a, 0xee, 0x32, 0x0f, 0x3b,
    0xef, 0x3a, 0xee, 0x32, 0x0f, 0x3b, 0x0e, 0x33, 0xee, 0x32, 0x0f, 0x3b,
    0x0e, 0x33, 0xef, 0x3a, 0xee, 0x32, 0x0e, 0x33, 0xef, 0x3a, 0x0e, 0x33,
    0xee, 0x32, 0xef, 0x3a, 0x0e, 0x33, 0xef, 0x3a, 0xef, 0x3a, 0x0e, 0x33,
    0x0e, 0x33, 0xef, 0x3a, 0x0f, 0x3b, 0x0e, 0x33, 0xef, 0x3a, 0x0f, 0x3b,
    0xee, 0x32, 0x0e, 0x33, 0xef, 0x3a, 0x0e, 0x33, 0x0f, 0x3b, 0x0e, 0x33,
    0xef, 0x3a, 0x0f, 0x3b, 0xee, 0x32, 0x0e, 0x33, 0xef, 0x3a, 0x0f, 0x3b,
    0xee, 0x32, 0x0e, 0x33, 0x0f, 0x3b, 0xef, 0x3a, 0x0e, 0x33, 0x0f, 0x3b,
    0xee, 0x32, 0x0e, 0x33, 0xef, 0x3a, 0xee, 0x32, 0x0f, 0x3b, 0xee, 0x32,
    0xee, 0x32, 0x0f, 0x3b, 0xee, 0x32, 0x0f, 0x3b, 0xef, 0x3a, 0xee, 0x32,
    0x0f, 0x3b, 0x0f, 0x3b, 0xee, 0x32, 0xef, 0x3a, 0x0f, 0x3b, 0xee, 0x32,
    0xef, 0x3a, 0x0e, 0x33, 0xef, 0x3a, 0x0f, 0x3b, 0x0e, 0x33, 0x0f, 0x3b,
    0xef, 0x3a, 0x0e, 0x33, 0xef, 0x3a, 0xee, 0x32, 0x0e, 0x33, 0xef, 0x3a,
    0x0f, 0x3b, 0x0e, 0x33, 0xee, 0x32, 0x0f, 0x3b, 0xee, 0x32, 0x0e, 0x33,
    0x0f, 0x3b, 0xee, 0x32, 0x0f, 0x3b, 0xef, 0x3a, 0xee, 0x32, 0x0f, 0x3b,
    0xee, 0x32, 0xef, 0x3a, 0x0e, 0x33, 0xef, 0x3a, 0xee, 0x32, 0x0e, 0x33,
    0xef, 0x3a, 0xee, 0x32, 0x0e, 0x33, 0xef, 0x3a, 0xee, 0x32, 0x0f, 0x3b,
    0xef, 0x3a, 0x0e, 0x33, 0xef, 0x3a, 0xee, 0x32, 0x0e, 0x33, 0x0f, 0x3b,
    0xee, 0x32, 0x0f, 0x3b, 0x0e, 0x33, 0xef, 0x3a, 0x0f, 0x3b, 0x0e, 0x33,
    0xee, 0x32, 0x0f, 0x3b, 0x0e, 0x33, 0xee, 0x32, 0x0f, 0x3b, 0xef, 0x3a,
    0xee, 0x32, 0x0f, 0x3b, 0xee, 0x32, 0xee, 0x32, 0x0f, 0x3b, 0xee, 0x32,
    0xef, 0x3a, 0x0f, 0x3b, 0xee, 0x32, 0xee, 0x32, 0x0f, 0x3b, 0xef, 0x3a,
    0xee, 0x32, 0x0f, 0x3b, 0xee, 0x32, 0xef, 0x3a, 0x0e, 0x33, 0xee, 0x32,
    0xef, 0x3a, 0x0f, 0x3b, 0xee, 0x32, 0x0f, 0x3b, 0x0e, 0x33, 0xef, 0x3a,
    0x0f, 0x3b, 0xee, 0x32, 0x0f, 0x3b, 0x0e, 0x33, 0xee, 0x32, 0x0f, 0x3b,
    0x0e, 0x33, 0xee, 0x32, 0x0f, 0x3b, 0xee, 0x32, 0xee, 0x32, 0x0f, 0x3b,
    0xee, 0x32, 0x0e, 0x33, 0x0f, 0x3b, 0xef, 0x3a, 0xee, 0x32, 0x0f, 0x3b,
    0xef, 0x3a, 0xee, 0x32, 0x0e, 0x33, 0xef, 0x3a, 0xee, 0x32, 0x0e, 0x33,
    0xef, 0x3a, 0xee, 0x32, 0x0f, 0x3b, 0xee, 0x32, 0x0e, 0x33, 0xef, 0x3a,
    0x0e, 0x33, 0x0f, 0x3b, 0xee, 0x32, 0xee, 0x32, 0x0f, 0x3b, 0x0e, 0x33,
    0xee, 0x32, 0x0f, 0x3b, 0x0e, 0x33, 0xee, 0x32, 0xef, 0x3a, 0x0e, 0x33,
    0xee, 0x32, 0x0f, 0x3b, 0x0e, 0x33, 0xee, 0x32, 0x0f, 0x3b, 0xee, 0x32,
    0xee, 0x32, 0x0f, 0x3b, 0x0e, 0x33, 0xee, 0x32, 0x0f, 0x3b, 0xee, 0x32,
    0x0e, 0x33, 0xef, 0x3a, 0xee, 0x32, 0x0e, 0x33, 0xef, 0x3a, 0x0e, 0x33,
    0xee, 0x32, 0xef, 0x3a, 0x0e, 0x33, 0x0e, 0x33, 0xef, 0x3a, 0x0e, 0x33,
    0x0e, 0x33, 0xef, 0x3a, 0x0e, 0x33, 0x0e, 0x33, 0xef, 0x3a, 0x0e, 0x33,
    0xee, 0x32, 0x0f, 0x3b, 0xee, 0x32, 0x0e, 0x33, 0x0f, 0x3b, 0xee, 0x32,
    0x0e, 0x33, 0xef, 0x3a, 0xee, 0x32, 0x0e, 0x33, 0xef, 0x3a, 0x0e, 0x33,
    0x0e, 0x33, 0xef, 0x3a, 0x0e, 0x33, 0xee, 0x32, 0xef, 0x3a, 0x0e, 0x33,
    0xee, 0x32, 0xef, 0x3a, 0x0e, 0x33, 0xee, 0x32, 0x0f, 0x3b, 0xee, 0x32,
    0xee, 0x32, 0x0f, 0x3b, 0xee, 0x32, 0xee, 0x32, 0x0f, 0x3b, 0xee, 0x32,
    0x0e, 0x33, 0xef, 0x3a, 0xee, 0x32, 0x0e, 0x33, 0xef, 0x3a, 0x0e, 0x33,
    0x0e, 0x33, 0xef, 0x3a, 0xee, 0x32, 0x0e, 0x33, 0xef, 0x3a, 0x0e, 0x33,
    0x0e, 0x33, 0xef, 0x3a, 0xee, 0x32, 0x0e, 0x33, 0xef, 0x3a, 0xee, 0x32,
    0x0e, 0x33, 0xef, 0x3a, 0x0e, 0x33, 0xee, 0x32, 0xef, 0x3a, 0x0e, 0x33,
    0xee, 0x32, 0x0f, 0x3b, 0x0e, 0x33, 0xee, 0x32, 0x0f, 0x3b, 0xee, 0x32,
    0xee, 0x32, 0x0f, 0x3b, 0xee, 0x32, 0xee, 0x32, 0x0f, 0x3b, 0x0e, 0x33,
    0xee, 0x32, 0x0f, 0x3b, 0x0e, 0x33, 0xee, 0x32, 0x0f, 0x3b, 0xee, 0x32,
    0x0e, 0x33, 0xef, 0x3a, 0x0e, 0x33, 0xee, 0x32, 0xef, 0x3a, 0x0e, 0x33,
    0x0e, 0x33, 0xef, 0x3a, 0x0e, 0x33, 0x0e, 0x33, 0xef, 0x3a, 0x0e, 0x33,
    0x0e, 0x33, 0xef, 0x3a, 0x0e, 0x33, 0x0e, 0x33, 0xef, 0x3a, 0x0e, 0x33,
    0xee, 0x32, 0x0f, 0x3b, 0xee, 0x32, 0xee, 0x32, 0x0f, 0x3b, 0xee, 0x32,
    0x0e, 0x33, 0x0f, 0x3b, 0xee, 0x32, 0xee, 0x32, 0x0f, 0x3b, 0xee, 0x32,
    0x0e, 0x33, 0x0f, 0x3b, 0xee, 0x32, 0x0e, 0x33, 0xef, 0x3a, 0x0e, 0x33,
    0xee, 0x32, 0x0f, 0x3b, 0x0e, 0x33, 0xee, 0x32, 0x0f, 0x3b, 0xee, 0x32,
    0x0e, 0x33, 0x0f, 0x3b, 0xee, 0x32, 0xee, 0x32, 0x0f, 0x3b, 0xee, 0x32,
    0x0e, 0x33, 0xef, 0x3a, 0xee, 0x32, 0x0e, 0x33, 0x0f, 0x3b, 0xee, 0x32,
    0x0e, 0x33, 0xef, 0x3a, 0xee, 0x32, 0x0e, 0x33, 0xef, 0x3a, 0xee, 0x32,
    0x0e, 0x33, 0xef, 0x3a, 0x0e, 0x33, 0x0e, 0x33, 0xef, 0x3a, 0x0e, 0x33,
    0xee, 0x32, 0xef, 0x3a, 0x0e, 0x33, 0x0e, 0x33, 0xef, 0x3a, 0x0e, 0x33,
    0x0e, 0x33, 0xef, 0x3a, 0x0e, 0x33, 0x0e, 0x33, 0xef, 0x3a, 0xee, 0x32,
    0x0e, 0x33, 0xef, 0x3a, 0xee, 0x32, 0x0e, 0x33, 0x0f, 0x3b, 0x0e, 0x33,
    0xee, 0x32, 0x0f, 0x3b, 0x0e, 0x33, 0xee, 0x32, 0xef, 0x3a, 0x0e, 0x33,
    0xee, 0x32, 0x0f, 0x3b, 0xee, 0x32, 0x0e, 0x33, 0xef, 0x3a, 0xee, 0x32,
    0x0e, 0x33, 0xef, 0x3a, 0x0e, 0x33, 0xee, 0x32, 0xef, 0x3a, 0xee, 0x32,
    0x0e, 0x33, 0xef, 0x3a, 0x0e, 0x33, 0x0e, 0x33, 0xef, 0x3a, 0xee, 0x32,
    0x0e, 0x33, 0xef, 0x3a, 0xee, 0x32, 0x0e, 0x33, 0xef, 0x3a, 0x0e, 0x33,
    0xee, 0x32, 0x0f, 0x3b, 0xee, 0x32, 0x0e, 0x33, 0xef, 0x3a, 0x0e, 0x33,
    0xee, 0x32, 0x0f, 0x3b, 0xee, 0x32, 0xee, 0x32, 0x0f, 0x3b, 0x0e, 0x33,
    0xee, 0x32, 0x0f, 0x3b, 0x0e, 0x33, 0xee, 0x32, 0xef, 0x3a, 0x0e, 0x33,
    0xee, 0x32, 0xef, 0x3a, 0x0e, 0x33, 0x0e, 0x33, 0xef, 0x3a, 0x0e, 0x33,
    0x0e, 0x33, 0xef, 0x3a, 0x0e, 0x33, 0xee, 0x32, 0xef, 0x3a, 0x0e, 0x33,
    0x0e, 0x33, 0xef, 0x3a, 0x0e, 0x33, 0x0e, 0x33, 0xef, 0x3a, 0x0e, 0x33,
    0x0e, 0x33, 0xef, 0x3a, 0x0e, 0x33, 0xee, 0x32, 0xef, 0x3a, 0x0e, 0x33,
    0xee, 0x32, 0x0f, 0x3b, 0xee, 0x32, 0x0e, 0x33, 0x0f, 0x3b, 0xee, 0x32,
    0x0e, 0x33, 0xef, 0x3a, 0x0e, 0x33, 0xee, 0x32, 0x0f, 0x3b, 0x0e, 0x33,
    0xee, 0x32, 0xef, 0x3a, 0x0e, 0x33, 0xee, 0x32, 0x0f, 0x3b, 0xee, 0x32,
    0xee, 0x32, 0x0f, 0x3b, 0xee, 0x32, 0x0e, 0x33, 0x0f, 0x3b, 0xee, 0x32,
    0x0e, 0x33, 0xef, 0x3a, 0x0e, 0x33, 0xee, 0x32, 0x0f, 0x3b, 0x0e, 0x33,
    0xee, 0x32, 0x0f, 0x3b, 0xee, 0x32, 0xee, 0x32, 0x0f, 0x3b, 0xee, 0x32,
    0x0e, 0x33, 0x0f, 0x3b, 0xee, 0x32, 0x0e, 0x33, 0x0f, 0x3b, 0xee, 0x32,
    0xee, 0x32, 0x0f, 0x3b, 0xee, 0x32, 0x0e, 0x33, 0xef, 0x3a, 0x0e, 0x33,
    0xee, 0x32, 0xef, 0x3a, 0x0e, 0x33, 0x0e, 0x33, 0xef, 0x3a, 0xee, 0x32,
    0x0e, 0x33, 0xef, 0x3a, 0x0e, 0x33, 0xee, 0x32, 0x0f, 0x3b, 0x0e, 0x33,
    0xee, 0x32, 0xef, 0x3a, 0x0e, 0x33, 0xee, 0x32, 0x0f, 0x3b, 0xee, 0x32,
    0x0e, 0x33, 0xef, 0x3a, 0x0e, 0x33, 0x0e, 0x33, 0xef, 0x3a, 0x0e, 0x33,
    0xee, 0x32, 0x0f, 0x3b, 0xee, 0x32, 0x0e, 0x33, 0xef, 0x3a, 0x0e, 0x33,
    0x0e, 0x33, 0xef, 0x3a, 0xee, 0x32, 0x0e, 0x33, 0xef, 0x3a, 0x0e, 0x33,
    0xee, 0x32, 0xef, 0x3a, 0x0e, 0x33, 0xee, 0x32, 0x0f, 0x3b, 0xee, 0x32,
    0xee, 0x32, 0x0f, 0x3b, 0xee, 0x32, 0x0e, 0x33, 0xef, 0x3a, 0x0e, 0x33,
    0x0e, 0x33, 0xef, 0x3a, 0x0e, 0x33, 0xee, 0x32, 0xef, 0x3a, 0x0e, 0x33,
    0x0e, 0x33, 0xef, 0x3a, 0x0e, 0x33, 0x0e, 0x33, 0xef, 0x3a, 0x0e, 0x33,
    0xee, 0x32, 0x0f, 0x3b, 0xee, 0x32, 0x0e, 0x33, 0xef, 0x3a, 0x0e, 0x33,
    0x0e, 0x33, 0xef, 0x3a, 0xee, 0x32, 0x0e, 0x33, 0xef, 0x3a, 0x0e, 0x33,
    0xee, 0x32, 0xef, 0x3a, 0x0e, 0x33, 0xee, 0x32, 0x0f, 0x3b, 0xee, 0x32,
    0xee, 0x32, 0x0f, 0x3b, 0xee, 0x32, 0x0e, 0x33, 0xef, 0x3a, 0x0e, 0x33,
    0x0e, 0x33, 0xef, 0x3a, 0x0e, 0x33, 0xee, 0x32, 0xef, 0x3a, 0x0e, 0x33,
    0x0e, 0x33, 0xef, 0x3a, 0x0e, 0x33, 0x0e, 0x33, 0xef, 0x3a, 0x0e, 0x33,
    0xee, 0x32, 0x0f, 0x3b, 0xee, 0x32, 0x0e, 0x33, 0xef, 0x3a, 0x0e, 0x33,
    0x0e, 0x33, 0xef, 0x3a, 0xee, 0x32, 0x0e, 0x33, 0xef, 0x3a, 0x0e, 0x33,
    0xee, 0x32, 0xef, 0x3a, 0x0e, 0x33, 0xee, 0x32, 0x0f, 0x3b, 0xee, 0x32,
    0xee, 0x32, 0x0f, 0x3b, 0xee, 0x32, 0x0e, 0x33, 0xef, 0x3a, 0x0e, 0x33,
    0x0e, 0x33, 0xef, 0x3a, 0x0e, 0x33, 0xee, 0x32, 0xef, 0x3a, 0x0e, 0x33,
    0x0e, 0x33, 0xef, 0x3a, 0x0e, 0x33, 0x0e, 0x33, 0xef, 0x3a, 0x0e, 0x33,
    0xee, 0x32, 0x0f, 0x3b, 0xee, 0x32, 0x0e, 0x33, 0xef, 0x3a, 0x0e, 0x33,
    0x0e, 0x33, 0xef, 0x3a, 0xee, 0x32, 0x0e, 0x33, 0xef, 0x3a, 0x0e, 0x33,
    0xee, 0x32, 0xef, 0x3a, 0x0e, 0x33, 0xee, 0x32, 0x0f, 0x3b, 0xee, 0x32,
    0xee, 0x32, 0x0f, 0x3b, 0xee, 0x32, 0x0e, 0x33, 0xef, 0x3a, 0x0e, 0x33,
    0x0e, 0x33, 0xef, 0x3a, 0x0e, 0x33, 0xee, 0x32, 0xef, 0x3a, 0x0e, 0x33,
    0x0e, 0x33, 0xef, 0x3a, 0x0e, 0x33, 0x0e, 0x33, 0xef, 0x3a, 0x0e, 0x33,
    0xee, 0x32, 0x0f, 0x3b, 0xee, 0x32, 0x0e, 0x33, 0xef, 0x3a, 0x0e, 0x33,
    0x0e, 0x33, 0xef, 0x3a, 0xee, 0x32, 0x0e, 0x33, 0xef, 0x3a, 0x0e, 0x33,
    0xee, 0x32, 0xef, 0x3a, 0x0e, 0x33, 0xee, 0x32, 0x0f, 0x3b, 0xee, 0x32,
    0xee, 0x32, 0x0f, 0x3b, 0xee, 0x32, 0x0e, 0x33, 0xef, 0x3a, 0x0e, 0x33,
    0x0e, 0x33, 0xef, 0x3a, 0x0e, 0x33, 0xee, 0x32, 0xef, 0x3a, 0x0e, 0x33,
    0x0e, 0x33, 0xef, 0x3a, 0x0e, 0x33, 0x0e, 0x33, 0xef, 0x3a, 0x0e, 0x33,
    0xee, 0x32, 0x0f, 0x3b, 0xee, 0x32, 0x0e, 0x33, 0xef, 0x3a, 0x0e, 0x33,
    0x0e, 0x33, 0xef, 0x3a, 0xee, 0x32, 0x0e, 0x33, 0xef, 0x3a, 0x0e, 0x33,
    0xee, 0x32, 0xef, 0x3a, 0x0e, 0x33, 0xee, 0x32, 0x0f, 0x3b, 0xee, 0x32,
    0xee, 0x32, 0x0f, 0x3b, 0xee, 0x32, 0x0e, 0x33, 0xef, 0x3a, 0x0f, 0x3b,
    0x0e, 0x33, 0xef, 0x3a, 0x0e, 0x33, 0xee, 0x32, 0xef, 0x3a, 0x0e, 0x33,
    0x0f, 0x3b, 0xef, 0x3a, 0x0e, 0x33, 0x0f, 0x3b, 0xee, 0x32, 0x0e, 0x33,
    0xef, 0x3a, 0x0e, 0x33, 0xee, 0x32, 0x0f, 0x3b, 0xee, 0x32, 0x0f, 0x3b,
    0x0f, 0x3b, 0xee, 0x32, 0xee, 0x32, 0x0f, 0x3b, 0xee, 0x32, 0x0e, 0x33,
    0xef, 0x3a, 0xef, 0x3a, 0x0e, 0x33, 0xef, 0x3a, 0x0f, 0x3b, 0xee, 0x32,
    0xee, 0x32, 0x0f, 0x3b, 0xee, 0x32, 0x0f, 0x3b, 0xef, 0x3a, 0x0e, 0x33,
    0x0f, 0x3b, 0xef, 0x3a, 0x0e, 0x33, 0xef, 0x3a, 0xee, 0x32, 0x0e, 0x33,
    0x0f, 0x3b, 0xee, 0x32, 0x0f, 0x3b, 0xee, 0x32, 0xef, 0x3a, 0x0e, 0x33,
    0xee, 0x32, 0x0f, 0x3b, 0x0e, 0x33, 0xee, 0x32, 0x0f, 0x3b, 0xef, 0x3a,
    0x0f, 0x3b, 0x0e, 0x33, 0xef, 0x3a, 0xee, 0x32, 0x0f, 0x3b, 0x0e, 0x33,
    0xee, 0x32, 0x0f, 0x3b, 0x0e, 0x33, 0xef, 0x3a, 0x0f, 0x3b, 0xee, 0x32,
    0xef, 0x3a, 0x0f, 0x3b, 0x0e, 0x33, 0xef, 0x3a, 0x0e, 0x33, 0x0e, 0x33,
    0xef, 0x3a, 0xef, 0x3a, 0x0e, 0x33, 0xef, 0x3a, 0x0e, 0x33, 0x0e, 0x33,
    0xef, 0x3a, 0x0e, 0x33, 0x0e, 0x33, 0xef, 0x3a, 0x0f, 0x3b, 0x0e, 0x33,
    0xef, 0x3a, 0x0e, 0x33, 0x0e, 0x33, 0xef, 0x3a, 0xef, 0x3a, 0x0e, 0x33,
    0xef, 0x3a, 0xee, 0x32, 0x0f, 0x3b, 0x0e, 0x33, 0xef, 0x3a, 0x0e, 0x33,
    0x0f, 0x3b, 0xef, 0x3a, 0x0e, 0x33, 0x0f, 0x3b, 0xee, 0x32, 0x0e, 0x33,
    0xef, 0x3a, 0xee, 0x32, 0x0e, 0x33, 0xef, 0x3a, 0x0e, 0x33, 0xee, 0x32,
    0xef, 0x3a, 0x0e, 0x33, 0xef, 0x3a, 0x0e, 0x33, 0xee, 0x32, 0xef, 0x3a,
    0x0e, 0x33, 0xef, 0x3a, 0x0e, 0x33, 0xee, 0x32, 0x0f, 0x3b, 0xef, 0x3a,
    0x0e, 0x33, 0xee, 0x32, 0x0f, 0x3b, 0xee, 0x32, 0xee, 0x32, 0x0f, 0x3b,
    0xee, 0x32, 0xef, 0x3a, 0x0f, 0x3b, 0x0e, 0x33, 0xef, 0x3a, 0x0e, 0x33,
    0x0e, 0x33, 0xef, 0x3a, 0x0f, 0x3b, 0xee, 0x32, 0x0f, 0x3b, 0x0e, 0x33,
    0xef, 0x3a, 0x0e, 0x33, 0xee, 0x32, 0x0f, 0x3b, 0x0e, 0x33, 0xef, 0x3a,
    0x0e, 0x33, 0xef, 0x3a, 0x0e, 0x33, 0xef, 0x3a, 0xee, 0x32, 0xee, 0x32,
    0x0f, 0x3b, 0xee, 0x32, 0x0e, 0x33, 0x0f, 0x3b, 0xef, 0x3a, 0x0e, 0x33,
    0xef, 0x3a, 0xee, 0x32, 0x0f, 0x3b, 0xef, 0x3a, 0x0e, 0x33, 0xef, 0x3a,
    0xef, 0x3a, 0x0e, 0x33, 0xef, 0x3a, 0x0e, 0x33, 0x0e, 0x33, 0xef, 0x3a,
    0x0e, 0x33, 0x0f, 0x3b, 0xef, 0x3a, 0x0e, 0x33, 0x0f, 0x3b, 0xef, 0x3a,
    0x0e, 0x33, 0x0f, 0x3b, 0xef, 0x3a, 0x0e, 0x33, 0x0f, 0x3b, 0xee, 0x32,
    0x0f, 0x3b, 0xee, 0x32, 0x0e, 0x33, 0xef, 0x3a, 0x0f, 0x3b, 0xee, 0x32,
    0x0f, 0x3b, 0xef, 0x3a, 0xee, 0x32, 0x0e, 0x33, 0xef, 0x3a, 0x0e, 0x33,
    0xef, 0x3a, 0xef, 0x3a, 0x0e, 0x33, 0xef, 0x3a, 0xee, 0x32, 0x0e, 0x33,
    0x0f, 0x3b, 0xee, 0x32, 0x0e, 0x33, 0x0f, 0x3b, 0xef, 0x3a, 0x0e, 0x33,
    0x0e, 0x33, 0xef, 0x3a, 0x0e, 0x33, 0x0e, 0x33, 0xef, 0x3a, 0x0e, 0x33,
    0x0e, 0x33, 0xef, 0x3a, 0x0e, 0x33, 0x0e, 0x33, 0xef, 0x3a, 0x0f, 0x3b,
    0x0e, 0x33, 0xee, 0x32, 0x0f, 0x3b, 0xee, 0x32, 0xef, 0x3a, 0x0f, 0x3b,
    0xee, 0x32, 0x0e, 0x33, 0xef, 0x3a, 0xef, 0x3a, 0x0e, 0x33, 0xef, 0x3a,
    0xef, 0x3a, 0x0e, 0x33, 0xef, 0x3a, 0x0f, 0x3b, 0x0e, 0x33, 0xef, 0x3a,
    0x0e, 0x33, 0xef, 0x3a, 0xee, 0x32, 0x0f, 0x3b, 0x0e, 0x33, 0xee, 0x32,
    0x0f, 0x3b, 0x0e, 0x33, 0xef, 0x3a, 0x0e, 0x33, 0x0f, 0x3b, 0xef, 0x3a,
    0x0e, 0x33, 0x0f, 0x3b, 0xef, 0x3a, 0x0e, 0x33, 0xee, 0x32, 0xef, 0x3a,
    0x0f, 0x3b, 0xee, 0x32, 0xef, 0x3a, 0x0e, 0x33, 0x0f, 0x3b, 0xef, 0x3a,
    0xee, 0x32, 0x0f, 0x3b, 0xef, 0x3a, 0xee, 0x32, 0x0f, 0x3b, 0x0f, 0x3b,
    0xee, 0x32, 0xef, 0x3a, 0x0f, 0x3b, 0xee, 0x32, 0xef, 0x3a, 0x0f, 0x3b,
    0x0e, 0x33, 0xef, 0x3a, 0x0f, 0x3b, 0xee, 0x32, 0x0f, 0x3b, 0x0f, 0x3b,
    0xee, 0x32, 0x0f, 0x3b, 0x0f, 0x3b, 0xee, 0x32, 0x0f, 0x3b, 0xef, 0x3a,
    0x0e, 0x33, 0xef, 0x3a, 0x0f, 0x3b, 0xee, 0x32, 0x0f, 0x3b, 0xef, 0x3a,
    0xee, 0x32, 0x0f, 0x3b, 0xef, 0x3a, 0xee, 0x32, 0x0f, 0x3b, 0xef, 0x3a,
    0x0e, 0x33, 0xef, 0x3a, 0x0f, 0x3b, 0xee, 0x32, 0xef, 0x3a, 0x0f, 0x3b,
    0xee, 0x32, 0x0f, 0x3b, 0x0f, 0x3b, 0xee, 0x32, 0x0f, 0x3b, 0xef, 0x3a,
    0xee, 0x32, 0x0f, 0x3b, 0xef, 0x3a, 0x0e, 0x33, 0x0f, 0x3b, 0xef, 0x3a,
    0x0e, 0x33, 0x0f, 0x3b, 0xef, 0x3a, 0x0e, 0x33, 0xef, 0x3a, 0x0f, 0x3b,
    0xee, 0x32, 0x0f, 0x3b, 0x0f, 0x3b, 0xee, 0x32, 0x0f, 0x3b, 0x0f, 0x3b,
    0xee, 0x32, 0xef, 0x3a, 0x0f, 0x3b, 0x0e, 0x33, 0xef, 0x3a, 0x0f, 0x3b,
    0xee, 0x32, 0xef, 0x3a, 0x0f, 0x3b, 0x0e, 0x33, 0xef, 0x3a, 0x0f, 0x3b,
    0xee, 0x32, 0xef, 0x3a, 0x0f, 0x3b, 0x0e, 0x33, 0xef, 0x3a, 0x0f, 0x3b,
    0xee, 0x32, 0x0f, 0x3b, 0xef, 0x3a, 0x0e, 0x33, 0xef, 0x3a, 0x0f, 0x3b,
    0xee, 0x32, 0x0f, 0x3b, 0xef, 0x3a, 0x0e, 0x33, 0xef, 0x3a, 0x0f, 0x3b,
    0x0e, 0x33, 0xef, 0x3a, 0x0f, 0x3b, 0x0e, 0x33, 0xef, 0x3a, 0xef, 0x3a,
    0x0e, 0x33, 0xef, 0x3a, 0xef, 0x3a, 0x0e, 0x33, 0xef, 0x3a, 0xef, 0x3a,
    0x0e, 0x33, 0x0f, 0x3b, 0xef, 0x3a, 0xee, 0x32, 0x0f, 0x3b, 0x0f, 0x3b,
    0xee, 0x32, 0xef, 0x3a, 0x0f, 0x3b, 0xee, 0x32, 0x0f, 0x3b, 0xef, 0x3a,
    0xee, 0x32, 0x0f, 0x3b, 0xef, 0x3a, 0xee, 0x32, 0x0f, 0x3b, 0xef, 0x3a,
    0x0e, 0x33, 0x0f, 0x3b, 0xef, 0x3a, 0x0e, 0x33, 0x0f, 0x3b, 0xef, 0x3a,
    0x0e, 0x33, 0xef, 0x3a, 0xef, 0x3a, 0x0e, 0x33, 0x0f, 0x3b, 0xef, 0x3a,
    0xee, 0x32, 0x0f, 0x3b, 0xef, 0x3a, 0x0e, 0x33, 0xef, 0x3a, 0x0f, 0x3b,
    0x0e, 0x33, 0xef, 0x3a, 0xef, 0x3a, 0xee, 0x32, 0x0f, 0x3b, 0xef, 0x3a,
    0x0e, 0x33, 0xef, 0x3a, 0xef, 0x3a, 0x0e, 0x33, 0x0f, 0x3b, 0xef, 0x3a,
    0x0e, 0x33, 0x0f, 0x3b, 0xef, 0x3a, 0x0e, 0x33, 0xef, 0x3a, 0x0f, 0x3b,
    0xee, 0x32, 0xef, 0x3a, 0x0f, 0x3b, 0x0e, 0x33, 0xef, 0x3a, 0x0f, 0x3b,
    0x0e, 0x33, 0xef, 0x3a, 0x0f, 0x3b, 0xee, 0x32, 0xef, 0x3a, 0x0f, 0x3b,
    0xee, 0x32, 0x0f, 0x3b, 0x0f, 0x3b, 0xee, 0x32, 0x0f, 0x3b, 0xef, 0x3a,
    0x0e, 0x33, 0xef, 0x3a, 0xef, 0x3a, 0x0e, 0x33, 0xef, 0x3a, 0x0f, 0x3b,
    0x0e, 0x33, 0xef, 0x3a, 0x0f, 0x3b, 0x0e, 0x33, 0xef, 0x3a, 0xef, 0x3a,
    0x0e, 0x33, 0xef, 0x3a, 0xef, 0x3a, 0x0e, 0x33, 0x0f, 0x3b, 0xef, 0x3a,
    0x0e, 0x33, 0xef, 0x3a, 0x0f, 0x3b, 0xee, 0x32, 0x0f, 0x3b, 0x0f, 0x3b,
    0xee, 0x32, 0x0f, 0x3b, 0xef, 0x3a, 0xee, 0x32, 0x0f, 0x3b, 0x0f, 0x3b,
    0x0e, 0x33, 0xef, 0x3a, 0x0f, 0x3b, 0xee, 0x32, 0xef, 0x3a, 0x0f, 0x3b,
    0x0e, 0x33, 0xef, 0x3a, 0x0f, 0x3b, 0xee, 0x32, 0x0f, 0x3b, 0xef, 0x3a,
    0x0e, 0x33, 0xef, 0x3a, 0x0f, 0x3b, 0xee, 0x32, 0xef, 0x3a, 0x0f, 0x3b,
    0x0e, 0x33, 0xef, 0x3a, 0x0f, 0x3b, 0x0e, 0x33, 0xef, 0x3a, 0x0f, 0x3b,
    0xee, 0x32, 0xef, 0x3a, 0x0f, 0x3b, 0xee, 0x32, 0x0f, 0x3b, 0x0f, 0x3b,
    0xee, 0x32, 0x0f, 0x3b, 0x0f, 0x3b, 0xee, 0x32, 0xef, 0x3a, 0x0f, 0x3b,
    0xee, 0x32, 0xef, 0x3a, 0x0f, 0x3b, 0xee, 0x32, 0x0f, 0x3b, 0x0f, 0x3b,
    0xee, 0x32, 0xef, 0x3a, 0x0f, 0x3b, 0xee, 0x32, 0xef, 0x3a, 0x0f, 0x3b,
    0xee, 0x32, 0xef, 0x3a, 0x0f, 0x3b, 0x0e, 0x33, 0xef, 0x3a, 0x0f, 0x3b,
    0x0e, 0x33, 0xef, 0x3a, 0xef, 0x3a, 0x0e, 0x33, 0xef, 0x3a, 0xef, 0x3a,
    0x0e, 0x33, 0x0f, 0x3b, 0xef, 0x3a, 0x0e, 0x33, 0xef, 0x3a, 0xef, 0x3a,
    0x0e, 0x33, 0xef, 0x3a, 0x0f, 0x3b, 0x0e, 0x33, 0xef, 0x3a, 0x0f, 0x3b,
    0x0e, 0x33, 0xef, 0x3a, 0x0f, 0x3b, 0xee, 0x32, 0xef, 0x3a, 0x0f, 0x3b,
    0xee, 0x32, 0x0f, 0x3b, 0xef, 0x3a, 0x0e, 0x33, 0xef, 0x3a, 0xef, 0x3a,
    0x0e, 0x33, 0xef, 0x3a, 0x0f, 0x3b, 0x0e, 0x33, 0xef, 0x3a, 0x0f, 0x3b,
    0xee, 0x32, 0xef, 0x3a, 0x0f, 0x3b, 0xee, 0x32, 0xef, 0x3a, 0x0f, 0x3b,
    0x0e, 0x33, 0xef, 0x3a, 0x0f, 0x3b, 0x0e, 0x33, 0xef, 0x3a, 0xef, 0x3a,
    0x0e, 0x33, 0xef, 0x3a, 0x0f, 0x3b, 0xee, 0x32, 0xef, 0x3a, 0x0f, 0x3b,
    0xee, 0x32, 0x0f, 0x3b, 0xef, 0x3a, 0xee, 0x32, 0x0f, 0x3b, 0xef, 0x3a,
    0xee, 0x32, 0x0f, 0x3b, 0x0f, 0x3b, 0xee, 0x32, 0x0f, 0x3b, 0x0f, 0x3b,
    0xee, 0x32, 0xef, 0x3a, 0x0f, 0x3b, 0xee, 0x32, 0xef, 0x3a, 0x0f, 0x3b,
    0xee, 0x32, 0x0f, 0x3b, 0x0f, 0x3b, 0xee, 0x32, 0x0f, 0x3b, 0xef, 0x3a,
    0xee, 0x32, 0x0f, 0x3b, 0x0f, 0x3b, 0xee, 0x32, 0x0f, 0x3b, 0x0f, 0x3b,
    0xee, 0x32, 0x0f, 0x3b, 0x0f, 0x3b, 0xee, 0x32, 0x0f, 0x3b, 0x0f, 0x3b,
    0xee, 0x32, 0x0f, 0x3b, 0x0f, 0x3b, 0xee, 0x32, 0xef, 0x3a, 0x0f, 0x3b,
    0xee, 0x32, 0xef, 0x3a, 0x0f, 0x3b, 0x0e, 0x33, 0xef, 0x3a, 0x0f, 0x3b,
    0xee, 0x32, 0x0f, 0x3b, 0xef, 0x3a, 0xee, 0x32, 0x0f, 0x3b, 0xef, 0x3a,
    0x0e, 0x33, 0xef, 0x3a, 0x0f, 0x3b, 0xee, 0x32, 0x0f, 0x3b, 0xef, 0x3a,
    0xee, 0x32, 0x0f, 0x3b, 0x0f, 0x3b, 0xee, 0x32, 0x0f, 0x3b, 0x0f, 0x3b,
    0xee, 0x32, 0x0f, 0x3b, 0x0f, 0x3b, 0xee, 0x32, 0x0f, 0x3b, 0x0f, 0x3b,
    0xee, 0x32, 0x0f, 0x3b, 0x0f, 0x3b, 0xee, 0x32, 0xef, 0x3a, 0x0f, 0x3b,
    0xee, 0x32, 0xef, 0x3a, 0x0f, 0x3b, 0x0e, 0x33, 0xef, 0x3a, 0x0f, 0x3b,
    0xee, 0x32, 0x0f, 0x3b, 0xef, 0x3a, 0xee, 0x32, 0x0f, 0x3b, 0xef, 0x3a,
    0x0e, 0x33, 0xef, 0x3a, 0x0f, 0x3b, 0xee, 0x32, 0x0f, 0x3b, 0xef, 0x3a,
    0xee, 0x32, 0x0f, 0x3b, 0x0f, 0x3b, 0xee, 0x32, 0x0f, 0x3b, 0x0f, 0x3b,
    0xee, 0x32, 0x0f, 0x3b, 0x0f, 0x3b, 0xee, 0x32, 0x0f, 0x3b, 0x0f, 0x3b,
    0xee, 0x32, 0x0f, 0x3b, 0x0f, 0x3b, 0xee, 0x32, 0xef, 0x3a, 0x0f, 0x3b,
    0xee, 0x32, 0xef, 0x3a, 0x0f, 0x3b, 0x0e, 0x33, 0xef, 0x3a, 0x0f, 0x3b,
    0xee, 0x32, 0x0f, 0x3b, 0xef, 0x3a, 0xee, 0x32, 0x0f, 0x3b, 0xef, 0x3a,
    0x0e, 0x33, 0xef, 0x3a, 0x0f, 0x3b, 0xee, 0x32, 0x0f, 0x3b, 0xef, 0x3a,
    0xee, 0x32, 0x0f, 0x3b, 0x0f, 0x3b, 0xee, 0x32, 0x0f, 0x3b, 0x0f, 0x3b,
    0xee, 0x32, 0x0f, 0x3b, 0x0f, 0x3b, 0xee, 0x32, 0x0f, 0x3b, 0x0f, 0x3b,
    0xee, 0x32, 0x0f, 0x3b, 0x0f, 0x3b, 0xee, 0x32, 0xef, 0x3a, 0x0f, 0x3b,
    0xee, 0x32, 0xef, 0x3a, 0x0f, 0x3b, 0x0e, 0x33, 0xef, 0x3a, 0x0f, 0x3b,
    0xee, 0x32, 0x0f, 0x3b, 0xef, 0x3a, 0xee, 0x32, 0x0f, 0x3b, 0xef, 0x3a,
    0x0e, 0x33, 0xef, 0x3a, 0x0f, 0x3b, 0xee, 0x32, 0x0f, 0x3b, 0xef, 0x3a,
    0xee, 0x32, 0x0f, 0x3b, 0x0f, 0x3b, 0xee, 0x32, 0x0f, 0x3b, 0x0f, 0x3b,
    0xee, 0x32, 0x0f, 0x3b, 0x0f, 0x3b, 0xee, 0x32, 0x0f, 0x3b, 0x0f, 0x3b,
    0xee, 0x32, 0x0f, 0x3b, 0x0f, 0x3b, 0xee, 0x32, 0xef, 0x3a, 0x0f, 0x3b,
    0xee, 0x32, 0xef, 0x3a, 0x0f, 0x3b, 0x0e, 0x33, 0xef, 0x3a, 0x0f, 0x3b,
    0xee, 0x32, 0x0f, 0x3b, 0xef, 0x3a, 0xee, 0x32, 0x0f, 0x3b, 0xef, 0x3a,
    0x0e, 0x33, 0xef, 0x3a, 0x0f, 0x3b, 0xee, 0x32, 0x0f, 0x3b, 0xef, 0x3a,
    0xee, 0x32, 0x0f, 0x3b, 0x0f, 0x3b, 0xee, 0x32, 0x0f, 0x3b, 0x0f, 0x3b,
    0xee, 0x32, 0x0f, 0x3b, 0x0f, 0x3b, 0xee, 0x32, 0x0f, 0x3b, 0x0f, 0x3b,
    0xee, 0x32, 0x0f, 0x3b, 0x0f, 0x3b, 0xee, 0x32, 0xef, 0x3a, 0x0e, 0x33,
    0xee, 0x32, 0xef, 0x3a, 0x0e, 0x33, 0x0f, 0x3b, 0xef, 0x3a, 0x0e, 0x33,
    0xef, 0x3a, 0x0e, 0x33, 0xee, 0x32, 0xef, 0x3a, 0x0f, 0x3b, 0xee, 0x32,
    0x0f, 0x3b, 0xef, 0x3a, 0x0e, 0x33, 0xef, 0x3a, 0x0f, 0x3b, 0xee, 0x32,
    0xee, 0x32, 0x0f, 0x3b, 0x0f, 0x3b, 0xee, 0x32, 0x0f, 0x3b, 0x0f, 0x3b,
    0xee, 0x32, 0x0e, 0x33, 0x0f, 0x3b, 0xee, 0x32, 0x0e, 0x33, 0x0f, 0x3b,
    0xef, 0x3a, 0x0e, 0x33, 0x0f, 0x3b, 0xee, 0x32, 0xee, 0x32, 0x0f, 0x3b,
    0xee, 0x32, 0xee, 0x32, 0x0f, 0x3b, 0x0e, 0x33, 0xef, 0x3a, 0x0f, 0x3b,
    0xee, 0x32, 0x0f, 0x3b, 0xee, 0x32, 0x0f, 0x3b, 0x0e, 0x33, 0xef, 0x3a,
    0x0f, 0x3b, 0xee, 0x32, 0xef, 0x3a, 0x0f, 0x3b, 0xee, 0x32, 0xee, 0x32,
    0x0f, 0x3b, 0x0e, 0x33, 0xee, 0x32, 0xef, 0x3a, 0x0f, 0x3b, 0xee, 0x32,
    0xef, 0x3a, 0x0f, 0x3b, 0xee, 0x32, 0xee, 0x32, 0x0f, 0x3b, 0x0e, 0x33,
    0xee, 0x32, 0x0f, 0x3b, 0x0e, 0x33, 0xee, 0x32, 0xef, 0x3a, 0x0f, 0x3b,
    0xee, 0x32, 0x0e, 0x33, 0xef, 0x3a, 0x0e, 0x33, 0xef, 0x3a, 0xef, 0x3a,
    0x0e, 0x33, 0xef, 0x3a, 0xef, 0x3a, 0x0e, 0x33, 0xee, 0x32, 0xef, 0x3a,
    0x0e, 0x33, 0xee, 0x32, 0xef, 0x3a, 0x0f, 0x3b, 0x0e, 0x33, 0xee, 0x32,
    0x0f, 0x3b, 0x0f, 0x3b, 0xee, 0x32, 0x0f, 0x3b, 0xee, 0x32, 0xef, 0x3a,
    0x0f, 0x3b, 0xee, 0x32, 0xee, 0x32, 0x0f, 0x3b, 0xef, 0x3a, 0xee, 0x32,
    0x0f, 0x3b, 0x0e, 0x33, 0xef, 0x3a, 0x0f, 0x3b, 0xee, 0x32, 0x0f, 0x3b,
    0xef, 0x3a, 0x0e, 0x33, 0xef, 0x3a, 0xee, 0x32, 0x0f, 0x3b, 0xef, 0x3a,
    0x0e, 0x33, 0xef, 0x3a, 0xef, 0x3a, 0x0e, 0x33, 0xef, 0x3a, 0x0e, 0x33,
    0xef, 0x3a, 0x0f, 0x3b, 0xee, 0x32, 0x0f, 0x3b, 0xef, 0x3a, 0x0f, 0x3b,
    0x0e, 0x33, 0xee, 0x32, 0x0f, 0x3b, 0xee, 0x32, 0x0f, 0x3b, 0xef, 0x3a,
    0xee, 0x32, 0x0f, 0x3b, 0xef, 0x3a, 0x0e, 0x33, 0xef, 0x3a, 0x0e, 0x33,
    0xee, 0x32, 0xef, 0x3a, 0x0e, 0x33, 0x0f, 0x3b, 0xef, 0x3a, 0xee, 0x32,
    0x0f, 0x3b, 0xee, 0x32, 0x0e, 0x33, 0x0f, 0x3b, 0xef, 0x3a, 0x0e, 0x33,
    0x0f, 0x3b, 0xee, 0x32, 0xef, 0x3a, 0x0e, 0x33, 0xee, 0x32, 0xef, 0x3a,
    0x0e, 0x33, 0x0f, 0x3b, 0xef, 0x3a, 0x0e, 0x33, 0xee, 0x32, 0x0f, 0x3b,
    0xee, 0x32, 0x0f, 0x3b, 0x0e, 0x33, 0xef, 0x3a, 0xef, 0x3a, 0x0e, 0x33,
    0xef, 0x3a, 0x0e, 0x33, 0xee, 0x32, 0xef, 0x3a, 0x0e, 0x33, 0xee, 0x32,
    0xef, 0x3a, 0x0e, 0x33, 0xee, 0x32, 0xef, 0x3a, 0x0e, 0x33, 0xef, 0x3a,
    0xee, 0x32, 0x0f, 0x3b, 0x0e, 0x33, 0xef, 0x3a, 0xee, 0x32, 0x0f, 0x3b,
    0x0e, 0x33, 0xee, 0x32, 0x0f, 0x3b, 0x0f, 0x3b, 0xee, 0x32, 0x0f, 0x3b,
    0xee, 0x32, 0x0e, 0x33, 0x0f, 0x3b, 0xee, 0x32, 0x0f, 0x3b, 0x0f, 0x3b,
    0xef, 0x3a, 0x0f, 0x3b, 0xee, 0x32, 0xef, 0x3a, 0x0e, 0x33, 0xef, 0x3a,
    0x0f, 0x3b, 0xee, 0x32, 0x0f, 0x3b, 0xef, 0x3a, 0x0e, 0x33, 0xef, 0x3a,
    0xef, 0x3a, 0x0e, 0x33, 0xef, 0x3a, 0xef, 0x3a, 0x0e, 0x33, 0xef, 0x3a,
    0xee, 0x32, 0x0f, 0x3b, 0xef, 0x3a, 0x0e, 0x33, 0x0f, 0x3b, 0xee, 0x32,
    0x0e, 0x33, 0xef, 0x3a, 0xee, 0x32, 0x0e, 0x33, 0x0f, 0x3b, 0xee, 0x32,
    0x0e, 0x33, 0x0f, 0x3b, 0xee, 0x32, 0x0e, 0x33, 0xef, 0x3a, 0xee, 0x32,
    0x0f, 0x3b, 0x0e, 0x33, 0xef, 0x3a, 0x0e, 0x33, 0x0f, 0x3b, 0xef, 0x3a,
    0xee, 0x32, 0x0f, 0x3b, 0xee, 0x32, 0xee, 0x32, 0x0f, 0x3b, 0xee, 0x32,
    0xee, 0x32, 0x0f, 0x3b, 0xee, 0x32, 0xee, 0x32, 0x0f, 0x3b, 0x0f, 0x3b,
    0xee, 0x32, 0x0f, 0x3b, 0x0e, 0x33, 0xee, 0x32, 0xef, 0x3a, 0x0e, 0x33,
    0x0e, 0x33, 0xef, 0x3a, 0x0e, 0x33, 0x0f, 0x3b, 0xee, 0x32, 0xee, 0x32,
    0x0f, 0x3b, 0x0e, 0x33, 0xee, 0x32, 0x0f, 0x3b, 0x0e, 0x33, 0xee, 0x32,
    0xef, 0x3a, 0x0e, 0x33, 0xee, 0x32, 0x0f, 0x3b, 0x0e, 0x33, 0xee, 0x32,
    0xef, 0x3a, 0x0e, 0x33, 0xee, 0x32, 0xef, 0x3a, 0x0e, 0x33, 0x0e, 0x33,
    0xef, 0x3a, 0x0e, 0x33, 0xee, 0x32, 0x0f, 0x3b, 0x0e, 0x33, 0xee, 0x32,
    0x0f, 0x3b, 0xee, 0x32, 0x0e, 0x33, 0x0f, 0x3b, 0xee, 0x32, 0x0e, 0x33,
    0xef, 0x3a, 0xee, 0x32, 0x0e, 0x33, 0x0f, 0x3b, 0xee, 0x32, 0x0e, 0x33,
    0x0f, 0x3b, 0xee, 0x32, 0xee, 0x32, 0x0f, 0x3b, 0xee, 0x32, 0x0e, 0x33,
    0x0f, 0x3b, 0xee, 0x32, 0x0e, 0x33, 0xef, 0x3a, 0xee, 0x32, 0x0e, 0x33,
    0xef, 0x3a, 0xee, 0x32, 0x0e, 0x33, 0xef, 0x3a, 0x0e, 0x33, 0x0e, 0x33,
    0xef, 0x3a, 0x0e, 0x33, 0xee, 0x32, 0x0f, 0x3b, 0xee, 0x32, 0xee, 0x32,
    0x0f, 0x3b, 0x0e, 0x33, 0xee, 0x32, 0x0f, 0x3b, 0xee, 0x32, 0x0e, 0x33,
    0x0f, 0x3b, 0xee, 0x32, 0x0e, 0x33, 0xef, 0x3a, 0xee, 0x32, 0x0e, 0x33,
    0xef, 0x3a, 0x0e, 0x33, 0x0e, 0x33, 0xef, 0x3a, 0xee, 0x32, 0x0e, 0x33,
    0x0f, 0x3b, 0xee, 0x32, 0x0e, 0x33, 0xef, 0x3a, 0x0e, 0x33, 0xee, 0x32,
    0x0f, 0x3b, 0xee, 0x32, 0x0e, 0x33, 0xef, 0x3a, 0x0e, 0x33, 0xee, 0x32,
    0xef, 0x3a, 0x0e, 0x33, 0xee, 0x32, 0xef, 0x3a, 0x0e, 0x33, 0xee, 0x32,
    0x0f, 0x3b, 0x0e, 0x33, 0xee, 0x32, 0x0f, 0x3b, 0x0e, 0x33, 0xee, 0x32,
    0x0f, 0x3b, 0xee, 0x32, 0xee, 0x32, 0x0f, 0x3b, 0xee, 0x32, 0x0e, 0x33,
    0xef, 0x3a, 0x0e, 0x33, 0x0e, 0x33, 0xef, 0x3a, 0xee, 0x32, 0x0e, 0x33,
    0xef, 0x3a, 0x0e, 0x33, 0x0e, 0x33, 0xef, 0x3a, 0x0e, 0x33, 0x0e, 0x33,
    0xef, 0x3a, 0xee, 0x32, 0x0e, 0x33, 0xef, 0x3a, 0xee, 0x32, 0x0e, 0x33,
    0xef, 0x3a, 0x0e, 0x33, 0x0e, 0x33, 0xef, 0x3a, 0xee, 0x32, 0x0e, 0x33,
    0x0f, 0x3b, 0xee, 0x32, 0x0e, 0x33, 0x0f, 0x3b, 0xee, 0x32, 0xee, 0x32,
    0x0f, 0x3b, 0xee, 0x32, 0xee, 0x32, 0x0f, 0x3b, 0x0e, 0x33, 0xee, 0x32,
    0x0f, 0x3b, 0xee, 0x32, 0x0e, 0x33, 0x0f, 0x3b, 0xee, 0x32, 0xee, 0x32,
    0x0f, 0x3b, 0xee, 0x32, 0xee, 0x32, 0x0f, 0x3b, 0xee, 0x32, 0x0e, 0x33,
    0x0f, 0x3b, 0xee, 0x32, 0x0e, 0x33, 0xef, 0x3a, 0x0e, 0x33, 0x0e, 0x33,
    0xef, 0x3a, 0xee, 0x32, 0x0e, 0x33, 0x0f, 0x3b, 0xee, 0x32, 0x0e, 0x33,
    0x0f, 0x3b, 0xee, 0x32, 0xee, 0x32, 0x0f, 0x3b, 0xee, 0x32, 0x0e, 0x33,
    0xef, 0x3a, 0x0e, 0x33, 0xee, 0x32, 0x0f, 0x3b, 0x0e, 0x33, 0xee, 0x32,
    0xef, 0x3a, 0xee, 0x32, 0x0e, 0x33, 0xef, 0x3a, 0xee, 0x32, 0x0e, 0x33,
    0x0f, 0x3b, 0xee, 0x32, 0xee, 0x32, 0x0f, 0x3b, 0xee, 0x32, 0xee, 0x32,
    0xef, 0x3a, 0x0e, 0x33, 0xee, 0x32, 0x0f, 0x3b, 0xee, 0x32, 0xee, 0x32,
    0x0f, 0x3b, 0xee, 0x32, 0x0e, 0x33, 0x0f, 0x3b, 0xee, 0x32, 0x0e, 0x33,
    0xef, 0x3a, 0x0e, 0x33, 0xee, 0x32, 0x0f, 0x3b, 0x0e, 0x33, 0xee, 0x32,
    0xef, 0x3a, 0x0e, 0x33, 0xee, 0x32, 0x0f, 0x3b, 0x0e, 0x33, 0xee, 0x32,
    0x0f, 0x3b, 0x0e, 0x33, 0xee, 0x32, 0x0f, 0x3b, 0x0e, 0x33, 0xee, 0x32,
    0x0f, 0x3b, 0xee, 0x32, 0xee, 0x32, 0xef, 0x3a, 0x0e, 0x33, 0xee, 0x32,
    0x0f, 0x3b, 0x0e, 0x33, 0xee, 0x32, 0x0f, 0x3b, 0xee, 0x32, 0xee, 0x32,
    0x0f, 0x3b, 0xee, 0x32, 0xee, 0x32, 0x0f, 0x3b, 0x0e, 0x33, 0xee, 0x32,
    0x0f, 0x3b, 0x0e, 0x33, 0xee, 0x32, 0x0f, 0x3b, 0xee, 0x32, 0xee, 0x32,
    0x0f, 0x3b, 0x0e, 0x33, 0xee, 0x32, 0x0f, 0x3b, 0x0e, 0x33, 0xee, 0x32,
    0x0f, 0x3b, 0x0e, 0x33, 0xee, 0x32, 0xef, 0x3a, 0x0e, 0x33, 0xee, 0x32,
    0xef, 0x3a, 0x0e, 0x33, 0x0e, 0x33, 0xef, 0x3a, 0x0e, 0x33, 0x0e, 0x33,
    0xef, 0x3a, 0xee, 0x32, 0x0e, 0x33, 0xef, 0x3a, 0xee, 0x32, 0x0e, 0x33,
    0x0f, 0x3b, 0xee, 0x32, 0x0e, 0x33, 0xef, 0x3a, 0xee, 0x32, 0x0e, 0x33,
    0xef, 0x3a, 0xee, 0x32, 0x0e, 0x33, 0x0f, 0x3b, 0xee, 0x32, 0x0e, 0x33,
    0x0f, 0x3b, 0xee, 0x32, 0x0e, 0x33, 0xef, 0x3a, 0x0e, 0x33, 0x0e, 0x33,
    0xef, 0x3a, 0x0e, 0x33, 0xee, 0x32, 0xef, 0x3a, 0x0e, 0x33, 0xee, 0x32,
    0x0f, 0x3b, 0x0e, 0x33, 0xee, 0x32, 0x0f, 0x3b, 0x0e, 0x33, 0xee, 0x32,
    0xef, 0x3a, 0x0e, 0x33, 0xee, 0x32, 0xef, 0x3a, 0x0e, 0x33, 0xee, 0x32,
    0x0f, 0x3b, 0x0e, 0x33, 0xee, 0x32, 0x0f, 0x3b, 0x0e, 0x33, 0xee, 0x32,
    0x0f, 0x3b, 0xee, 0x32, 0x0e, 0x33, 0x0f, 0x3b, 0xee, 0x32, 0x0e, 0x33,
    0x0f, 0x3b, 0xee, 0x32, 0x0e, 0x33, 0xef, 0x3a, 0xee, 0x32, 0x0e, 0x33,
    0xef, 0x3a, 0x0e, 0x33, 0xee, 0x32, 0x0f, 0x3b, 0x0e, 0x33, 0xee, 0x32,
    0x0f, 0x3b, 0xee, 0x32, 0xee, 0x32, 0x0f, 0x3b, 0xee, 0x32, 0xee, 0x32,
    0x0f, 0x3b, 0x0e, 0x33, 0xee, 0x32, 0xef, 0x3a, 0x0e, 0x33, 0xee, 0x32,
    0xef, 0x3a, 0x0e, 0x33, 0xee, 0x32, 0xef, 0x3a, 0x0e, 0x33, 0xee, 0x32,
    0xef, 0x3a, 0x0e, 0x33, 0xee, 0x32, 0xef, 0x3a, 0x0e, 0x33, 0x0e, 0x33,
    0xef, 0x3a, 0x0e, 0x33, 0x0e, 0x33, 0xef, 0x3a, 0xee, 0x32, 0x0e, 0x33,
    0xef, 0x3a, 0x0e, 0x33, 0x0e, 0x33, 0xef, 0x3a, 0x0e, 0x33, 0x0e, 0x33,
    0xef, 0x3a, 0xee, 0x32, 0x0e, 0x33, 0x0f, 0x3b, 0xee, 0x32, 0x0e, 0x33,
    0x0f, 0x3b, 0xee, 0x32, 0x0e, 0x33, 0xef, 0x3a, 0xee, 0x32, 0x0e, 0x33,
    0xef, 0x3a, 0xee, 0x32, 0x0e, 0x33, 0xef, 0x3a, 0xee, 0x32, 0x0e, 0x33,
    0xef, 0x3a, 0xee, 0x32, 0x0e, 0x33, 0xef, 0x3a, 0x0e, 0x33, 0x0e, 0x33,
    0xef, 0x3a, 0x0e, 0x33, 0x0e, 0x33, 0xef, 0x3a, 0xee, 0x32, 0x0e, 0x33,
    0xef, 0x3a, 0x0e, 0x33, 0x0e, 0x33, 0xef, 0x3a, 0x0e, 0x33, 0x0e, 0x33,
    0xef, 0x3a, 0xee, 0x32, 0x0e, 0x33, 0x0f, 0x3b, 0xee, 0x32, 0x0e, 0x33,
    0x0f, 0x3b, 0xee, 0x32, 0x0e, 0x33, 0xef, 0x3a, 0xee, 0x32, 0x0e, 0x33,
    0xef, 0x3a, 0xee, 0x32, 0x0e, 0x33, 0xef, 0x3a, 0xee, 0x32, 0x0e, 0x33,
    0xef, 0x3a, 0xee, 0x32, 0x0e, 0x33, 0xef, 0x3a, 0x0e, 0x33, 0x0e, 0x33,
    0xef, 0x3a, 0x0e, 0x33, 0x0e, 0x33, 0xef, 0x3a, 0xee, 0x32, 0x0e, 0x33,
    0xef, 0x3a, 0x0e, 0x33, 0x0e, 0x33, 0xef, 0x3a, 0x0e, 0x33, 0x0e, 0x33,
    0xef, 0x3a, 0xee, 0x32, 0x0e, 0x33, 0x0f, 0x3b, 0xee, 0x32, 0x0e, 0x33,
    0x0f, 0x3b, 0xee, 0x32, 0x0e, 0x33, 0xef, 0x3a, 0xee, 0x32, 0x0e, 0x33,
    0xef, 0x3a, 0xee, 0x32, 0x0e, 0x33, 0xef, 0x3a, 0xee, 0x32, 0x0e, 0x33,
    0xef, 0x3a, 0xee, 0x32, 0x0e, 0x33, 0xef, 0x3a, 0x0e, 0x33, 0x0e, 0x33,
    0xef, 0x3a, 0x0e, 0x33, 0x0e, 0x33, 0xef, 0x3a, 0xee, 0x32, 0x0e, 0x33,
    0xef, 0x3a, 0x0e, 0x33, 0x0e, 0x33, 0xef, 0x3a, 0x0e, 0x33, 0x0e, 0x33,
    0xef, 0x3a, 0xee, 0x32, 0x0e, 0x33, 0x0f, 0x3b, 0xee, 0x32, 0x0e, 0x33,
    0x0f, 0x3b, 0xee, 0x32, 0x0e, 0x33, 0xef, 0x3a, 0xee, 0x32, 0x0e, 0x33,
    0xef, 0x3a, 0xee, 0x32, 0x0e, 0x33, 0xef, 0x3a, 0xee, 0x32, 0x0e, 0x33,
    0xef, 0x3a, 0xee, 0x32, 0x0e, 0x33, 0xef, 0x3a, 0x0e, 0x33, 0x0e, 0x33,
    0xef, 0x3a, 0x0e, 0x33, 0x0e, 0x33, 0xef, 0x3a, 0xee, 0x32, 0x0e, 0x33,
    0xef, 0x3a, 0x0e, 0x33, 0x0e, 0x33, 0xef, 0x3a, 0x0e, 0x33, 0x0e, 0x33,
    0xef, 0x3a, 0xee, 0x32, 0x0e, 0x33, 0x0f, 0x3b, 0xee, 0x32, 0x0e, 0x33,
    0x0f, 0x3b, 0xee, 0x32, 0x0e, 0x33, 0xef, 0x3a, 0xee, 0x32, 0x0e, 0x33,
    0xef, 0x3a, 0xee, 0x32, 0x0e, 0x33, 0xef, 0x3a, 0xee, 0x32, 0x0e, 0x33,
    0xef, 0x3a, 0xee, 0x32, 0x0e, 0x33, 0xef, 0x3a, 0x0e, 0x33, 0x0f, 0x3b,
    0xef, 0x3a, 0x0e, 0x33, 0x0f, 0x3b, 0xee, 0x32, 0xee, 0x32, 0x0f, 0x3b,
    0xee, 0x32, 0x0f, 0x3b, 0x0f, 0x3b, 0xee, 0x32, 0x0e, 0x33, 0x0f, 0x3b,
    0xee, 0x32, 0xee, 0x32, 0x0f, 0x3b, 0x0e, 0x33, 0xee, 0x32, 0x0f, 0x3b,
    0x0f, 0x3b, 0xee, 0x32, 0x0f, 0x3b, 0xee, 0x32, 0xee, 0x32, 0x0f, 0x3b,
    0xee, 0x32, 0xef, 0x3a, 0x0f, 0x3b, 0xee, 0x32, 0xef, 0x3a, 0x0e, 0x33,
    0xee, 0x32, 0xef, 0x3a, 0x0e, 0x33, 0xee, 0x32, 0x0f, 0x3b, 0x0f, 0x3b,
    0xee, 0x32, 0x0f, 0x3b, 0x0f, 0x3b, 0xee, 0x32, 0xef, 0x3a, 0x0e, 0x33,
    0xee, 0x32, 0x0f, 0x3b, 0x0f, 0x3b, 0xee, 0x32, 0xef, 0x3a, 0x0e, 0x33,
    0xee, 0x32, 0x0f, 0x3b, 0x0e, 0x33, 0xee, 0x32, 0x0f, 0x3b, 0x0f, 0x3b,
    0xee, 0x32, 0xef, 0x3a, 0x0f, 0x3b, 0xee, 0x32, 0xee, 0x32, 0x0f, 0x3b,
    0x0e, 0x33, 0x0e, 0x33, 0xef, 0x3a, 0x0f, 0x3b, 0xee, 0x32, 0xef, 0x3a,
    0x0f, 0x3b, 0xee, 0x32, 0xef, 0x3a, 0x0f, 0x3b, 0xee, 0x32, 0xee, 0x32,
    0x0f, 0x3b, 0xee, 0x32, 0xef, 0x3a, 0x0f, 0x3b, 0x0e, 0x33, 0xee, 0x32,
    0x0f, 0x3b, 0x0e, 0x33, 0xee, 0x32, 0x0f, 0x3b, 0x0e, 0x33, 0xef, 0x3a,
    0x0f, 0x3b, 0x0e, 0x33, 0xef, 0x3a, 0x0e, 0x33, 0xef, 0x3a, 0xef, 0x3a,
    0x0e, 0x33, 0xee, 0x32, 0xef, 0x3a, 0x0e, 0x33, 0x0e, 0x33, 0xef, 0x3a,
    0x0e, 0x33, 0x0e, 0x33, 0xef, 0x3a, 0x0e, 0x33, 0x0e, 0x33, 0xef, 0x3a,
    0x0e, 0x33, 0xee, 0x32, 0x0f, 0x3b, 0xef, 0x3a, 0x0e, 0x33, 0x0f, 0x3b,
    0xee, 0x32, 0xee, 0x32, 0x0f, 0x3b, 0x0f, 0x3b, 0x0e, 0x33, 0xef, 0x3a,
    0xee, 0x32, 0x0e, 0x33, 0x0f, 0x3b, 0x0e, 0x33, 0xee, 0x32, 0x0f, 0x3b,
    0x0e, 0x33, 0xef, 0x3a, 0x0e, 0x33, 0xee, 0x32, 0x0f, 0x3b, 0xee, 0x32,
    0xee, 0x32, 0x0f, 0x3b, 0xef, 0x3a, 0x0e, 0x33, 0xef, 0x3a, 0x0e, 0x33,
    0xee, 0x32, 0x0f, 0x3b, 0x0e, 0x33, 0xef, 0x3a, 0xee, 0x32, 0x0e, 0x33,
    0x0f, 0x3b, 0xef, 0x3a, 0x0e, 0x33, 0xef, 0x3a, 0xee, 0x32, 0x0e, 0x33,
    0xef, 0x3a, 0x0e, 0x33, 0xef, 0x3a, 0xef, 0x3a, 0x0e, 0x33, 0xee, 0x32,
    0xef, 0x3a, 0x0e, 0x33, 0x0f, 0x3b, 0xef, 0x3a, 0x0e, 0x33, 0x0f, 0x3b,
    0xef, 0x3a, 0xee, 0x32, 0x0e, 0x33, 0xef, 0x3a, 0x0e, 0x33, 0x0f, 0x3b,
    0xee, 0x32, 0x0f, 0x3b, 0xee, 0x32, 0xee, 0x32, 0x0f, 0x3b, 0x0e, 0x33,
    0xee, 0x32, 0xef, 0x3a, 0x0f, 0x3b, 0x0e, 0x33, 0xef, 0x3a, 0x0f, 0x3b,
    0x0e, 0x33, 0xef, 0x3a, 0x0e, 0x33, 0x0f, 0x3b, 0xef, 0x3a, 0x0e, 0x33,
    0x0e, 0x33, 0xef, 0x3a, 0xef, 0x3a, 0x0e, 0x33, 0xef, 0x3a, 0x0e, 0x33,
    0xef, 0x3a, 0x0e, 0x33, 0xef, 0x3a, 0xee, 0x32, 0x0e, 0x33, 0xef, 0x3a,
    0x0e, 0x33, 0xef, 0x3a, 0xef, 0x3a, 0x0e, 0x33, 0xee, 0x32, 0xef, 0x3a,
    0x0e, 0x33, 0xee, 0x32, 0x0e, 0x33, 0xef, 0x3a, 0x0e, 0x33, 0x0f, 0x3b,
    0xef, 0x3a, 0xee, 0x32, 0x0e, 0x33, 0xef, 0x3a, 0xee, 0x32, 0x0e, 0x33,
    0xef, 0x3a, 0x0e, 0x33, 0x0e, 0x33, 0xef, 0x3a, 0x0e, 0x33, 0x0e, 0x33,
    0xef, 0x3a, 0x0e, 0x33, 0x0e, 0x33, 0xef, 0x3a, 0xee, 0x32, 0x0f, 0x3b,
    0xef, 0x3a, 0x0e, 0x33, 0x0f, 0x3b, 0xef, 0x3a, 0x0e, 0x33, 0x0f, 0x3b,
    0xef, 0x3a, 0xee, 0x32, 0x0f, 0x3b, 0xef, 0x3a, 0x0e, 0x33, 0x0f, 0x3b,
    0xee, 0x32, 0xee, 0x32, 0x0f, 0x3b, 0xef, 0x3a, 0xee, 0x32, 0x0e, 0x33,
    0xef, 0x3a, 0xee, 0x32, 0x0f, 0x3b, 0x0f, 0x3b, 0xee, 0x32, 0x0f, 0x3b,
    0x0f, 0x3b, 0xee, 0x32, 0x0f, 0x3b, 0x0f, 0x3b, 0xee, 0x32, 0xee, 0x32,
    0x0f, 0x3b, 0xee, 0x32, 0xef, 0x3a, 0x0e, 0x33, 0x0f, 0x3b, 0xef, 0x3a,
    0x0e, 0x33, 0xef, 0x3a, 0xef, 0x3a, 0x0e, 0x33, 0xef, 0x3a, 0x0e, 0x33,
    0x0f, 0x3b, 0xef, 0x3a, 0xee, 0x32, 0x0f, 0x3b, 0xef, 0x3a, 0xee, 0x32,
    0x0f, 0x3b, 0x0f, 0x3b, 0x0e, 0x33, 0xef, 0x3a, 0xef, 0x3a, 0x0e, 0x33,
    0xef, 0x3a, 0xef, 0x3a, 0x0e, 0x33, 0xef, 0x3a, 0x0f, 0x3b, 0xee, 0x32,
    0xef, 0x3a, 0x0f, 0x3b, 0xee, 0x32, 0x0f, 0x3b, 0xef, 0x3a, 0xee, 0x32,
    0x0f, 0x3b, 0xef, 0x3a, 0xee, 0x32, 0x0f, 0x3b, 0xef, 0x3a, 0xee, 0x32,
    0x0f, 0x3b, 0x0f, 0x3b, 0xee, 0x32, 0x0f, 0x3b, 0xef, 0x3a, 0xee, 0x32,
    0x0f, 0x3b, 0xef, 0x3a, 0x0e, 0x33, 0xef, 0x3a, 0x0f, 0x3b, 0xee, 0x32,
    0xef, 0x3a, 0x0f, 0x3b, 0xee, 0x32, 0x0f, 0x3b, 0x0f, 0x3b, 0xee, 0x32,
    0x0f, 0x3b, 0x0f, 0x3b, 0xee, 0x32, 0x0f, 0x3b, 0xef, 0x3a, 0xee, 0x32,
    0x0f, 0x3b, 0xef, 0x3a, 0xee, 0x32, 0x0f, 0x3b, 0x0f, 0x3b, 0xee, 0x32,
    0x0f, 0x3b, 0xef, 0x3a, 0xee, 0x32, 0x0f, 0x3b, 0xef, 0x3a, 0x0e, 0x33,
    0xef, 0x3a, 0xef, 0x3a, 0x0e, 0x33, 0xef, 0x3a, 0x0f, 0x3b, 0x0e, 0x33,
    0xef, 0x3a, 0x0f, 0x3b, 0xee, 0x32, 0xef, 0x3a, 0x0f, 0x3b, 0x0e, 0x33,
    0xef, 0x3a, 0xef, 0x3a, 0x0e, 0x33, 0xef, 0x3a, 0x0f, 0x3b, 0x0e, 0x33,
    0xef, 0x3a, 0x0f, 0x3b, 0xee, 0x32, 0x0f, 0x3b, 0xef, 0x3a, 0x0e, 0x33,
    0x0f, 0x3b, 0xef, 0x3a, 0x0e, 0x33, 0xef, 0x3a, 0x0f, 0x3b, 0x0e, 0x33,
    0xef, 0x3a, 0xef, 0x3a, 0x0e, 0x33, 0xef, 0x3a, 0xef, 0x3a, 0x0e, 0x33,
    0xef, 0x3a, 0x0f, 0x3b, 0x0e, 0x33, 0xef, 0x3a, 0x0f, 0x3b, 0xee, 0x32,
    0x0f, 0x3b, 0xef, 0x3a, 0xee, 0x32, 0x0f, 0x3b, 0xef, 0x3a, 0x0e, 0x33,
    0x0f, 0x3b, 0xef, 0x3a, 0x0e, 0x33, 0xef, 0x3a, 0x0f, 0x3b, 0xee, 0x32,
    0xef, 0x3a, 0x0f, 0x3b, 0x0e, 0x33, 0xef, 0x3a, 0x0f, 0x3b, 0xee, 0x32,
    0x0f, 0x3b, 0xef, 0x3a, 0xee, 0x32, 0x0f, 0x3b, 0xef, 0x3a, 0x0e, 0x33,
    0x0f, 0x3b, 0xef, 0x3a, 0xee, 0x32, 0x0f, 0x3b, 0xef, 0x3a, 0x0e, 0x33,
    0xef, 0x3a, 0x0f, 0x3b, 0x0e, 0x33, 0xef, 0x3a, 0xef, 0x3a, 0x0e, 0x33,
    0x0f, 0x3b, 0xef, 0x3a, 0xee, 0x32, 0x0f, 0x3b, 0xef, 0x3a, 0x0e, 0x33,
    0xef, 0x3a, 0x0f, 0x3b, 0x0e, 0x33, 0xef, 0x3a, 0x0f, 0x3b, 0xee, 0x32,
    0xef, 0x3a, 0x0f, 0x3b, 0xee, 0x32, 0xef, 0x3a, 0x0f, 0x3b, 0x0e, 0x33,
    0xef, 0x3a, 0xef, 0x3a, 0x0e, 0x33, 0xef, 0x3a, 0xef, 0x3a, 0x0e, 0x33,
    0xef, 0x3a, 0xef, 0x3a, 0x0e, 0x33, 0x0f, 0x3b, 0xef, 0x3a, 0x0e, 0x33,
    0xef, 0x3a, 0xef, 0x3a, 0x0e, 0x33, 0xef, 0x3a, 0x0f, 0x3b, 0xee, 0x32,
    0x0f, 0x3b, 0x0f, 0x3b, 0xee, 0x32, 0x0f, 0x3b, 0x0f, 0x3b, 0xee, 0x32,
    0x0f, 0x3b, 0xef, 0x3a, 0x0e, 0x33, 0x0f, 0x3b, 0xef, 0x3a, 0x0e, 0x33,
    0x0f, 0x3b, 0xef, 0x3a, 0x0e, 0x33, 0x0f, 0x3b, 0xef, 0x3a, 0x0e, 0x33,
    0x0f, 0x3b, 0xef, 0x3a, 0x0e, 0x33, 0xef, 0x3a, 0xef, 0x3a, 0x0e, 0x33,
    0x0f, 0x3b, 0xef, 0x3a, 0x0e, 0x33, 0xef, 0x3a, 0xef, 0x3a, 0x0e, 0x33,
    0xef, 0x3a, 0x0f, 0x3b, 0x0e, 0x33, 0xef, 0x3a, 0xef, 0x3a, 0x0e, 0x33,
    0xef, 0x3a, 0xef, 0x3a, 0x0e, 0x33, 0xef, 0x3a, 0xef, 0x3a, 0x0e, 0x33,
    0xef, 0x3a, 0x0f, 0x3b, 0x0e, 0x33, 0xef, 0x3a, 0x0f, 0x3b, 0x0e, 0x33,
    0xef, 0x3a, 0xef, 0x3a, 0x0e, 0x33, 0xef, 0x3a, 0x0f, 0x3b, 0x0e, 0x33,
    0xef, 0x3a, 0x0f, 0x3b, 0x0e, 0x33, 0xef, 0x3a, 0x0f, 0x3b, 0xee, 0x32,
    0xef, 0x3a, 0x0f, 0x3b, 0xee, 0x32, 0xef, 0x3a, 0x0f, 0x3b, 0x0e, 0x33,
    0xef, 0x3a, 0x0f, 0x3b, 0xee, 0x32, 0xef, 0x3a, 0x0f, 0x3b, 0xee, 0x32,
    0xef, 0x3a, 0x0f, 0x3b, 0xee, 0x32, 0x0f, 0x3b, 0x0f, 0x3b, 0xee, 0x32,
    0x0f, 0x3b, 0x0f, 0x3b, 0xee, 0x32, 0xef, 0x3a, 0xef, 0x3a, 0x0e, 0x33,
    0xef, 0x3a, 0x0f, 0x3b, 0x0e, 0x33, 0xef, 0x3a, 0x0f, 0x3b, 0x0e, 0x33,
    0xef, 0x3a, 0xef, 0x3a, 0x0e, 0x33, 0x0f, 0x3b, 0xef, 0x3a, 0x0e, 0x33,
    0x0f, 0x3b, 0xef, 0x3a, 0x0e, 0x33, 0xef, 0x3a, 0xef, 0x3a, 0x0e, 0x33,
    0xef, 0x3a, 0x0f, 0x3b, 0xee, 0x32, 0xef, 0x3a, 0x0f, 0x3b, 0xee, 0x32,
    0xef, 0x3a, 0x0f, 0x3b, 0x0e, 0x33, 0xef, 0x3a, 0x0f, 0x3b, 0x0e, 0x33,
    0xef, 0x3a, 0xef, 0x3a, 0x0e, 0x33, 0xef, 0x3a, 0xef, 0x3a, 0x0e, 0x33,
    0xef, 0x3a, 0x0f, 0x3b, 0x0e, 0x33, 0xef, 0x3a, 0x0f, 0x3b, 0x0e, 0x33,
    0xef, 0x3a, 0xef, 0x3a, 0x0e, 0x33, 0xef, 0x3a, 0xef, 0x3a, 0x0e, 0x33,
    0xef, 0x3a, 0x0f, 0x3b, 0x0e, 0x33, 0xef, 0x3a, 0xef, 0x3a, 0x0e, 0x33,
    0xef, 0x3a, 0x0f, 0x3b, 0xee, 0x32, 0x0f, 0x3b, 0x0f, 0x3b, 0xee, 0x32,
    0x0f, 0x3b, 0xef, 0x3a, 0xee, 0x32, 0x0f, 0x3b, 0xef, 0x3a, 0x0e, 0x33,
    0xef, 0x3a, 0x0f, 0x3b, 0x0e, 0x33, 0xef, 0x3a, 0x0f, 0x3b, 0x0e, 0x33,
    0xef, 0x3a, 0xef, 0x3a, 0x0e, 0x33, 0x0f, 0x3b, 0xef, 0x3a, 0x0e, 0x33,
    0xef, 0x3a, 0x0f, 0x3b, 0xee, 0x32, 0x0f, 0x3b, 0x0f, 0x3b, 0xee, 0x32,
    0x0f, 0x3b, 0x0f, 0x3b, 0xee, 0x32, 0x0f, 0x3b, 0x0f, 0x3b, 0xee, 0x32,
    0xef, 0x3a, 0x0f, 0x3b, 0xee, 0x32, 0xef, 0x3a, 0x0f, 0x3b, 0x0e, 0x33,
    0xef, 0x3a, 0xef, 0x3a, 0x0e, 0x33, 0xef, 0x3a, 0xef, 0x3a, 0x0e, 0x33,
    0xef, 0x3a, 0x0f, 0x3b, 0xee, 0x32, 0x0f, 0x3b, 0xef, 0x3a, 0xee, 0x32,
    0x0f, 0x3b, 0xef, 0x3a, 0xee, 0x32, 0x0f, 0x3b, 0x0f, 0x3b, 0xee, 0x32,
    0x0f, 0x3b, 0x0f, 0x3b, 0xee, 0x32, 0x0f, 0x3b, 0x0f, 0x3b, 0xee, 0x32,
    0x0f, 0x3b, 0x0f, 0x3b, 0xee, 0x32, 0x0f, 0x3b, 0xef, 0x3a, 0xee, 0x32,
    0x0f, 0x3b, 0xef, 0x3a, 0xee, 0x32, 0x0f, 0x3b, 0x0f, 0x3b, 0xee, 0x32,
    0x0f, 0x3b, 0xef, 0x3a, 0xee, 0x32, 0x0f, 0x3b, 0xef, 0x3a, 0xee, 0x32,
    0x0f, 0x3b, 0x0f, 0x3b, 0xee, 0x32, 0x0f, 0x3b, 0xef, 0x3a, 0xee, 0x32,
    0x0f, 0x3b, 0xef, 0x3a, 0xee, 0x32, 0x0f, 0x3b, 0x0f, 0x3b, 0xee, 0x32,
    0x0f, 0x3b, 0x0f, 0x3b, 0xee, 0x32, 0x0f, 0x3b, 0x0f, 0x3b, 0xee, 0x32,
    0x0f, 0x3b, 0x0f, 0x3b, 0xee, 0x32, 0x0f, 0x3b, 0xef, 0x3a, 0xee, 0x32,
    0x0f, 0x3b, 0xef, 0x3a, 0xee, 0x32, 0x0f, 0x3b, 0x0f, 0x3b, 0xee, 0x32,
    0x0f, 0x3b, 0xef, 0x3a, 0xee, 0x32, 0x0f, 0x3b, 0xef, 0x3a, 0xee, 0x32,
    0x0f, 0x3b, 0x0f, 0x3b, 0xee, 0x32, 0x0f, 0x3b, 0xef, 0x3a, 0xee, 0x32,
    0x0f, 0x3b, 0xef, 0x3a, 0xee, 0x32, 0x0f, 0x3b, 0x0f, 0x3b, 0xee, 0x32,
    0x0f, 0x3b, 0x0f, 0x3b, 0xee, 0x32, 0x0f, 0x3b, 0x0f, 0x3b, 0xee, 0x32,
    0x0f, 0x3b, 0x0f, 0x3b, 0xee, 0x32, 0x0f, 0x3b, 0xef, 0x3a, 0xee, 0x32,
    0x0f, 0x3b, 0xef, 0x3a, 0xee, 0x32, 0x0f, 0x3b, 0x0f, 0x3b, 0xee, 0x32,
    0x0f, 0x3b, 0xef, 0x3a, 0xee, 0x32, 0x0f, 0x3b, 0xef, 0x3a, 0xee, 0x32,
    0x0f, 0x3b, 0x0f, 0x3b, 0xee, 0x32, 0x0f, 0x3b, 0xef, 0x3a, 0xee, 0x32,
    0x0f, 0x3b, 0xef, 0x3a, 0xee, 0x32, 0x0f, 0x3b, 0x0f, 0x3b, 0xee, 0x32,
    0x0f, 0x3b, 0x0f, 0x3b, 0xee, 0x32, 0x0f, 0x3b, 0x0f, 0x3b, 0xee, 0x32,
    0x0f, 0x3b, 0x0f, 0x3b, 0xee, 0x32, 0x0f, 0x3b, 0xef, 0x3a, 0xee, 0x32,
    0x0f, 0x3b, 0xef, 0x3a, 0xee, 0x32, 0x0f, 0x3b, 0x0f, 0x3b, 0xee, 0x32,
    0x0f, 0x3b, 0xef, 0x3a, 0xee, 0x32, 0x0f, 0x3b, 0xef, 0x3a, 0xee, 0x32,
    0x0f, 0x3b, 0x0f, 0x3b, 0xee, 0x32, 0x0f, 0x3b, 0xef, 0x3a, 0xee, 0x32,
    0x0f, 0x3b, 0xef, 0x3a, 0xee, 0x32, 0x0f, 0x3b, 0x0f, 0x3b, 0xee, 0x32,
    0x0f, 0x3b, 0x0f, 0x3b, 0xee, 0x32, 0x0f, 0x3b, 0x0f, 0x3b, 0xee, 0x32,
    0x0f, 0x3b, 0x0f, 0x3b, 0xee, 0x32, 0x0f, 0x3b, 0xef, 0x3a, 0xee, 0x32,
    0x0e, 0x33, 0xef, 0x3a, 0xee, 0x32, 0x0f, 0x3b, 0x0f, 0x3b, 0xee, 0x32,
    0x0f, 0x3b, 0xee, 0x32, 0xee, 0x32, 0x0f, 0x3b, 0xee, 0x32, 0xef, 0x3a,
    0x0f, 0x3b, 0x0e, 0x33, 0xef, 0x3a, 0x0f, 0x3b, 0xee, 0x32, 0xef, 0x3a,
    0x0e, 0x33, 0xee, 0x32, 0xef, 0x3a, 0x0e, 0x33, 0x0f, 0x3b, 0xee, 0x32,
    0x0f, 0x3b, 0x0e, 0x33, 0xee, 0x32, 0x0f, 0x3b, 0x0e, 0x33, 0xef, 0x3a,
    0x0f, 0x3b, 0x0e, 0x33, 0xef, 0x3a, 0x0f, 0x3b, 0xee, 0x32, 0xef, 0x3a,
    0x0e, 0x33, 0xef, 0x3a, 0xee, 0x32, 0x0e, 0x33, 0x0f, 0x3b, 0xee, 0x32,
    0x0f, 0x3b, 0xef, 0x3a, 0xee, 0x32, 0x0e, 0x33, 0xef, 0x3a, 0xee, 0x32,
    0x0f, 0x3b, 0xef, 0x3a, 0xee, 0x32, 0x0f, 0x3b, 0xef, 0x3a, 0xee, 0x32,
    0x0e, 0x33, 0x0f, 0x3b, 0xee, 0x32, 0x0e, 0x33, 0x0f, 0x3b, 0xef, 0x3a,
    0x0e, 0x33, 0xef, 0x3a, 0xef, 0x3a, 0x0e, 0x33, 0xee, 0x32, 0x0f, 0x3b,
    0x0e, 0x33, 0xef, 0x3a, 0x0e, 0x33, 0x0e, 0x33, 0xef, 0x3a, 0x0f, 0x3b,
    0x0e, 0x33, 0xef, 0x3a, 0x0f, 0x3b, 0x0e, 0x33, 0xee, 0x32, 0xef, 0x3a,
    0x0f, 0x3b, 0xee, 0x32, 0x0f, 0x3b, 0xee, 0x32, 0xef, 0x3a, 0x0e, 0x33,
    0xee, 0x32, 0xef, 0x3a, 0x0e, 0x33, 0xef, 0x3a, 0x0e, 0x33, 0x0f, 0x3b,
    0xee, 0x32, 0x0e, 0x33, 0x0f, 0x3b, 0xef, 0x3a, 0xee, 0x32, 0x0f, 0x3b,
    0xef, 0x3a, 0xee, 0x32, 0x0f, 0x3b, 0xef, 0x3a, 0xee, 0x32, 0x0f, 0x3b,
    0xef, 0x3a, 0x0e, 0x33, 0xef, 0x3a, 0x0e, 0x33, 0xef, 0x3a, 0xee, 0x32,
    0x0e, 0x33, 0xef, 0x3a, 0x0f, 0x3b, 0xee, 0x32, 0xee, 0x32, 0x0f, 0x3b,
    0xee, 0x32, 0x0e, 0x33, 0xee, 0x32, 0xef, 0x3a, 0x0f, 0x3b, 0xee, 0x32,
    0xef, 0x3a, 0x0e, 0x33, 0xef, 0x3a, 0xee, 0x32, 0x0f, 0x3b, 0x0e, 0x33,
    0xef, 0x3a, 0x0e, 0x33, 0x0e, 0x33, 0xef, 0x3a, 0xee, 0x32, 0x0f, 0x3b,
    0x0f, 0x3b, 0xee, 0x32, 0xef, 0x3a, 0x0e, 0x33, 0x0e, 0x33, 0xef, 0x3a,
    0x0f, 0x3b, 0xee, 0x32, 0xef, 0x3a, 0x0e, 0x33, 0x0f, 0x3b, 0xef, 0x3a,
    0x0e, 0x33, 0xef, 0x3a, 0x0e, 0x33, 0x0e, 0x33, 0xef, 0x3a, 0x0f, 0x3b,
    0x0e, 0x33, 0xef, 0x3a, 0x0e, 0x33, 0xee, 0x32, 0xef, 0x3a, 0x0e, 0x33,
    0xee, 0x32, 0x0f, 0x3b, 0x0f, 0x3b, 0xee, 0x32, 0x0f, 0x3b, 0xee, 0x32,
    0xef, 0x3a, 0x0e, 0x33, 0xef, 0x3a, 0x0f, 0x3b, 0x0e, 0x33, 0xef, 0x3a,
    0xef, 0x3a, 0x0e, 0x33, 0x0e, 0x33, 0xef, 0x3a, 0x0e, 0x33, 0xee, 0x32,
    0xef, 0x3a, 0x0e, 0x33, 0xef, 0x3a, 0xee, 0x32, 0x0f, 0x3b, 0xee, 0x32,
    0xef, 0x3a, 0x0e, 0x33, 0x0f, 0x3b, 0xee, 0x32, 0x0e, 0x33, 0x0f, 0x3b,
    0xee, 0x32, 0x0f, 0x3b, 0x0e, 0x33, 0xef, 0x3a, 0x0f, 0x3b, 0xef, 0x3a,
    0xee, 0x32, 0x0f, 0x3b, 0x0e, 0x33, 0xee, 0x32, 0x0f, 0x3b, 0x0f, 0x3b,
    0xee, 0x32, 0x0f, 0x3b, 0xef, 0x3a, 0xee, 0x32, 0x0e, 0x33, 0xef, 0x3a,
    0xee, 0x32, 0x0e, 0x33, 0x0f, 0x3b, 0xee, 0x32, 0x0e, 0x33, 0x0f, 0x3b,
    0xef, 0x3a, 0x0e, 0x33, 0xef, 0x3a, 0x0f, 0x3b, 0xee, 0x32, 0xef, 0x3a,
    0x0f, 0x3b, 0xee, 0x32, 0xef, 0x3a, 0x0f, 0x3b, 0x0e, 0x33, 0xef, 0x3a,
    0x0e, 0x33, 0xee, 0x32, 0xef, 0x3a, 0x0e, 0x33, 0xee, 0x32, 0xef, 0x3a,
    0x0e, 0x33, 0xef, 0x3a, 0xee, 0x32, 0x0e, 0x33, 0xef, 0x3a, 0xee, 0x32,
    0x0f, 0x3b, 0xef, 0x3a, 0x0e, 0x33, 0x0f, 0x3b, 0xee, 0x32, 0x0f, 0x3b,
    0x0e, 0x33, 0xef, 0x3a, 0x0e, 0x33, 0x0e, 0x33, 0xef, 0x3a, 0xee, 0x32,
    0x0e, 0x33, 0xef, 0x3a, 0xee, 0x32, 0x0f, 0x3b, 0xee, 0x32, 0x0f, 0x3b,
    0x0f, 0x3b, 0xee, 0x32, 0x0f, 0x3b, 0x0e, 0x33, 0xee, 0x32, 0xef, 0x3a,
    0x0e, 0x33, 0xef, 0x3a, 0x0e, 0x33, 0x0f, 0x3b, 0xee, 0x32, 0x0e, 0x33,
    0xef, 0x3a, 0xee, 0x32, 0x0e, 0x33, 0x0f, 0x3b, 0xee, 0x32, 0x0f, 0x3b,
    0x0e, 0x33, 0xee, 0x32, 0xef, 0x3a, 0x0e, 0x33, 0xee, 0x32, 0x0f, 0x3b,
    0x0e, 0x33, 0xee, 0x32, 0x0f, 0x3b, 0x0e, 0x33, 0xee, 0x32, 0x0f, 0x3b,
    0x0e, 0x33, 0xee, 0x32, 0x0f, 0x3b, 0xee, 0x32, 0x0e, 0x33, 0xef, 0x3a,
    0x0e, 0x33, 0xee, 0x32, 0x0f, 0x3b, 0x0e, 0x33, 0xee, 0x32, 0x0f, 0x3b,
    0x0e, 0x33, 0xee, 0x32, 0xef, 0x3a, 0x0e, 0x33, 0x0e, 0x33, 0xef, 0x3a,
    0x0e, 0x33, 0xee, 0x32, 0x0f, 0x3b, 0xee, 0x32, 0xee, 0x32, 0x0f, 0x3b,
    0x0e, 0x33, 0xee, 0x32, 0x0f, 0x3b, 0xee, 0x32, 0xee, 0x32, 0x0f, 0x3b,
    0xee, 0x32, 0xee, 0x32, 0x0f, 0x3b, 0xee, 0x32, 0x0e, 0x33, 0x0f, 0x3b,
    0xee, 0x32, 0x0e, 0x33, 0x0f, 0x3b, 0xee, 0x32, 0x0e, 0x33, 0xef, 0x3a,
    0xee, 0x32, 0x0e, 0x33, 0x0f, 0x3b, 0xee, 0x32, 0x0e, 0x33, 0xef, 0x3a,
    0x0e, 0x33, 0xee, 0x32, 0x0f, 0x3b, 0xee, 0x32, 0x0e, 0x33, 0xef, 0x3a,
    0xee, 0x32, 0x0e, 0x33, 0x0f, 0x3b, 0xee, 0x32, 0x0e, 0x33, 0xef, 0x3a,
    0xee, 0x32, 0x0e, 0x33, 0x0f, 0x3b, 0xee, 0x32, 0xee, 0x32, 0x0f, 0x3b,
    0xee, 0x32, 0xee, 0x32, 0x0f, 0x3b, 0xee, 0x32, 0x0e, 0x33, 0xef, 0x3a,
    0xee, 0x32, 0x0e, 0x33, 0xef, 0x3a, 0x0e, 0x33, 0xee, 0x32, 0x0f, 0x3b,
    0xee, 0x32, 0x0e, 0x33, 0xef, 0x3a, 0x0e, 0x33, 0x0e, 0x33, 0xef, 0x3a,
    0x0e, 0x33, 0xee, 0x32, 0xef, 0x3a, 0x0e, 0x33, 0xee, 0x32, 0x0f, 0x3b,
    0x0e, 0x33, 0xee, 0x32, 0x0f, 0x3b, 0x0e, 0x33, 0xee, 0x32, 0x0f, 0x3b,
    0xee, 0x32, 0xee, 0x32, 0x0f, 0x3b, 0xee, 0x32, 0xee, 0x32, 0x0f, 0x3b,
    0xee, 0x32, 0x0e, 0x33, 0xef, 0x3a, 0xee, 0x32, 0x0e, 0x33, 0x0f, 0x3b,
    0xee, 0x32, 0x0e, 0x33, 0x0f, 0x3b, 0xee, 0x32, 0x0e, 0x33, 0xef, 0x3a,
    0xee, 0x32, 0x0e, 0x33, 0xef, 0x3a, 0xee, 0x32, 0x0e, 0x33, 0xef, 0x3a,
    0x0e, 0x33, 0xee, 0x32, 0xef, 0x3a, 0x0e, 0x33, 0x0e, 0x33, 0xef, 0x3a,
    0x0e, 0x33, 0xee, 0x32, 0xef, 0x3a, 0x0e, 0x33, 0x0e, 0x33, 0xef, 0x3a,
    0x0e, 0x33, 0xee, 0x32, 0x0f, 0x3b, 0xee, 0x32, 0xee, 0x32, 0x0f, 0x3b,
    0x0e, 0x33, 0xee, 0x32, 0x0f, 0x3b, 0x0e, 0x33, 0xee, 0x32, 0x0f, 0x3b,
    0xee, 0x32, 0xee, 0x32, 0x0f, 0x3b, 0x0e, 0x33, 0xee, 0x32, 0x0f, 0x3b,
    0x0e, 0x33, 0xee, 0x32, 0x0f, 0x3b, 0xee, 0x32, 0xee, 0x32, 0x0f, 0x3b,
    0x0e, 0x33, 0xee, 0x32, 0x0f, 0x3b, 0x0e, 0x33, 0xee, 0x32, 0x0f, 0x3b,
    0xee, 0x32, 0xee, 0x32, 0x0f, 0x3b, 0xee, 0x32, 0x0e, 0x33, 0xef, 0x3a,
    0xee, 0x32, 0x0e, 0x33, 0x0f, 0x3b, 0xee, 0x32, 0xee, 0x32, 0x0f, 0x3b,
    0xee, 0x32, 0x0e, 0x33, 0x0f, 0x3b, 0xee, 0x32, 0x0e, 0x33, 0xef, 0x3a,
    0xee, 0x32, 0x0e, 0x33, 0xef, 0x3a, 0x0e, 0x33, 0x0e, 0x33, 0xef, 0x3a,
    0xee, 0x32, 0x0e, 0x33, 0xef, 0x3a, 0xee, 0x32, 0x0e, 0x33, 0x0f, 0x3b,
    0xee, 0x32, 0xee, 0x32, 0x0f, 0x3b, 0xee, 0x32, 0x0e, 0x33, 0x0f, 0x3b,
    0xee, 0x32, 0x0e, 0x33, 0xef, 0x3a, 0x0e, 0x33, 0x0e, 0x33, 0xef, 0x3a,
    0x0e, 0x33, 0xee, 0x32, 0xef, 0x3a, 0x0e, 0x33, 0xee, 0x32, 0xef, 0x3a,
    0x0e, 0x33, 0x0e, 0x33, 0xef, 0x3a, 0x0e, 0x33, 0xee, 0x32, 0xef, 0x3a,
    0x0e, 0x33, 0xee, 0x32, 0xef, 0x3a, 0x0e, 0x33, 0xee, 0x32, 0x0f, 0x3b,
    0x0e, 0x33, 0xee, 0x32, 0x0f, 0x3b, 0x0e, 0x33, 0xee, 0x32, 0xef, 0x3a,
    0x0e, 0x33, 0xee, 0x32, 0x0f, 0x3b, 0x0e, 0x33, 0xee, 0x32, 0x0f, 0x3b,
    0x0e, 0x33, 0xee, 0x32, 0x0f, 0x3b, 0xee, 0x32, 0xee, 0x32, 0x0f, 0x3b,
    0xee, 0x32, 0xee, 0x32, 0x0f, 0x3b, 0x0e, 0x33, 0xee, 0x32, 0x0f, 0x3b,
    0x0e, 0x33, 0xee, 0x32, 0xef, 0x3a, 0x0e, 0x33, 0xee, 0x32, 0xef, 0x3a,
    0x0e, 0x33, 0x0e, 0x33, 0xef, 0x3a, 0xee, 0x32, 0x0e, 0x33, 0xef, 0x3a,
    0xee, 0x32, 0x0e, 0x33, 0xef, 0x3a, 0x0e, 0x33, 0x0e, 0x33, 0xef, 0x3a,
    0x0e, 0x33, 0xee, 0x32, 0x0f, 0x3b, 0xee, 0x32, 0x0e, 0x33, 0x0f, 0x3b,
    0xee, 0x32, 0x0e, 0x33, 0xef, 0x3a, 0xee, 0x32, 0x0e, 0x33, 0xef, 0x3a,
    0xee, 0x32, 0x0e, 0x33, 0xef, 0x3a, 0x0e, 0x33, 0x0e, 0x33, 0xef, 0x3a,
    0x0e, 0x33, 0xee, 0x32, 0xef, 0x3a, 0x0e, 0x33, 0xee, 0x32, 0xef, 0x3a,
    0x0e, 0x33, 0x0e, 0x33, 0xef, 0x3a, 0x0e, 0x33, 0x0e, 0x33, 0xef, 0x3a,
    0x0e, 0x33, 0xee, 0x32, 0xef, 0x3a, 0x0e, 0x33, 0xee, 0x32, 0x0f, 0x3b,
    0xee, 0x32, 0x0e, 0x33, 0xef, 0x3a, 0xee, 0x32, 0x0e, 0x33, 0xef, 0x3a,
    0xee, 0x32, 0x0e, 0x33, 0x0f, 0x3b, 0xee, 0x32, 0x0e, 0x33, 0x0f, 0x3b,
    0xee, 0x32, 0xee, 0x32, 0x0f, 0x3b, 0xee, 0x32, 0xee, 0x32, 0x0f, 0x3b,
    0xee, 0x32, 0x0e, 0x33, 0x0f, 0x3b, 0xee, 0x32, 0xee, 0x32, 0x0f, 0x3b,
    0xee, 0x32, 0x0e, 0x33, 0x0f, 0x3b, 0xee, 0x32, 0x0e, 0x33, 0xef, 0x3a,
    0xee, 0x32, 0x0e, 0x33, 0xef, 0x3a, 0xee, 0x32, 0x0e, 0x33, 0xef, 0x3a,
    0x0e, 0x33, 0x0e, 0x33, 0xef, 0x3a, 0x0e, 0x33, 0x0e, 0x33, 0xef, 0x3a,
    0xee, 0x32, 0x0e, 0x33, 0x0f, 0x3b, 0xee, 0x32, 0x0e, 0x33, 0x0f, 0x3b,
    0xee, 0x32, 0xee, 0x32, 0x0f, 0x3b, 0xee, 0x32, 0x0e, 0x33, 0x0f, 0x3b,
    0xee, 0x32, 0x0e, 0x33, 0x0f, 0x3b, 0xee, 0x32, 0xee, 0x32, 0x0f, 0x3b,
    0xee, 0x32, 0xee, 0x32, 0x0f, 0x3b, 0xee, 0x32, 0xee, 0x32, 0x0f, 0x3b,
    0xee, 0x32, 0xee, 0x32, 0x0f, 0x3b, 0xee, 0x32, 0x0e, 0x33, 0x0f, 0x3b,
    0xee, 0x32, 0x0e, 0x33, 0x0f, 0x3b, 0xee, 0x32, 0xee, 0x32, 0x0f, 0x3b,
    0xee, 0x32, 0x0e, 0x33, 0x0f, 0x3b, 0xee, 0x32, 0x0e, 0x33, 0x0f, 0x3b,
    0xee, 0x32, 0xee, 0x32, 0x0f, 0x3b, 0xee, 0x32, 0xee, 0x32, 0x0f, 0x3b,
    0x0e, 0x33, 0xee, 0x32, 0x0f, 0x3b, 0xee, 0x32, 0xee, 0x32, 0x0f, 0x3b,
    0xee, 0x32, 0xee, 0x32, 0x0f, 0x3b, 0xee, 0x32, 0xee, 0x32, 0x0f, 0x3b,
    0xee, 0x32, 0xee, 0x32, 0x0f, 0x3b, 0xee, 0x32, 0x0e, 0x33, 0x0f, 0x3b,
    0xee, 0x32, 0x0e, 0x33, 0x0f, 0x3b, 0xee, 0x32, 0xee, 0x32, 0x0f, 0x3b,
    0xee, 0x32, 0x0e, 0x33, 0x0f, 0x3b, 0xee, 0x32, 0x0e, 0x33, 0x0f, 0x3b,
    0xee, 0x32, 0xee, 0x32, 0x0f, 0x3b, 0xee, 0x32, 0xee, 0x32, 0x0f, 0x3b,
    0x0e, 0x33, 0xee, 0x32, 0x0f, 0x3b, 0xee, 0x32, 0xee, 0x32, 0x0f, 0x3b,
    0xee, 0x32, 0xee, 0x32, 0x0f, 0x3b, 0xee, 0x32, 0xee, 0x32, 0x0f, 0x3b,
    0xee, 0x32, 0xee, 0x32, 0x0f, 0x3b, 0xee, 0x32, 0x0e, 0x33, 0x0f, 0x3b,
    0xee, 0x32, 0x0e, 0x33, 0x0f, 0x3b, 0xee, 0x32, 0xee, 0x32, 0x0f, 0x3b,
    0xee, 0x32, 0x0e, 0x33, 0x0f, 0x3b, 0xee, 0x32, 0x0e, 0x33, 0x0f, 0x3b,
    0xee, 0x32, 0xee, 0x32, 0x0f, 0x3b, 0xee, 0x32, 0xee, 0x32, 0x0f, 0x3b,
    0x0e, 0x33, 0xee, 0x32, 0x0f, 0x3b, 0xee, 0x32, 0xee, 0x32, 0x0f, 0x3b,
    0xee, 0x32, 0xee, 0x32, 0x0f, 0x3b, 0xee, 0x32, 0xee, 0x32, 0x0f, 0x3b,
    0xee, 0x32, 0xee, 0x32, 0x0f, 0x3b, 0xee, 0x32, 0x0e, 0x33, 0x0f, 0x3b,
    0xee, 0x32, 0x0e, 0x33, 0x0f, 0x3b, 0xee, 0x32, 0xee, 0x32, 0x0f, 0x3b,
    0xee, 0x32, 0x0e, 0x33, 0x0f, 0x3b, 0xee, 0x32, 0x0e, 0x33, 0x0f, 0x3b,
    0xee, 0x32, 0xee, 0x32, 0x0f, 0x3b, 0xee, 0x32, 0xee, 0x32, 0x0f, 0x3b,
    0x0e, 0x33, 0xee, 0x32, 0x0f, 0x3b, 0xee, 0x32, 0xee, 0x32, 0x0f, 0x3b,
    0xee, 0x32, 0xee, 0x32, 0x0f, 0x3b, 0xee, 0x32, 0xee, 0x32, 0x0f, 0x3b,
    0xee, 0x32, 0xee, 0x32, 0x0f, 0x3b, 0xee, 0x32, 0x0e, 0x33, 0x0f, 0x3b,
    0xef, 0x3a, 0x0e, 0x33, 0x0f, 0x3b, 0xee, 0x32, 0xee, 0x32, 0x0f, 0x3b,
    0xee, 0x32, 0x0f, 0x3b, 0x0f, 0x3b, 0xee, 0x32, 0x0f, 0x3b, 0x0e, 0x33,
    0xee, 0x32, 0xef, 0x3a, 0x0e, 0x33, 0xee, 0x32, 0xef, 0x3a, 0x0e, 0x33,
    0x0f, 0x3b, 0xef, 0x3a, 0x0f, 0x3b, 0xee, 0x32, 0xee, 0x32, 0x0f, 0x3b,
    0xee, 0x32, 0xef, 0x3a, 0x0f, 0x3b, 0xee, 0x32, 0xef, 0x3a, 0x0e, 0x33,
    0xee, 0x32, 0xef, 0x3a, 0x0e, 0x33, 0xee, 0x32, 0x0f, 0x3b, 0x0e, 0x33,
    0xef, 0x3a, 0x0e, 0x33, 0x0f, 0x3b, 0xee, 0x32, 0xef, 0x3a, 0x0f, 0x3b,
    0xee, 0x32, 0x0e, 0x33, 0x0f, 0x3b, 0xee, 0x32, 0x0f, 0x3b, 0x0f, 0x3b,
    0xee, 0x32, 0x0e, 0x33, 0x0f, 0x3b, 0xee, 0x32, 0x0e, 0x33, 0x0f, 0x3b,
    0xef, 0x3a, 0x0e, 0x33, 0xef, 0x3a, 0xef, 0x3a, 0x0e, 0x33, 0xee, 0x32,
    0xef, 0x3a, 0x0e, 0x33, 0x0f, 0x3b, 0xee, 0x32, 0x0f, 0x3b, 0xef, 0x3a,
    0xee, 0x32, 0x0e, 0x33, 0xef, 0x3a, 0x0e, 0x33, 0xef, 0x3a, 0xee, 0x32,
    0x0e, 0x33, 0xef, 0x3a, 0x0e, 0x33, 0xee, 0x32, 0x0f, 0x3b, 0x0f, 0x3b,
    0xee, 0x32, 0x0e, 0x33, 0xef, 0x3a, 0x0e, 0x33, 0xef, 0x3a, 0x0f, 0x3b,
    0x0e, 0x33, 0xef, 0x3a, 0x0f, 0x3b, 0x0e, 0x33, 0xef, 0x3a, 0xee, 0x32,
    0x0f, 0x3b, 0xee, 0x32, 0xef, 0x3a, 0x0e, 0x33, 0x0f, 0x3b, 0xee, 0x32,
    0x0e, 0x33, 0x0f, 0x3b, 0xee, 0x32, 0x0e, 0x33, 0x0f, 0x3b, 0xee, 0x32,
    0x0e, 0x33, 0xef, 0x3a, 0x0f, 0x3b, 0xee, 0x32, 0x0f, 0x3b, 0x0f, 0x3b,
    0xee, 0x32, 0x0f, 0x3b, 0xee, 0x32, 0x0f, 0x3b, 0x0f, 0x3b, 0xee, 0x32,
    0x0f, 0x3b, 0xee, 0x32, 0xef, 0x3a, 0x0f, 0x3b, 0x0f, 0x3b, 0xee, 0x32,
    0xee, 0x32, 0x0f, 0x3b, 0x0f, 0x3b, 0xee, 0x32, 0x0f, 0x3b, 0xef, 0x3a,
    0xee, 0x32, 0x0f, 0x3b, 0xef, 0x3a, 0xee, 0x32, 0x0f, 0x3b, 0x0f, 0x3b,
    0xee, 0x32, 0xee, 0x32, 0x0f, 0x3b, 0xee, 0x32, 0x0f, 0x3b, 0xef, 0x3a,
    0xee, 0x32, 0x0f, 0x3b, 0x0e, 0x33, 0xef, 0x3a, 0xee, 0x32, 0x0e, 0x33,
    0xef, 0x3a, 0x0e, 0x33, 0x0f, 0x3b, 0xef, 0x3a, 0xee, 0x32, 0x0f, 0x3b,
    0xee, 0x32, 0x0e, 0x33, 0xef, 0x3a, 0x0f, 0x3b, 0x0e, 0x33, 0xef, 0x3a,
    0x0f, 0x3b, 0xee, 0x32, 0xee, 0x32, 0x0f, 0x3b, 0xee, 0x32, 0x0f, 0x3b,
    0x0e, 0x33, 0xef, 0x3a, 0x0e, 0x33, 0xee, 0x32, 0xef, 0x3a, 0x0e, 0x33,
    0x0e, 0x33, 0xef, 0x3a, 0x0f, 0x3b, 0xee, 0x32, 0xef, 0x3a, 0x0f, 0x3b,
    0xee, 0x32, 0x0f, 0x3b, 0x0e, 0x33, 0xef, 0x3a, 0x0e, 0x33, 0x0f, 0x3b,
    0xee, 0x32, 0x0e, 0x33, 0xef, 0x3a, 0xef, 0x3a, 0x0e, 0x33, 0xef, 0x3a,
    0x0e, 0x33, 0xef, 0x3a, 0xef, 0x3a, 0x0e, 0x33, 0xee, 0x32, 0xef, 0x3a,
    0x0e, 0x33, 0x0e, 0x33, 0xef, 0x3a, 0x0f, 0x3b, 0xee, 0x32, 0xef, 0x3a,
    0x0e, 0x33, 0xef, 0x3a, 0x0e, 0x33, 0x0e, 0x33, 0xef, 0x3a, 0x0f, 0x3b,
    0x0f, 0x3b, 0xee, 0x32, 0x0f, 0x3b, 0xef, 0x3a, 0xee, 0x32, 0x0f, 0x3b,
    0xef, 0x3a, 0x0e, 0x33, 0x0e, 0x33, 0xef, 0x3a, 0x0e, 0x33, 0xee, 0x32,
    0x0f, 0x3b, 0x0e, 0x33, 0xef, 0x3a, 0x0e, 0x33, 0xee, 0x32, 0xef, 0x3a,
    0x0f, 0x3b, 0xee, 0x32, 0x0f, 0x3b, 0x0e, 0x33, 0xef, 0x3a, 0x0f, 0x3b,
    0xee, 0x32, 0x0f, 0x3b, 0x0e, 0x33, 0xef, 0x3a, 0x0f, 0x3b, 0x0e, 0x33,
    0x0f, 0x3b, 0xee, 0x32, 0xee, 0x32, 0x0f, 0x3b, 0xef, 0x3a, 0xee, 0x32,
    0x0f, 0x3b, 0xee, 0x32, 0xef, 0x3a, 0x0f, 0x3b, 0xee, 0x32, 0x0f, 0x3b,
    0xef, 0x3a, 0x0e, 0x33, 0x0f, 0x3b, 0xee, 0x32, 0x0f, 0x3b, 0xee, 0x32,
    0xee, 0x32, 0x0f, 0x3b, 0xee, 0x32, 0xef, 0x3a, 0x0f, 0x3b, 0x0e, 0x33,
    0xef, 0x3a, 0x0f, 0x3b, 0xee, 0x32, 0x0e, 0x33, 0xef, 0x3a, 0xee, 0x32,
    0x0f, 0x3b, 0x0f, 0x3b, 0xee, 0x32, 0xef, 0x3a, 0x0f, 0x3b, 0xee, 0x32,
    0xef, 0x3a, 0x0e, 0x33, 0x0f, 0x3b, 0xef, 0x3a, 0x0e, 0x33, 0xef, 0x3a,
    0xef, 0x3a, 0x0e, 0x33, 0xef, 0x3a, 0xef, 0x3a, 0x0e, 0x33, 0xef, 0x3a,
    0xef, 0x3a, 0x0e, 0x33, 0xef, 0x3a, 0x0f, 0x3b, 0x0e, 0x33, 0xef, 0x3a,
    0xef, 0x3a, 0x0e, 0x33, 0x0f, 0x3b, 0xef, 0x3a, 0xee, 0x32, 0x0f, 0x3b,
    0xef, 0x3a, 0x0e, 0x33, 0x0f, 0x3b, 0xef, 0x3a, 0x0e, 0x33, 0xef, 0x3a,
    0xef, 0x3a, 0x0e, 0x33, 0x0f, 0x3b, 0xef, 0x3a, 0x0e, 0x33, 0x0f, 0x3b,
    0xef, 0x3a, 0x0e, 0x33, 0xef, 0x3a, 0x0f, 0x3b, 0x0e, 0x33, 0xef, 0x3a,
    0x0f, 0x3b, 0x0e, 0x33, 0xef, 0x3a, 0x0f, 0x3b, 0xee, 0x32, 0xef, 0x3a,
    0x0f, 0x3b, 0xee, 0x32, 0xef, 0x3a, 0x0f, 0x3b, 0xee, 0x32, 0x0f, 0x3b,
    0x0f, 0x3b, 0xee, 0x32, 0xef, 0x3a, 0x0f, 0x3b, 0xee, 0x32, 0x0f, 0x3b,
    0xef, 0x3a, 0x0e, 0x33, 0xef, 0x3a, 0x0f, 0x3b, 0x0e, 0x33, 0xef, 0x3a,
    0x0f, 0x3b, 0x0e, 0x33, 0xef, 0x3a, 0xef, 0x3a, 0x0e, 0x33, 0xef, 0x3a,
    0x0f, 0x3b, 0x0e, 0x33, 0xef, 0x3a, 0xef, 0x3a, 0x0e, 0x33, 0x0f, 0x3b,
    0xef, 0x3a, 0x0e, 0x33, 0xef, 0x3a, 0x0f, 0x3b, 0xee, 0x32, 0x0f, 0x3b,
    0x0f, 0x3b, 0xee, 0x32, 0x0f, 0x3b, 0xef, 0x3a, 0x0e, 0x33, 0xef, 0x3a,
    0x0f, 0x3b, 0xee, 0x32, 0xef, 0x3a, 0x0f, 0x3b, 0xee, 0x32, 0x0f, 0x3b,
    0xef, 0x3a, 0x0e, 0x33, 0x0f, 0x3b, 0xef, 0x3a, 0x0e, 0x33, 0xef, 0x3a,
    0xef, 0x3a, 0x0e, 0x33, 0xef, 0x3a, 0xef, 0x3a, 0x0e, 0x33, 0xef, 0x3a,
    0x0f, 0x3b, 0x0e, 0x33, 0xef, 0x3a, 0x0f, 0x3b, 0x0e, 0x33, 0xef, 0x3a,
    0x0f, 0x3b, 0x0e, 0x33, 0xef, 0x3a, 0x0f, 0x3b, 0x0e, 0x33, 0xef, 0x3a,
    0xef, 0x3a, 0x0e, 0x33, 0xef, 0x3a, 0xef, 0x3a, 0x0e, 0x33, 0xef, 0x3a,
    0x0f, 0x3b, 0x0e, 0x33, 0xef, 0x3a, 0x0f, 0x3b, 0x0e, 0x33, 0xef, 0x3a,
    0x0f, 0x3b, 0x0e, 0x33, 0xef, 0x3a, 0x0f, 0x3b, 0xee, 0x32, 0xef, 0x3a,
    0x0f, 0x3b, 0xee, 0x32, 0x0f, 0x3b, 0x0f, 0x3b, 0xee, 0x32, 0x0f, 0x3b,
    0xef, 0x3a, 0x0e, 0x33, 0xef, 0x3a, 0x0f, 0x3b, 0xee, 0x32, 0x0f, 0x3b,
    0xef, 0x3a, 0x0e, 0x33, 0xef, 0x3a, 0xef, 0x3a, 0x0e, 0x33, 0xef, 0x3a,
    0x0f, 0x3b, 0x0e, 0x33, 0xef, 0x3a, 0xef, 0x3a, 0x0e, 0x33, 0xef, 0x3a,
    0xef, 0x3a, 0x0e, 0x33, 0xef, 0x3a, 0x0f, 0x3b, 0x0e, 0x33, 0xef, 0x3a,
    0x0f, 0x3b, 0xee, 0x32, 0xef, 0x3a, 0x0f, 0x3b, 0xee, 0x32, 0x0f, 0x3b,
    0xef, 0x3a, 0x0e, 0x33, 0x0f, 0x3b, 0xef, 0x3a, 0xee, 0x32, 0x0f, 0x3b,
    0xef, 0x3a, 0x0e, 0x33, 0xef, 0x3a, 0x0f, 0x3b, 0xee, 0x32, 0xef, 0x3a,
    0x0f, 0x3b, 0xee, 0x32, 0xef, 0x3a, 0x0f, 0x3b, 0xee, 0x32, 0xef, 0x3a,
    0x0f, 0x3b, 0xee, 0x32, 0x0f, 0x3b, 0xef, 0x3a, 0xee, 0x32, 0x0f, 0x3b,
    0xef, 0x3a, 0x0e, 0x33, 0x0f, 0x3b, 0xef, 0x3a, 0x0e, 0x33, 0xef, 0x3a,
    0x0f, 0x3b, 0xee, 0x32, 0x0f, 0x3b, 0x0f, 0x3b, 0xee, 0x32, 0xef, 0x3a,
    0x0f, 0x3b, 0xee, 0x32, 0x0f, 0x3b, 0xef, 0x3a, 0x0e, 0x33, 0xef, 0x3a,
    0xef, 0x3a, 0x0e, 0x33, 0x0f, 0x3b, 0xef, 0x3a, 0x0e, 0x33, 0xef, 0x3a,
    0x0f, 0x3b, 0xee, 0x32, 0xef, 0x3a, 0x0f, 0x3b, 0xee, 0x32, 0x0f, 0x3b,
    0x0f, 0x3b, 0xee, 0x32, 0x0f, 0x3b, 0xef, 0x3a, 0x0e, 0x33, 0xef, 0x3a,
    0xef, 0x3a, 0x0e, 0x33, 0xef, 0x3a, 0xef, 0x3a, 0x0e, 0x33, 0xef, 0x3a,
    0x0f, 0x3b, 0x0e, 0x33, 0xef, 0x3a, 0xef, 0x3a, 0x0e, 0x33, 0xef, 0x3a,
    0xef, 0x3a, 0x0e, 0x33, 0xef, 0x3a, 0x0f, 0x3b, 0x0e, 0x33, 0xef, 0x3a,
    0x0f, 0x3b, 0x0e, 0x33, 0xef, 0x3a, 0xef, 0x3a, 0x0e, 0x33, 0xef, 0x3a,
    0xef, 0x3a, 0x0e, 0x33, 0x0f, 0x3b, 0xef, 0x3a, 0x0e, 0x33, 0x0f, 0x3b,
    0xef, 0x3a, 0xee, 0x32, 0x0f, 0x3b, 0xef, 0x3a, 0x0e, 0x33, 0x0f, 0x3b,
    0xef, 0x3a, 0x0e, 0x33, 0x0f, 0x3b, 0xef, 0x3a, 0xee, 0x32, 0x0f, 0x3b,
    0xef, 0x3a, 0x0e, 0x33, 0xef, 0x3a, 0x0f, 0x3b, 0xee, 0x32, 0xef, 0x3a,
    0x0f, 0x3b, 0xee, 0x32, 0x0f, 0x3b, 0x0f, 0x3b, 0xee, 0x32, 0x0f, 0x3b,
    0x0f, 0x3b, 0xee, 0x32, 0x0f, 0x3b, 0xef, 0x3a, 0x0e, 0x33, 0xef, 0x3a,
    0xef, 0x3a, 0x0e, 0x33, 0x0f, 0x3b, 0xef, 0x3a, 0x0e, 0x33, 0x0f, 0x3b,
    0xef, 0x3a, 0x0e, 0x33, 0xef, 0x3a, 0xef, 0x3a, 0x0e, 0x33, 0xef, 0x3a,
    0xef, 0x3a, 0x0e, 0x33, 0x0f, 0x3b, 0xef, 0x3a, 0x0e, 0x33, 0xef, 0x3a,
    0x0f, 0x3b, 0xee, 0x32, 0x0f, 0x3b, 0x0f, 0x3b, 0xee, 0x32, 0x0f, 0x3b,
    0x0f, 0x3b, 0xee, 0x32, 0xef, 0x3a, 0x0f, 0x3b, 0xee, 0x32, 0x0f, 0x3b,
    0xef, 0x3a, 0x0e, 0x33, 0xef, 0x3a, 0x0f, 0x3b, 0x0e, 0x33, 0xef, 0x3a,
    0x0f, 0x3b, 0xee, 0x32, 0xef, 0x3a, 0x0f, 0x3b, 0xee, 0x32, 0x0f, 0x3b,
    0x0f, 0x3b, 0xee, 0x32, 0xef, 0x3a, 0x0f, 0x3b, 0xee, 0x32, 0xef, 0x3a,
    0x0f, 0x3b, 0x0e, 0x33, 0xef, 0x3a, 0x0f, 0x3b, 0xee, 0x32, 0x0f, 0x3b,
    0xef, 0x3a, 0xee, 0x32, 0xef, 0x3a, 0x0f, 0x3b, 0xee, 0x32, 0xef, 0x3a,
    0x0f, 0x3b, 0x0e, 0x33, 0xef, 0x3a, 0xef, 0x3a, 0x0e, 0x33, 0xef, 0x3a,
    0xef, 0x3a, 0x0e, 0x33, 0x0f, 0x3b, 0xef, 0x3a, 0x0e, 0x33, 0xef, 0x3a,
    0xef, 0x3a, 0x0e, 0x33, 0xef, 0x3a, 0xef, 0x3a, 0x0e, 0x33, 0x0f, 0x3b,
    0xef, 0x3a, 0x0e, 0x33, 0x0f, 0x3b, 0xef, 0x3a, 0x0e, 0x33, 0xef, 0x3a,
    0x0f, 0x3b, 0x0e, 0x33, 0xef, 0x3a, 0x0f, 0x3b, 0xee, 0x32, 0xef, 0x3a,
    0x0f, 0x3b, 0xee, 0x32, 0xef, 0x3a, 0x0f, 0x3b, 0xee, 0x32, 0x0f, 0x3b,
    0x0f, 0x3b, 0xee, 0x32, 0xef, 0x3a, 0x0f, 0x3b, 0xee, 0x32, 0xef, 0x3a,
    0x0f, 0x3b, 0xee, 0x32, 0x0f, 0x3b, 0x0f, 0x3b, 0xee, 0x32, 0x0f, 0x3b,
    0xef, 0x3a, 0x0e, 0x33, 0xef, 0x3a, 0x0f, 0x3b, 0x0e, 0x33, 0xef, 0x3a,
    0x0f, 0x3b, 0x0e, 0x33, 0xef, 0x3a, 0x0f, 0x3b, 0x0e, 0x33, 0xef, 0x3a,
    0x0f, 0x3b, 0xee, 0x32, 0x0f, 0x3b, 0x0f, 0x3b, 0xee, 0x32, 0xef, 0x3a,
    0x0f, 0x3b, 0xee, 0x32, 0xef, 0x3a, 0x0f, 0x3b, 0xee, 0x32, 0x0f, 0x3b,
    0x0f, 0x3b, 0xee, 0x32, 0xef, 0x3a, 0x0f, 0x3b, 0xee, 0x32, 0xef, 0x3a,
    0x0f, 0x3b, 0xee, 0x32, 0x0f, 0x3b, 0x0f, 0x3b, 0xee, 0x32, 0x0f, 0x3b,
    0xef, 0x3a, 0x0e, 0x33, 0xef, 0x3a, 0x0f, 0x3b, 0x0e, 0x33, 0xef, 0x3a,
    0x0f, 0x3b, 0x0e, 0x33, 0xef, 0x3a, 0x0f, 0x3b, 0x0e, 0x33, 0xef, 0x3a,
    0x0f, 0x3b, 0xee, 0x32, 0x0f, 0x3b, 0x0f, 0x3b, 0xee, 0x32, 0xef, 0x3a,
    0x0f, 0x3b, 0xee, 0x32, 0xef, 0x3a, 0x0f, 0x3b, 0xee, 0x32, 0x0f, 0x3b,
    0x0f, 0x3b, 0xee, 0x32, 0xef, 0x3a, 0x0f, 0x3b, 0xee, 0x32, 0xef, 0x3a,
    0x0f, 0x3b, 0xee, 0x32, 0x0f, 0x3b, 0x0f, 0x3b, 0xee, 0x32, 0x0f, 0x3b,
    0xef, 0x3a, 0x0e, 0x33, 0xef, 0x3a, 0x0f, 0x3b, 0x0e, 0x33, 0xef, 0x3a,
    0x0f, 0x3b, 0x0e, 0x33, 0xef, 0x3a, 0x0f, 0x3b, 0x0e, 0x33, 0xef, 0x3a,
    0x0f, 0x3b, 0xee, 0x32, 0x0f, 0x3b, 0x0f, 0x3b, 0xee, 0x32, 0xef, 0x3a,
    0x0f, 0x3b, 0xee, 0x32, 0xef, 0x3a, 0x0f, 0x3b, 0xee, 0x32, 0x0f, 0x3b,
    0x0f, 0x3b, 0xee, 0x32, 0xef, 0x3a, 0x0f, 0x3b, 0xee, 0x32, 0xef, 0x3a,
    0x0f, 0x3b, 0xee, 0x32, 0x0f, 0x3b, 0x0f, 0x3b, 0xee, 0x32, 0x0f, 0x3b,
    0xef, 0x3a, 0x0e, 0x33, 0xef, 0x3a, 0x0f, 0x3b, 0x0e, 0x33, 0xef, 0x3a,
    0x0f, 0x3b, 0x0e, 0x33, 0xef, 0x3a, 0x0f, 0x3b, 0x0e, 0x33, 0xef, 0x3a,
    0x0f, 0x3b, 0xee, 0x32, 0x0f, 0x3b, 0x0f, 0x3b, 0xee, 0x32, 0xef, 0x3a,
    0x0e, 0x33, 0xee, 0x32, 0xef, 0x3a, 0x0e, 0x33, 0xef, 0x3a, 0x0f, 0x3b,
    0x0e, 0x33, 0xef, 0x3a, 0xee, 0x32, 0x0e, 0x33, 0xef, 0x3a, 0xef, 0x3a,
    0x0e, 0x33, 0xef, 0x3a, 0x0f, 0x3b, 0x0e, 0x33, 0xef, 0x3a, 0x0f, 0x3b,
    0xee, 0x32, 0x0e, 0x33, 0xee, 0x32, 0x0f, 0x3b, 0x0e, 0x33, 0xef, 0x3a,
    0x0f, 0x3b, 0x0e, 0x33, 0xef, 0x3a, 0x0e, 0x33, 0x0e, 0x33, 0xef, 0x3a,
    0x0f, 0x3b, 0xee, 0x32, 0x0f, 0x3b, 0x0f, 0x3b, 0xee, 0x32, 0xef, 0x3a,
    0x0e, 0x33, 0xef, 0x3a, 0xee, 0x32, 0x0f, 0x3b, 0xee, 0x32, 0x0e, 0x33,
    0x0f, 0x3b, 0xef, 0x3a, 0xee, 0x32, 0x0f, 0x3b, 0xee, 0x32, 0xee, 0x32,
    0x0f, 0x3b, 0xee, 0x32, 0xef, 0x3a, 0x0f, 0x3b, 0xee, 0x32, 0x0f, 0x3b,
    0xee, 0x32, 0xee, 0x32, 0x0f, 0x3b, 0x0e, 0x33, 0xee, 0x32, 0x0f, 0x3b,
    0x0f, 0x3b, 0xee, 0x32, 0xef, 0x3a, 0x0e, 0x33, 0xee, 0x32, 0x0f, 0x3b,
    0x0e, 0x33, 0xef, 0x3a, 0x0f, 0x3b, 0xee, 0x32, 0x0f, 0x3b, 0xef, 0x3a,
    0x0e, 0x33, 0x0f, 0x3b, 0xef, 0x3a, 0xee, 0x32, 0x0f, 0x3b, 0xee, 0x32,
    0xee, 0x32, 0x0f, 0x3b, 0xef, 0x3a, 0x0e, 0x33, 0x0e, 0x33, 0xef, 0x3a,
    0xee, 0x32, 0x0e, 0x33, 0xef, 0x3a, 0xee, 0x32, 0x0f, 0x3b, 0x0e, 0x33,
    0xee, 0x32, 0x0f, 0x3b, 0xee, 0x32, 0x0f, 0x3b, 0xee, 0x32, 0xef, 0x3a,
    0x0f, 0x3b, 0xee, 0x32, 0x0f, 0x3b, 0xef, 0x3a, 0xee, 0x32, 0x0f, 0x3b,
    0xef, 0x3a, 0x0e, 0x33, 0x0f, 0x3b, 0xee, 0x32, 0xee, 0x32, 0x0f, 0x3b,
    0xee, 0x32, 0xee, 0x32, 0x0f, 0x3b, 0x0e, 0x33, 0xef, 0x3a, 0xee, 0x32,
    0x0e, 0x33, 0x0f, 0x3b, 0xee, 0x32, 0x0f, 0x3b, 0x0e, 0x33, 0xee, 0x32,
    0x0e, 0x33, 0xef, 0x3a, 0x0e, 0x33, 0x0f, 0x3b, 0xee, 0x32, 0xee, 0x32,
    0x0f, 0x3b, 0x0e, 0x33, 0xee, 0x32, 0x0f, 0x3b, 0x0e, 0x33, 0xee, 0x32,
    0xef, 0x3a, 0x0e, 0x33, 0x0f, 0x3b, 0xee, 0x32, 0x0e, 0x33, 0x0f, 0x3b,
    0xee, 0x32, 0x0e, 0x33, 0xef, 0x3a, 0xee, 0x32, 0x0e, 0x33, 0x0f, 0x3b,
    0xef, 0x3a, 0x0e, 0x33, 0xee, 0x32, 0xef, 0x3a, 0x0e, 0x33, 0xee, 0x32,
    0x0f, 0x3b, 0xef, 0x3a, 0x0e, 0x33, 0xee, 0x32, 0xef, 0x3a, 0x0e, 0x33,
    0xee, 0x32, 0x0f, 0x3b, 0x0f, 0x3b, 0xee, 0x32, 0x0f, 0x3b, 0xee, 0x32,
    0xef, 0x3a, 0x0e, 0x33, 0xef, 0x3a, 0x0f, 0x3b, 0x0e, 0x33, 0xef, 0x3a,
    0x0f, 0x3b, 0xee, 0x32, 0xee, 0x32, 0x0f, 0x3b, 0x0e, 0x33, 0xee, 0x32,
    0x0f, 0x3b, 0x0e, 0x33, 0xef, 0x3a, 0xef, 0x3a, 0x0e, 0x33, 0xee, 0x32,
    0xef, 0x3a, 0x0f, 0x3b, 0xee, 0x32, 0x0f, 0x3b, 0x0e, 0x33, 0xee, 0x32,
    0x0f, 0x3b, 0xef, 0x3a, 0xee, 0x32, 0x0e, 0x33, 0x0f, 0x3b, 0xee, 0x32,
    0x0f, 0x3b, 0xee, 0x32, 0x0f, 0x3b, 0xee, 0x32, 0x0e, 0x33, 0xef, 0x3a,
    0x0f, 0x3b, 0x0e, 0x33, 0xef, 0x3a, 0xee, 0x32, 0x0f, 0x3b, 0xee, 0x32,
    0xee, 0x32, 0x0f, 0x3b, 0xee, 0x32, 0x0e, 0x33, 0x0f, 0x3b, 0xee, 0x32,
    0x0e, 0x33, 0x0f, 0x3b, 0xef, 0x3a, 0xee, 0x32, 0x0f, 0x3b, 0xef, 0x3a,
    0xee, 0x32, 0x0f, 0x3b, 0xee, 0x32, 0xef, 0x3a, 0x0e, 0x33, 0x0f, 0x3b,
    0xee, 0x32, 0x0e, 0x33, 0xef, 0x3a, 0xee, 0x32, 0x0f, 0x3b, 0xee, 0x32,
    0x0e, 0x33, 0xef, 0x3a, 0x0f, 0x3b, 0xee, 0x32, 0xee, 0x32, 0x0f, 0x3b,
    0xee, 0x32, 0xef, 0x3a, 0x0f, 0x3b, 0x0e, 0x33, 0xee, 0x32, 0x0f, 0x3b,
    0x0e, 0x33, 0xee, 0x32, 0x0f, 0x3b, 0x0e, 0x33, 0xee, 0x32, 0x0f, 0x3b,
    0xee, 0x32, 0xee, 0x32, 0x0f, 0x3b, 0xee, 0x32, 0xef, 0x3a, 0x0f, 0x3b,
    0x0e, 0x33, 0xef, 0x3a, 0x0f, 0x3b, 0x0e, 0x33, 0xee, 0x32, 0x0f, 0x3b,
    0xee, 0x32, 0xee, 0x32, 0x0f, 0x3b, 0x0e, 0x33, 0xef, 0x3a, 0x0f, 0x3b,
    0x0e, 0x33, 0xee, 0x32, 0xef, 0x3a, 0x0e, 0x33, 0x0e, 0x33, 0xef, 0x3a,
    0x0e, 0x33, 0x0e, 0x33, 0xef, 0x3a, 0xee, 0x32, 0xee, 0x32, 0x0f, 0x3b,
    0x0e, 0x33, 0xef, 0x3a, 0x0e, 0x33, 0x0e, 0x33, 0xef, 0x3a, 0x0e, 0x33,
    0x0e, 0x33, 0xef, 0x3a, 0x0e, 0x33, 0xee, 0x32, 0xef, 0x3a, 0x0e, 0x33,
    0xee, 0x32, 0x0f, 0x3b, 0xee, 0x32, 0x0e, 0x33, 0xef, 0x3a, 0x0e, 0x33,
    0x0e, 0x33, 0xef, 0x3a, 0xee, 0x32, 0xee, 0x32, 0x0f, 0x3b, 0xee, 0x32,
    0x0e, 0x33, 0x0f, 0x3b, 0xee, 0x32, 0xee, 0x32, 0x0f, 0x3b, 0xee, 0x32,
    0xee, 0x32, 0x0f, 0x3b, 0xee, 0x32, 0xee, 0x32, 0x0f, 0x3b, 0xee, 0x32,
    0xee, 0x32, 0x0f, 0x3b, 0xee, 0x32, 0xee, 0x32, 0x0f, 0x3b, 0x0e, 0x33,
    0xee, 0x32, 0x0f, 0x3b, 0x0e, 0x33, 0xee, 0x32, 0x0f, 0x3b, 0xee, 0x32,
    0xee, 0x32, 0x0f, 0x3b, 0xee, 0x32, 0x0e, 0x33, 0x0f, 0x3b, 0xee, 0x32,
    0xee, 0x32, 0x0f, 0x3b, 0x0e, 0x33, 0xee, 0x32, 0xef, 0x3a, 0x0e, 0x33,
    0xee, 0x32, 0xef, 0x3a, 0x0e, 0x33, 0x0e, 0x33, 0xef, 0x3a, 0x0e, 0x33,
    0xee, 0x32, 0xef, 0x3a, 0x0e, 0x33, 0x0e, 0x33, 0xef, 0x3a, 0x0e, 0x33,
    0xee, 0x32, 0xef, 0x3a, 0x0e, 0x33, 0x0e, 0x33, 0xef, 0x3a, 0x0e, 0x33,
    0xee, 0x32, 0xef, 0x3a, 0x0e, 0x33, 0x0e, 0x33, 0xef, 0x3a, 0x0e, 0x33,
    0xee, 0x32, 0x0f, 0x3b, 0x0e, 0x33, 0xee, 0x32, 0x0f, 0x3b, 0x0e, 0x33,
    0xee, 0x32, 0xef, 0x3a, 0x0e, 0x33, 0xee, 0x32, 0xef, 0x3a, 0x0e, 0x33,
    0x0e, 0x33, 0xef, 0x3a, 0x0e, 0x33, 0x0e, 0x33, 0xef, 0x3a, 0x0e, 0x33,
    0xee, 0x32, 0xef, 0x3a, 0x0e, 0x33, 0xee, 0x32, 0xef, 0x3a, 0x0e, 0x33,
    0xee, 0x32, 0xef, 0x3a, 0x0e, 0x33, 0xee, 0x32, 0xef, 0x3a, 0x0e, 0x33,
    0x0e, 0x33, 0xef, 0x3a, 0x0e, 0x33, 0xee, 0x32, 0x0f, 0x3b, 0xee, 0x32,
    0x0e, 0x33, 0xef, 0x3a, 0xee, 0x32, 0x0e, 0x33, 0xef, 0x3a, 0x0e, 0x33,
    0xee, 0x32, 0x0f, 0x3b, 0xee, 0x32, 0xee, 0x32, 0x0f, 0x3b, 0x0e, 0x33,
    0xee, 0x32, 0x0f, 0x3b, 0xee, 0x32, 0xee, 0x32, 0x0f, 0x3b, 0xee, 0x32,
    0x0e, 0x33, 0xef, 0x3a, 0xee, 0x32, 0x0e, 0x33, 0xef, 0x3a, 0xee, 0x32,
    0x0e, 0x33, 0x0f, 0x3b, 0xee, 0x32, 0x0e, 0x33, 0x0f, 0x3b, 0xee, 0x32,
    0x0e, 0x33, 0xef, 0x3a, 0xee, 0x32, 0x0e, 0x33, 0x0f, 0x3b, 0xee, 0x32,
    0x0e, 0x33, 0x0f, 0x3b, 0xee, 0x32, 0x0e, 0x33, 0xef, 0x3a, 0xee, 0x32,
    0x0e, 0x33, 0x0f, 0x3b, 0xee, 0x32, 0x0e, 0x33, 0xef, 0x3a, 0x0e, 0x33,
    0xee, 0x32, 0xef, 0x3a, 0x0e, 0x33, 0xee, 0x32, 0x0f, 0x3b, 0x0e, 0x33,
    0xee, 0x32, 0x0f, 0x3b, 0x0e, 0x33, 0xee, 0x32, 0x0f, 0x3b, 0xee, 0x32,
    0x0e, 0x33, 0x0f, 0x3b, 0x0e, 0x33, 0xee, 0x32, 0x0f, 0x3b, 0x0e, 0x33,
    0xee, 0x32, 0x0f, 0x3b, 0x0e, 0x33, 0xee, 0x32, 0x0f, 0x3b, 0x0e, 0x33,
    0xee, 0x32, 0xef, 0x3a, 0x0e, 0x33, 0xee, 0x32, 0xef, 0x3a, 0x0e, 0x33,
    0x0e, 0x33, 0xef, 0x3a, 0xee, 0x32, 0x0e, 0x33, 0xef, 0x3a, 0x0e, 0x33,
    0x0e, 0x33, 0xef, 0x3a, 0xee, 0x32, 0x0e, 0x33, 0xef, 0x3a, 0x0e, 0x33,
    0x0e, 0x33, 0xef, 0x3a, 0xee, 0x32, 0x0e, 0x33, 0xef, 0x3a, 0x0e, 0x33,
    0xee, 0x32, 0x0f, 0x3b, 0x0e, 0x33, 0xee, 0x32, 0x0f, 0x3b, 0xee, 0x32,
    0xee, 0x32, 0x0f, 0x3b, 0xee, 0x32, 0x0e, 0x33, 0xef, 0x3a, 0x0e, 0x33,
    0x0e, 0x33, 0xef, 0x3a, 0x0e, 0x33, 0x0e, 0x33, 0xef, 0x3a, 0x0e, 0x33,
    0xee, 0x32, 0xef, 0x3a, 0x0e, 0x33, 0x0e, 0x33, 0xef, 0x3a, 0x0e, 0x33,
    0x0e, 0x33, 0xef, 0x3a, 0x0e, 0x33, 0xee, 0x32, 0xef, 0x3a, 0x0e, 0x33,
    0xee, 0x32, 0xef, 0x3a, 0x0e, 0x33, 0x0e, 0x33, 0xef, 0x3a, 0x0e, 0x33,
    0x0e, 0x33, 0xef, 0x3a, 0xee, 0x32, 0x0e, 0x33, 0xef, 0x3a, 0xee, 0x32,
    0x0e, 0x33, 0xef, 0x3a, 0x0e, 0x33, 0x0e, 0x33, 0xef, 0x3a, 0xee, 0x32,
    0x0e, 0x33, 0xef, 0x3a, 0xee, 0x32, 0x0e, 0x33, 0x0f, 0x3b, 0xee, 0x32,
    0x0e, 0x33, 0xef, 0x3a, 0xee, 0x32, 0x0e, 0x33, 0x0f, 0x3b, 0xee, 0x32,
    0x0e, 0x33, 0x0f, 0x3b, 0xee, 0x32, 0xee, 0x32, 0x0f, 0x3b, 0xee, 0x32,
    0xee, 0x32, 0x0f, 0x3b, 0xee, 0x32, 0x0e, 0x33, 0x0f, 0x3b, 0xee, 0x32,
    0x0e, 0x33, 0x0f, 0x3b, 0xee, 0x32, 0xee, 0x32, 0x0f, 0x3b, 0xee, 0x32,
    0x0e, 0x33, 0xef, 0x3a, 0x0e, 0x33, 0x0e, 0x33, 0xef, 0x3a, 0x0e, 0x33,
    0x0e, 0x33, 0xef, 0x3a, 0xee, 0x32, 0x0e, 0x33, 0xef, 0x3a, 0x0e, 0x33,
    0x0e, 0x33, 0xef, 0x3a, 0xee, 0x32, 0x0e, 0x33, 0xef, 0x3a, 0xee, 0x32,
    0x0e, 0x33, 0xef, 0x3a, 0x0e, 0x33, 0x0e, 0x33, 0xef, 0x3a, 0x0e, 0x33,
    0xee, 0x32, 0xef, 0x3a, 0x0e, 0x33, 0xee, 0x32, 0x0f, 0x3b, 0xee, 0x32,
    0xee, 0x32, 0x0f, 0x3b, 0x0e, 0x33, 0xee, 0x32, 0x0f, 0x3b, 0xee, 0x32,
    0xee, 0x32, 0x0f, 0x3b, 0x0e, 0x33, 0xee, 0x32, 0x0f, 0x3b, 0x0e, 0x33,
    0xee, 0x32, 0x0f, 0x3b, 0xee, 0x32, 0xee, 0x32, 0x0f, 0x3b, 0x0e, 0x33,
    0xee, 0x32, 0x0f, 0x3b, 0x0e, 0x33, 0x0e, 0x33, 0xef, 0x3a, 0x0e, 0x33,
    0x0e, 0x33, 0xef, 0x3a, 0xee, 0x32, 0x0e, 0x33, 0x0f, 0x3b, 0xee, 0x32,
    0x0e, 0x33, 0x0f, 0x3b, 0xee, 0x32, 0xee, 0x32, 0x0f, 0x3b, 0x0e, 0x33,
    0xee, 0x32, 0x0f, 0x3b, 0x0e, 0x33, 0xee, 0x32, 0x0f, 0x3b, 0xee, 0x32,
    0xee, 0x32, 0x0f, 0x3b, 0xee, 0x32, 0xee, 0x32, 0x0f, 0x3b, 0x0e, 0x33,
    0xee, 0x32, 0x0f, 0x3b, 0xee, 0x32, 0xee, 0x32, 0x0f, 0x3b, 0x0e, 0x33,
    0xee, 0x32, 0x0f, 0x3b, 0x0e, 0x33, 0xee, 0x32, 0x0f, 0x3b, 0xee, 0x32,
    0xee, 0x32, 0x0f, 0x3b, 0x0e, 0x33, 0xee, 0x32, 0x0f, 0x3b, 0xee, 0x32,
    0x0e, 0x33, 0x0f, 0x3b, 0xee, 0x32, 0xee, 0x32, 0x0f, 0x3b, 0xee, 0x32,
    0x0e, 0x33, 0xef, 0x3a, 0x0e, 0x33, 0xee, 0x32, 0xef, 0x3a, 0x0e, 0x33,
    0xee, 0x32, 0xef, 0x3a, 0x0e, 0x33, 0xee, 0x32, 0xef, 0x3a, 0x0e, 0x33,
    0xee, 0x32, 0x0f, 0x3b, 0xee, 0x32, 0x0e, 0x33, 0xef, 0x3a, 0x0e, 0x33,
    0xee, 0x32, 0x0f, 0x3b, 0xee, 0x32, 0x0e, 0x33, 0x0f, 0x3b, 0xee, 0x32,
    0xee, 0x32, 0x0f, 0x3b, 0x0e, 0x33, 0xee, 0x32, 0x0f, 0x3b, 0xee, 0x32,
    0x0e, 0x33, 0x0f, 0x3b, 0xee, 0x32, 0xee, 0x32, 0x0f, 0x3b, 0xee, 0x32,
    0x0e, 0x33, 0xef, 0x3a, 0x0e, 0x33, 0xee, 0x32, 0xef, 0x3a, 0x0e, 0x33,
    0xee, 0x32, 0xef, 0x3a, 0x0e, 0x33, 0xee, 0x32, 0xef, 0x3a, 0x0e, 0x33,
    0xee, 0x32, 0x0f, 0x3b, 0xee, 0x32, 0x0e, 0x33, 0xef, 0x3a, 0x0e, 0x33,
    0xee, 0x32, 0x0f, 0x3b, 0xee, 0x32, 0x0e, 0x33, 0x0f, 0x3b, 0xee, 0x32,
    0xee, 0x32, 0x0f, 0x3b, 0x0e, 0x33, 0xee, 0x32, 0x0f, 0x3b, 0xee, 0x32,
    0x0e, 0x33, 0x0f, 0x3b, 0xee, 0x32, 0xee, 0x32, 0x0f, 0x3b, 0xee, 0x32,
    0x0e, 0x33, 0xef, 0x3a, 0x0e, 0x33, 0xee, 0x32, 0xef, 0x3a, 0x0e, 0x33,
    0xee, 0x32, 0xef, 0x3a, 0x0e, 0x33, 0xee, 0x32, 0xef, 0x3a, 0x0e, 0x33,
    0xee, 0x32, 0x0f, 0x3b, 0xee, 0x32, 0x0e, 0x33, 0xef, 0x3a, 0x0e, 0x33,
    0xee, 0x32, 0x0f, 0x3b, 0xee, 0x32, 0x0e, 0x33, 0x0f, 0x3b, 0xee, 0x32,
    0xee, 0x32, 0x0f, 0x3b, 0x0e, 0x33, 0xee, 0x32, 0x0f, 0x3b, 0xee, 0x32,
    0x0e, 0x33, 0x0f, 0x3b, 0xee, 0x32, 0xee, 0x32, 0x0f, 0x3b, 0xee, 0x32,
    0x0e, 0x33, 0xef, 0x3a, 0x0e, 0x33, 0xee, 0x32, 0xef, 0x3a, 0x0e, 0x33,
    0xee, 0x32, 0xef, 0x3a, 0x0e, 0x33, 0xee, 0x32, 0xef, 0x3a, 0x0e, 0x33,
    0xee, 0x32, 0x0f, 0x3b, 0xee, 0x32, 0x0e, 0x33, 0xef, 0x3a, 0x0e, 0x33,
    0xef, 0x3a, 0x0f, 0x3b, 0xee, 0x32, 0x0f, 0x3b, 0x0e, 0x33, 0xee, 0x32,
    0xef, 0x3a, 0x0e, 0x33, 0x0f, 0x3b, 0xef, 0x3a, 0x0e, 0x33, 0xee, 0x32,
    0x0f, 0x3b, 0x0e, 0x33, 0xee, 0x32, 0xef, 0x3a, 0x0e, 0x33, 0xee, 0x32,
    0x0f, 0x3b, 0xef, 0x3a, 0x0e, 0x33, 0xef, 0x3a, 0xef, 0x3a, 0x0e, 0x33,
    0xee, 0x32, 0xef, 0x3a, 0x0e, 0x33, 0xef, 0x3a, 0xef, 0x3a, 0x0e, 0x33,
    0xee, 0x32, 0x0f, 0x3b, 0xee, 0x32, 0x0e, 0x33, 0xef, 0x3a, 0x0e, 0x33,
    0xef, 0x3a, 0x0e, 0x33, 0xef, 0x3a, 0x0e, 0x33, 0x0f, 0x3b, 0xef, 0x3a,
    0xee, 0x32, 0x0f, 0x3b, 0x0e, 0x33, 0xee, 0x32, 0x0f, 0x3b, 0xef, 0x3a,
    0x0e, 0x33, 0x0f, 0x3b, 0xee, 0x32, 0x0e, 0x33, 0x0f, 0x3b, 0xee, 0x32,
    0x0f, 0x3b, 0xef, 0x3a, 0x0e, 0x33, 0xef, 0x3a, 0x0f, 0x3b, 0xee, 0x32,
    0xee, 0x32, 0x0f, 0x3b, 0xee, 0x32, 0x0f, 0x3b, 0x0f, 0x3b, 0xee, 0x32,
    0xef, 0x3a, 0x0e, 0x33, 0xee, 0x32, 0x0e, 0x33, 0x0f, 0x3b, 0xee, 0x32,
    0x0e, 0x33, 0xef, 0x3a, 0xee, 0x32, 0x0f, 0x3b, 0x0e, 0x33, 0xef, 0x3a,
    0x0f, 0x3b, 0x0e, 0x33, 0xef, 0x3a, 0xee, 0x32, 0x0f, 0x3b, 0xef, 0x3a,
    0x0e, 0x33, 0xef, 0x3a, 0x0f, 0x3b, 0x0e, 0x33, 0xef, 0x3a, 0xee, 0x32,
    0x0e, 0x33, 0xef, 0x3a, 0xef, 0x3a, 0x0e, 0x33, 0x0f, 0x3b, 0xee, 0x32,
    0x0e, 0x33, 0x0f, 0x3b, 0xee, 0x32, 0x0e, 0x33, 0xef, 0x3a, 0x0e, 0x33,
    0x0e, 0x33, 0xef, 0x3a, 0xee, 0x32, 0x0f, 0x3b, 0xef, 0x3a, 0x0e, 0x33,
    0x0f, 0x3b, 0xef, 0x3a, 0x0e, 0x33, 0xef, 0x3a, 0xee, 0x32, 0x0f, 0x3b,
    0xee, 0x32, 0xef, 0x3a, 0x0e, 0x33, 0xef, 0x3a, 0xee, 0x32, 0x0f, 0x3b,
    0xef, 0x3a, 0xee, 0x32, 0xef, 0x3a, 0x0e, 0x33, 0xef, 0x3a, 0xee, 0x32,
    0x0f, 0x3b, 0xef, 0x3a, 0x0e, 0x33, 0xef, 0x3a, 0x0e, 0x33, 0xef, 0x3a,
    0x0f, 0x3b, 0x0e, 0x33, 0xef, 0x3a, 0xee, 0x32, 0x0f, 0x3b, 0xef, 0x3a,
    0xee, 0x32, 0x0f, 0x3b, 0xef, 0x3a, 0x0e, 0x33, 0x0f, 0x3b, 0xef, 0x3a,
    0xee, 0x32, 0x0f, 0x3b, 0x0f, 0x3b, 0xee, 0x32, 0x0f, 0x3b, 0xef, 0x3a,
    0x0e, 0x33, 0x0e, 0x33, 0xef, 0x3a, 0x0e, 0x33, 0x0f, 0x3b, 0xef, 0x3a,
    0x0e, 0x33, 0xef, 0x3a, 0xee, 0x32, 0x0e, 0x33, 0xef, 0x3a, 0x0e, 0x33,
    0x0f, 0x3b, 0xef, 0x3a, 0x0e, 0x33, 0xee, 0x32, 0xef, 0x3a, 0x0e, 0x33,
    0xee, 0x32, 0x0f, 0x3b, 0x0f, 0x3b, 0xee, 0x32, 0xef, 0x3a, 0x0f, 0x3b,
    0xee, 0x32, 0xef, 0x3a, 0x0e, 0x33, 0xee, 0x32, 0x0f, 0x3b, 0xee, 0x32,
    0x0f, 0x3b, 0x0e, 0x33, 0xef, 0x3a, 0x0e, 0x33, 0xef, 0x3a, 0xef, 0x3a,
    0x0e, 0x33, 0x0e, 0x33, 0xef, 0x3a, 0x0e, 0x33, 0x0f, 0x3b, 0xee, 0x32,
    0xef, 0x3a, 0x0f, 0x3b, 0x0e, 0x33, 0xef, 0x3a, 0xef, 0x3a, 0x0e, 0x33,
    0xef, 0x3a, 0x0e, 0x33, 0xee, 0x32, 0x0f, 0x3b, 0xee, 0x32, 0x0f, 0x3b,
    0x0f, 0x3b, 0xee, 0x32, 0x0f, 0x3b, 0xee, 0x32, 0xef, 0x3a, 0x0f, 0x3b,
    0xee, 0x32, 0xef, 0x3a, 0x0e, 0x33, 0xee, 0x32, 0xef, 0x3a, 0x0e, 0x33,
    0xee, 0x32, 0x0f, 0x3b, 0x0f, 0x3b, 0xee, 0x32, 0x0f, 0x3b, 0xee, 0x32,
    0x0f, 0x3b, 0xef, 0x3a, 0x0e, 0x33, 0x0f, 0x3b, 0xee, 0x32, 0x0f, 0x3b,
    0xef, 0x3a, 0x0e, 0x33, 0xee, 0x32, 0x0f, 0x3b, 0x0e, 0x33, 0xef, 0x3a,
    0x0f, 0x3b, 0x0e, 0x33, 0xee, 0x32, 0xef, 0x3a, 0x0e, 0x33, 0xef, 0x3a,
    0x0f, 0x3b, 0xee, 0x32, 0x0f, 0x3b, 0xef, 0x3a, 0xee, 0x32, 0x0f, 0x3b,
    0xee, 0x32, 0x0f, 0x3b, 0x0f, 0x3b, 0xee, 0x32, 0x0f, 0x3b, 0x0e, 0x33,
    0xee, 0x32, 0x0f, 0x3b, 0xee, 0x32, 0xee, 0x32, 0x0f, 0x3b, 0xee, 0x32,
    0x0f, 0x3b, 0x0f, 0x3b, 0xee, 0x32, 0xef, 0x3a, 0x0e, 0x33, 0xee, 0x32,
    0xef, 0x3a, 0x0f, 0x3b, 0xee, 0x32, 0x0f, 0x3b, 0xef, 0x3a, 0xee, 0x32,
    0x0f, 0x3b, 0xef, 0x3a, 0xee, 0x32, 0x0f, 0x3b, 0x0f, 0x3b, 0xee, 0x32,
    0x0f, 0x3b, 0xee, 0x32, 0xef, 0x3a, 0x0e, 0x33, 0xef, 0x3a, 0xef, 0x3a,
    0x0e, 0x33, 0xef, 0x3a, 0xef, 0x3a, 0x0e, 0x33, 0x0f, 0x3b, 0xef, 0x3a,
    0x0e, 0x33, 0xef, 0x3a, 0x0f, 0x3b, 0xee, 0x32, 0x0f, 0x3b, 0xef, 0x3a,
    0xee, 0x32, 0x0f, 0x3b, 0x0f, 0x3b, 0xee, 0x32, 0x0f, 0x3b, 0x0f, 0x3b,
    0xee, 0x32, 0xef, 0x3a, 0x0f, 0x3b, 0xee, 0x32, 0x0f, 0x3b, 0x0f, 0x3b,
    0xee, 0x32, 0x0f, 0x3b, 0x0f, 0x3b, 0xee, 0x32, 0x0f, 0x3b, 0x0f, 0x3b,
    0xee, 0x32, 0x0f, 0x3b, 0x0f, 0x3b, 0xee, 0x32, 0x0f, 0x3b, 0xef, 0x3a,
    0x0e, 0x33, 0xef, 0x3a, 0xef, 0x3a, 0x0e, 0x33, 0xef, 0x3a, 0x0f, 0x3b,
    0x0e, 0x33, 0xef, 0x3a, 0x0f, 0x3b, 0xee, 0x32, 0xef, 0x3a, 0x0f, 0x3b,
    0x0e, 0x33, 0xef, 0x3a, 0x0f, 0x3b, 0xee, 0x32, 0x0f, 0x3b, 0xef, 0x3a,
    0x0e, 0x33, 0x0f, 0x3b, 0xef, 0x3a, 0xee, 0x32, 0x0f, 0x3b, 0xef, 0x3a,
    0xee, 0x32, 0x0f, 0x3b, 0x0f, 0x3b, 0xee, 0x32, 0xef, 0x3a, 0x0f, 0x3b,
    0xee, 0x32, 0x0f, 0x3b, 0x0f, 0x3b, 0xee, 0x32, 0x0f, 0x3b, 0xef, 0x3a,
    0x0e, 0x33, 0xef, 0x3a, 0x0f, 0x3b, 0xee, 0x32, 0xef, 0x3a, 0x0f, 0x3b,
    0xee, 0x32, 0xef, 0x3a, 0x0f, 0x3b, 0xee, 0x32, 0xef, 0x3a, 0x0f, 0x3b,
    0xee, 0x32, 0x0f, 0x3b, 0xef, 0x3a, 0x0e, 0x33, 0x0f, 0x3b, 0xef, 0x3a,
    0xee, 0x32, 0x0f, 0x3b, 0xef, 0x3a, 0xee, 0x32, 0x0f, 0x3b, 0xef, 0x3a,
    0x0e, 0x33, 0x0f, 0x3b, 0xef, 0x3a, 0x0e, 0x33, 0x0f, 0x3b, 0xef, 0x3a,
    0x0e, 0x33, 0x0f, 0x3b, 0xef, 0x3a, 0x0e, 0x33, 0x0f, 0x3b, 0xef, 0x3a,
    0x0e, 0x33, 0xef, 0x3a, 0xef, 0x3a, 0x0e, 0x33, 0xef, 0x3a, 0x0f, 0x3b,
    0x0e, 0x33, 0xef, 0x3a, 0x0f, 0x3b, 0x0e, 0x33, 0xef, 0x3a, 0x0f, 0x3b,
    0xee, 0x32, 0xef, 0x3a, 0x0f, 0x3b, 0xee, 0x32, 0x0f, 0x3b, 0xef, 0x3a,
    0x0e, 0x33, 0xef, 0x3a, 0x0f, 0x3b, 0x0e, 0x33, 0xef, 0x3a, 0x0f, 0x3b,
    0xee, 0x32, 0x0f, 0x3b, 0xef, 0x3a, 0x0e, 0x33, 0x0f, 0x3b, 0xef, 0x3a,
    0x0e, 0x33, 0x0f, 0x3b, 0xef, 0x3a, 0xee, 0x32, 0x0f, 0x3b, 0xef, 0x3a,
    0xee, 0x32, 0x0f, 0x3b, 0x0f, 0x3b, 0xee, 0x32, 0xef, 0x3a, 0x0f, 0x3b,
    0xee, 0x32, 0x0f, 0x3b, 0xef, 0x3a, 0x0e, 0x33, 0x0f, 0x3b, 0xef, 0x3a,
    0x0e, 0x33, 0xef, 0x3a, 0xef, 0x3a, 0x0e, 0x33, 0xef, 0x3a, 0x0f, 0x3b,
    0x0e, 0x33, 0xef, 0x3a, 0x0f, 0x3b, 0x0e, 0x33, 0xef, 0x3a, 0xef, 0x3a,
    0x0e, 0x33, 0xef, 0x3a, 0xef, 0x3a, 0x0e, 0x33, 0xef, 0x3a, 0xef, 0x3a,
    0x0e, 0x33, 0xef, 0x3a, 0xef, 0x3a, 0x0e, 0x33, 0xef, 0x3a, 0xef, 0x3a,
    0x0e, 0x33, 0xef, 0x3a, 0xef, 0x3a, 0x0e, 0x33, 0xef, 0x3a, 0xef, 0x3a,
    0x0e, 0x33, 0x0f, 0x3b, 0xef, 0x3a, 0x0e, 0x33, 0x0f, 0x3b, 0xef, 0x3a,
    0xee, 0x32, 0x0f, 0x3b, 0xef, 0x3a, 0x0e, 0x33, 0x0f, 0x3b, 0xef, 0x3a,
    0xee, 0x32, 0x0f, 0x3b, 0xef, 0x3a, 0x0e, 0x33, 0x0f, 0x3b, 0xef, 0x3a,
    0xee, 0x32, 0x0f, 0x3b, 0xef, 0x3a, 0x0e, 0x33, 0x0f, 0x3b, 0xef, 0x3a,
    0xee, 0x32, 0x0f, 0x3b, 0xef, 0x3a, 0xee, 0x32, 0x0f, 0x3b, 0x0f, 0x3b,
    0xee, 0x32, 0x0f, 0x3b, 0x0f, 0x3b, 0xee, 0x32, 0x0f, 0x3b, 0xef, 0x3a,
    0xee, 0x32, 0x0f, 0x3b, 0xef, 0x3a, 0x0e, 0x33, 0xef, 0x3a, 0xef, 0x3a,
    0x0e, 0x33, 0x0f, 0x3b, 0xef, 0x3a, 0x0e, 0x33, 0xef, 0x3a, 0xef, 0x3a,
    0x0e, 0x33, 0xef, 0x3a, 0xef, 0x3a, 0x0e, 0x33, 0x0f, 0x3b, 0xef, 0x3a,
    0x0e, 0x33, 0x0f, 0x3b, 0xef, 0x3a, 0xee, 0x32, 0x0f, 0x3b, 0xef, 0x3a,
    0xee, 0x32, 0x0f, 0x3b, 0x0f, 0x3b, 0xee, 0x32, 0x0f, 0x3b, 0x0f, 0x3b,
    0xee, 0x32, 0x0f, 0x3b, 0xef, 0x3a, 0xee, 0x32, 0x0f, 0x3b, 0x0f, 0x3b,
    0xee, 0x32, 0x0f, 0x3b, 0x0f, 0x3b, 0xee, 0x32, 0xef, 0x3a, 0x0f, 0x3b,
    0xee, 0x32, 0xef, 0x3a, 0x0f, 0x3b, 0x0e, 0x33, 0xef, 0x3a, 0xef, 0x3a,
    0x0e, 0x33, 0xef, 0x3a, 0xef, 0x3a, 0x0e, 0x33, 0x0f, 0x3b, 0xef, 0x3a,
    0x0e, 0x33, 0x0f, 0x3b, 0xef, 0x3a, 0x0e, 0x33, 0xef, 0x3a, 0xef, 0x3a,
    0x0e, 0x33, 0xef, 0x3a, 0xef, 0x3a, 0x0e, 0x33, 0x0f, 0x3b, 0xef, 0x3a,
    0x0e, 0x33, 0xef, 0x3a, 0xef, 0x3a, 0x0e, 0x33, 0xef, 0x3a, 0xef, 0x3a,
    0x0e, 0x33, 0xef, 0x3a, 0x0f, 0x3b, 0x0e, 0x33, 0xef, 0x3a, 0x0f, 0x3b,
    0xee, 0x32, 0xef, 0x3a, 0x0f, 0x3b, 0xee, 0x32, 0x0f, 0x3b, 0x0f, 0x3b,
    0xee, 0x32, 0x0f, 0x3b, 0xef, 0x3a, 0xee, 0x32, 0x0f, 0x3b, 0xef, 0x3a,
    0x0e, 0x33, 0x0f, 0x3b, 0xef, 0x3a, 0x0e, 0x33, 0x0f, 0x3b, 0xef, 0x3a,
    0x0e, 0x33, 0xef, 0x3a, 0xef, 0x3a, 0x0e, 0x33, 0xef, 0x3a, 0x0f, 0x3b,
    0x0e, 0x33, 0xef, 0x3a, 0x0f, 0x3b, 0xee, 0x32, 0xef, 0x3a, 0x0f, 0x3b,
    0xee, 0x32, 0xef, 0x3a, 0x0f, 0x3b, 0x0e, 0x33, 0xef, 0x3a, 0xef, 0x3a,
    0x0e, 0x33, 0xef, 0x3a, 0xef, 0x3a, 0x0e, 0x33, 0xef, 0x3a, 0xef, 0x3a,
    0x0e, 0x33, 0xef, 0x3a, 0x0f, 0x3b, 0x0e, 0x33, 0xef, 0x3a, 0xef, 0x3a,
    0x0e, 0x33, 0xef, 0x3a, 0xef, 0x3a, 0x0e, 0x33, 0x0f, 0x3b, 0xef, 0x3a,
    0xee, 0x32, 0x0f, 0x3b, 0xef, 0x3a, 0xee, 0x32, 0x0f, 0x3b, 0xef, 0x3a,
    0x0e, 0x33, 0x0f, 0x3b, 0xef, 0x3a, 0x0e, 0x33, 0x0f, 0x3b, 0xef, 0x3a,
    0xee, 0x32, 0x0f, 0x3b, 0xef, 0x3a, 0x0e, 0x33, 0xef, 0x3a, 0xef, 0x3a,
    0x0e, 0x33, 0xef, 0x3a, 0xef, 0x3a, 0x0e, 0x33, 0xef, 0x3a, 0x0f, 0x3b,
    0x0e, 0x33, 0xef, 0x3a, 0x0f, 0x3b, 0xee, 0x32, 0xef, 0x3a, 0x0f, 0x3b,
    0xee, 0x32, 0x0f, 0x3b, 0xef, 0x3a, 0x0e, 0x33, 0xef, 0x3a, 0x0f, 0x3b,
    0xee, 0x32, 0x0f, 0x3b, 0xef, 0x3a, 0x0e, 0x33, 0x0f, 0x3b, 0xef, 0x3a,
    0x0e, 0x33, 0x0f, 0x3b, 0xef, 0x3a, 0x0e, 0x33, 0x0f, 0x3b, 0xef, 0x3a,
    0x0e, 0x33, 0xef, 0x3a, 0x0f, 0x3b, 0xee, 0x32, 0x0f, 0x3b, 0xef, 0x3a,
    0xee, 0x32, 0x0f, 0x3b, 0x0f, 0x3b, 0xee, 0x32, 0x0f, 0x3b, 0xef, 0x3a,
    0x0e, 0x33, 0xef, 0x3a, 0x0f, 0x3b, 0xee, 0x32, 0xef, 0x3a, 0x0f, 0x3b,
    0xee, 0x32, 0x0f, 0x3b, 0xef, 0x3a, 0x0e, 0x33, 0xef, 0x3a, 0x0f, 0x3b,
    0xee, 0x32, 0x0f, 0x3b, 0xef, 0x3a, 0x0e, 0x33, 0x0f, 0x3b, 0xef, 0x3a,
    0x0e, 0x33, 0x0f, 0x3b, 0xef, 0x3a, 0x0e, 0x33, 0x0f, 0x3b, 0xef, 0x3a,
    0x0e, 0x33, 0xef, 0x3a, 0x0f, 0x3b, 0xee, 0x32, 0x0f, 0x3b, 0xef, 0x3a,
    0xee, 0x32, 0x0f, 0x3b, 0x0f, 0x3b, 0xee, 0x32, 0x0f, 0x3b, 0xef, 0x3a,
    0x0e, 0x33, 0xef, 0x3a, 0x0f, 0x3b, 0xee, 0x32, 0xef, 0x3a, 0x0f, 0x3b,
    0xee, 0x32, 0x0f, 0x3b, 0xef, 0x3a, 0x0e, 0x33, 0xef, 0x3a, 0x0f, 0x3b,
    0xee, 0x32, 0x0f, 0x3b, 0xef, 0x3a, 0x0e, 0x33, 0x0f, 0x3b, 0xef, 0x3a,
    0x0e, 0x33, 0x0f, 0x3b, 0xef, 0x3a, 0x0e, 0x33, 0x0f, 0x3b, 0xef, 0x3a,
    0x0e, 0x33, 0xef, 0x3a, 0x0f, 0x3b, 0xee, 0x32, 0x0f, 0x3b, 0xef, 0x3a,
    0xee, 0x32, 0x0f, 0x3b, 0x0f, 0x3b, 0xee, 0x32, 0x0f, 0x3b, 0xef, 0x3a,
    0x0e, 0x33, 0xef, 0x3a, 0x0f, 0x3b, 0xee, 0x32, 0xef, 0x3a, 0x0f, 0x3b,
    0xee, 0x32, 0x0f, 0x3b, 0xef, 0x3a, 0x0e, 0x33, 0xef, 0x3a, 0x0f, 0x3b,
    0xee, 0x32, 0x0f, 0x3b, 0xef, 0x3a, 0x0e, 0x33, 0x0f, 0x3b, 0xef, 0x3a,
    0x0e, 0x33, 0x0f, 0x3b, 0xef, 0x3a, 0x0e, 0x33, 0x0f, 0x3b, 0xef, 0x3a,
    0x0e, 0x33, 0xef, 0x3a, 0x0f, 0x3b, 0xee, 0x32, 0x0f, 0x3b, 0xef, 0x3a,
    0xee, 0x32, 0x0e, 0x33, 0x0f, 0x3b, 0xee, 0x32, 0x0f, 0x3b, 0xef, 0x3a,
    0x0e, 0x33, 0xef, 0x3a, 0x0e, 0x33, 0xee, 0x32, 0xef, 0x3a, 0x0e, 0x33,
    0xef, 0x3a, 0x0f, 0x3b, 0xee, 0x32, 0x0f, 0x3b, 0xef, 0x3a, 0x0e, 0x33,
    0xef, 0x3a, 0x0e, 0x33, 0xee, 0x32, 0x0f, 0x3b, 0x0e, 0x33, 0xef, 0x3a,
    0x0f, 0x3b, 0x0e, 0x33, 0xef, 0x3a, 0x0e, 0x33, 0x0e, 0x33, 0xef, 0x3a,
    0x0e, 0x33, 0xef, 0x3a, 0x0f, 0x3b, 0xee, 0x32, 0x0f, 0x3b, 0xef, 0x3a,
    0xee, 0x32, 0x0e, 0x33, 0x0f, 0x3b, 0xef, 0x3a, 0x0e, 0x33, 0xee, 0x32,
    0x0f, 0x3b, 0xee, 0x32, 0x0f, 0x3b, 0xef, 0x3a, 0xee, 0x32, 0x0e, 0x33,
    0xef, 0x3a, 0x0e, 0x33, 0xef, 0x3a, 0xef, 0x3a, 0x0e, 0x33, 0xef, 0x3a,
    0x0e, 0x33, 0xee, 0x32, 0x0f, 0x3b, 0x0e, 0x33, 0xee, 0x32, 0x0f, 0x3b,
    0xee, 0x32, 0x0f, 0x3b, 0x0f, 0x3b, 0xee, 0x32, 0xee, 0x32, 0x0f, 0x3b,
    0x0e, 0x33, 0xef, 0x3a, 0x0f, 0x3b, 0xef, 0x3a, 0xee, 0x32, 0x0f, 0x3b,
    0xef, 0x3a, 0xee, 0x32, 0x0f, 0x3b, 0x0e, 0x33, 0xef, 0x3a, 0xee, 0x32,
    0x0e, 0x33, 0xef, 0x3a, 0xee, 0x32, 0x0f, 0x3b, 0x0e, 0x33, 0xee, 0x32,
    0x0f, 0x3b, 0xee, 0x32, 0xee, 0x32, 0x0f, 0x3b, 0xee, 0x32, 0x0f, 0x3b,
    0x0f, 0x3b, 0xee, 0x32, 0x0f, 0x3b, 0xef, 0x3a, 0x0e, 0x33, 0xef, 0x3a,
    0xef, 0x3a, 0x0e, 0x33, 0xef, 0x3a, 0x0f, 0x3b, 0xee, 0x32, 0xef, 0x3a,
    0x0f, 0x3b, 0xee, 0x32, 0x0f, 0x3b, 0xee, 0x32, 0x0e, 0x33, 0xef, 0x3a,
    0xee, 0x32, 0x0e, 0x33, 0xef, 0x3a, 0x0e, 0x33, 0x0e, 0x33, 0xef, 0x3a,
    0x0f, 0x3b, 0x0e, 0x33, 0xef, 0x3a, 0x0e, 0x33, 0x0f, 0x3b, 0xee, 0x32,
    0x0f, 0x3b, 0x0e, 0x33, 0xef, 0x3a, 0x0f, 0x3b, 0xee, 0x32, 0x0f, 0x3b,
    0xee, 0x32, 0x0f, 0x3b, 0x0e, 0x33, 0xee, 0x32, 0xef, 0x3a, 0x0e, 0x33,
    0xef, 0x3a, 0xee, 0x32, 0xee, 0x32, 0x0f, 0x3b, 0x0e, 0x33, 0xef, 0x3a,
    0x0e, 0x33, 0x0f, 0x3b, 0xee, 0x32, 0x0e, 0x33, 0xef, 0x3a, 0xee, 0x32,
    0x0e, 0x33, 0x0f, 0x3b, 0xee, 0x32, 0xee, 0x32, 0x0e, 0x33, 0xef, 0x3a,
    0x0e, 0x33, 0x0f, 0x3b, 0xef, 0x3a, 0xee, 0x32, 0xef, 0x3a, 0x0e, 0x33,
    0xee, 0x32, 0x0f, 0x3b, 0x0f, 0x3b, 0xee, 0x32, 0x0f, 0x3b, 0xef, 0x3a,
    0xee, 0x32, 0x0e, 0x33, 0xef, 0x3a, 0x0e, 0x33, 0x0f, 0x3b, 0xef, 0x3a,
    0x0e, 0x33, 0xef, 0x3a, 0xee, 0x32, 0x0e, 0x33, 0xef, 0x3a, 0x0e, 0x33,
    0x0e, 0x33, 0xef, 0x3a, 0x0f, 0x3b, 0x0e, 0x33, 0xef, 0x3a, 0x0f, 0x3b,
    0xee, 0x32, 0x0f, 0x3b, 0xee, 0x32, 0xef, 0x3a, 0x0e, 0x33, 0x0e, 0x33,
    0xef, 0x3a, 0x0e, 0x33, 0xef, 0x3a, 0xef, 0x3a, 0x0e, 0x33, 0xef, 0x3a,
    0x0e, 0x33, 0xef, 0x3a, 0xee, 0x32, 0x0e, 0x33, 0xef, 0x3a, 0x0e, 0x33,
    0x0e, 0x33, 0xef, 0x3a, 0x0f, 0x3b, 0xee, 0x32, 0xef, 0x3a, 0x0e, 0x33,
    0xee, 0x32, 0xef, 0x3a, 0x0e, 0x33, 0x0f, 0x3b, 0xef, 0x3a, 0x0e, 0x33,
    0x0e, 0x33, 0xef, 0x3a, 0x0e, 0x33, 0x0f, 0x3b, 0xef, 0x3a, 0x0e, 0x33,
    0x0f, 0x3b, 0xef, 0x3a, 0x0e, 0x33, 0xee, 0x32, 0x0f, 0x3b, 0xee, 0x32,
    0x0e, 0x33, 0x0f, 0x3b, 0xee, 0x32, 0xee, 0x32, 0x0f, 0x3b, 0xef, 0x3a,
    0x0e, 0x33, 0x0e, 0x33, 0xef, 0x3a, 0xef, 0x3a, 0x0e, 0x33, 0xef, 0x3a,
    0xee, 0x32, 0x0e, 0x33, 0xef, 0x3a, 0x0e, 0x33, 0x0f, 0x3b, 0xee, 0x32,
    0x0e, 0x33, 0xef, 0x3a, 0xee, 0x32, 0x0e, 0x33, 0xef, 0x3a, 0x0e, 0x33,
    0x0f, 0x3b, 0xef, 0x3a, 0xee, 0x32, 0x0e, 0x33, 0xef, 0x3a, 0xef, 0x3a,
    0x0e, 0x33, 0xef, 0x3a, 0x0e, 0x33, 0xef, 0x3a, 0x0f, 0x3b, 0x0e, 0x33,
    0xef, 0x3a, 0xee, 0x32, 0x0e, 0x33, 0xef, 0x3a, 0x0e, 0x33, 0x0f, 0x3b,
    0xef, 0x3a, 0x0e, 0x33, 0x0e, 0x33, 0xef, 0x3a, 0xee, 0x32, 0x0e, 0x33,
    0x0f, 0x3b, 0xee, 0x32, 0x0f, 0x3b, 0x0e, 0x33, 0xee, 0x32, 0xef, 0x3a,
    0x0e, 0x33, 0x0f, 0x3b, 0xef, 0x3a, 0x0e, 0x33, 0x0e, 0x33, 0xef, 0x3a,
    0x0e, 0x33, 0xef, 0x3a, 0x0e, 0x33, 0x0e, 0x33, 0xef, 0x3a, 0x0e, 0x33,
    0xef, 0x3a, 0x0e, 0x33, 0x0e, 0x33, 0xef, 0x3a, 0xee, 0x32, 0x0e, 0x33,
    0x0f, 0x3b, 0xee, 0x32, 0x0e, 0x33, 0xef, 0x3a, 0xee, 0x32, 0x0e, 0x33,
    0xef, 0x3a, 0x0e, 0x33, 0x0e, 0x33, 0xef, 0x3a, 0xee, 0x32, 0x0e, 0x33,
    0xef, 0x3a, 0xee, 0x32, 0x0e, 0x33, 0xef, 0x3a, 0xee, 0x32, 0x0e, 0x33,
    0xef, 0x3a, 0x0e, 0x33, 0xee, 0x32, 0xef, 0x3a, 0x0e, 0x33, 0xee, 0x32,
    0x0f, 0x3b, 0x0e, 0x33, 0xee, 0x32, 0x0f, 0x3b, 0x0e, 0x33, 0xee, 0x32,
    0xef, 0x3a, 0x0e, 0x33, 0xee, 0x32, 0x0f, 0x3b, 0x0e, 0x33, 0xee, 0x32,
    0x0f, 0x3b, 0xee, 0x32, 0xee, 0x32, 0x0f, 0x3b, 0xee, 0x32, 0x0e, 0x33,
    0xef, 0x3a, 0x0e, 0x33, 0xee, 0x32, 0x0f, 0x3b, 0x0e, 0x33, 0xee, 0x32,
    0x0f, 0x3b, 0xee, 0x32, 0x0e, 0x33, 0xef, 0x3a, 0x0e, 0x33, 0x0e, 0x33,
    0xef, 0x3a, 0xee, 0x32, 0x0e, 0x33, 0xef, 0x3a, 0x0e, 0x33, 0xee, 0x32,
    0xef, 0x3a, 0x0e, 0x33, 0xee, 0x32, 0x0f, 0x3b, 0x0e, 0x33, 0xee, 0x32,
    0x0f, 0x3b, 0x0e, 0x33, 0xee, 0x32, 0x0f, 0x3b, 0x0e, 0x33, 0xee, 0x32,
    0x0f, 0x3b, 0xee, 0x32, 0x0e, 0x33, 0xef, 0x3a, 0x0e, 0x33, 0xee, 0x32,
    0x0f, 0x3b, 0x0e, 0x33, 0xee, 0x32, 0x0f, 0x3b, 0x0e, 0x33, 0xee, 0x32,
    0x0f, 0x3b, 0xee, 0x32, 0xee, 0x32, 0x0f, 0x3b, 0xee, 0x32, 0xee, 0x32,
    0x0f, 0x3b, 0xee, 0x32, 0xee, 0x32, 0x0f, 0x3b, 0xee, 0x32, 0x0e, 0x33,
    0xef, 0x3a, 0x0e, 0x33, 0x0e, 0x33, 0xef, 0x3a, 0x0e, 0x33, 0xee, 0x32,
    0xef, 0x3a, 0x0e, 0x33, 0xee, 0x32, 0xef, 0x3a, 0x0e, 0x33, 0xee, 0x32,
    0x0f, 0x3b, 0x0e, 0x33, 0xee, 0x32, 0x0f, 0x3b, 0x0e, 0x33, 0xee, 0x32,
    0x0f, 0x3b, 0x0e, 0x33, 0xee, 0x32, 0xef, 0x3a, 0x0e, 0x33, 0xee, 0x32,
    0x0f, 0x3b, 0x0e, 0x33, 0xee, 0x32, 0x0f, 0x3b, 0xee, 0x32, 0x0e, 0x33,
    0xef, 0x3a, 0xee, 0x32, 0x0e, 0x33, 0x0f, 0x3b, 0xee, 0x32, 0x0e, 0x33,
    0x0f, 0x3b, 0xee, 0x32, 0xee, 0x32, 0x0f, 0x3b, 0xee, 0x32, 0x0e, 0x33,
    0x0f, 0x3b, 0xee, 0x32, 0x0e, 0x33, 0xef, 0x3a, 0xee, 0x32, 0xee, 0x32,
    0x0f, 0x3b, 0xee, 0x32, 0x0e, 0x33, 0x0f, 0x3b, 0xee, 0x32, 0xee, 0x32,
    0x0f, 0x3b, 0xee, 0x32, 0xee, 0x32, 0x0f, 0x3b, 0xee, 0x32, 0x0e, 0x33,
    0xef, 0x3a, 0x0e, 0x33, 0x0e, 0x33, 0xef, 0x3a, 0x0e, 0x33, 0x0e, 0x33,
    0xef, 0x3a, 0x0e, 0x33, 0x0e, 0x33, 0xef, 0x3a, 0x0e, 0x33, 0xee, 0x32,
    0x0f, 0x3b, 0x0e, 0x33, 0xee, 0x32, 0x0f, 0x3b, 0x0e, 0x33, 0xee, 0x32,
    0x0f, 0x3b, 0xee, 0x32, 0xee, 0x32, 0x0f, 0x3b, 0xee, 0x32, 0x0e, 0x33,
    0x0f, 0x3b, 0xee, 0x32, 0x0e, 0x33, 0x0f, 0x3b, 0xee, 0x32, 0xee, 0x32,
    0x0f, 0x3b, 0x0e, 0x33, 0xee, 0x32, 0xef, 0x3a, 0x0e, 0x33, 0xee, 0x32,
    0x0f, 0x3b, 0x0e, 0x33, 0xee, 0x32, 0x0f, 0x3b, 0xee, 0x32, 0xee, 0x32,
    0x0f, 0x3b, 0x0e, 0x33, 0xee, 0x32, 0x0f, 0x3b, 0x0e, 0x33, 0xee, 0x32,
    0xef, 0x3a, 0x0e, 0x33, 0xee, 0x32, 0x0f, 0x3b, 0xee, 0x32, 0xee, 0x32,
    0x0f, 0x3b, 0x0e, 0x33, 0xee, 0x32, 0x0f, 0x3b, 0xee, 0x32, 0x0e, 0x33,
    0x0f, 0x3b, 0xee, 0x32, 0xee, 0x32, 0x0f, 0x3b, 0x0e, 0x33, 0xee, 0x32,
    0x0f, 0x3b, 0xee, 0x32, 0x0e, 0x33, 0x0f, 0x3b, 0xee, 0x32, 0xee, 0x32,
    0x0f, 0x3b, 0xee, 0x32, 0xee, 0x32, 0x0f, 0x3b, 0x0e, 0x33, 0xee, 0x32,
    0x0f, 0x3b, 0x0e, 0x33, 0xee, 0x32, 0xef, 0x3a, 0x0e, 0x33, 0xee, 0x32,
    0xef, 0x3a, 0x0e, 0x33, 0x0e, 0x33, 0xef, 0x3a, 0x0e, 0x33, 0xee, 0x32,
    0xef, 0x3a, 0x0e, 0x33, 0xee, 0x32, 0xef, 0x3a, 0x0e, 0x33, 0x0e, 0x33,
    0xef, 0x3a, 0x0e, 0x33, 0x0e, 0x33, 0xef, 0x3a, 0x0e, 0x33, 0x0e, 0x33,
    0xef, 0x3a, 0x0e, 0x33, 0x0e, 0x33, 0xef, 0x3a, 0xee, 0x32, 0x0e, 0x33,
    0xef, 0x3a, 0xee, 0x32, 0x0e, 0x33, 0xef, 0x3a, 0x0e, 0x33, 0x0e, 0x33,
    0xef, 0x3a, 0x0e, 0x33, 0xee, 0x32, 0x0f, 0x3b, 0xee, 0x32, 0xee, 0x32,
    0x0f, 0x3b, 0xee, 0x32, 0x0e, 0x33, 0x0f, 0x3b, 0xee, 0x32, 0x0e, 0x33,
    0xef, 0x3a, 0x0e, 0x33, 0xee, 0x32, 0xef, 0x3a, 0xee, 0x32, 0x0e, 0x33,
    0xef, 0x3a, 0x0e, 0x33, 0x0e, 0x33, 0xef, 0x3a, 0x0e, 0x33, 0xee, 0x32,
    0x0f, 0x3b, 0xee, 0x32, 0x0e, 0x33, 0x0f, 0x3b, 0xee, 0x32, 0x0e, 0x33,
    0xef, 0x3a, 0xee, 0x32, 0x0e, 0x33, 0xef, 0x3a, 0xee, 0x32, 0x0e, 0x33,
    0xef, 0x3a, 0x0e, 0x33, 0x0e, 0x33, 0xef, 0x3a, 0x0e, 0x33, 0x0e, 0x33,
    0xef, 0x3a, 0xee, 0x32, 0x0e, 0x33, 0x0f, 0x3b, 0xee, 0x32, 0x0e, 0x33,
    0xef, 0x3a, 0x0e, 0x33, 0xee, 0x32, 0xef, 0x3a, 0x0e, 0x33, 0xee, 0x32,
    0x0f, 0x3b, 0x0e, 0x33, 0xee, 0x32, 0x0f, 0x3b, 0x0e, 0x33, 0xee, 0x32,
    0x0f, 0x3b, 0xee, 0x32, 0x0e, 0x33, 0xef, 0x3a, 0xee, 0x32, 0x0e, 0x33,
    0x0f, 0x3b, 0xee, 0x32, 0x0e, 0x33, 0x0f, 0x3b, 0xee, 0x32, 0xee, 0x32,
    0x0f, 0x3b, 0x0e, 0x33, 0xee, 0x32, 0x0f, 0x3b, 0x0e, 0x33, 0xee, 0x32,
    0xef, 0x3a, 0x0e, 0x33, 0xee, 0x32, 0x0f, 0x3b, 0xee, 0x32, 0xee, 0x32,
    0x0f, 0x3b, 0x0e, 0x33, 0xee, 0x32, 0xef, 0x3a, 0x0e, 0x33, 0x0e, 0x33,
    0x0f, 0x3b, 0xee, 0x32, 0x0e, 0x33, 0x0f, 0x3b, 0xee, 0x32, 0x0e, 0x33,
    0xef, 0x3a, 0xee, 0x32, 0x0e, 0x33, 0xef, 0x3a, 0x0e, 0x33, 0x0e, 0x33,
    0xef, 0x3a, 0x0e, 0x33, 0xee, 0x32, 0xef, 0x3a, 0x0e, 0x33, 0xee, 0x32,
    0x0f, 0x3b, 0x0e, 0x33, 0xee, 0x32, 0xef, 0x3a, 0x0e, 0x33, 0xee, 0x32,
    0xef, 0x3a, 0x0e, 0x33, 0xee, 0x32, 0xef, 0x3a, 0x0e, 0x33, 0xee, 0x32,
    0xef, 0x3a, 0x0e, 0x33, 0x0e, 0x33, 0xef, 0x3a, 0xee, 0x32, 0x0e, 0x33,
    0x0f, 0x3b, 0xee, 0x32, 0x0e, 0x33, 0xef, 0x3a, 0xee, 0x32, 0x0e, 0x33,
    0xef, 0x3a, 0xee, 0x32, 0x0e, 0x33, 0x0f, 0x3b, 0xee, 0x32, 0x0e, 0x33,
    0xef, 0x3a, 0x0e, 0x33, 0x0e, 0x33, 0xef, 0x3a, 0xee, 0x32, 0x0e, 0x33,
    0x0f, 0x3b, 0xee, 0x32, 0x0e, 0x33, 0xef, 0x3a, 0xee, 0x32, 0x0e, 0x33,
    0xef, 0x3a, 0xee, 0x32, 0x0e, 0x33, 0xef, 0x3a, 0xee, 0x32, 0x0e, 0x33,
    0xef, 0x3a, 0x0e, 0x33, 0x0e, 0x33, 0xef, 0x3a, 0xee, 0x32, 0x0e, 0x33,
    0x0f, 0x3b, 0xee, 0x32, 0x0e, 0x33, 0xef, 0x3a, 0xee, 0x32, 0x0e, 0x33,
    0xef, 0x3a, 0xee, 0x32, 0x0e, 0x33, 0x0f, 0x3b, 0xee, 0x32, 0x0e, 0x33,
    0xef, 0x3a, 0x0e, 0x33, 0x0e, 0x33, 0xef, 0x3a, 0xee, 0x32, 0x0e, 0x33,
    0x0f, 0x3b, 0xee, 0x32, 0x0e, 0x33, 0xef, 0x3a, 0xee, 0x32, 0x0e, 0x33,
    0xef, 0x3a, 0xee, 0x32, 0x0e, 0x33, 0xef, 0x3a, 0xee, 0x32, 0x0e, 0x33,
    0xef, 0x3a, 0x0e, 0x33, 0x0e, 0x33, 0xef, 0x3a, 0xee, 0x32, 0x0e, 0x33,
    0x0f, 0x3b, 0xee, 0x32, 0x0e, 0x33, 0xef, 0x3a, 0xee, 0x32, 0x0e, 0x33,
    0xef, 0x3a, 0xee, 0x32, 0x0e, 0x33, 0x0f, 0x3b, 0xee, 0x32, 0x0e, 0x33,
    0xef, 0x3a, 0x0e, 0x33, 0x0e, 0x33, 0xef, 0x3a, 0xee, 0x32, 0x0e, 0x33,
    0x0f, 0x3b, 0xee, 0x32, 0x0e, 0x33, 0xef, 0x3a, 0xee, 0x32, 0x0e, 0x33,
    0xef, 0x3a, 0xee, 0x32, 0x0e, 0x33, 0xef, 0x3a, 0xee, 0x32, 0x0e, 0x33,
    0xef, 0x3a, 0x0e, 0x33, 0x0e, 0x33, 0xef, 0x3a, 0xee, 0x32, 0x0e, 0x33,
    0x0f, 0x3b, 0xef, 0x3a, 0x0e, 0x33, 0xef, 0x3a, 0xee, 0x32, 0x0e, 0x33,
    0xef, 0x3a, 0xee, 0x32, 0x0f, 0x3b, 0x0f, 0x3b, 0xee, 0x32, 0x0f, 0x3b,
    0xee, 0x32, 0x0e, 0x33, 0x0f, 0x3b, 0xee, 0x32, 0xee, 0x32, 0x0f, 0x3b,
    0x0e, 0x33, 0xef, 0x3a, 0x0f, 0x3b, 0xef, 0x3a, 0xee, 0x32, 0x0e, 0x33,
    0xef, 0x3a, 0xee, 0x32, 0x0e, 0x33, 0xef, 0x3a, 0xef, 0x3a, 0x0e, 0x33,
    0xef, 0x3a, 0x0e, 0x33, 0x0e, 0x33, 0xef, 0x3a, 0xee, 0x32, 0x0e, 0x33,
    0x0f, 0x3b, 0xef, 0x3a, 0x0e, 0x33, 0xef, 0x3a, 0xee, 0x32, 0x0f, 0x3b,
    0xee, 0x32, 0xef, 0x3a, 0x0e, 0x33, 0x0e, 0x33, 0xef, 0x3a, 0x0e, 0x33,
    0xef, 0x3a, 0x0f, 0x3b, 0x0e, 0x33, 0xee, 0x32, 0x0f, 0x3b, 0xee, 0x32,
    0x0f, 0x3b, 0xef, 0x3a, 0xee, 0x32, 0x0f, 0x3b, 0xef, 0x3a, 0xee, 0x32,
    0x0f, 0x3b, 0xee, 0x32, 0x0e, 0x33, 0xef, 0x3a, 0x0f, 0x3b, 0xee, 0x32,
    0x0f, 0x3b, 0xee, 0x32, 0xee, 0x32, 0x0e, 0x33, 0x0f, 0x3b, 0xee, 0x32,
    0x0f, 0x3b, 0x0e, 0x33, 0xee, 0x32, 0x0f, 0x3b, 0xef, 0x3a, 0x0e, 0x33,
    0x0f, 0x3b, 0xef, 0x3a, 0x0e, 0x33, 0x0e, 0x33, 0xef, 0x3a, 0xef, 0x3a,
    0x0e, 0x33, 0x0f, 0x3b, 0xef, 0x3a, 0x0e, 0x33, 0x0f, 0x3b, 0xee, 0x32,
    0xee, 0x32, 0x0f, 0x3b, 0xee, 0x32, 0x0e, 0x33, 0xef, 0x3a, 0x0e, 0x33,
    0x0e, 0x33, 0xef, 0x3a, 0x0e, 0x33, 0xee, 0x32, 0x0f, 0x3b, 0xee, 0x32,
    0x0e, 0x33, 0x0f, 0x3b, 0xee, 0x32, 0xef, 0x3a, 0x0f, 0x3b, 0x0e, 0x33,
    0xef, 0x3a, 0x0f, 0x3b, 0x0e, 0x33, 0xef, 0x3a, 0xee, 0x32, 0x0f, 0x3b,
    0xee, 0x32, 0xee, 0x32, 0x0f, 0x3b, 0xee, 0x32, 0x0e, 0x33, 0xef, 0x3a,
    0xee, 0x32, 0x0f, 0x3b, 0xee, 0x32, 0xee, 0x32, 0x0e, 0x33, 0xee, 0x32,
    0x0e, 0x33, 0xef, 0x3a, 0x0f, 0x3b, 0xee, 0x32, 0x0f, 0x3b, 0x0e, 0x33,
    0xef, 0x3a, 0x0f, 0x3b, 0x0e, 0x33, 0x0f, 0x3b, 0xee, 0x32, 0xef, 0x3a,
    0x0f, 0x3b, 0xee, 0x32, 0xee, 0x32, 0x0f, 0x3b, 0x0f, 0x3b, 0xee, 0x32,
    0x0f, 0x3b, 0xef, 0x3a, 0x0e, 0x33, 0x0f, 0x3b, 0xef, 0x3a, 0x0e, 0x33,
    0xef, 0x3a, 0xee, 0x32, 0x0e, 0x33, 0xef, 0x3a, 0x0e, 0x33, 0x0f, 0x3b,
    0xef, 0x3a, 0xee, 0x32, 0x0f, 0x3b, 0xee, 0x32, 0xee, 0x32, 0x0f, 0x3b,
    0x0e, 0x33, 0xef, 0x3a, 0x0f, 0x3b, 0xee, 0x32, 0xee, 0x32, 0x0f, 0x3b,
    0xee, 0x32, 0x0e, 0x33, 0x0f, 0x3b, 0xef, 0x3a, 0x0e, 0x33, 0xef, 0x3a,
    0xef, 0x3a, 0x0e, 0x33, 0xee, 0x32, 0xef, 0x3a, 0x0e, 0x33, 0xee, 0x32,
    0xef, 0x3a, 0x0e, 0x33, 0x0e, 0x33, 0xef, 0x3a, 0x0f, 0x3b, 0xee, 0x32,
    0x0f, 0x3b, 0xef, 0x3a, 0x0e, 0x33, 0x0e, 0x33, 0xef, 0x3a, 0x0e, 0x33,
    0xef, 0x3a, 0xee, 0x32, 0x0f, 0x3b, 0x0e, 0x33, 0x0f, 0x3b, 0xee, 0x32,
    0xef, 0x3a, 0x0f, 0x3b, 0xee, 0x32, 0x0e, 0x33, 0x0f, 0x3b, 0xee, 0x32,
    0x0f, 0x3b, 0x0f, 0x3b, 0xee, 0x32, 0xef, 0x3a, 0x0e, 0x33, 0xee, 0x32,
    0xef, 0x3a, 0x0e, 0x33, 0xef, 0x3a, 0xee, 0x32, 0x0e, 0x33, 0xef, 0x3a,
    0xee, 0x32, 0x0e, 0x33, 0xef, 0x3a, 0x0f, 0x3b, 0xee, 0x32, 0x0f, 0x3b,
    0xee, 0x32, 0xef, 0x3a, 0x0f, 0x3b, 0xee, 0x32, 0xef, 0x3a, 0x0e, 0x33,
    0xef, 0x3a, 0xee, 0x32, 0x0f, 0x3b, 0xee, 0x32, 0x0e, 0x33, 0x0f, 0x3b,
    0xef, 0x3a, 0x0e, 0x33, 0xef, 0x3a, 0x0e, 0x33, 0xef, 0x3a, 0xef, 0x3a,
    0x0e, 0x33, 0x0f, 0x3b, 0xef, 0x3a, 0x0e, 0x33, 0x0f, 0x3b, 0xef, 0x3a,
    0xee, 0x32, 0x0e, 0x33, 0x0f, 0x3b, 0xee, 0x32, 0x0f, 0x3b, 0x0e, 0x33,
    0xee, 0x32, 0x0f, 0x3b, 0xee, 0x32, 0x0f, 0x3b, 0xee, 0x32, 0xee, 0x32,
    0x0f, 0x3b, 0x0f, 0x3b, 0xee, 0x32, 0x0f, 0x3b, 0xef, 0x3a, 0xee, 0x32,
    0x0e, 0x33, 0xef, 0x3a, 0xef, 0x3a, 0x0e, 0x33, 0x0f, 0x3b, 0xef, 0x3a,
    0x0e, 0x33, 0xef, 0x3a, 0x0e, 0x33, 0xef, 0x3a, 0xee, 0x32, 0x0f, 0x3b,
    0x0f, 0x3b, 0xee, 0x32, 0xee, 0x32, 0x0f, 0x3b, 0xee, 0x32, 0xef, 0x3a,
    0x0f, 0x3b, 0xee, 0x32, 0x0e, 0x33, 0x0f, 0x3b, 0xef, 0x3a, 0xee, 0x32,
    0x0e, 0x33, 0xef, 0x3a, 0xee, 0x32, 0x0f, 0x3b, 0xef, 0x3a, 0x0e, 0x33,
    0xef, 0x3a, 0x0f, 0x3b, 0xee, 0x32, 0x0f, 0x3b, 0x0f, 0x3b, 0xee, 0x32,
    0x0f, 0x3b, 0xef, 0x3a, 0xee, 0x32, 0x0f, 0x3b, 0xef, 0x3a, 0x0e, 0x33,
    0x0f, 0x3b, 0xef, 0x3a, 0x0e, 0x33, 0xef, 0x3a, 0x0f, 0x3b, 0x0e, 0x33,
    0xef, 0x3a, 0x0f, 0x3b, 0xee, 0x32, 0xef, 0x3a, 0x0f, 0x3b, 0x0e, 0x33,
    0xef, 0x3a, 0xef, 0x3a, 0x0e, 0x33, 0xef, 0x3a, 0xef, 0x3a, 0x0e, 0x33,
    0x0f, 0x3b, 0xef, 0x3a, 0x0e, 0x33, 0xef, 0x3a, 0xef, 0x3a, 0x0e, 0x33,
    0xef, 0x3a, 0x0f, 0x3b, 0x0e, 0x33, 0xef, 0x3a, 0x0f, 0x3b, 0xee, 0x32,
    0x0f, 0x3b, 0xef, 0x3a, 0x0e, 0x33, 0xef, 0x3a, 0xef, 0x3a, 0xee, 0x32,
    0x0f, 0x3b, 0x0f, 0x3b, 0xee, 0x32, 0x0f, 0x3b, 0xef, 0x3a, 0xee, 0x32,
    0x0f, 0x3b, 0x0f, 0x3b, 0xee, 0x32, 0x0f, 0x3b, 0x0f, 0x3b, 0xee, 0x32,
    0xef, 0x3a, 0x0f, 0x3b, 0x0e, 0x33, 0xef, 0x3a, 0xef, 0x3a, 0x0e, 0x33,
    0xef, 0x3a, 0xef, 0x3a, 0x0e, 0x33, 0xef, 0x3a, 0xef, 0x3a, 0x0e, 0x33,
    0xef, 0x3a, 0x0f, 0x3b, 0xee, 0x32, 0x0f, 0x3b, 0xef, 0x3a, 0x0e, 0x33,
    0xef, 0x3a, 0xef, 0x3a, 0x0e, 0x33, 0xef, 0x3a, 0xef, 0x3a, 0x0e, 0x33,
    0xef, 0x3a, 0x0f, 0x3b, 0x0e, 0x33, 0xef, 0x3a, 0x0f, 0x3b, 0x0e, 0x33,
    0xef, 0x3a, 0x0f, 0x3b, 0x0e, 0x33, 0xef, 0x3a, 0x0f, 0x3b, 0xee, 0x32,
    0x0f, 0x3b, 0xef, 0x3a, 0xee, 0x32, 0x0f, 0x3b, 0xef, 0x3a, 0x0e, 0x33,
    0x0f, 0x3b, 0xef, 0x3a, 0x0e, 0x33, 0x0f, 0x3b, 0xef, 0x3a, 0x0e, 0x33,
    0xef, 0x3a, 0xef, 0x3a, 0x0e, 0x33, 0xef, 0x3a, 0xef, 0x3a, 0x0e, 0x33,
    0xef, 0x3a, 0xef, 0x3a, 0x0e, 0x33, 0xef, 0x3a, 0xef, 0x3a, 0x0e, 0x33,
    0xef, 0x3a, 0xef, 0x3a, 0x0e, 0x33, 0xef, 0x3a, 0xef, 0x3a, 0x0e, 0x33,
    0x0f, 0x3b, 0xef, 0x3a, 0x0e, 0x33, 0xef, 0x3a, 0xef, 0x3a, 0x0e, 0x33,
    0xef, 0x3a, 0xef, 0x3a, 0x0e, 0x33, 0x0f, 0x3b, 0xef, 0x3a, 0x0e, 0x33,
    0xef, 0x3a, 0xef, 0x3a, 0x0e, 0x33, 0xef, 0x3a, 0x0f, 0x3b, 0x0e, 0x33,
    0xef, 0x3a, 0x0f, 0x3b, 0xee, 0x32, 0xef, 0x3a, 0x0f, 0x3b, 0x0e, 0x33,
    0xef, 0x3a, 0x0f, 0x3b, 0x0e, 0x33, 0xef, 0x3a, 0x0f, 0x3b, 0xee, 0x32,
    0xef, 0x3a, 0x0f, 0x3b, 0xee, 0x32, 0xef, 0x3a, 0x0f, 0x3b, 0xee, 0x32,
    0xef, 0x3a, 0x0f, 0x3b, 0xee, 0x32, 0x0f, 0x3b, 0xef, 0x3a, 0x0e, 0x33,
    0x0f, 0x3b, 0xef, 0x3a, 0xee, 0x32, 0x0f, 0x3b, 0xef, 0x3a, 0xee, 0x32,
    0x0f, 0x3b, 0xef, 0x3a, 0x0e, 0x33, 0x0f, 0x3b, 0xef, 0x3a, 0xee, 0x32,
    0x0f, 0x3b, 0xef, 0x3a, 0xee, 0x32, 0x0f, 0x3b, 0xef, 0x3a, 0x0e, 0x33,
    0xef, 0x3a, 0xef, 0x3a, 0x0e, 0x33, 0x0f, 0x3b, 0xef, 0x3a, 0x0e, 0x33,
    0x0f, 0x3b, 0xef, 0x3a, 0xee, 0x32, 0x0f, 0x3b, 0xef, 0x3a, 0x0e, 0x33,
    0x0f, 0x3b, 0xef, 0x3a, 0xee, 0x32, 0x0f, 0x3b, 0xef, 0x3a, 0xee, 0x32,
    0x0f, 0x3b, 0x0f, 0x3b, 0xee, 0x32, 0xef, 0x3a, 0x0f, 0x3b, 0xee, 0x32,
    0x0f, 0x3b, 0xef, 0x3a, 0x0e, 0x33, 0xef, 0x3a, 0x0f, 0x3b, 0xee, 0x32,
    0x0f, 0x3b, 0xef, 0x3a, 0x0e, 0x33, 0xef, 0x3a, 0x0f, 0x3b, 0xee, 0x32,
    0xef, 0x3a, 0x0f, 0x3b, 0xee, 0x32, 0x0f, 0x3b, 0xef, 0x3a, 0x0e, 0x33,
    0x0f, 0x3b, 0xef, 0x3a, 0x0e, 0x33, 0x0f, 0x3b, 0xef, 0x3a, 0xee, 0x32,
    0x0f, 0x3b, 0xef, 0x3a, 0xee, 0x32, 0x0f, 0x3b, 0x0f, 0x3b, 0xee, 0x32,
    0x0f, 0x3b, 0x0f, 0x3b, 0xee, 0x32, 0xef, 0x3a, 0x0f, 0x3b, 0xee, 0x32,
    0x0f, 0x3b, 0x0f, 0x3b, 0xee, 0x32, 0x0f, 0x3b, 0x0f, 0x3b, 0xee, 0x32,
    0xef, 0x3a, 0x0f, 0x3b, 0xee, 0x32, 0xef, 0x3a, 0x0f, 0x3b, 0xee, 0x32,
    0xef, 0x3a, 0x0f, 0x3b, 0xee, 0x32, 0xef, 0x3a, 0x0f, 0x3b, 0x0e, 0x33,
    0x0f, 0x3b, 0xef, 0x3a, 0x0e, 0x33, 0x0f, 0x3b, 0xef, 0x3a, 0xee, 0x32,
    0x0f, 0x3b, 0xef, 0x3a, 0x0e, 0x33, 0xef, 0x3a, 0x0f, 0x3b, 0x0e, 0x33,
    0xef, 0x3a, 0x0f, 0x3b, 0xee, 0x32, 0xef, 0x3a, 0x0f, 0x3b, 0xee, 0x32,
    0x0f, 0x3b, 0xef, 0x3a, 0x0e, 0x33, 0x0f, 0x3b, 0x0f, 0x3b, 0xee, 0x32,
    0x0f, 0x3b, 0xef, 0x3a, 0xee, 0x32, 0x0f, 0x3b, 0xef, 0x3a, 0x0e, 0x33,
    0xef, 0x3a, 0x0f, 0x3b, 0xee, 0x32, 0xef, 0x3a, 0x0f, 0x3b, 0xee, 0x32,
    0x0f, 0x3b, 0x0f, 0x3b, 0xee, 0x32, 0x0f, 0x3b, 0x0f, 0x3b, 0xee, 0x32,
    0x0f, 0x3b, 0xef, 0x3a, 0xee, 0x32, 0x0f, 0x3b, 0xef, 0x3a, 0xee, 0x32,
    0x0f, 0x3b, 0x0f, 0x3b, 0xee, 0x32, 0xef, 0x3a, 0x0f, 0x3b, 0xee, 0x32,
    0xef, 0x3a, 0x0f, 0x3b, 0x0e, 0x33, 0xef, 0x3a, 0x0f, 0x3b, 0x0e, 0x33,
    0xef, 0x3a, 0xef, 0x3a, 0x0e, 0x33, 0x0f, 0x3b, 0xef, 0x3a, 0xee, 0x32,
    0x0f, 0x3b, 0xef, 0x3a, 0x0e, 0x33, 0x0f, 0x3b, 0xef, 0x3a, 0x0e, 0x33,
    0xef, 0x3a, 0xef, 0x3a, 0x0e, 0x33, 0xef, 0x3a, 0xef, 0x3a, 0x0e, 0x33,
    0x0f, 0x3b, 0xef, 0x3a, 0xee, 0x32, 0x0f, 0x3b, 0xef, 0x3a, 0xee, 0x32,
    0x0f, 0x3b, 0x0f, 0x3b, 0xee, 0x32, 0x0f, 0x3b, 0xef, 0x3a, 0x0e, 0x33,
    0x0f, 0x3b, 0xef, 0x3a, 0xee, 0x32, 0x0f, 0x3b, 0x0f, 0x3b, 0xee, 0x32,
    0xef, 0x3a, 0x0f, 0x3b, 0xee, 0x32, 0xef, 0x3a, 0x0f, 0x3b, 0xee, 0x32,
    0x0f, 0x3b, 0x0f, 0x3b, 0xee, 0x32, 0x0f, 0x3b, 0xef, 0x3a, 0xee, 0x32,
    0x0f, 0x3b, 0xef, 0x3a, 0x0e, 0x33, 0x0f, 0x3b, 0xef, 0x3a, 0x0e, 0x33,
    0x0f, 0x3b, 0xef, 0x3a, 0xee, 0x32, 0x0f, 0x3b, 0x0f, 0x3b, 0xee, 0x32,
    0x0f, 0x3b, 0x0f, 0x3b, 0xee, 0x32, 0x0f, 0x3b, 0xef, 0x3a, 0x0e, 0x33,
    0x0f, 0x3b, 0xef, 0x3a, 0xee, 0x32, 0x0f, 0x3b, 0xef, 0x3a, 0x0e, 0x33,
    0xef, 0x3a, 0x0f, 0x3b, 0xee, 0x32, 0x0f, 0x3b, 0x0f, 0x3b, 0xee, 0x32,
    0x0f, 0x3b, 0x0f, 0x3b, 0xee, 0x32, 0x0f, 0x3b, 0xef, 0x3a, 0xee, 0x32,
    0x0f, 0x3b, 0x0f, 0x3b, 0xee, 0x32, 0xef, 0x3a, 0x0f, 0x3b, 0xee, 0x32,
    0x0f, 0x3b, 0xef, 0x3a, 0xee, 0x32, 0x0f, 0x3b, 0x0f, 0x3b, 0xee, 0x32,
    0x0f, 0x3b, 0x0f, 0x3b, 0xee, 0x32, 0x0f, 0x3b, 0x0f, 0x3b, 0xee, 0x32,
    0x0f, 0x3b, 0xef, 0x3a, 0xee, 0x32, 0x0f, 0x3b, 0xef, 0x3a, 0x0e, 0x33,
    0xef, 0x3a, 0x0f, 0x3b, 0xee, 0x32, 0x0f, 0x3b, 0x0f, 0x3b, 0xee, 0x32,
    0x0f, 0x3b, 0x0f, 0x3b, 0xee, 0x32, 0x0f, 0x3b, 0xef, 0x3a, 0xee, 0x32,
    0x0f, 0x3b, 0x0f, 0x3b, 0xee, 0x32, 0xef, 0x3a, 0x0f, 0x3b, 0xee, 0x32,
    0x0f, 0x3b, 0xef, 0x3a, 0xee, 0x32, 0x0f, 0x3b, 0x0f, 0x3b, 0xee, 0x32,
    0x0f, 0x3b, 0x0f, 0x3b, 0xee, 0x32, 0x0f, 0x3b, 0x0f, 0x3b, 0xee, 0x32,
    0x0f, 0x3b, 0xef, 0x3a, 0xee, 0x32, 0x0f, 0x3b, 0xef, 0x3a, 0x0e, 0x33,
    0xef, 0x3a, 0x0f, 0x3b, 0xee, 0x32, 0x0f, 0x3b, 0x0f, 0x3b, 0xee, 0x32,
    0x0f, 0x3b, 0x0f, 0x3b, 0xee, 0x32, 0x0f, 0x3b, 0xef, 0x3a, 0xee, 0x32,
    0x0f, 0x3b, 0x0f, 0x3b, 0xee, 0x32, 0xef, 0x3a, 0x0f, 0x3b, 0xee, 0x32,
    0x0f, 0x3b, 0xef, 0x3a, 0xee, 0x32, 0x0f, 0x3b, 0x0f, 0x3b, 0xee, 0x32,
    0x0f, 0x3b, 0x0f, 0x3b, 0xee, 0x32, 0x0f, 0x3b, 0x0f, 0x3b, 0xee, 0x32,
    0x0f, 0x3b, 0xef, 0x3a, 0xee, 0x32, 0x0f, 0x3b, 0xef, 0x3a, 0x0e, 0x33,
    0xef, 0x3a, 0x0e, 0x33, 0xee, 0x32, 0x0f, 0x3b, 0x0e, 0x33, 0xef, 0x3a,
    0x0f, 0x3b, 0x0e, 0x33, 0xef, 0x3a, 0x0e, 0x33, 0xee, 0x32, 0xef, 0x3a,
    0x0f, 0x3b, 0x0e, 0x33, 0xef, 0x3a, 0xef, 0x3a, 0x0e, 0x33, 0xef, 0x3a,
    0x0f, 0x3b, 0xee, 0x32, 0xee, 0x32, 0x0e, 0x33, 0x0f, 0x3b, 0xee, 0x32,
    0x0f, 0x3b, 0x0f, 0x3b, 0xee, 0x32, 0x0f, 0x3b, 0x0e, 0x33, 0xee, 0x32,
    0x0f, 0x3b, 0xef, 0x3a, 0xee, 0x32, 0x0f, 0x3b, 0xef, 0x3a, 0x0e, 0x33,
    0xef, 0x3a, 0x0e, 0x33, 0xee, 0x32, 0x0f, 0x3b, 0x0e, 0x33, 0xef, 0x3a,
    0x0e, 0x33, 0x0e, 0x33, 0xef, 0x3a, 0x0f, 0x3b, 0xee, 0x32, 0xef, 0x3a,
    0x0e, 0x33, 0x0e, 0x33, 0xef, 0x3a, 0xef, 0x3a, 0x0e, 0x33, 0xef, 0x3a,
    0x0e, 0x33, 0x0e, 0x33, 0xef, 0x3a, 0x0e, 0x33, 0x0e, 0x33, 0xef, 0x3a,
    0x0e, 0x33, 0xef, 0x3a, 0x0f, 0x3b, 0x0e, 0x33, 0xef, 0x3a, 0xee, 0x32,
    0x0e, 0x33, 0x0f, 0x3b, 0xef, 0x3a, 0x0f, 0x3b, 0xee, 0x32, 0x0f, 0x3b,
    0xee, 0x32, 0xee, 0x32, 0x0f, 0x3b, 0xef, 0x3a, 0x0e, 0x33, 0xee, 0x32,
    0xef, 0x3a, 0x0e, 0x33, 0xee, 0x32, 0xef, 0x3a, 0x0f, 0x3b, 0x0e, 0x33,
    0xef, 0x3a, 0x0e, 0x33, 0xee, 0x32, 0xef, 0x3a, 0x0e, 0x33, 0xef, 0x3a,
    0x0f, 0x3b, 0xee, 0x32, 0x0f, 0x3b, 0xef, 0x3a, 0xee, 0x32, 0x0f, 0x3b,
    0xef, 0x3a, 0xee, 0x32, 0x0f, 0x3b, 0x0e, 0x33, 0xef, 0x3a, 0x0f, 0x3b,
    0xee, 0x32, 0x0f, 0x3b, 0xef, 0x3a, 0x0e, 0x33, 0xee, 0x32, 0x0f, 0x3b,
    0xee, 0x32, 0xee, 0x32, 0x0f, 0x3b, 0xee, 0x32, 0x0f, 0x3b, 0xee, 0x32,
    0x0f, 0x3b, 0x0f, 0x3b, 0xef, 0x3a, 0x0e, 0x33, 0xef, 0x3a, 0x0f, 0x3b,
    0xee, 0x32, 0x0f, 0x3b, 0x0f, 0x3b, 0xee, 0x32, 0x0f, 0x3b, 0x0f, 0x3b,
    0xef, 0x3a, 0x0e, 0x33, 0xee, 0x32, 0x0f, 0x3b, 0xee, 0x32, 0xee, 0x32,
    0x0f, 0x3b, 0xef, 0x3a, 0xee, 0x32, 0x0e, 0x33, 0xef, 0x3a, 0x0e, 0x33,
    0x0f, 0x3b, 0xee, 0x32, 0x0f, 0x3b, 0x0e, 0x33, 0xef, 0x3a, 0xee, 0x32,
    0x0f, 0x3b, 0xee, 0x32, 0x0e, 0x33, 0xef, 0x3a, 0xee, 0x32, 0x0e, 0x33,
    0xef, 0x3a, 0x0f, 0x3b, 0x0f, 0x3b, 0xee, 0x32, 0xef, 0x3a, 0x0e, 0x33,
    0xee, 0x32, 0x0f, 0x3b, 0x0e, 0x33, 0xef, 0x3a, 0x0f, 0x3b, 0xee, 0x32,
    0xef, 0x3a, 0x0e, 0x33, 0xee, 0x32, 0x0f, 0x3b, 0x0e, 0x33, 0xef, 0x3a,
    0x0f, 0x3b, 0xee, 0x32, 0xef, 0x3a, 0x0e, 0x33, 0xef, 0x3a, 0x0e, 0x33,
    0x0e, 0x33, 0xef, 0x3a, 0x0f, 0x3b, 0x0e, 0x33, 0xef, 0x3a, 0x0f, 0x3b,
    0x0e, 0x33, 0xef, 0x3a, 0x0f, 0x3b, 0xee, 0x32, 0xef, 0x3a, 0x0e, 0x33,
    0xee, 0x32, 0x0f, 0x3b, 0xee, 0x32, 0xef, 0x3a, 0x0e, 0x33, 0xef, 0x3a,
    0x0e, 0x33, 0x0f, 0x3b, 0xee, 0x32, 0x0f, 0x3b, 0xee, 0x32, 0xef, 0x3a,
    0x0f, 0x3b, 0x0e, 0x33, 0xee, 0x32, 0x0f, 0x3b, 0xef, 0x3a, 0xee, 0x32,
    0x0e, 0x33, 0xef, 0x3a, 0x0e, 0x33, 0x0f, 0x3b, 0xee, 0x32, 0x0f, 0x3b,
    0x0f, 0x3b, 0xee, 0x32, 0x0e, 0x33, 0x0f, 0x3b, 0xef, 0x3a, 0x0e, 0x33,
    0x0f, 0x3b, 0xef, 0x3a, 0x0e, 0x33, 0xef, 0x3a, 0x0e, 0x33, 0xee, 0x32,
    0x0f, 0x3b, 0x0e, 0x33, 0xef, 0x3a, 0x0e, 0x33, 0x0f, 0x3b, 0xee, 0x32,
    0x0f, 0x3b, 0x0f, 0x3b, 0xee, 0x32, 0x0f, 0x3b, 0xef, 0x3a, 0xee, 0x32,
    0x0f, 0x3b, 0xee, 0x32, 0x0e, 0x33, 0xef, 0x3a, 0x0f, 0x3b, 0x0e, 0x33,
    0xee, 0x32, 0xef, 0x3a, 0x0e, 0x33, 0xef, 0x3a, 0xee, 0x32, 0x0e, 0x33,
    0x0f, 0x3b, 0xef, 0x3a, 0x0e, 0x33, 0xef, 0x3a, 0xee, 0x32, 0x0e, 0x33,
    0xef, 0x3a, 0xef, 0x3a, 0x0e, 0x33, 0x0e, 0x33, 0xef, 0x3a, 0x0f, 0x3b,
    0x0e, 0x33, 0xee, 0x32, 0xef, 0x3a, 0x0e, 0x33, 0xee, 0x32, 0x0f, 0x3b,
    0x0f, 0x3b, 0xee, 0x32, 0x0f, 0x3b, 0x0e, 0x33, 0xee, 0x32, 0xef, 0x3a,
    0xee, 0x32, 0x0e, 0x33, 0xef, 0x3a, 0x0e, 0x33, 0xef, 0x3a, 0x0e, 0x33,
    0xee, 0x32, 0x0f, 0x3b, 0x0f, 0x3b, 0xee, 0x32, 0x0f, 0x3b, 0x0e, 0x33,
    0xee, 0x32, 0x0f, 0x3b, 0xef, 0x3a, 0xee, 0x32, 0x0f, 0x3b, 0xee, 0x32,
    0xef, 0x3a, 0x0f, 0x3b, 0x0e, 0x33, 0xef, 0x3a, 0x0e, 0x33, 0xef, 0x3a,
    0x0e, 0x33, 0xee, 0x32, 0x0f, 0x3b, 0xee, 0x32, 0xee, 0x32, 0x0f, 0x3b,
    0xee, 0x32, 0x0e, 0x33, 0x0f, 0x3b, 0xee, 0x32, 0x0e, 0x33, 0xef, 0x3a,
    0xee, 0x32, 0x0e, 0x33, 0xef, 0x3a, 0x0e, 0x33, 0x0e, 0x33, 0xef, 0x3a,
    0xee, 0x32, 0x0e, 0x33, 0x0f, 0x3b, 0xee, 0x32, 0x0e, 0x33, 0x0f, 0x3b,
    0xee, 0x32, 0x0e, 0x33, 0x0f, 0x3b, 0xee, 0x32, 0x0e, 0x33, 0xef, 0x3a,
    0xee, 0x32, 0x0e, 0x33, 0xef, 0x3a, 0xee, 0x32, 0x0e, 0x33, 0x0f, 0x3b,
    0xee, 0x32, 0xee, 0x32, 0x0f, 0x3b, 0xee, 0x32, 0xee, 0x32, 0x0f, 0x3b,
    0xee, 0x32, 0x0e, 0x33, 0xef, 0x3a, 0x0e, 0x33, 0x0e, 0x33, 0xef, 0x3a,
    0x0e, 0x33, 0x0e, 0x33, 0xef, 0x3a, 0xee, 0x32, 0x0e, 0x33, 0x0f, 0x3b,
    0xee, 0x32, 0x0e, 0x33, 0xef, 0x3a, 0xee, 0x32, 0x0e, 0x33, 0xef, 0x3a,
    0x0e, 0x33, 0xee, 0x32, 0x0f, 0x3b, 0x0e, 0x33, 0xee, 0x32, 0x0f, 0x3b,
    0x0e, 0x33, 0xee, 0x32, 0x0f, 0x3b, 0x0e, 0x33, 0xee, 0x32, 0x0f, 0x3b,
    0x0e, 0x33, 0xee, 0x32, 0xef, 0x3a, 0x0e, 0x33, 0x0e, 0x33, 0xef, 0x3a,
    0x0e, 0x33, 0xee, 0x32, 0x0f, 0x3b, 0x0e, 0x33, 0xee, 0x32, 0x0f, 0x3b,
    0x0e, 0x33, 0xee, 0x32, 0xef, 0x3a, 0x0e, 0x33, 0xee, 0x32, 0xef, 0x3a,
    0x0e, 0x33, 0xee, 0x32, 0xef, 0x3a, 0x0e, 0x33, 0xee, 0x32, 0x0f, 0x3b,
    0xee, 0x32, 0x0e, 0x33, 0x0f, 0x3b, 0xee, 0x32, 0x0e, 0x33, 0xef, 0x3a,
    0xee, 0x32, 0x0e, 0x33, 0xef, 0x3a, 0xee, 0x32, 0x0e, 0x33, 0xef, 0x3a,
    0x0e, 0x33, 0x0e, 0x33, 0xef, 0x3a, 0x0e, 0x33, 0x0e, 0x33, 0xef, 0x3a,
    0x0e, 0x33, 0x0e, 0x33, 0xef, 0x3a, 0x0e, 0x33, 0x0e, 0x33, 0xef, 0x3a,
    0x0e, 0x33, 0x0e, 0x33, 0xef, 0x3a, 0x0e, 0x33, 0x0e, 0x33, 0xef, 0x3a,
    0x0e, 0x33, 0xee, 0x32, 0xef, 0x3a, 0x0e, 0x33, 0x0e, 0x33, 0xef, 0x3a,
    0x0e, 0x33, 0x0e, 0x33, 0xef, 0x3a, 0xee, 0x32, 0x0e, 0x33, 0xef, 0x3a,
    0x0e, 0x33, 0x0e, 0x33, 0xef, 0x3a, 0x0e, 0x33, 0xee, 0x32, 0xef, 0x3a,
    0x0e, 0x33, 0xee, 0x32, 0x0f, 0x3b, 0x0e, 0x33, 0xee, 0x32, 0x0f, 0x3b,
    0xee, 0x32, 0xee, 0x32, 0x0f, 0x3b, 0xee, 0x32, 0xee, 0x32, 0x0f, 0x3b,
    0x0e, 0x33, 0xee, 0x32, 0x0f, 0x3b, 0x0e, 0x33, 0xee, 0x32, 0x0f, 0x3b,
    0x0e, 0x33, 0xee, 0x32, 0x0f, 0x3b, 0xee, 0x32, 0x0e, 0x33, 0xef, 0x3a,
    0xee, 0x32, 0x0e, 0x33, 0xef, 0x3a, 0x0e, 0x33, 0xee, 0x32, 0x0f, 0x3b,
    0x0e, 0x33, 0xee, 0x32, 0xef, 0x3a, 0x0e, 0x33, 0xee, 0x32, 0x0f, 0x3b,
    0x0e, 0x33, 0xee, 0x32, 0x0f, 0x3b, 0xee, 0x32, 0x0e, 0x33, 0xef, 0x3a,
    0x0e, 0x33, 0xee, 0x32, 0x0f, 0x3b, 0x0e, 0x33, 0xee, 0x32, 0xef, 0x3a,
    0x0e, 0x33, 0xee, 0x32, 0x0f, 0x3b, 0xee, 0x32, 0x0e, 0x33, 0xef, 0x3a,
    0xee, 0x32, 0x0e, 0x33, 0x0f, 0x3b, 0xee, 0x32, 0x0e, 0x33, 0x0f, 0x3b,
    0xee, 0x32, 0x0e, 0x33, 0xef, 0x3a, 0x0e, 0x33, 0x0e, 0x33, 0xef, 0x3a,
    0x0e, 0x33, 0x0e, 0x33, 0xef, 0x3a, 0x0e, 0x33, 0xee, 0x32, 0x0f, 0x3b,
    0xee, 0x32, 0x0e, 0x33, 0xef, 0x3a, 0xee, 0x32, 0x0e, 0x33, 0x0f, 0x3b,
    0xee, 0x32, 0x0e, 0x33, 0xef, 0x3a, 0x0e, 0x33, 0x0e, 0x33, 0xef, 0x3a,
    0xee, 0x32, 0xee, 0x32, 0x0f, 0x3b, 0xee, 0x32, 0xee, 0x32, 0x0f, 0x3b,
    0x0e, 0x33, 0xee, 0x32, 0x0f, 0x3b, 0x0e, 0x33, 0xee, 0x32, 0xef, 0x3a,
    0x0e, 0x33, 0xee, 0x32, 0xef, 0x3a, 0x0e, 0x33, 0x0e, 0x33, 0xef, 0x3a,
    0xee, 0x32, 0x0e, 0x33, 0xef, 0x3a, 0x0e, 0x33, 0xee, 0x32, 0xef, 0x3a,
    0x0e, 0x33, 0x0e, 0x33, 0xef, 0x3a, 0x0e, 0x33, 0x0e, 0x33, 0xef, 0x3a,
    0x0e, 0x33, 0xee, 0x32, 0x0f, 0x3b, 0xee, 0x32, 0x0e, 0x33, 0xef, 0x3a,
    0xee, 0x32, 0x0e, 0x33, 0xef, 0x3a, 0xee, 0x32, 0x0e, 0x33, 0x0f, 0x3b,
    0xee, 0x32, 0x0e, 0x33, 0xef, 0x3a, 0xee, 0x32, 0x0e, 0x33, 0xef, 0x3a,
    0xee, 0x32, 0x0e, 0x33, 0x0f, 0x3b, 0xee, 0x32, 0x0e, 0x33, 0x0f, 0x3b,
    0xee, 0x32, 0x0e, 0x33, 0xef, 0x3a, 0xee, 0x32, 0x0e, 0x33, 0xef, 0x3a,
    0xee, 0x32, 0x0e, 0x33, 0x0f, 0x3b, 0x0e, 0x33, 0xee, 0x32, 0x0f, 0x3b,
    0xee, 0x32, 0xee, 0x32, 0x0f, 0x3b, 0x0e, 0x33, 0xee, 0x32, 0x0f, 0x3b,
    0xee, 0x32, 0xee, 0x32, 0x0f, 0x3b, 0xee, 0x32, 0xee, 0x32, 0x0f, 0x3b,
    0xee, 0x32, 0x0e, 0x33, 0x0f, 0x3b, 0xee, 0x32, 0x0e, 0x33, 0x0f, 0x3b,
    0xee, 0x32, 0x0e, 0x33, 0xef, 0x3a, 0xee, 0x32, 0x0e, 0x33, 0x0f, 0x3b,
    0xee, 0x32, 0x0e, 0x33, 0xef, 0x3a, 0x0e, 0x33, 0xee, 0x32, 0xef, 0x3a,
    0x0e, 0x33, 0x0e, 0x33, 0xef, 0x3a, 0x0e, 0x33, 0xee, 0x32, 0xef, 0x3a,
    0x0e, 0x33, 0x0e, 0x33, 0xef, 0x3a, 0xee, 0x32, 0x0e, 0x33, 0xef, 0x3a,
    0xee, 0x32, 0x0e, 0x33, 0x0f, 0x3b, 0xee, 0x32, 0x0e, 0x33, 0x0f, 0x3b,
    0xee, 0x32, 0xee, 0x32, 0x0f, 0x3b, 0x0e, 0x33, 0xee, 0x32, 0x0f, 0x3b,
    0x0e, 0x33, 0xee, 0x32, 0xef, 0x3a, 0x0e, 0x33, 0x0e, 0x33, 0xef, 0x3a,
    0xee, 0x32, 0x0e, 0x33, 0x0f, 0x3b, 0xee, 0x32, 0x0e, 0x33, 0xef, 0x3a,
    0x0e, 0x33, 0x0e, 0x33, 0xef, 0x3a, 0xee, 0x32, 0x0e, 0x33, 0x0f, 0x3b,
    0xee, 0x32, 0xee, 0x32, 0x0f, 0x3b, 0xee, 0x32, 0x0e, 0x33, 0x0f, 0x3b,
    0xee, 0x32, 0x0e, 0x33, 0xef, 0x3a, 0xee, 0x32, 0x0e, 0x33, 0xef, 0x3a,
    0xee, 0x32, 0x0e, 0x33, 0xef, 0x3a, 0x0e, 0x33, 0xee, 0x32, 0xef, 0x3a,
    0x0e, 0x33, 0xee, 0x32, 0xef, 0x3a, 0x0e, 0x33, 0x0e, 0x33, 0xef, 0x3a,
    0x0e, 0x33, 0xee, 0x32, 0x0f, 0x3b, 0x0e, 0x33, 0x0e, 0x33, 0xef, 0x3a,
    0x0e, 0x33, 0xee, 0x32, 0x0f, 0x3b, 0xee, 0x32, 0xee, 0x32, 0x0f, 0x3b,
    0xee, 0x32, 0xee, 0x32, 0x0f, 0x3b, 0xee, 0x32, 0x0e, 0x33, 0x0f, 0x3b,
    0xee, 0x32, 0xee, 0x32, 0x0f, 0x3b, 0xee, 0x32, 0x0e, 0x33, 0xef, 0x3a,
    0x0e, 0x33, 0x0e, 0x33, 0xef, 0x3a, 0x0e, 0x33, 0xee, 0x32, 0xef, 0x3a,
    0x0e, 0x33, 0xee, 0x32, 0x0f, 0x3b, 0xee, 0x32, 0xee, 0x32, 0x0f, 0x3b,
    0xee, 0x32, 0x0e, 0x33, 0x0f, 0x3b, 0xee, 0x32, 0x0e, 0x33, 0xef, 0x3a,
    0x0e, 0x33, 0xee, 0x32, 0x0f, 0x3b, 0xee, 0x32, 0xee, 0x32, 0x0f, 0x3b,
    0xee, 0x32, 0xee, 0x32, 0x0f, 0x3b, 0xee, 0x32, 0x0e, 0x33, 0x0f, 0x3b,
    0xee, 0x32, 0xee, 0x32, 0x0f, 0x3b, 0xee, 0x32, 0x0e, 0x33, 0xef, 0x3a,
    0x0e, 0x33, 0x0e, 0x33, 0xef, 0x3a, 0x0e, 0x33, 0xee, 0x32, 0xef, 0x3a,
    0x0e, 0x33, 0xee, 0x32, 0x0f, 0x3b, 0xee, 0x32, 0xee, 0x32, 0x0f, 0x3b,
    0xee, 0x32, 0x0e, 0x33, 0x0f, 0x3b, 0xee, 0x32, 0x0e, 0x33, 0xef, 0x3a,
    0x0e, 0x33, 0xee, 0x32, 0x0f, 0x3b, 0xee, 0x32, 0xee, 0x32, 0x0f, 0x3b,
    0xee, 0x32, 0xee, 0x32, 0x0f, 0x3b, 0xee, 0x32, 0x0e, 0x33, 0x0f, 0x3b,
    0xee, 0x32, 0xee, 0x32, 0x0f, 0x3b, 0xee, 0x32, 0x0e, 0x33, 0xef, 0x3a,
    0x0e, 0x33, 0x0e, 0x33, 0xef, 0x3a, 0x0e, 0x33, 0xee, 0x32, 0xef, 0x3a,
    0x0e, 0x33, 0xee, 0x32, 0x0f, 0x3b, 0xee, 0x32, 0xee, 0x32, 0x0f, 0x3b,
    0xee, 0x32, 0x0e, 0x33, 0x0f, 0x3b, 0xee, 0x32, 0x0e, 0x33, 0xef, 0x3a,
    0x0e, 0x33, 0xef, 0x3a, 0x0f, 0x3b, 0xee, 0x32, 0xef, 0x3a, 0x0e, 0x33,
    0xee, 0x32, 0xef, 0x3a, 0x0e, 0x33, 0xef, 0x3a, 0x0f, 0x3b, 0x0e, 0x33,
    0xee, 0x32, 0xef, 0x3a, 0x0e, 0x33, 0xee, 0x32, 0x0f, 0x3b, 0xee, 0x32,
    0x0e, 0x33, 0x0f, 0x3b, 0xef, 0x3a, 0x0e, 0x33, 0xef, 0x3a, 0xef, 0x3a,
    0x0e, 0x33, 0xee, 0x32, 0x0f, 0x3b, 0xee, 0x32, 0xef, 0x3a, 0x0f, 0x3b,
    0xee, 0x32, 0x0e, 0x33, 0x0f, 0x3b, 0xee, 0x32, 0x0e, 0x33, 0xef, 0x3a,
    0x0e, 0x33, 0xef, 0x3a, 0x0f, 0x3b, 0xef, 0x3a, 0xee, 0x32, 0x0e, 0x33,
    0xef, 0x3a, 0xef, 0x3a, 0x0e, 0x33, 0xef, 0x3a, 0x0f, 0x3b, 0x0e, 0x33,
    0xef, 0x3a, 0xef, 0x3a, 0x0e, 0x33, 0xef, 0x3a, 0x0e, 0x33, 0xee, 0x32,
    0xef, 0x3a, 0x0f, 0x3b, 0xee, 0x32, 0xef, 0x3a, 0x0f, 0x3b, 0xee, 0x32,
    0xef, 0x3a, 0x0e, 0x33, 0x0e, 0x33, 0xef, 0x3a, 0xee, 0x32, 0x0f, 0x3b,
    0xef, 0x3a, 0x0e, 0x33, 0xee, 0x32, 0xef, 0x3a, 0x0e, 0x33, 0xee, 0x32,
    0x0f, 0x3b, 0xef, 0x3a, 0x0e, 0x33, 0x0f, 0x3b, 0xee, 0x32, 0xef, 0x3a,
    0x0f, 0x3b, 0x0e, 0x33, 0xef, 0x3a, 0x0f, 0x3b, 0x0e, 0x33, 0xee, 0x32,
    0xef, 0x3a, 0xee, 0x32, 0x0f, 0x3b, 0x0e, 0x33, 0xef, 0x3a, 0x0e, 0x33,
    0xee, 0x32, 0xef, 0x3a, 0x0e, 0x33, 0x0e, 0x33, 0xef, 0x3a, 0x0e, 0x33,
    0x0e, 0x33, 0xef, 0x3a, 0x0e, 0x33, 0xef, 0x3a, 0xee, 0x32, 0x0f, 0x3b,
    0xee, 0x32, 0xee, 0x32, 0x0f, 0x3b, 0xee, 0x32, 0x0f, 0x3b, 0xee, 0x32,
    0x0f, 0x3b, 0x0f, 0x3b, 0xee, 0x32, 0x0f, 0x3b, 0xee, 0x32, 0x0f, 0x3b,
    0xee, 0x32, 0x0e, 0x33, 0xef, 0x3a, 0xee, 0x32, 0x0e, 0x33, 0x0f, 0x3b,
    0xee, 0x32, 0x0f, 0x3b, 0xee, 0x32, 0x0e, 0x33, 0xef, 0x3a, 0xee, 0x32,
    0x0e, 0x33, 0xef, 0x3a, 0xef, 0x3a, 0x0e, 0x33, 0xef, 0x3a, 0x0e, 0x33,
    0x0f, 0x3b, 0xee, 0x32, 0x0e, 0x33, 0xef, 0x3a, 0x0e, 0x33, 0xef, 0x3a,
    0xee, 0x32, 0xef, 0x3a, 0x0e, 0x33, 0xee, 0x32, 0xef, 0x3a, 0x0f, 0x3b,
    0x0e, 0x33, 0xef, 0x3a, 0xee, 0x32, 0x0f, 0x3b, 0x0f, 0x3b, 0xee, 0x32,
    0x0f, 0x3b, 0xee, 0x32, 0xee, 0x32, 0x0f, 0x3b, 0x0e, 0x33, 0xef, 0x3a,
    0x0f, 0x3b, 0x0e, 0x33, 0xef, 0x3a, 0xee, 0x32, 0x0e, 0x33, 0x0f, 0x3b,
    0xee, 0x32, 0x0f, 0x3b, 0x0f, 0x3b, 0xee, 0x32, 0xef, 0x3a, 0x0e, 0x33,
    0xee, 0x32, 0x0f, 0x3b, 0x0e, 0x33, 0xef, 0x3a, 0x0f, 0x3b, 0xee, 0x32,
    0xef, 0x3a, 0x0e, 0x33, 0xef, 0x3a, 0xee, 0x32, 0x0e, 0x33, 0xef, 0x3a,
    0xee, 0x32, 0x0e, 0x33, 0xef, 0x3a, 0x0e, 0x33, 0x0e, 0x33, 0xef, 0x3a,
    0x0f, 0x3b, 0xee, 0x32, 0x0f, 0x3b, 0x0e, 0x33, 0xee, 0x32, 0x0f, 0x3b,
    0xef, 0x3a, 0xee, 0x32, 0x0f, 0x3b, 0xee, 0x32, 0x0f, 0x3b, 0x0e, 0x33,
    0xee, 0x32, 0xef, 0x3a, 0x0e, 0x33, 0xef, 0x3a, 0x0e, 0x33, 0x0e, 0x33,
    0xef, 0x3a, 0x0f, 0x3b, 0xee, 0x32, 0xef, 0x3a, 0xee, 0x32, 0x0e, 0x33,
    0xef, 0x3a, 0x0e, 0x33, 0xef, 0x3a, 0xef, 0x3a, 0x0e, 0x33, 0xef, 0x3a,
    0xee, 0x32, 0x0f, 0x3b, 0xee, 0x32, 0x0f, 0x3b, 0x0f, 0x3b, 0xee, 0x32,
    0xef, 0x3a, 0x0e, 0x33, 0xef, 0x3a, 0xee, 0x32, 0x0e, 0x33, 0xef, 0x3a,
    0xee, 0x32, 0x0e, 0x33, 0xef, 0x3a, 0x0e, 0x33, 0x0e, 0x33, 0xef, 0x3a,
    0x0e, 0x33, 0x0f, 0x3b, 0xef, 0x3a, 0xee, 0x32, 0x0e, 0x33, 0xef, 0x3a,
    0xee, 0x32, 0x0f, 0x3b, 0x0e, 0x33, 0xee, 0x32, 0x0f, 0x3b, 0xee, 0x32,
    0x0f, 0x3b, 0xee, 0x32, 0xee, 0x32, 0x0f, 0x3b, 0x0e, 0x33, 0xef, 0x3a,
    0x0f, 0x3b, 0x0e, 0x33, 0xef, 0x3a, 0xef, 0x3a, 0x0e, 0x33, 0xef, 0x3a,
    0xee, 0x32, 0x0f, 0x3b, 0x0f, 0x3b, 0xee, 0x32, 0x0f, 0x3b, 0xef, 0x3a,
    0xee, 0x32, 0x0e, 0x33, 0xee, 0x32, 0xef, 0x3a, 0x0f, 0x3b, 0x0e, 0x33,
    0xef, 0x3a, 0x0f, 0x3b, 0x0e, 0x33, 0xef, 0x3a, 0x0e, 0x33, 0xef, 0x3a,
    0x0f, 0x3b, 0x0e, 0x33, 0xef, 0x3a, 0xee, 0x32, 0x0e, 0x33, 0xef, 0x3a,
    0xef, 0x3a, 0x0e, 0x33, 0x0f, 0x3b, 0xee, 0x32, 0x0e, 0x33, 0x0f, 0x3b,
    0xee, 0x32, 0x0e, 0x33, 0x0f, 0x3b, 0xee, 0x32, 0xef, 0x3a, 0x0e, 0x33,
    0x0f, 0x3b, 0xee, 0x32, 0xef, 0x3a, 0x0f, 0x3b, 0x0e, 0x33, 0xef, 0x3a,
    0x0f, 0x3b, 0xee, 0x32, 0xef, 0x3a, 0x0f, 0x3b, 0xee, 0x32, 0x0f, 0x3b,
    0x0f, 0x3b, 0xee, 0x32, 0x0f, 0x3b, 0xef, 0x3a, 0xee, 0x32, 0x0f, 0x3b,
    0xef, 0x3a, 0x0e, 0x33, 0xef, 0x3a, 0xef, 0x3a, 0x0e, 0x33, 0xef, 0x3a,
    0xef, 0x3a, 0x0e, 0x33, 0xef, 0x3a, 0xef, 0x3a, 0x0e, 0x33, 0xef, 0x3a,
    0x0f, 0x3b, 0x0e, 0x33, 0xef, 0x3a, 0x0f, 0x3b, 0x0e, 0x33, 0xef, 0x3a,
    0x0f, 0x3b, 0x0e, 0x33, 0xef, 0x3a, 0x0f, 0x3b, 0x0e, 0x33, 0xef, 0x3a,
    0x0f, 0x3b, 0xee, 0x32, 0x0f, 0x3b, 0xef, 0x3a, 0xee, 0x32, 0x0f, 0x3b,
    0xef, 0x3a, 0xee, 0x32, 0x0f, 0x3b, 0x0f, 0x3b, 0xee, 0x32, 0xef, 0x3a,
    0x0f, 0x3b, 0xee, 0x32, 0x0f, 0x3b, 0x0f, 0x3b, 0xee, 0x32, 0x0f, 0x3b,
    0xef, 0x3a, 0xee, 0x32, 0x0f, 0x3b, 0xef, 0x3a, 0xee, 0x32, 0x0f, 0x3b,
    0xef, 0x3a, 0xee, 0x32, 0x0f, 0x3b, 0xef, 0x3a, 0x0e, 0x33, 0xef, 0x3a,
    0xef, 0x3a, 0x0e, 0x33, 0x0f, 0x3b, 0xef, 0x3a, 0x0e, 0x33, 0xef, 0x3a,
    0xef, 0x3a, 0x0e, 0x33, 0xef, 0x3a, 0xef, 0x3a, 0x0e, 0x33, 0xef, 0x3a,
    0xef, 0x3a, 0x0e, 0x33, 0x0f, 0x3b, 0xef, 0x3a, 0x0e, 0x33, 0xef, 0x3a,
    0x0f, 0x3b, 0x0e, 0x33, 0xef, 0x3a, 0x0f, 0x3b, 0x0e, 0x33, 0xef, 0x3a,
    0xef, 0x3a, 0x0e, 0x33, 0xef, 0x3a, 0xef, 0x3a, 0x0e, 0x33, 0xef, 0x3a,
    0x0f, 0x3b, 0x0e, 0x33, 0xef, 0x3a, 0x0f, 0x3b, 0xee, 0x32, 0x0f, 0x3b,
    0xef, 0x3a, 0xee, 0x32, 0x0f, 0x3b, 0xef, 0x3a, 0xee, 0x32, 0x0f, 0x3b,
    0xef, 0x3a, 0xee, 0x32, 0x0f, 0x3b, 0xef, 0x3a, 0xee, 0x32, 0x0f, 0x3b,
    0xef, 0x3a, 0xee, 0x32, 0x0f, 0x3b, 0xef, 0x3a, 0x0e, 0x33, 0xef, 0x3a,
    0xef, 0x3a, 0x0e, 0x33, 0x0f, 0x3b, 0xef, 0x3a, 0xee, 0x32, 0x0f, 0x3b,
    0xef, 0x3a, 0xee, 0x32, 0x0f, 0x3b, 0x0f, 0x3b, 0xee, 0x32, 0x0f, 0x3b,
    0xef, 0x3a, 0xee, 0x32, 0x0f, 0x3b, 0xef, 0x3a, 0x0e, 0x33, 0x0f, 0x3b,
    0xef, 0x3a, 0x0e, 0x33, 0xef, 0x3a, 0xef, 0x3a, 0x0e, 0x33, 0xef, 0x3a,
    0x0f, 0x3b, 0x0e, 0x33, 0xef, 0x3a, 0x0f, 0x3b, 0x0e, 0x33, 0xef, 0x3a,
    0xef, 0x3a, 0x0e, 0x33, 0xef, 0x3a, 0x0f, 0x3b, 0xee, 0x32, 0x0f, 0x3b,
    0xef, 0x3a, 0x0e, 0x33, 0xef, 0x3a, 0x0f, 0x3b, 0xee, 0x32, 0x0f, 0x3b,
    0x0f, 0x3b, 0xee, 0x32, 0x0f, 0x3b, 0xef, 0x3a, 0x0e, 0x33, 0xef, 0x3a,
    0x0f, 0x3b, 0xee, 0x32, 0x0f, 0x3b, 0x0f, 0x3b, 0xee, 0x32, 0x0f, 0x3b,
    0xef, 0x3a, 0xee, 0x32, 0x0f, 0x3b, 0x0f, 0x3b, 0xee, 0x32, 0x0f, 0x3b,
    0xef, 0x3a, 0x0e, 0x33, 0xef, 0x3a, 0x0f, 0x3b, 0xee, 0x32, 0x0f, 0x3b,
    0xef, 0x3a, 0x0e, 0x33, 0xef, 0x3a, 0xef, 0x3a, 0x0e, 0x33, 0x0f, 0x3b,
    0xef, 0x3a, 0x0e, 0x33, 0xef, 0x3a, 0xef, 0x3a, 0x0e, 0x33, 0xef, 0x3a,
    0xef, 0x3a, 0x0e, 0x33, 0x0f, 0x3b, 0xef, 0x3a, 0xee, 0x32, 0x0f, 0x3b,
    0xef, 0x3a, 0xee, 0x32, 0x0f, 0x3b, 0xef, 0x3a, 0xee, 0x32, 0x0f, 0x3b,
    0x0f, 0x3b, 0xee, 0x32, 0x0f, 0x3b, 0xef, 0x3a, 0x0e, 0x33, 0xef, 0x3a,
    0xef, 0x3a, 0x0e, 0x33, 0xef, 0x3a, 0x0f, 0x3b, 0xee, 0x32, 0xef, 0x3a,
    0x0f, 0x3b, 0x0e, 0x33, 0xef, 0x3a, 0x0f, 0x3b, 0x0e, 0x33, 0xef, 0x3a,
    0xef, 0x3a, 0x0e, 0x33, 0xef, 0x3a, 0xef, 0x3a, 0x0e, 0x33, 0x0f, 0x3b,
    0xef, 0x3a, 0x0e, 0x33, 0x0f, 0x3b, 0xef, 0x3a, 0xee, 0x32, 0x0f, 0x3b,
    0xef, 0x3a, 0x0e, 0x33, 0x0f, 0x3b, 0xef, 0x3a, 0x0e, 0x33, 0xef, 0x3a,
    0x0f, 0x3b, 0xee, 0x32, 0xef, 0x3a, 0x0f, 0x3b, 0xee, 0x32, 0xef, 0x3a,
    0x0f, 0x3b, 0x0e, 0x33, 0xef, 0x3a, 0x0f, 0x3b, 0xee, 0x32, 0x0f, 0x3b,
    0x0f, 0x3b, 0xee, 0x32, 0x0f, 0x3b, 0xef, 0x3a, 0x0e, 0x33, 0xef, 0x3a,
    0xef, 0x3a, 0x0e, 0x33, 0xef, 0x3a, 0x0f, 0x3b, 0x0e, 0x33, 0xef, 0x3a,
    0x0f, 0x3b, 0x0e, 0x33, 0xef, 0x3a, 0xef, 0x3a, 0x0e, 0x33, 0xef, 0x3a,
    0x0f, 0x3b, 0xee, 0x32, 0xef, 0x3a, 0x0f, 0x3b, 0x0e, 0x33, 0xef, 0x3a,
    0x0f, 0x3b, 0xee, 0x32, 0xef, 0x3a, 0x0f, 0x3b, 0xee, 0x32, 0xef, 0x3a,
    0x0f, 0x3b, 0x0e, 0x33, 0xef, 0x3a, 0x0f, 0x3b, 0xee, 0x32, 0xef, 0x3a,
    0x0f, 0x3b, 0x0e, 0x33, 0xef, 0x3a, 0x0f, 0x3b, 0x0e, 0x33, 0xef, 0x3a,
    0x0f, 0x3b, 0xee, 0x32, 0xef, 0x3a, 0x0f, 0x3b, 0xee, 0x32, 0xef, 0x3a,
    0x0f, 0x3b, 0xee, 0x32, 0x0f, 0x3b, 0x0f, 0x3b, 0xee, 0x32, 0xef, 0x3a,
    0x0f, 0x3b, 0xee, 0x32, 0x0f, 0x3b, 0x0f, 0x3b, 0xee, 0x32, 0x0f, 0x3b,
    0x0f, 0x3b, 0xee, 0x32, 0xef, 0x3a, 0x0f, 0x3b, 0xee, 0x32, 0x0f, 0x3b,
    0x0f, 0x3b, 0xee, 0x32, 0x0f, 0x3b, 0xef, 0x3a, 0x0e, 0x33, 0x0f, 0x3b,
    0xef, 0x3a, 0x0e, 0x33, 0xef, 0x3a, 0x0f, 0x3b, 0xee, 0x32, 0x0f, 0x3b,
    0xef, 0x3a, 0x0e, 0x33, 0x0f, 0x3b, 0xef, 0x3a, 0xee, 0x32, 0x0f, 0x3b,
    0xef, 0x3a, 0xee, 0x32, 0x0f, 0x3b, 0x0f, 0x3b, 0xee, 0x32, 0xef, 0x3a,
    0x0f, 0x3b, 0xee, 0x32, 0x0f, 0x3b, 0xef, 0x3a, 0xee, 0x32, 0x0f, 0x3b,
    0xef, 0x3a, 0xee, 0x32, 0x0f, 0x3b, 0xef, 0x3a, 0x0e, 0x33, 0x0f, 0x3b,
    0xef, 0x3a, 0x0e, 0x33, 0xef, 0x3a, 0x0f, 0x3b, 0xee, 0x32, 0xef, 0x3a,
    0x0f, 0x3b, 0xee, 0x32, 0x0f, 0x3b, 0x0f, 0x3b, 0xee, 0x32, 0x0f, 0x3b,
    0x0f, 0x3b, 0xee, 0x32, 0x0f, 0x3b, 0xef, 0x3a, 0x0e, 0x33, 0x0f, 0x3b,
    0xef, 0x3a, 0x0e, 0x33, 0x0f, 0x3b, 0xef, 0x3a, 0xee, 0x32, 0x0f, 0x3b,
    0xef, 0x3a, 0xee, 0x32, 0x0f, 0x3b, 0xef, 0x3a, 0xee, 0x32, 0x0f, 0x3b,
    0xef, 0x3a, 0xee, 0x32, 0x0f, 0x3b, 0x0f, 0x3b, 0xee, 0x32, 0x0f, 0x3b,
    0x0f, 0x3b, 0xee, 0x32, 0x0f, 0x3b, 0x0f, 0x3b, 0xee, 0x32, 0xef, 0x3a,
    0x0f, 0x3b, 0xee, 0x32, 0x0f, 0x3b, 0x0f, 0x3b, 0xee, 0x32, 0x0f, 0x3b,
    0xef, 0x3a, 0x0e, 0x33, 0xef, 0x3a, 0xef, 0x3a, 0x0e, 0x33, 0x0f, 0x3b,
    0xef, 0x3a, 0x0e, 0x33, 0xef, 0x3a, 0x0f, 0x3b, 0xee, 0x32, 0x0f, 0x3b,
    0x0f, 0x3b, 0xee, 0x32, 0xef, 0x3a, 0x0f, 0x3b, 0xee, 0x32, 0x0f, 0x3b,
    0x0f, 0x3b, 0xee, 0x32, 0xef, 0x3a, 0x0f, 0x3b, 0x0e, 0x33, 0xef, 0x3a,
    0x0f, 0x3b, 0x0e, 0x33, 0xef, 0x3a, 0x0f, 0x3b, 0xee, 0x32, 0xef, 0x3a,
    0x0f, 0x3b, 0xee, 0x32, 0x0f, 0x3b, 0x0f, 0x3b, 0xee, 0x32, 0x0f, 0x3b,
    0xef, 0x3a, 0x0e, 0x33, 0xef, 0x3a, 0xef, 0x3a, 0x0e, 0x33, 0x0f, 0x3b,
    0xef, 0x3a, 0x0e, 0x33, 0xef, 0x3a, 0x0f, 0x3b, 0xee, 0x32, 0x0f, 0x3b,
    0x0f, 0x3b, 0xee, 0x32, 0xef, 0x3a, 0x0f, 0x3b, 0xee, 0x32, 0x0f, 0x3b,
    0x0f, 0x3b, 0xee, 0x32, 0xef, 0x3a, 0x0f, 0x3b, 0x0e, 0x33, 0xef, 0x3a,
    0x0f, 0x3b, 0x0e, 0x33, 0xef, 0x3a, 0x0f, 0x3b, 0xee, 0x32, 0xef, 0x3a,
    0x0f, 0x3b, 0xee, 0x32, 0x0f, 0x3b, 0x0f, 0x3b, 0xee, 0x32, 0x0f, 0x3b,
    0xef, 0x3a, 0x0e, 0x33, 0xef, 0x3a, 0xef, 0x3a, 0x0e, 0x33, 0x0f, 0x3b,
    0xef, 0x3a, 0x0e, 0x33, 0xef, 0x3a, 0x0f, 0x3b, 0xee, 0x32, 0x0f, 0x3b,
    0x0f, 0x3b, 0xee, 0x32, 0xef, 0x3a, 0x0f, 0x3b, 0xee, 0x32, 0x0f, 0x3b,
    0x0f, 0x3b, 0xee, 0x32, 0xee, 0x32, 0x0f, 0x3b, 0x0e, 0x33, 0xef, 0x3a,
    0x0f, 0x3b, 0x0e, 0x33, 0xef, 0x3a, 0x0e, 0x33, 0xee, 0x32, 0xef, 0x3a,
    0x0e, 0x33, 0xef, 0x3a, 0x0f, 0x3b, 0x0e, 0x33, 0xef, 0x3a, 0x0f, 0x3b,
    0xee, 0x32, 0x0f, 0x3b, 0xee, 0x32, 0xee, 0x32, 0x0f, 0x3b, 0x0e, 0x33,
    0xef, 0x3a, 0x0f, 0x3b, 0xee, 0x32, 0x0f, 0x3b, 0xee, 0x32, 0x0e, 0x33,
    0x0f, 0x3b, 0xee, 0x32, 0xef, 0x3a, 0x0f, 0x3b, 0xee, 0x32, 0x0f, 0x3b,
    0x0f, 0x3b, 0xee, 0x32, 0xee, 0x32, 0x0e, 0x33, 0x0f, 0x3b, 0xee, 0x32,
    0x0f, 0x3b, 0x0f, 0x3b, 0xee, 0x32, 0x0e, 0x33, 0xef, 0x3a, 0xee, 0x32,
    0x0e, 0x33, 0xee, 0x32, 0x0f, 0x3b, 0x0e, 0x33, 0xef, 0x3a, 0x0f, 0x3b,
    0x0e, 0x33, 0xee, 0x32, 0x0f, 0x3b, 0x0e, 0x33, 0xee, 0x32, 0x0f, 0x3b,
    0x0e, 0x33, 0xef, 0x3a, 0xef, 0x3a, 0x0e, 0x33, 0xef, 0x3a, 0x0e, 0x33,
    0xee, 0x32, 0x0f, 0x3b, 0x0e, 0x33, 0xef, 0x3a, 0x0f, 0x3b, 0x0e, 0x33,
    0xef, 0x3a, 0x0e, 0x33, 0xef, 0x3a, 0x0e, 0x33, 0xef, 0x3a, 0x0f, 0x3b,
    0x0e, 0x33, 0xee, 0x32, 0x0f, 0x3b, 0xee, 0x32, 0xee, 0x32, 0x0f, 0x3b,
    0x0f, 0x3b, 0xee, 0x32, 0x0e, 0x33, 0x0f, 0x3b, 0xee, 0x32, 0xef, 0x3a,
    0x0f, 0x3b, 0x0e, 0x33, 0xef, 0x3a, 0x0f, 0x3b, 0xee, 0x32, 0xef, 0x3a,
    0x0f, 0x3b, 0xee, 0x32, 0x0f, 0x3b, 0x0e, 0x33, 0xee, 0x32, 0x0f, 0x3b,
    0x0e, 0x33, 0xef, 0x3a, 0x0f, 0x3b, 0x0e, 0x33, 0xef, 0x3a, 0x0e, 0x33,
    0xee, 0x32, 0xef, 0x3a, 0x0e, 0x33, 0xee, 0x32, 0x0f, 0x3b, 0xef, 0x3a,
    0x0e, 0x33, 0xef, 0x3a, 0x0f, 0x3b, 0xee, 0x32, 0x0f, 0x3b, 0xee, 0x32,
    0x0f, 0x3b, 0xee, 0x32, 0xee, 0x32, 0x0f, 0x3b, 0x0f, 0x3b, 0xee, 0x32,
    0x0f, 0x3b, 0x0f, 0x3b, 0xee, 0x32, 0x0e, 0x33, 0xef, 0x3a, 0xee, 0x32,
    0xee, 0x32, 0x0f, 0x3b, 0xef, 0x3a, 0x0e, 0x33, 0xef, 0x3a, 0x0e, 0x33,
    0x0f, 0x3b, 0x0f, 0x3b, 0xee, 0x32, 0x0f, 0x3b, 0x0f, 0x3b, 0xee, 0x32,
    0xee, 0x32, 0x0f, 0x3b, 0x0e, 0x33, 0xee, 0x32, 0x0f, 0x3b, 0xee, 0x32,
    0xef, 0x3a, 0x0e, 0x33, 0x0f, 0x3b, 0xef, 0x3a, 0x0e, 0x33, 0xee, 0x32,
    0xee, 0x32, 0x0f, 0x3b, 0xee, 0x32, 0x0f, 0x3b, 0xef, 0x3a, 0xee, 0x32,
    0x0f, 0x3b, 0xee, 0x32, 0xee, 0x32, 0x0f, 0x3b, 0x0e, 0x33, 0xef, 0x3a,
    0x0f, 0x3b, 0xee, 0x32, 0xef, 0x3a, 0x0e, 0x33, 0xee, 0x32, 0x0f, 0x3b,
    0x0e, 0x33, 0xee, 0x32, 0x0f, 0x3b, 0x0f, 0x3b, 0xee, 0x32, 0x0f, 0x3b,
    0x0e, 0x33, 0xef, 0x3a, 0x0f, 0x3b, 0xee, 0x32, 0xef, 0x3a, 0x0f, 0x3b,
    0xee, 0x32, 0x0e, 0x33, 0xef, 0x3a, 0x0f, 0x3b, 0xee, 0x32, 0xef, 0x3a,
    0x0f, 0x3b, 0x0e, 0x33, 0xee, 0x32, 0x0f, 0x3b, 0xee, 0x32, 0xef, 0x3a,
    0x0f, 0x3b, 0xee, 0x32, 0x0f, 0x3b, 0x0e, 0x33, 0xef, 0x3a, 0xef, 0x3a,
    0x0e, 0x33, 0xef, 0x3a, 0x0e, 0x33, 0x0e, 0x33, 0x0f, 0x3b, 0xef, 0x3a,
    0x0e, 0x33, 0xef, 0x3a, 0x0f, 0x3b, 0xee, 0x32, 0x0e, 0x33, 0x0f, 0x3b,
    0xee, 0x32, 0x0e, 0x33, 0x0f, 0x3b, 0xee, 0x32, 0xee, 0x32, 0x0e, 0x33,
    0xef, 0x3a, 0x0e, 0x33, 0x0f, 0x3b, 0xef, 0x3a, 0x0e, 0x33, 0xef, 0x3a,
    0x0f, 0x3b, 0x0e, 0x33, 0xef, 0x3a, 0x0f, 0x3b, 0xee, 0x32, 0xef, 0x3a,
    0x0e, 0x33, 0xee, 0x32, 0x0f, 0x3b, 0x0e, 0x33, 0xee, 0x32, 0x0f, 0x3b,
    0x0f, 0x3b, 0xee, 0x32, 0x0f, 0x3b, 0xef, 0x3a, 0xef, 0x3a, 0x0e, 0x33,
    0x0f, 0x3b, 0xef, 0x3a, 0x0e, 0x33, 0x0f, 0x3b, 0xef, 0x3a, 0xee, 0x32,
    0x0e, 0x33, 0xef, 0x3a, 0xee, 0x32, 0x0e, 0x33, 0x0f, 0x3b, 0xee, 0x32,
    0x0f, 0x3b, 0x0e, 0x33, 0xee, 0x32, 0xef, 0x3a, 0xee, 0x32, 0x0e, 0x33,
    0x0f, 0x3b, 0xef, 0x3a, 0x0e, 0x33, 0x0f, 0x3b, 0xef, 0x3a, 0x0e, 0x33,
    0xee, 0x32, 0xef, 0x3a, 0x0e, 0x33, 0x0e, 0x33, 0xef, 0x3a, 0xef, 0x3a,
    0x0e, 0x33, 0xee, 0x32, 0xef, 0x3a, 0x0f, 0x3b, 0xee, 0x32, 0x0f, 0x3b,
    0xee, 0x32, 0x0e, 0x33, 0xef, 0x3a, 0xef, 0x3a, 0x0e, 0x33, 0xef, 0x3a,
    0x0e, 0x33, 0xef, 0x3a, 0xef, 0x3a, 0x0e, 0x33, 0x0f, 0x3b, 0xee, 0x32,
    0xee, 0x32, 0x0f, 0x3b, 0xee, 0x32, 0x0f, 0x3b, 0xee, 0x32, 0x0f, 0x3b,
    0xee, 0x32, 0x0e, 0x33, 0x0f, 0x3b, 0xee, 0x32, 0x0f, 0x3b, 0xee, 0x32,
    0xee, 0x32, 0x0f, 0x3b, 0xee, 0x32, 0x0e, 0x33, 0x0f, 0x3b, 0xee, 0x32,
    0x0e, 0x33, 0xef, 0x3a, 0x0e, 0x33, 0x0e, 0x33, 0xef, 0x3a, 0x0e, 0x33,
    0x0e, 0x33, 0xef, 0x3a, 0x0e, 0x33, 0x0e, 0x33, 0xef, 0x3a, 0x0e, 0x33,
    0xee, 0x32, 0xef, 0x3a, 0x0e, 0x33, 0x0e, 0x33, 0xef, 0x3a, 0xee, 0x32,
    0x0e, 0x33, 0xef, 0x3a, 0xee, 0x32, 0x0e, 0x33, 0xef, 0x3a, 0xee, 0x32,
    0x0e, 0x33, 0x0f, 0x3b, 0xee, 0x32, 0x0e, 0x33, 0x0f, 0x3b, 0xee, 0x32,
    0x0e, 0x33, 0x0f, 0x3b, 0xee, 0x32, 0x0e, 0x33, 0xef, 0x3a, 0xee, 0x32,
    0x0e, 0x33, 0x0f, 0x3b, 0xee, 0x32, 0xee, 0x32, 0x0f, 0x3b, 0xee, 0x32,
    0x0e, 0x33, 0x0f, 0x3b, 0xee, 0x32, 0x0e, 0x33, 0x0f, 0x3b, 0xee, 0x32,
    0x0e, 0x33, 0x0f, 0x3b, 0xee, 0x32, 0x0e, 0x33, 0xef, 0x3a, 0x0e, 0x33,
    0xee, 0x32, 0x0f, 0x3b, 0xee, 0x32, 0xee, 0x32, 0x0f, 0x3b, 0xee, 0x32,
    0x0e, 0x33, 0x0f, 0x3b, 0xee, 0x32, 0x0e, 0x33, 0x0f, 0x3b, 0xee, 0x32,
    0x0e, 0x33, 0x0f, 0x3b, 0xee, 0x32, 0xee, 0x32, 0xef, 0x3a, 0x0e, 0x33,
    0xee, 0x32, 0x0f, 0x3b, 0xee, 0x32, 0xee, 0x32, 0x0f, 0x3b, 0xee, 0x32,
    0x0e, 0x33, 0xef, 0x3a, 0x0e, 0x33, 0x0e, 0x33, 0xef, 0x3a, 0x0e, 0x33,
    0xee, 0x32, 0xef, 0x3a, 0x0e, 0x33, 0xee, 0x32, 0x0f, 0x3b, 0xee, 0x32,
    0x0e, 0x33, 0x0f, 0x3b, 0xee, 0x32, 0x0e, 0x33, 0x0f, 0x3b, 0xee, 0x32,
    0x0e, 0x33, 0x0f, 0x3b, 0xee, 0x32, 0x0e, 0x33, 0x0f, 0x3b, 0xee, 0x32,
    0x0e, 0x33, 0x0f, 0x3b, 0xee, 0x32, 0x0e, 0x33, 0xef, 0x3a, 0x0e, 0x33,
    0x0e, 0x33, 0xef, 0x3a, 0xee, 0x32, 0x0e, 0x33, 0xef, 0x3a, 0x0e, 0x33,
    0x0e, 0x33, 0xef, 0x3a, 0x0e, 0x33, 0xee, 0x32, 0xef, 0x3a, 0x0e, 0x33,
    0xee, 0x32, 0x0f, 0x3b, 0x0e, 0x33, 0xee, 0x32, 0x0f, 0x3b, 0xee, 0x32,
    0xee, 0x32, 0x0f, 0x3b, 0x0e, 0x33, 0xee, 0x32, 0x0f, 0x3b, 0x0e, 0x33,
    0xee, 0x32, 0xef, 0x3a, 0x0e, 0x33, 0xee, 0x32, 0xef, 0x3a, 0x0e, 0x33,
    0xee, 0x32, 0x0f, 0x3b, 0x0e, 0x33, 0xee, 0x32, 0x0f, 0x3b, 0xee, 0x32,
    0xee, 0x32, 0x0f, 0x3b, 0xee, 0x32, 0xee, 0x32, 0x0f, 0x3b, 0xee, 0x32,
    0xee, 0x32, 0x0f, 0x3b, 0xee, 0x32, 0x0e, 0x33, 0xef, 0x3a, 0x0e, 0x33,
    0xee, 0x32, 0x0f, 0x3b, 0xee, 0x32, 0xee, 0x32, 0x0f, 0x3b, 0xee, 0x32,
    0x0e, 0x33, 0x0f, 0x3b, 0xee, 0x32, 0xee, 0x32, 0x0f, 0x3b, 0xee, 0x32,
    0xee, 0x32, 0x0f, 0x3b, 0x0e, 0x33, 0xee, 0x32, 0x0f, 0x3b, 0xee, 0x32,
    0xee, 0x32, 0x0f, 0x3b, 0x0e, 0x33, 0xee, 0x32, 0x0f, 0x3b, 0x0e, 0x33,
    0xee, 0x32, 0xef, 0x3a, 0x0e, 0x33, 0x0e, 0x33, 0xef, 0x3a, 0x0e, 0x33,
    0x0e, 0x33, 0xef, 0x3a, 0xee, 0x32, 0x0e, 0x33, 0xef, 0x3a, 0x0e, 0x33,
    0x0e, 0x33, 0xef, 0x3a, 0x0e, 0x33, 0x0e, 0x33, 0xef, 0x3a, 0x0e, 0x33,
    0xee, 0x32, 0x0f, 0x3b, 0xee, 0x32, 0xee, 0x32, 0x0f, 0x3b, 0x0e, 0x33,
    0xee, 0x32, 0x0f, 0x3b, 0x0e, 0x33, 0xee, 0x32, 0x0f, 0x3b, 0xee, 0x32,
    0x0e, 0x33, 0xef, 0x3a, 0xee, 0x32, 0x0e, 0x33, 0xef, 0x3a, 0x0e, 0x33,
    0x0e, 0x33, 0xef, 0x3a, 0x0e, 0x33, 0x0e, 0x33, 0xef, 0x3a, 0x0e, 0x33,
    0xee, 0x32, 0xef, 0x3a, 0x0e, 0x33, 0xee, 0x32, 0x0f, 0x3b, 0x0e, 0x33,
    0xee, 0x32, 0x0f, 0x3b, 0xee, 0x32, 0xee, 0x32, 0x0f, 0x3b, 0xee, 0x32,
    0x0e, 0x33, 0x0f, 0x3b, 0xee, 0x32, 0x0e, 0x33, 0x0f, 0x3b, 0xee, 0x32,
    0x0e, 0x33, 0xef, 0x3a, 0xee, 0x32, 0x0e, 0x33, 0xef, 0x3a, 0x0e, 0x33,
    0xee, 0x32, 0xef, 0x3a, 0x0e, 0x33, 0x0e, 0x33, 0xef, 0x3a, 0x0e, 0x33,
    0x0e, 0x33, 0xef, 0x3a, 0x0e, 0x33, 0xee, 0x32, 0xef, 0x3a, 0x0e, 0x33,
    0xee, 0x32, 0xef, 0x3a, 0x0e, 0x33, 0x0e, 0x33, 0xef, 0x3a, 0x0e, 0x33,
    0xee, 0x32, 0x0f, 0x3b, 0xee, 0x32, 0x0e, 0x33, 0xef, 0x3a, 0x0e, 0x33,
    0xee, 0x32, 0x0f, 0x3b, 0x0e, 0x33, 0x0e, 0x33, 0xef, 0x3a, 0x0e, 0x33,
    0xee, 0x32, 0xef, 0x3a, 0x0e, 0x33, 0xee, 0x32, 0x0f, 0x3b, 0x0e, 0x33,
    0xee, 0x32, 0xef, 0x3a, 0x0e, 0x33, 0xee, 0x32, 0xef, 0x3a, 0x0e, 0x33,
    0xee, 0x32, 0x0f, 0x3b, 0x0e, 0x33, 0xee, 0x32, 0x0f, 0x3b, 0x0e, 0x33,
    0xee, 0x32, 0x0f, 0x3b, 0xee, 0x32, 0xee, 0x32, 0x0f, 0x3b, 0xee, 0x32,
    0x0e, 0x33, 0x0f, 0x3b, 0xee, 0x32, 0xee, 0x32, 0x0f, 0x3b, 0xee, 0x32,
    0xee, 0x32, 0x0f, 0x3b, 0x0e, 0x33, 0xee, 0x32, 0x0f, 0x3b, 0xee, 0x32,
    0xee, 0x32, 0x0f, 0x3b, 0xee, 0x32, 0x0e, 0x33, 0xef, 0x3a, 0xee, 0x32,
    0x0e, 0x33, 0xef, 0x3a, 0x0e, 0x33, 0xee, 0x32, 0x0f, 0x3b, 0xee, 0x32,
    0x0e, 0x33, 0xef, 0x3a, 0xee, 0x32, 0xee, 0x32, 0x0f, 0x3b, 0x0e, 0x33,
    0xee, 0x32, 0x0f, 0x3b, 0x0e, 0x33, 0xee, 0x32, 0xef, 0x3a, 0x0e, 0x33,
    0x0e, 0x33, 0xef, 0x3a, 0x0e, 0x33, 0x0e, 0x33, 0xef, 0x3a, 0x0e, 0x33,
    0xee, 0x32, 0x0f, 0x3b, 0x0e, 0x33, 0xee, 0x32, 0xef, 0x3a, 0x0e, 0x33,
    0xee, 0x32, 0xef, 0x3a, 0x0e, 0x33, 0xee, 0x32, 0x0f, 0x3b, 0x0e, 0x33,
    0xee, 0x32, 0x0f, 0x3b, 0xee, 0x32, 0xee, 0x32, 0x0f, 0x3b, 0xee, 0x32,
    0xee, 0x32, 0x0f, 0x3b, 0xee, 0x32, 0x0e, 0x33, 0x0f, 0x3b, 0xee, 0x32,
    0xee, 0x32, 0x0f, 0x3b, 0xee, 0x32, 0x0e, 0x33, 0xef, 0x3a, 0x0e, 0x33,
    0x0e, 0x33, 0xef, 0x3a, 0x0e, 0x33, 0x0e, 0x33, 0xef, 0x3a, 0x0e, 0x33,
    0xee, 0x32, 0xef, 0x3a, 0x0e, 0x33, 0xee, 0x32, 0x0f, 0x3b, 0xee, 0x32,
    0xee, 0x32, 0x0f, 0x3b, 0xee, 0x32, 0xee, 0x32, 0x0f, 0x3b, 0xee, 0x32,
    0x0e, 0x33, 0x0f, 0x3b, 0xee, 0x32, 0xee, 0x32, 0x0f, 0x3b, 0xee, 0x32,
    0x0e, 0x33, 0xef, 0x3a, 0x0e, 0x33, 0xee, 0x32, 0x0f, 0x3b, 0xee, 0x32,
    0x0e, 0x33, 0xef, 0x3a, 0x0e, 0x33, 0x0e, 0x33, 0xef, 0x3a, 0xee, 0x32,
    0x0e, 0x33, 0xef, 0x3a, 0x0e, 0x33, 0xee, 0x32, 0x0f, 0x3b, 0xee, 0x32,
    0xee, 0x32, 0x0f, 0x3b, 0xee, 0x32, 0x0e, 0x33, 0xef, 0x3a, 0x0e, 0x33,
    0xee, 0x32, 0xef, 0x3a, 0x0e, 0x33, 0xee, 0x32, 0x0f, 0x3b, 0x0e, 0x33,
    0xee, 0x32, 0x0f, 0x3b, 0xee, 0x32, 0xee, 0x32, 0x0f, 0x3b, 0xee, 0x32,
    0x0e, 0x33, 0xef, 0x3a, 0x0e, 0x33, 0xee, 0x32, 0x0f, 0x3b, 0xee, 0x32,
    0x0e, 0x33, 0xef, 0x3a, 0x0e, 0x33, 0x0e, 0x33, 0xef, 0x3a, 0xee, 0x32,
    0x0e, 0x33, 0xef, 0x3a, 0x0e, 0x33, 0xee, 0x32, 0x0f, 0x3b, 0xee, 0x32,
    0xee, 0x32, 0x0f, 0x3b, 0xee, 0x32, 0x0e, 0x33, 0xef, 0x3a, 0x0e, 0x33,
    0xee, 0x32, 0xef, 0x3a, 0x0e, 0x33, 0xee, 0x32, 0x0f, 0x3b, 0x0e, 0x33,
    0xee, 0x32, 0x0f, 0x3b, 0xee, 0x32, 0xee, 0x32, 0x0f, 0x3b, 0xee, 0x32,
    0x0e, 0x33, 0xef, 0x3a, 0x0e, 0x33, 0xee, 0x32, 0x0f, 0x3b, 0xee, 0x32,
    0x0e, 0x33, 0xef, 0x3a, 0x0e, 0x33, 0x0e, 0x33, 0xef, 0x3a, 0xee, 0x32,
    0x0e, 0x33, 0xef, 0x3a, 0x0e, 0x33, 0xee, 0x32, 0x0f, 0x3b, 0xee, 0x32,
    0xee, 0x32, 0x0f, 0x3b, 0xef, 0x3a, 0x0e, 0x33, 0xef, 0x3a, 0x0e, 0x33,
    0xee, 0x32, 0xef, 0x3a, 0x0e, 0x33, 0xef, 0x3a, 0x0f, 0x3b, 0x0e, 0x33,
    0xef, 0x3a, 0x0e, 0x33, 0xee, 0x32, 0xef, 0x3a, 0x0e, 0x33, 0xee, 0x32,
    0x0f, 0x3b, 0xee, 0x32, 0x0f, 0x3b, 0xef, 0x3a, 0x0f, 0x3b, 0xee, 0x32,
    0x0e, 0x33, 0xef, 0x3a, 0x0e, 0x33, 0x0e, 0x33, 0xef, 0x3a, 0xef, 0x3a,
    0x0e, 0x33, 0xef, 0x3a, 0x0e, 0x33, 0xee, 0x32, 0x0f, 0x3b, 0xee, 0x32,
    0xee, 0x32, 0x0f, 0x3b, 0xef, 0x3a, 0x0e, 0x33, 0xef, 0x3a, 0x0f, 0x3b,
    0xee, 0x32, 0xee, 0x32, 0x0f, 0x3b, 0xef, 0x3a, 0x0e, 0x33, 0x0f, 0x3b,
    0xef, 0x3a, 0x0e, 0x33, 0xef, 0x3a, 0xef, 0x3a, 0x0e, 0x33, 0xee, 0x32,
    0xef, 0x3a, 0x0e, 0x33, 0xef, 0x3a, 0xef, 0x3a, 0x0e, 0x33, 0xef, 0x3a,
    0xef, 0x3a, 0x0e, 0x33, 0x0e, 0x33, 0xef, 0x3a, 0x0e, 0x33, 0x0f, 0x3b,
    0xef, 0x3a, 0x0e, 0x33, 0xef, 0x3a, 0xee, 0x32, 0x0e, 0x33, 0xef, 0x3a,
    0xee, 0x32, 0x0f, 0x3b, 0xee, 0x32, 0x0f, 0x3b, 0x0e, 0x33, 0xee, 0x32,
    0xef, 0x3a, 0xee, 0x32, 0x0e, 0x33, 0xef, 0x3a, 0x0f, 0x3b, 0x0e, 0x33,
    0xee, 0x32, 0xef, 0x3a, 0x0e, 0x33, 0xef, 0x3a, 0x0f, 0x3b, 0x0e, 0x33,
    0xef, 0x3a, 0xee, 0x32, 0x0e, 0x33, 0xef, 0x3a, 0x0e, 0x33, 0x0e, 0x33,
    0xef, 0x3a, 0x0e, 0x33, 0xee, 0x32, 0xef, 0x3a, 0x0f, 0x3b, 0xee, 0x32,
    0xef, 0x3a, 0x0f, 0x3b, 0xee, 0x32, 0xee, 0x32, 0x0f, 0x3b, 0xee, 0x32,
    0x0f, 0x3b, 0x0f, 0x3b, 0xee, 0x32, 0x0f, 0x3b, 0xef, 0x3a, 0x0e, 0x33,
    0xee, 0x32, 0x0f, 0x3b, 0xee, 0x32, 0x0e, 0x33, 0xef, 0x3a, 0x0e, 0x33,
    0xef, 0x3a, 0x0f, 0x3b, 0xee, 0x32, 0x0f, 0x3b, 0xef, 0x3a, 0xee, 0x32,
    0x0e, 0x33, 0xef, 0x3a, 0xee, 0x32, 0x0f, 0x3b, 0xee, 0x32, 0x0f, 0x3b,
    0x0e, 0x33, 0xef, 0x3a, 0xee, 0x32, 0x0f, 0x3b, 0xee, 0x32, 0xef, 0x3a,
    0x0f, 0x3b, 0xee, 0x32, 0xee, 0x32, 0x0f, 0x3b, 0xee, 0x32, 0x0e, 0x33,
    0x0f, 0x3b, 0xef, 0x3a, 0x0e, 0x33, 0xef, 0x3a, 0xef, 0x3a, 0x0e, 0x33,
    0x0f, 0x3b, 0xee, 0x32, 0xee, 0x32, 0x0f, 0x3b, 0xee, 0x32, 0x0f, 0x3b,
    0x0f, 0x3b, 0xee, 0x32, 0x0f, 0x3b, 0xee, 0x32, 0xee, 0x32, 0x0f, 0x3b,
    0x0e, 0x33, 0xef, 0x3a, 0x0f, 0x3b, 0xee, 0x32, 0x0f, 0x3b, 0xee, 0x32,
    0xee, 0x32, 0x0f, 0x3b, 0x0e, 0x33, 0xef, 0x3a, 0x0f, 0x3b, 0xee, 0x32,
    0xef, 0x3a, 0x0f, 0x3b, 0xee, 0x32, 0xef, 0x3a, 0x0e, 0x33, 0xee, 0x32,
    0xef, 0x3a, 0x0f, 0x3b, 0xee, 0x32, 0x0e, 0x33, 0x0f, 0x3b, 0xee, 0x32,
    0x0e, 0x33, 0xef, 0x3a, 0xef, 0x3a, 0x0e, 0x33, 0x0e, 0x33, 0xef, 0x3a,
    0x0e, 0x33, 0xee, 0x32, 0x0f, 0x3b, 0xee, 0x32, 0x0f, 0x3b, 0x0e, 0x33,
    0xee, 0x32, 0x0f, 0x3b, 0xee, 0x32, 0xef, 0x3a, 0x0e, 0x33, 0x0f, 0x3b,
    0xee, 0x32, 0x0e, 0x33, 0xef, 0x3a, 0xef, 0x3a, 0xee, 0x32, 0xef, 0x3a,
    0x0e, 0x33, 0x0e, 0x33, 0xef, 0x3a, 0x0e, 0x33, 0xef, 0x3a, 0xee, 0x32,
    0x0e, 0x33, 0xef, 0x3a, 0xef, 0x3a, 0x0e, 0x33, 0x0f, 0x3b, 0xef, 0x3a,
    0x0f, 0x3b, 0xee, 0x32, 0xee, 0x32, 0x0f, 0x3b, 0xee, 0x32, 0x0e, 0x33,
    0xef, 0x3a, 0x0e, 0x33, 0xef, 0x3a, 0xee, 0x32, 0x0f, 0x3b, 0x0e, 0x33,
    0xef, 0x3a, 0x0f, 0x3b, 0xee, 0x32, 0xef, 0x3a, 0xef, 0x3a, 0x0e, 0x33,
    0xee, 0x32, 0xef, 0x3a, 0x0e, 0x33, 0x0e, 0x33, 0xef, 0x3a, 0x0e, 0x33,
    0xee, 0x32, 0x0f, 0x3b, 0xee, 0x32, 0xee, 0x32, 0x0f, 0x3b, 0xee, 0x32,
    0x0f, 0x3b, 0x0e, 0x33, 0xef, 0x3a, 0x0f, 0x3b, 0xee, 0x32, 0xef, 0x3a,
    0x0e, 0x33, 0xee, 0x32, 0xef, 0x3a, 0x0f, 0x3b, 0x0e, 0x33, 0xef, 0x3a,
    0x0f, 0x3b, 0xee, 0x32, 0xee, 0x32, 0x0f, 0x3b, 0xee, 0x32, 0xef, 0x3a,
    0x0f, 0x3b, 0x0e, 0x33, 0xee, 0x32, 0xef, 0x3a, 0x0f, 0x3b, 0xee, 0x32,
    0xee, 0x32, 0x0f, 0x3b, 0x0e, 0x33, 0xee, 0x32, 0x0f, 0x3b, 0xee, 0x32,
    0x0e, 0x33, 0x0f, 0x3b, 0xef, 0x3a, 0x0e, 0x33, 0x0e, 0x33, 0xef, 0x3a,
    0xee, 0x32, 0x0f, 0x3b, 0xef, 0x3a, 0x0e, 0x33, 0xee, 0x32, 0xef, 0x3a,
    0x0f, 0x3b, 0x0e, 0x33, 0xef, 0x3a, 0x0f, 0x3b, 0x0e, 0x33, 0xee, 0x32,
    0x0f, 0x3b, 0xee, 0x32, 0xef, 0x3a, 0x0f, 0x3b, 0xee, 0x32, 0x0f, 0x3b,
    0x0e, 0x33, 0xef, 0x3a, 0x0f, 0x3b, 0xee, 0x32, 0xef, 0x3a, 0x0f, 0x3b,
    0xee, 0x32, 0x0f, 0x3b, 0x0f, 0x3b, 0xee, 0x32, 0xef, 0x3a, 0x0f, 0x3b,
    0xee, 0x32, 0xef, 0x3a, 0x0f, 0x3b, 0xee, 0x32, 0xef, 0x3a, 0x0f, 0x3b,
    0xee, 0x32, 0x0f, 0x3b, 0x0f, 0x3b, 0xee, 0x32, 0xef, 0x3a, 0x0f, 0x3b,
    0xee, 0x32, 0x0f, 0x3b, 0x0f, 0x3b, 0xee, 0x32, 0x0f, 0x3b, 0xef, 0x3a,
    0x0e, 0x33, 0xef, 0x3a, 0xef, 0x3a, 0x0e, 0x33, 0xef, 0x3a, 0xef, 0x3a,
    0x0e, 0x33, 0xef, 0x3a, 0x0f, 0x3b, 0xee, 0x32, 0x0f, 0x3b, 0x0f, 0x3b,
    0xee, 0x32, 0xef, 0x3a, 0x0f, 0x3b, 0x0e, 0x33, 0xef, 0x3a, 0x0f, 0x3b,
    0xee, 0x32, 0xef, 0x3a, 0x0f, 0x3b, 0xee, 0x32, 0xef, 0x3a, 0x0f, 0x3b,
    0xee, 0x32, 0x0f, 0x3b, 0xef, 0x3a, 0xee, 0x32, 0x0f, 0x3b, 0xef, 0x3a,
    0x0e, 0x33, 0xef, 0x3a, 0x0f, 0x3b, 0x0e, 0x33, 0xef, 0x3a, 0x0f, 0x3b,
    0xee, 0x32, 0xef, 0x3a, 0x0f, 0x3b, 0xee, 0x32, 0xef, 0x3a, 0x0f, 0x3b,
    0xee, 0x32, 0xef, 0x3a, 0x0f, 0x3b, 0x0e, 0x33, 0xef, 0x3a, 0x0f, 0x3b,
    0x0e, 0x33, 0xef, 0x3a, 0x0f, 0x3b, 0xee, 0x32, 0x0f, 0x3b, 0xef, 0x3a,
    0x0e, 0x33, 0xef, 0x3a, 0xef, 0x3a, 0x0e, 0x33, 0xef, 0x3a, 0xef, 0x3a,
    0x0e, 0x33, 0x0f, 0x3b, 0xef, 0x3a, 0x0e, 0x33, 0xef, 0x3a, 0x0f, 0x3b,
    0xee, 0x32, 0xef, 0x3a, 0x0f, 0x3b, 0xee, 0x32, 0x0f, 0x3b, 0xef, 0x3a,
    0xee, 0x32, 0x0f, 0x3b, 0xef, 0x3a, 0xee, 0x32, 0x0f, 0x3b, 0xef, 0x3a,
    0xee, 0x32, 0x0f, 0x3b, 0xef, 0x3a, 0xee, 0x32, 0x0f, 0x3b, 0x0f, 0x3b,
    0xee, 0x32, 0xef, 0x3a, 0x0f, 0x3b, 0x0e, 0x33, 0xef, 0x3a, 0x0f, 0x3b,
    0xee, 0x32, 0xef, 0x3a, 0x0f, 0x3b, 0x0e, 0x33, 0xef, 0x3a, 0x0f, 0x3b,
    0x0e, 0x33, 0xef, 0x3a, 0xef, 0x3a, 0x0e, 0x33, 0xef, 0x3a, 0x0f, 0x3b,
    0x0e, 0x33, 0xef, 0x3a, 0xef, 0x3a, 0x0e, 0x33, 0xef, 0x3a, 0xef, 0x3a,
    0x0e, 0x33, 0x0f, 0x3b, 0xef, 0x3a, 0x0e, 0x33, 0x0f, 0x3b, 0xef, 0x3a,
    0x0e, 0x33, 0xef, 0x3a, 0xef, 0x3a, 0x0e, 0x33, 0xef, 0x3a, 0x0f, 0x3b,
    0x0e, 0x33, 0xef, 0x3a, 0x0f, 0x3b, 0x0e, 0x33, 0xef, 0x3a, 0x0f, 0x3b,
    0x0e, 0x33, 0xef, 0x3a, 0x0f, 0x3b, 0xee, 0x32, 0xef, 0x3a, 0x0f, 0x3b,
    0x0e, 0x33, 0xef, 0x3a, 0x0f, 0x3b, 0xee, 0x32, 0x0f, 0x3b, 0x0f, 0x3b,
    0xee, 0x32, 0xef, 0x3a, 0x0f, 0x3b, 0xee, 0x32, 0x0f, 0x3b, 0x0f, 0x3b,
    0xee, 0x32, 0x0f, 0x3b, 0xef, 0x3a, 0x0e, 0x33, 0xef, 0x3a, 0xef, 0x3a,
    0x0e, 0x33, 0x0f, 0x3b, 0xef, 0x3a, 0xee, 0x32, 0x0f, 0x3b, 0xef, 0x3a,
    0xee, 0x32, 0x0f, 0x3b, 0xef, 0x3a, 0xee, 0x32, 0x0f, 0x3b, 0xef, 0x3a,
    0x0e, 0x33, 0xef, 0x3a, 0x0f, 0x3b, 0x0e, 0x33, 0xef, 0x3a, 0x0f, 0x3b,
    0xee, 0x32, 0xef, 0x3a, 0x0f, 0x3b, 0xee, 0x32, 0xef, 0x3a, 0x0f, 0x3b,
    0xee, 0x32, 0x0f, 0x3b, 0x0f, 0x3b, 0xee, 0x32, 0x0f, 0x3b, 0xef, 0x3a,
    0xee, 0x32, 0x0f, 0x3b, 0xef, 0x3a, 0x0e, 0x33, 0xef, 0x3a, 0xef, 0x3a,
    0x0e, 0x33, 0x0f, 0x3b, 0xef, 0x3a, 0x0e, 0x33, 0x0f, 0x3b, 0xef, 0x3a,
    0xee, 0x32, 0xef, 0x3a, 0x0f, 0x3b, 0xee, 0x32, 0x0f, 0x3b, 0xef, 0x3a,
    0x0e, 0x33, 0x0f, 0x3b, 0xef, 0x3a, 0x0e, 0x33, 0xef, 0x3a, 0xef, 0x3a,
    0x0e, 0x33, 0xef, 0x3a, 0x0f, 0x3b, 0x0e, 0x33, 0xef, 0x3a, 0x0f, 0x3b,
    0xee, 0x32, 0xef, 0x3a, 0x0f, 0x3b, 0xee, 0x32, 0xef, 0x3a, 0x0f, 0x3b,
    0xee, 0x32, 0x0f, 0x3b, 0x0f, 0x3b, 0xee, 0x32, 0x0f, 0x3b, 0xef, 0x3a,
    0x0e, 0x33, 0xef, 0x3a, 0x0f, 0x3b, 0xee, 0x32, 0xef, 0x3a, 0x0f, 0x3b,
    0xee, 0x32, 0xef, 0x3a, 0x0f, 0x3b, 0x0e, 0x33, 0xef, 0x3a, 0x0f, 0x3b,
    0x0e, 0x33, 0xef, 0x3a, 0x0f, 0x3b, 0xee, 0x32, 0xef, 0x3a, 0x0f, 0x3b,
    0xee, 0x32, 0x0f, 0x3b, 0xef, 0x3a, 0xee, 0x32, 0x0f, 0x3b, 0x0f, 0x3b,
    0xee, 0x32, 0xef, 0x3a, 0x0f, 0x3b, 0xee, 0x32, 0xef, 0x3a, 0x0f, 0x3b,
    0xee, 0x32, 0x0f, 0x3b, 0x0f, 0x3b, 0x0e, 0x33, 0xef, 0x3a, 0xef, 0x3a,
    0x0e, 0x33, 0xef, 0x3a, 0x0f, 0x3b, 0x0e, 0x33, 0xef, 0x3a, 0x0f, 0x3b,
    0x0e, 0x33, 0xef, 0x3a, 0xef, 0x3a, 0x0e, 0x33, 0xef, 0x3a, 0xef, 0x3a,
    0x0e, 0x33, 0xef, 0x3a, 0x0f, 0x3b, 0x0e, 0x33, 0xef, 0x3a, 0x0f, 0x3b,
    0xee, 0x32, 0xef, 0x3a, 0x0f, 0x3b, 0x0e, 0x33, 0xef, 0x3a, 0x0f, 0x3b,
    0x0e, 0x33, 0xef, 0x3a, 0xef, 0x3a, 0x0e, 0x33, 0xef, 0x3a, 0xef, 0x3a,
    0x0e, 0x33, 0x0f, 0x3b, 0xef, 0x3a, 0x0e, 0x33, 0xef, 0x3a, 0x0f, 0x3b,
    0x0e, 0x33, 0xef, 0x3a, 0xef, 0x3a, 0x0e, 0x33, 0xef, 0x3a, 0x0f, 0x3b,
    0xee, 0x32, 0x0f, 0x3b, 0x0f, 0x3b, 0xee, 0x32, 0x0f, 0x3b, 0x0f, 0x3b,
    0xee, 0x32, 0xef, 0x3a, 0x0f, 0x3b, 0xee, 0x32, 0x0f, 0x3b, 0x0f, 0x3b,
    0xee, 0x32, 0xef, 0x3a, 0x0f, 0x3b, 0xee, 0x32, 0xef, 0x3a, 0x0f, 0x3b,
    0xee, 0x32, 0x0f, 0x3b, 0xef, 0x3a, 0xee, 0x32, 0x0f, 0x3b, 0x0f, 0x3b,
    0xee, 0x32, 0x0f, 0x3b, 0x0f, 0x3b, 0xee, 0x32, 0x0f, 0x3b, 0xef, 0x3a,
    0xee, 0x32, 0x0f, 0x3b, 0x0f, 0x3b, 0xee, 0x32, 0x0f, 0x3b, 0x0f, 0x3b,
    0xee, 0x32, 0x0f, 0x3b, 0x0f, 0x3b, 0xee, 0x32, 0xef, 0x3a, 0x0f, 0x3b,
    0xee, 0x32, 0xef, 0x3a, 0x0f, 0x3b, 0xee, 0x32, 0x0f, 0x3b, 0xef, 0x3a,
    0xee, 0x32, 0x0f, 0x3b, 0xef, 0x3a, 0xee, 0x32, 0x0f, 0x3b, 0xef, 0x3a,
    0x0e, 0x33, 0x0f, 0x3b, 0xef, 0x3a, 0x0e, 0x33, 0x0f, 0x3b, 0xef, 0x3a,
    0x0e, 0x33, 0xef, 0x3a, 0x0f, 0x3b, 0x0e, 0x33, 0xef, 0x3a, 0x0f, 0x3b,
    0xee, 0x32, 0xef, 0x3a, 0x0f, 0x3b, 0xee, 0x32, 0x0f, 0x3b, 0x0f, 0x3b,
    0xee, 0x32, 0xef, 0x3a, 0x0f, 0x3b, 0x0e, 0x33, 0xef, 0x3a, 0x0f, 0x3b,
    0xee, 0x32, 0x0f, 0x3b, 0xef, 0x3a, 0xee, 0x32, 0x0f, 0x3b, 0xef, 0x3a,
    0x0e, 0x33, 0x0f, 0x3b, 0xef, 0x3a, 0xee, 0x32, 0x0f, 0x3b, 0x0f, 0x3b,
    0xee, 0x32, 0x0f, 0x3b, 0x0f, 0x3b, 0xee, 0x32, 0xef, 0x3a, 0x0f, 0x3b,
    0x0e, 0x33, 0xef, 0x3a, 0x0f, 0x3b, 0x0e, 0x33, 0xef, 0x3a, 0xef, 0x3a,
    0x0e, 0x33, 0xef, 0x3a, 0x0f, 0x3b, 0x0e, 0x33, 0xef, 0x3a, 0x0f, 0x3b,
    0xee, 0x32, 0x0f, 0x3b, 0xef, 0x3a, 0x0e, 0x33, 0xef, 0x3a, 0x0f, 0x3b,
    0xee, 0x32, 0x0f, 0x3b, 0xef, 0x3a, 0xee, 0x32, 0x0f, 0x3b, 0xef, 0x3a,
    0x0e, 0x33, 0x0f, 0x3b, 0xef, 0x3a, 0xee, 0x32, 0x0f, 0x3b, 0x0f, 0x3b,
    0xee, 0x32, 0x0f, 0x3b, 0x0f, 0x3b, 0xee, 0x32, 0xef, 0x3a, 0x0f, 0x3b,
    0x0e, 0x33, 0xef, 0x3a, 0x0f, 0x3b, 0x0e, 0x33, 0xef, 0x3a, 0xef, 0x3a,
    0x0e, 0x33, 0xef, 0x3a, 0x0f, 0x3b, 0x0e, 0x33, 0xef, 0x3a, 0x0f, 0x3b,
    0xee, 0x32, 0x0f, 0x3b, 0xef, 0x3a, 0x0e, 0x33, 0xef, 0x3a, 0x0f, 0x3b,
    0xee, 0x32, 0x0f, 0x3b, 0xef, 0x3a, 0xee, 0x32, 0x0f, 0x3b, 0xef, 0x3a,
    0x0e, 0x33, 0x0f, 0x3b, 0xef, 0x3a, 0xee, 0x32, 0x0f, 0x3b, 0x0f, 0x3b,
    0xee, 0x32, 0x0f, 0x3b, 0x0e, 0x33, 0xee, 0x32, 0xef, 0x3a, 0x0e, 0x33,
    0x0f, 0x3b, 0xef, 0x3a, 0x0e, 0x33, 0x0f, 0x3b, 0xee, 0x32, 0xee, 0x32,
    0x0f, 0x3b, 0xef, 0x3a, 0x0e, 0x33, 0x0f, 0x3b, 0xef, 0x3a, 0x0e, 0x33,
    0xef, 0x3a, 0x0f, 0x3b, 0xee, 0x32, 0x0e, 0x33, 0xee, 0x32, 0x0f, 0x3b,
    0xee, 0x32, 0x0f, 0x3b, 0xef, 0x3a, 0xee, 0x32, 0x0f, 0x3b, 0xee, 0x32,
    0x0e, 0x33, 0x0f, 0x3b, 0xef, 0x3a, 0xee, 0x32, 0x0f, 0x3b, 0x0f, 0x3b,
    0xee, 0x32, 0x0f, 0x3b, 0x0e, 0x33, 0xee, 0x32, 0xef, 0x3a, 0x0e, 0x33,
    0x0f, 0x3b, 0xef, 0x3a, 0x0e, 0x33, 0x0e, 0x33, 0xef, 0x3a, 0xee, 0x32,
    0x0e, 0x33, 0xef, 0x3a, 0x0e, 0x33, 0x0e, 0x33, 0xef, 0x3a, 0x0f, 0x3b,
    0x0e, 0x33, 0xef, 0x3a, 0x0e, 0x33, 0x0e, 0x33, 0xef, 0x3a, 0x0e, 0x33,
    0x0e, 0x33, 0xef, 0x3a, 0x0f, 0x3b, 0xee, 0x32, 0xef, 0x3a, 0x0e, 0x33,
    0xee, 0x32, 0xef, 0x3a, 0x0e, 0x33, 0xef, 0x3a, 0x0f, 0x3b, 0x0e, 0x33,
    0xef, 0x3a, 0x0e, 0x33, 0xef, 0x3a, 0xee, 0x32, 0x0f, 0x3b, 0xef, 0x3a,
    0xee, 0x32, 0x0f, 0x3b, 0x0f, 0x3b, 0xee, 0x32, 0x0f, 0x3b, 0xef, 0x3a,
    0xee, 0x32, 0x0f, 0x3b, 0x0f, 0x3b, 0xee, 0x32, 0xee, 0x32, 0x0f, 0x3b,
    0xee, 0x32, 0xef, 0x3a, 0x0f, 0x3b, 0x0e, 0x33, 0xef, 0x3a, 0xef, 0x3a,
    0x0e, 0x33, 0xef, 0x3a, 0x0f, 0x3b, 0x0e, 0x33, 0xee, 0x32, 0x0f, 0x3b,
    0x0e, 0x33, 0xef, 0x3a, 0x0e, 0x33, 0x0f, 0x3b, 0xee, 0x32, 0x0f, 0x3b,
    0xee, 0x32, 0xee, 0x32, 0x0f, 0x3b, 0xee, 0x32, 0x0f, 0x3b, 0xee, 0x32,
    0x0f, 0x3b, 0xef, 0x3a, 0x0e, 0x33, 0xef, 0x3a, 0x0f, 0x3b, 0xee, 0x32,
    0x0e, 0x33, 0xef, 0x3a, 0x0e, 0x33, 0xee, 0x32, 0x0f, 0x3b, 0x0e, 0x33,
    0xef, 0x3a, 0x0e, 0x33, 0x0f, 0x3b, 0xee, 0x32, 0x0e, 0x33, 0xef, 0x3a,
    0xef, 0x3a, 0x0e, 0x33, 0x0f, 0x3b, 0xee, 0x32
};
